method,horizon,forecast_quarter,target_quarter,train_start,train_end,actual,forecast,forecast_error,squared_error,absolute_error,selected_variables,lambda,forecast_quarter_yq,target_quarter_yq,forecast_quarter_date,target_quarter_date,benchmark_squared_error,loss_difference_vs_benchmark,cumulative_loss_difference_vs_benchmark
AR,1,2005 Q2,2005 Q3,1985 Q2,2005 Q1,0.7807581701131383,0.7152765634975627,0.06548160661557556,0.00428784080495698,0.06548160661557556,0,NA,2005 Q2,2005 Q3,2005-04-01,2005-07-01,0.00474387800496578,-4.560372000088006e-4,-4.560372000088006e-4
AR,1,2005 Q3,2005 Q4,1985 Q3,2005 Q2,0.5539792372076136,0.7773315465225326,-0.223352309314919,0.04988625407630726,0.223352309314919,0,NA,2005 Q3,2005 Q4,2005-07-01,2005-10-01,0.0260935155112909,0.023792738565016357,0.023336701365007557
AR,1,2005 Q4,2006 Q1,1985 Q4,2005 Q3,1.3364138447713003,0.7214470281354362,0.6149668166358642,0.37818418556324856,0.6149668166358642,0,NA,2005 Q4,2006 Q1,2005-10-01,2006-01-01,0.37911760314926873,-9.334175860201688e-4,0.022403283778987388
AR,1,2006 Q1,2006 Q2,1986 Q1,2005 Q4,0.25841857488995146,0.9158363404196516,-0.6574177655297,0.4321981184340636,0.6574177655297,0,NA,2006 Q1,2006 Q2,2006-01-01,2006-04-01,0.6344324327417866,-0.20223431430772304,-0.17983103052873564
AR,1,2006 Q2,2006 Q3,1986 Q2,2006 Q1,0.14984360400802643,0.6621032126001023,-0.5122596085920759,0.26240990659490676,0.5122596085920759,0,NA,2006 Q2,2006 Q3,2006-04-01,2006-07-01,0.5483182014025342,-0.2859082948076274,-0.4657393253363631
AR,1,2006 Q3,2006 Q4,1986 Q3,2006 Q2,0.8557775565416037,0.6176607767032284,0.23811677983837531,0.0566996008405973,0.23811677983837531,0,NA,2006 Q3,2006 Q4,2006-07-01,2006-10-01,0.11961920736403112,-0.06291960652343381,-0.5286589318597968
AR,1,2006 Q4,2007 Q1,1986 Q4,2006 Q3,0.3003840617131104,0.7938921818854954,-0.493508120172385,0.2435502646760812,0.493508120172385,0,NA,2006 Q4,2007 Q1,2006-10-01,2007-01-01,0.2167264115983789,0.026823853077702298,-0.5018350787820945
AR,1,2007 Q1,2007 Q2,1987 Q1,2006 Q4,0.6098982914680917,0.6569153426264104,-0.04701705115831867,0.00221060309962395,0.04701705115831867,0,NA,2007 Q1,2007 Q2,2007-01-01,2007-04-01,0.00275419112676799,-5.435880271440399e-4,-0.5023786668092386
AR,1,2007 Q2,2007 Q3,1987 Q2,2007 Q1,0.5743731109307149,0.7248639511377956,-0.1504908402070807,0.02264749298623309,0.1504908402070807,0,NA,2007 Q2,2007 Q3,2007-04-01,2007-07-01,9.266112481082908e-5,0.02255483186142226,-0.4798238349478164
AR,1,2007 Q3,2007 Q4,1987 Q3,2007 Q2,0.6262715512194816,0.7141006442871183,-0.08782909306763664,0.00771394958908357,0.08782909306763664,0,NA,2007 Q3,2007 Q4,2007-07-01,2007-10-01,8.248969525287806e-5,0.007631459893830692,-0.47219237505398565
AR,1,2007 Q4,2008 Q1,1987 Q4,2007 Q3,-0.42767755900321447,0.714301761972539,-1.1419793209757536,1.3041167695362432,1.1419793209757536,0,NA,2007 Q4,2008 Q1,2007-10-01,2008-01-01,1.1087684685498955,0.1953483009863477,-0.27684407406763795
AR,1,2008 Q1,2008 Q2,1988 Q1,2007 Q4,0.5936625931315831,0.4272410388315812,0.16642155430000188,0.02769613373562847,0.16642155430000188,0,NA,2008 Q1,2008 Q2,2008-01-01,2008-04-01,0.09110912331670594,-0.06341298958107747,-0.34025706364871544
AR,1,2008 Q2,2008 Q3,1988 Q2,2008 Q1,-0.5266423802783748,0.6883598154393776,-1.2150021957177524,1.4762303355989594,1.2150021957177524,0,NA,2008 Q2,2008 Q3,2008-04-01,2008-07-01,1.3906591226459306,0.08557121295302883,-0.2546858506956866
AR,1,2008 Q3,2008 Q4,1988 Q3,2008 Q2,-2.2133412739485436,0.3680767255615691,-2.581417999510113,6.6637188881947935,2.581417999510113,0,NA,2008 Q3,2008 Q4,2008-07-01,2008-10-01,6.515500209282223,0.14821867891257057,-0.10646717178311604
AR,1,2008 Q4,2009 Q1,1988 Q4,2008 Q3,-1.1413631359902254,-0.5536528918499409,-0.5877102441402845,0.3454033310674328,0.5877102441402845,0,NA,2008 Q4,2009 Q1,2008-10-01,2009-01-01,0.8061338086757067,-0.4607304776082739,-0.56719764939139
AR,1,2009 Q1,2009 Q2,1989 Q1,2008 Q4,-0.178810721762801,-0.2105740637132053,0.03176334195040431,0.00100890989185831,0.03176334195040431,0,NA,2009 Q1,2009 Q2,2009-01-01,2009-04-01,1.8256313461775848,-1.8246224362857266,-2.3918200856771166
AR,1,2009 Q2,2009 Q3,1989 Q2,2009 Q1,0.3505771547139602,0.2439452595686859,0.10663189514527432,0.01137036106227277,0.10663189514527432,0,NA,2009 Q2,2009 Q3,2009-04-01,2009-07-01,0.9999651626576904,-0.9885948015954177,-3.380414887272534
AR,1,2009 Q3,2009 Q4,1989 Q3,2009 Q2,1.0751135379244658,0.4936407124969944,0.5814728254274715,0.3381106467106067,0.5814728254274715,0,NA,2009 Q3,2009 Q4,2009-07-01,2009-10-01,0.9196532832866808,-0.5815426365760741,-3.9619575238486084
AR,1,2009 Q4,2010 Q1,1989 Q4,2009 Q3,0.483331022067901,0.8433914047278321,-0.3600603826599311,0.12964347916121602,0.3600603826599311,0,NA,2009 Q4,2010 Q1,2009-10-01,2010-01-01,0.11525728116356691,0.014386197997649106,-3.947571325850959
AR,1,2010 Q1,2010 Q2,1990 Q1,2009 Q4,0.9629349822608546,0.55602253860718,0.4069124436536746,0.16557773680020493,0.4069124436536746,0,NA,2010 Q1,2010 Q2,2010-01-01,2010-04-01,0.06837269994289381,0.09720503685731112,-3.8503662889936483
AR,1,2010 Q2,2010 Q3,1990 Q2,2010 Q1,0.7681272705003295,0.7925764935416106,-0.02444922304128116,5.977645073223138e-4,0.02444922304128116,0,NA,2010 Q2,2010 Q3,2010-04-01,2010-07-01,1.0413356954573508e-4,4.936309377765787e-4,-3.8498726580558715
AR,1,2010 Q3,2010 Q4,1990 Q3,2010 Q2,0.523736364445071,0.7054311543456171,-0.1816947899005461,0.03301299667700359,0.1816947899005461,0,NA,2010 Q3,2010 Q4,2010-07-01,2010-10-01,0.01914589012218131,0.013867106554822279,-3.8360055515010494
AR,1,2010 Q4,2011 Q1,1990 Q4,2010 Q3,-0.23748667360496967,0.6076206809275714,-0.845107354532541,0.7142064406849901,0.845107354532541,0,NA,2010 Q4,2011 Q1,2010-10-01,2011-01-01,0.6436374085868849,0.07056903209810517,-3.765436519402944
AR,1,2011 Q1,2011 Q2,1991 Q1,2010 Q4,0.6743037468666557,0.27954074008711616,0.3947630067795396,0.1558378315216228,0.3947630067795396,0,NA,2011 Q1,2011 Q2,2011-01-01,2011-04-01,0.22113574906690375,-0.06529791754528094,-3.8307344369482252
AR,1,2011 Q2,2011 Q3,1991 Q2,2011 Q1,-0.0223152255784953,0.666927330657163,-0.6892425562356583,0.4750553013262646,0.6892425562356583,0,NA,2011 Q2,2011 Q3,2011-04-01,2011-07-01,0.5483141650010498,-0.07325886367478518,-3.9039933006230103
AR,1,2011 Q3,2011 Q4,1991 Q3,2011 Q2,1.1167896811464573,0.35565271770210366,0.7611369634443537,0.5793294771212913,0.7611369634443537,0,NA,2011 Q3,2011 Q4,2011-07-01,2011-10-01,0.30253225372506554,0.2767972233962258,-3.6271960772267846
AR,1,2011 Q4,2012 Q1,1991 Q4,2011 Q3,0.8350941818790147,0.8592791060814088,-0.02418492420239404,5.849105586755451e-4,0.02418492420239404,0,NA,2011 Q4,2012 Q1,2011-10-01,2012-01-01,2.784295819462502e-5,5.5706760048092e-4,-3.6266390096263033
AR,1,2012 Q1,2012 Q2,1992 Q1,2011 Q4,0.4453416266322563,0.7333096970885221,-0.2879680704562658,0.08292560960230488,0.2879680704562658,0,NA,2012 Q1,2012 Q2,2012-01-01,2012-04-01,0.05719949032628204,0.025726119276022842,-3.6009128903502807
AR,1,2012 Q2,2012 Q3,1992 Q2,2012 Q1,0.14392437648620415,0.5619163455170932,-0.4179919690308891,0.17471728617431975,0.4179919690308891,0,NA,2012 Q2,2012 Q3,2012-04-01,2012-07-01,0.08785704488064057,0.08686024129367918,-3.5140526490566013
AR,1,2012 Q3,2012 Q4,1992 Q3,2012 Q2,0.11557374157504796,0.4271815670485961,-0.31160782547354815,0.09709943689635324,0.31160782547354815,0,NA,2012 Q3,2012 Q4,2012-07-01,2012-10-01,0.09401124405296764,0.003088192843385601,-3.5109644562132156
AR,1,2012 Q4,2013 Q1,1992 Q4,2012 Q3,0.9817259265515688,0.4069687542279763,0.5747571723235925,0.3303458071374118,0.5747571723235925,0,NA,2012 Q4,2013 Q1,2012-10-01,2013-01-01,0.20778737269289163,0.12255843444452016,-3.3884060217686955
AR,1,2013 Q1,2013 Q2,1993 Q1,2012 Q4,0.26727882651371715,0.7897138607589269,-0.5224350342452098,0.27293836500679347,0.5224350342452098,0,NA,2013 Q1,2013 Q2,2013-01-01,2013-04-01,0.03090845844340353,0.24202990656338993,-3.146376115205306
AR,1,2013 Q2,2013 Q3,1993 Q2,2013 Q1,0.8477896552497199,0.4800836632069644,0.3677059920427555,0.13520769658414702,0.3677059920427555,0,NA,2013 Q2,2013 Q3,2013-04-01,2013-07-01,0.05517680541854252,0.0800308911656045,-3.066345224039701
AR,1,2013 Q3,2013 Q4,1993 Q3,2013 Q2,0.8679640238263175,0.7293240656373831,0.1386399581889345,0.0192210380066295,0.1386399581889345,0,NA,2013 Q3,2013 Q4,2013-07-01,2013-10-01,0.08283300846693481,-0.06361197046030531,-3.1299571945000064
AR,1,2013 Q4,2014 Q1,1993 Q4,2013 Q3,-0.34569281496601434,0.7308597424533227,-1.076552557419337,1.158965408886115,1.076552557419337,0,NA,2013 Q4,2014 Q1,2013-10-01,2014-01-01,0.7358625825932555,0.42310282629285945,-2.7068543682071473
AR,1,2014 Q1,2014 Q2,1994 Q1,2013 Q4,1.283569022914932,0.21512370614864024,1.0684453167662915,1.1415753949198215,1.0684453167662915,0,NA,2014 Q1,2014 Q2,2014-01-01,2014-04-01,0.3866418743919271,0.7549335205278944,-1.9519208476792527
AR,1,2014 Q2,2014 Q3,1994 Q2,2014 Q1,1.2080648325781596,0.8665801380616445,0.3414846945165151,0.11661179658903764,0.3414846945165151,0,NA,2014 Q2,2014 Q3,2014-04-01,2014-07-01,0.2816905417081888,-0.16507874511915116,-2.116999592798404
AR,1,2014 Q3,2014 Q4,1994 Q3,2014 Q2,0.5044586015433339,0.8547804185543187,-0.35032181701098486,0.12272537547387796,0.35032181701098486,0,NA,2014 Q3,2014 Q4,2014-07-01,2014-10-01,0.00449736374121739,0.11822801173266057,-1.9987715810657434
AR,1,2014 Q4,2015 Q1,1994 Q4,2014 Q3,0.8964547876924911,0.5718802199837122,0.3245745677087789,0.1053486500033407,0.3245745677087789,0,NA,2014 Q4,2015 Q1,2014-10-01,2015-01-01,0.16878505164887783,-0.06343640164553713,-2.0622079827112803
AR,1,2015 Q1,2015 Q2,1995 Q1,2014 Q4,0.6174946582536478,0.7331347347123862,-0.11564007645873842,0.01337262728338286,0.11564007645873842,0,NA,2015 Q1,2015 Q2,2015-01-01,2015-04-01,0.01950304426770897,-0.00613041698432611,-2.0683383996956066
AR,1,2015 Q2,2015 Q3,1995 Q2,2015 Q1,0.3994462115690211,0.6262341168649214,-0.22678790529590023,0.05143275398850222,0.22678790529590023,0,NA,2015 Q2,2015 Q3,2015-04-01,2015-07-01,3.206239560097467e-4,0.05111213003249247,-2.017226269663114
AR,1,2015 Q3,2015 Q4,1995 Q3,2015 Q2,0.18430917271050615,0.5342461517980049,-0.34993697908749877,0.12245588933288457,0.34993697908749877,0,NA,2015 Q3,2015 Q4,2015-07-01,2015-10-01,0.05793496366583669,0.06452092566704787,-1.9527053439960662
AR,1,2015 Q4,2016 Q1,1995 Q4,2015 Q3,0.5778466518471248,0.44541655145168496,0.13243010039543984,0.01753773149074627,0.13243010039543984,0,NA,2015 Q4,2016 Q1,2015-10-01,2016-01-01,2.389158194959173e-4,0.017298815671250353,-1.9354065283248159
AR,1,2016 Q1,2016 Q2,1996 Q1,2015 Q4,0.32060956626729364,0.599917452510098,-0.27930788624280434,0.07801289531742332,0.27930788624280434,0,NA,2016 Q1,2016 Q2,2016-01-01,2016-04-01,0.06073497168000197,0.017277923637421352,-1.9181286046873944
AR,1,2016 Q2,2016 Q3,1996 Q2,2016 Q1,0.7068859191104337,0.48492681866685394,0.2219591004435798,0.04926584226972315,0.2219591004435798,0,NA,2016 Q2,2016 Q3,2016-04-01,2016-07-01,0.00681300424428651,0.04245283802543664,-1.875675766661958
AR,1,2016 Q3,2016 Q4,1996 Q3,2016 Q2,0.5527685286210726,0.6382916723896335,-0.08552314376856085,0.00731420812005792,0.08552314376856085,0,NA,2016 Q3,2016 Q4,2016-07-01,2016-10-01,0.01766000563484334,-0.01034579751478542,-1.8860215641767433
AR,1,2016 Q4,2017 Q1,1996 Q4,2016 Q3,0.48570873310360696,0.5736057734697341,-0.08789704036612711,0.00772588970512457,0.08789704036612711,0,NA,2016 Q4,2017 Q1,2016-10-01,2017-01-01,0.0072450981058855,4.807915992390702e-4,-1.8855407725775042
AR,1,2017 Q1,2017 Q2,1997 Q1,2016 Q4,0.5583111012978037,0.5479942892032003,0.01031681209460344,1.0643661179535592e-4,0.01031681209460344,0,NA,2017 Q1,2017 Q2,2017-01-01,2017-04-01,9.453041836464414e-4,-8.388675718510854e-4,-1.8863796401493553
AR,1,2017 Q2,2017 Q3,1997 Q2,2017 Q1,0.785431525684821,0.5631671909244266,0.2222643347603944,0.04940143450648068,0.2222643347603944,0,NA,2017 Q2,2017 Q3,2017-04-01,2017-07-01,0.01504860632069269,0.034352828185787984,-1.8520268119635672
AR,1,2017 Q3,2017 Q4,1997 Q3,2017 Q2,1.1207427769393874,0.647959802348969,0.4727829745904184,0.2235237410625642,0.4727829745904184,0,NA,2017 Q3,2017 Q4,2017-07-01,2017-10-01,0.37668580921871214,-0.15316206815614794,-2.0051888801197153
AR,1,2017 Q4,2018 Q1,1997 Q4,2017 Q3,0.8101194549169577,0.78060709964320385,0.02951235527375384,8.709791138042663e-4,0.02951235527375384,0,NA,2017 Q4,2018 Q1,2017-10-01,2018-01-01,0.0029890630054333,-0.002118083891629034,-2.0073069640113443
AR,1,2018 Q1,2018 Q2,1998 Q1,2017 Q4,0.5294212303768475,0.6591687132181469,-0.12974748284129933,0.01683440930365326,0.12974748284129933,0,NA,2018 Q1,2018 Q2,2018-01-01,2018-04-01,0.00460965790934936,0.012224751394303901,-1.9950822126170404
AR,1,2018 Q2,2018 Q3,1998 Q2,2018 Q1,0.621760482522582,0.5500714850457863,0.07168899747679569,0.00513931235922801,0.07168899747679569,0,NA,2018 Q2,2018 Q3,2018-04-01,2018-07-01,8.501439058101168e-5,0.005054297968646999,-1.9900279146483935
AR,1,2018 Q3,2018 Q4,1998 Q3,2018 Q2,0.14154399831838305,0.5779009777366699,-0.4363569794182869,0.19040741348705123,0.4363569794182869,0,NA,2018 Q3,2018 Q4,2018-07-01,2018-10-01,0.19391764919335716,-0.003510235706305931,-1.9935381503546994
AR,1,2018 Q4,2019 Q1,1998 Q4,2018 Q3,0.6223772907267389,0.3959524233138352,0.22642486741290369,0.05126822058295101,0.22642486741290369,0,NA,2018 Q4,2019 Q1,2018-10-01,2019-01-01,0.13062632460168394,-0.07935810401873293,-2.072896254373432
AR,1,2019 Q1,2019 Q2,1999 Q1,2018 Q4,0.8316777932895647,0.5634725226895501,0.26820527060001464,0.07193406717762708,0.26820527060001464,0,NA,2019 Q1,2019 Q2,2019-01-01,2019-04-01,0.16822438613442128,-0.0962903189567942,-2.1691865733302262
AR,1,2019 Q2,2019 Q3,1999 Q2,2019 Q1,1.1632102580909631,0.635453094259178,0.5277571638317852,0.27852762397576974,0.5277571638317852,0,NA,2019 Q2,2019 Q3,2019-04-01,2019-07-01,0.4169316105158421,-0.13840398654007235,-2.307590559870299
AR,1,2019 Q3,2019 Q4,1999 Q3,2019 Q2,0.6795635968053659,0.7446126216362807,-0.06504902483091479,0.00423137563145296,0.06504902483091479,0,NA,2019 Q3,2019 Q4,2019-07-01,2019-10-01,0.00141190353626699,0.00281947209518597,-2.3047710877751126
LASSO,1,2005 Q2,2005 Q3,1985 Q2,2005 Q1,0.7807581701131383,0.735332505813675,0.04542566429946326,0.00206349097704753,0.04542566429946326,4,0.1367432087761957,2005 Q2,2005 Q3,2005-04-01,2005-07-01,0.00474387800496578,-0.0026803870279182504,-0.0026803870279182504
LASSO,1,2005 Q3,2005 Q4,1985 Q3,2005 Q2,0.5539792372076136,0.7773315465225326,-0.223352309314919,0.04988625407630726,0.223352309314919,0,0.19943344082579925,2005 Q3,2005 Q4,2005-07-01,2005-10-01,0.0260935155112909,0.023792738565016357,0.021112351537098107
LASSO,1,2005 Q4,2006 Q1,1985 Q4,2005 Q3,1.3364138447713003,0.721447028135436,0.6149668166358643,0.37818418556324873,0.6149668166358643,0,0.19802257598932776,2005 Q4,2006 Q1,2005-10-01,2006-01-01,0.37911760314926873,-9.334175860200022e-4,0.020178933951078105
LASSO,1,2006 Q1,2006 Q2,1986 Q1,2005 Q4,0.25841857488995146,0.9158363404196516,-0.6574177655297,0.4321981184340636,0.6574177655297,0,0.20085062303140144,2006 Q1,2006 Q2,2006-01-01,2006-04-01,0.6344324327417866,-0.20223431430772304,-0.18205538035664492
LASSO,1,2006 Q2,2006 Q3,1986 Q2,2006 Q1,0.14984360400802643,0.6621032126001023,-0.5122596085920759,0.26240990659490676,0.5122596085920759,1,0.1994447804224923,2006 Q2,2006 Q3,2006-04-01,2006-07-01,0.5483182014025342,-0.2859082948076274,-0.46796367516427234
LASSO,1,2006 Q3,2006 Q4,1986 Q3,2006 Q2,0.8557775565416037,0.5850978087892383,0.27067974775236536,0.07326752584328414,0.27067974775236536,2,0.16948475366466492,2006 Q3,2006 Q4,2006-07-01,2006-10-01,0.11961920736403112,-0.04635168152074698,-0.5143153566850194
LASSO,1,2006 Q4,2007 Q1,1986 Q4,2006 Q3,0.3003840617131104,0.7938921818854955,-0.4935081201723851,0.2435502646760813,0.4935081201723851,0,0.19882187553958072,2006 Q4,2007 Q1,2006-10-01,2007-01-01,0.2167264115983789,0.02682385307770238,-0.48749150360731697
LASSO,1,2007 Q1,2007 Q2,1987 Q1,2006 Q4,0.6098982914680917,0.6569153426264105,-0.04701705115831878,0.00221060309962396,0.04701705115831878,0,0.1948258339506912,2007 Q1,2007 Q2,2007-01-01,2007-04-01,0.00275419112676799,-5.435880271440299e-4,-0.48803509163446096
LASSO,1,2007 Q2,2007 Q3,1987 Q2,2007 Q1,0.5743731109307149,0.7248639511377954,-0.1504908402070806,0.02264749298623306,0.1504908402070806,1,0.19415949478829528,2007 Q2,2007 Q3,2007-04-01,2007-07-01,9.266112481082908e-5,0.02255483186142223,-0.46548025977303875
LASSO,1,2007 Q3,2007 Q4,1987 Q3,2007 Q2,0.6262715512194816,0.7141006442871183,-0.08782909306763664,0.00771394958908357,0.08782909306763664,1,0.19424327650130052,2007 Q3,2007 Q4,2007-07-01,2007-10-01,8.248969525287806e-5,0.007631459893830692,-0.45784879987920807
LASSO,1,2007 Q4,2008 Q1,1987 Q4,2007 Q3,-0.42767755900321447,0.714301761972539,-1.1419793209757536,1.3041167695362432,1.1419793209757536,0,0.1832647504016869,2007 Q4,2008 Q1,2007-10-01,2008-01-01,1.1087684685498955,0.1953483009863477,-0.26250049889286037
LASSO,1,2008 Q1,2008 Q2,1988 Q1,2007 Q4,0.5936625931315831,0.448312653402871,0.14534993972871207,0.02112660497914023,0.14534993972871207,2,0.15007104801220916,2008 Q1,2008 Q2,2008-01-01,2008-04-01,0.09110912331670594,-0.0699825183375657,-0.33248301723042606
LASSO,1,2008 Q2,2008 Q3,1988 Q2,2008 Q1,-0.5266423802783748,0.6883598154393775,-1.2150021957177524,1.4762303355989594,1.2150021957177524,1,0.19489748437592405,2008 Q2,2008 Q3,2008-04-01,2008-07-01,1.3906591226459306,0.08557121295302883,-0.24691180427739723
LASSO,1,2008 Q3,2008 Q4,1988 Q3,2008 Q2,-2.2133412739485436,0.3680767255615692,-2.581417999510113,6.6637188881947935,2.581417999510113,0,0.19434461560385985,2008 Q3,2008 Q4,2008-07-01,2008-10-01,6.515500209282223,0.14821867891257057,-0.09869312536482666
LASSO,1,2008 Q4,2009 Q1,1988 Q4,2008 Q3,-1.1413631359902254,-0.5536528918499415,-0.5877102441402839,0.34540333106743215,0.5877102441402839,0,0.20226236973680004,2008 Q4,2009 Q1,2008-10-01,2009-01-01,0.8061338086757067,-0.46073047760827457,-0.5594236029731012
LASSO,1,2009 Q1,2009 Q2,1989 Q1,2008 Q4,-0.178810721762801,-0.21057406371320508,0.03176334195040409,0.0010089098918583,0.03176334195040409,0,0.19398533191908676,2009 Q1,2009 Q2,2009-01-01,2009-04-01,1.8256313461775848,-1.8246224362857266,-2.384046039258828
LASSO,1,2009 Q2,2009 Q3,1989 Q2,2009 Q1,0.3505771547139602,0.24394525956868607,0.10663189514527416,0.01137036106227274,0.10663189514527416,0,0.19074344997431616,2009 Q2,2009 Q3,2009-04-01,2009-07-01,0.9999651626576904,-0.9885948015954177,-3.3726408408542454
LASSO,1,2009 Q3,2009 Q4,1989 Q3,2009 Q2,1.0751135379244658,0.4936407124969944,0.5814728254274715,0.3381106467106067,0.5814728254274715,0,0.1903672475025026,2009 Q3,2009 Q4,2009-07-01,2009-10-01,0.9196532832866808,-0.5815426365760741,-3.9541834774303197
LASSO,1,2009 Q4,2010 Q1,1989 Q4,2009 Q3,0.483331022067901,0.843391404727832,-0.360060382659931,0.12964347916121594,0.360060382659931,1,0.18414080255049753,2009 Q4,2010 Q1,2009-10-01,2010-01-01,0.11525728116356691,0.014386197997649022,-3.9397972794326708
LASSO,1,2010 Q1,2010 Q2,1990 Q1,2009 Q4,0.9629349822608546,0.5560225386071801,0.4069124436536745,0.16557773680020485,0.4069124436536745,0,0.1821179008311374,2010 Q1,2010 Q2,2010-01-01,2010-04-01,0.06837269994289381,0.09720503685731104,-3.8425922425753596
LASSO,1,2010 Q2,2010 Q3,1990 Q2,2010 Q1,0.7681272705003295,0.7925764935416104,-0.02444922304128094,5.97764507322303e-4,0.02444922304128094,0,0.18380914639755225,2010 Q2,2010 Q3,2010-04-01,2010-07-01,1.0413356954573508e-4,4.936309377765679e-4,-3.842098611637583
LASSO,1,2010 Q3,2010 Q4,1990 Q3,2010 Q2,0.523736364445071,0.7054311543456173,-0.18169478990054633,0.03301299667700367,0.18169478990054633,0,0.1844173182172027,2010 Q3,2010 Q4,2010-07-01,2010-10-01,0.01914589012218131,0.013867106554822362,-3.8282315050827607
LASSO,1,2010 Q4,2011 Q1,1990 Q4,2010 Q3,-0.23748667360496967,0.6076206809275714,-0.845107354532541,0.7142064406849901,0.845107354532541,1,0.19199296256890225,2010 Q4,2011 Q1,2010-10-01,2011-01-01,0.6436374085868849,0.07056903209810517,-3.7576624729846553
LASSO,1,2011 Q1,2011 Q2,1991 Q1,2010 Q4,0.6743037468666557,0.27954074008711594,0.3947630067795398,0.15583783152162298,0.3947630067795398,0,0.19484994687998017,2011 Q1,2011 Q2,2011-01-01,2011-04-01,0.22113574906690375,-0.06529791754528078,-3.822960390529936
LASSO,1,2011 Q2,2011 Q3,1991 Q2,2011 Q1,-0.0223152255784953,0.666927330657163,-0.6892425562356583,0.4750553013262646,0.6892425562356583,0,0.2003846340717529,2011 Q2,2011 Q3,2011-04-01,2011-07-01,0.5483141650010498,-0.07325886367478518,-3.8962192542047216
LASSO,1,2011 Q3,2011 Q4,1991 Q3,2011 Q2,1.1167896811464573,0.3556527177021039,0.7611369634443534,0.579329477121291,0.7611369634443534,1,0.2066120133022976,2011 Q3,2011 Q4,2011-07-01,2011-10-01,0.30253225372506554,0.2767972233962255,-3.619422030808496
LASSO,1,2011 Q4,2012 Q1,1991 Q4,2011 Q3,0.8350941818790147,0.8592791060814087,-0.02418492420239393,5.849105586755398e-4,0.02418492420239393,0,0.21686039665459808,2011 Q4,2012 Q1,2011-10-01,2012-01-01,2.784295819462502e-5,5.570676004809147e-4,-3.618864963208015
LASSO,1,2012 Q1,2012 Q2,1992 Q1,2011 Q4,0.4453416266322563,0.7333096970885219,-0.2879680704562656,0.08292560960230475,0.2879680704562656,1,0.22124903769628515,2012 Q1,2012 Q2,2012-01-01,2012-04-01,0.05719949032628204,0.025726119276022703,-3.5931388439319925
LASSO,1,2012 Q2,2012 Q3,1992 Q2,2012 Q1,0.14392437648620415,0.5619163455170932,-0.4179919690308891,0.17471728617431975,0.4179919690308891,1,0.2214078278624357,2012 Q2,2012 Q3,2012-04-01,2012-07-01,0.08785704488064057,0.08686024129367918,-3.506278602638313
LASSO,1,2012 Q3,2012 Q4,1992 Q3,2012 Q2,0.11557374157504796,0.4271815670485963,-0.3116078254735483,0.09709943689635336,0.3116078254735483,0,0.22130614941931356,2012 Q3,2012 Q4,2012-07-01,2012-10-01,0.09401124405296764,0.003088192843385726,-3.5031904097949274
LASSO,1,2012 Q4,2013 Q1,1992 Q4,2012 Q3,0.9817259265515688,0.4069687542279763,0.5747571723235925,0.3303458071374118,0.5747571723235925,0,0.23028480691336536,2012 Q4,2013 Q1,2012-10-01,2013-01-01,0.20778737269289163,0.12255843444452016,-3.3806319753504073
LASSO,1,2013 Q1,2013 Q2,1993 Q1,2012 Q4,0.26727882651371715,0.7897138607589269,-0.5224350342452098,0.27293836500679347,0.5224350342452098,1,0.2333501087600655,2013 Q1,2013 Q2,2013-01-01,2013-04-01,0.03090845844340353,0.24202990656338993,-3.1386020687870175
LASSO,1,2013 Q2,2013 Q3,1993 Q2,2013 Q1,0.8477896552497199,0.4800836632069644,0.3677059920427555,0.13520769658414702,0.3677059920427555,0,0.2317764117889912,2013 Q2,2013 Q3,2013-04-01,2013-07-01,0.05517680541854252,0.0800308911656045,-3.058571177621413
LASSO,1,2013 Q3,2013 Q4,1993 Q3,2013 Q2,0.8679640238263175,0.7293240656373832,0.13863995818893438,0.01922103800662947,0.13863995818893438,0,0.23152313073927933,2013 Q3,2013 Q4,2013-07-01,2013-10-01,0.08283300846693481,-0.06361197046030534,-3.122183148081718
LASSO,1,2013 Q4,2014 Q1,1993 Q4,2013 Q3,-0.34569281496601434,0.7308597424533229,-1.0765525574193373,1.1589654088861157,1.0765525574193373,1,0.23755653159523651,2013 Q4,2014 Q1,2013-10-01,2014-01-01,0.7358625825932555,0.4231028262928601,-2.699080321788858
LASSO,1,2014 Q1,2014 Q2,1994 Q1,2013 Q4,1.283569022914932,0.21512370614864057,1.0684453167662913,1.1415753949198206,1.0684453167662913,0,0.2414432936270199,2014 Q1,2014 Q2,2014-01-01,2014-04-01,0.3866418743919271,0.7549335205278935,-1.9441468012609646
LASSO,1,2014 Q2,2014 Q3,1994 Q2,2014 Q1,1.2080648325781596,0.8665801380616447,0.34148469451651486,0.11661179658903748,0.34148469451651486,0,0.26624081456255866,2014 Q2,2014 Q3,2014-04-01,2014-07-01,0.2816905417081888,-0.16507874511915133,-2.1092255463801157
LASSO,1,2014 Q3,2014 Q4,1994 Q3,2014 Q2,0.5044586015433339,0.7591374874525316,-0.25467888590919774,0.06486133492795015,0.25467888590919774,1,0.20894278400369765,2014 Q3,2014 Q4,2014-07-01,2014-10-01,0.00449736374121739,0.060363971186732764,-2.048861575193383
LASSO,1,2014 Q4,2015 Q1,1994 Q4,2014 Q3,0.8964547876924911,0.6247072025520565,0.2717475851404346,0.07384675002965777,0.2717475851404346,3,0.16589346778496675,2014 Q4,2015 Q1,2014-10-01,2015-01-01,0.16878505164887783,-0.09493830161922007,-2.143799876812603
LASSO,1,2015 Q1,2015 Q2,1995 Q1,2014 Q4,0.6174946582536478,0.4954932327890324,0.1220014254646154,0.0148843478153981,0.1220014254646154,6,0.14675193791769933,2015 Q1,2015 Q2,2015-01-01,2015-04-01,0.01950304426770897,-0.00461869645231087,-2.148418573264914
LASSO,1,2015 Q2,2015 Q3,1995 Q2,2015 Q1,0.3994462115690211,0.4520815947632581,-0.05263538319423694,0.00277048356400416,0.05263538319423694,6,0.15261061678645882,2015 Q2,2015 Q3,2015-04-01,2015-07-01,3.206239560097467e-4,0.0024498596079944135,-2.1459687136569197
LASSO,1,2015 Q3,2015 Q4,1995 Q3,2015 Q2,0.18430917271050615,0.4697341492621062,-0.28542497655160015,0.08146741723948149,0.28542497655160015,3,0.17446097500546573,2015 Q3,2015 Q4,2015-07-01,2015-10-01,0.05793496366583669,0.0235324535736448,-2.122436260083275
LASSO,1,2015 Q4,2016 Q1,1995 Q4,2015 Q3,0.5778466518471248,0.3095465975845936,0.26830005426253123,0.0719849191172772,0.26830005426253123,3,0.17937858616848576,2015 Q4,2016 Q1,2015-10-01,2016-01-01,2.389158194959173e-4,0.07174600329778127,-2.0506902567854937
LASSO,1,2016 Q1,2016 Q2,1996 Q1,2015 Q4,0.32060956626729364,0.361909031604159,-0.04129946533686535,0.00170564583711094,0.04129946533686535,4,0.15951928090035786,2016 Q1,2016 Q2,2016-01-01,2016-04-01,0.06073497168000197,-0.05902932584289103,-2.1097195826283848
LASSO,1,2016 Q2,2016 Q3,1996 Q2,2016 Q1,0.7068859191104337,0.48492681866685416,0.2219591004435796,0.04926584226972305,0.2219591004435796,1,0.2502910354510571,2016 Q2,2016 Q3,2016-04-01,2016-07-01,0.00681300424428651,0.042452838025436535,-2.0672667446029482
LASSO,1,2016 Q3,2016 Q4,1996 Q3,2016 Q2,0.5527685286210726,0.6382916723896337,-0.08552314376856107,0.00731420812005796,0.08552314376856107,1,0.24968356356933505,2016 Q3,2016 Q4,2016-07-01,2016-10-01,0.01766000563484334,-0.010345797514785381,-2.0776125421177336
LASSO,1,2016 Q4,2017 Q1,1996 Q4,2016 Q3,0.48570873310360696,0.5736057734697343,-0.08789704036612733,0.00772588970512461,0.08789704036612733,1,0.24901162040883876,2016 Q4,2017 Q1,2016-10-01,2017-01-01,0.0072450981058855,4.807915992391101e-4,-2.077131750518494
LASSO,1,2017 Q1,2017 Q2,1997 Q1,2016 Q4,0.5583111012978037,0.5479942892032004,0.01031681209460333,1.0643661179535364e-4,0.01031681209460333,0,0.25230469412979645,2017 Q1,2017 Q2,2017-01-01,2017-04-01,9.453041836464414e-4,-8.388675718510877e-4,-2.0779706180903452
LASSO,1,2017 Q2,2017 Q3,1997 Q2,2017 Q1,0.785431525684821,0.5669711353201542,0.2184603903646668,0.0477249421582826,0.2184603903646668,3,0.18474034780360332,2017 Q2,2017 Q3,2017-04-01,2017-07-01,0.01504860632069269,0.032676335837589915,-2.0452942822527556
LASSO,1,2017 Q3,2017 Q4,1997 Q3,2017 Q2,1.1207427769393874,0.5821697357211063,0.5385730412182811,0.2900609207271083,0.5385730412182811,3,0.1771291595367136,2017 Q3,2017 Q4,2017-07-01,2017-10-01,0.37668580921871214,-0.08662488849160382,-2.1319191707443594
LASSO,1,2017 Q4,2018 Q1,1997 Q4,2017 Q3,0.8101194549169577,0.7806070996432036,0.02951235527375406,8.709791138042794e-4,0.02951235527375406,0,0.2304095879754927,2017 Q4,2018 Q1,2017-10-01,2018-01-01,0.0029890630054333,-0.002118083891629021,-2.1340372546359885
LASSO,1,2018 Q1,2018 Q2,1998 Q1,2017 Q4,0.5294212303768475,0.659168713218147,-0.12974748284129944,0.01683440930365329,0.12974748284129944,0,0.2291232993843497,2018 Q1,2018 Q2,2018-01-01,2018-04-01,0.00460965790934936,0.012224751394303932,-2.1218125032416846
LASSO,1,2018 Q2,2018 Q3,1998 Q2,2018 Q1,0.621760482522582,0.5500714850457863,0.07168899747679569,0.00513931235922801,0.07168899747679569,0,0.22778111976760784,2018 Q2,2018 Q3,2018-04-01,2018-07-01,8.501439058101168e-5,0.005054297968646999,-2.1167582052730376
LASSO,1,2018 Q3,2018 Q4,1998 Q3,2018 Q2,0.14154399831838305,0.5779009777366699,-0.4363569794182869,0.19040741348705123,0.4363569794182869,1,0.2317897822668804,2018 Q3,2018 Q4,2018-07-01,2018-10-01,0.19391764919335716,-0.003510235706305931,-2.1202684409793435
LASSO,1,2018 Q4,2019 Q1,1998 Q4,2018 Q3,0.6223772907267389,0.3959524233138354,0.22642486741290344,0.05126822058295091,0.22642486741290344,0,0.23800640090539,2018 Q4,2019 Q1,2018-10-01,2019-01-01,0.13062632460168394,-0.07935810401873303,-2.1996265449980763
LASSO,1,2019 Q1,2019 Q2,1999 Q1,2018 Q4,0.8316777932895647,0.5634725226895503,0.2682052706000144,0.07193406717762696,0.2682052706000144,0,0.23951047205723416,2019 Q1,2019 Q2,2019-01-01,2019-04-01,0.16822438613442128,-0.09629031895679432,-2.295916863954871
LASSO,1,2019 Q2,2019 Q3,1999 Q2,2019 Q1,1.1632102580909631,0.6354530942591781,0.5277571638317851,0.27852762397576963,0.5277571638317851,0,0.23959322075441292,2019 Q2,2019 Q3,2019-04-01,2019-07-01,0.4169316105158421,-0.13840398654007247,-2.434320850494943
LASSO,1,2019 Q3,2019 Q4,1999 Q3,2019 Q2,0.6795635968053659,0.744612621636281,-0.06504902483091501,0.00423137563145299,0.06504902483091501,1,0.24128144122838016,2019 Q3,2019 Q4,2019-07-01,2019-10-01,0.00141190353626699,0.0028194720951859997,-2.431501378399757
Elastic net,1,2005 Q2,2005 Q3,1985 Q2,2005 Q1,0.7807581701131383,0.7292826777717044,0.05147549234143389,0.00264972631179301,0.05147549234143389,4,0.26105603779260916,2005 Q2,2005 Q3,2005-04-01,2005-07-01,0.00474387800496578,-0.0020941516931727703,-0.0020941516931727703
Elastic net,1,2005 Q3,2005 Q4,1985 Q3,2005 Q2,0.5539792372076136,0.7773315465225326,-0.223352309314919,0.04988625407630726,0.223352309314919,0,0.3988668816515985,2005 Q3,2005 Q4,2005-07-01,2005-10-01,0.0260935155112909,0.023792738565016357,0.021698586871843586
Elastic net,1,2005 Q4,2006 Q1,1985 Q4,2005 Q3,1.3364138447713003,0.721447028135436,0.6149668166358643,0.37818418556324873,0.6149668166358643,0,0.3960451519786554,2005 Q4,2006 Q1,2005-10-01,2006-01-01,0.37911760314926873,-9.334175860200022e-4,0.020765169285823584
Elastic net,1,2006 Q1,2006 Q2,1986 Q1,2005 Q4,0.25841857488995146,0.9158363404196516,-0.6574177655297,0.4321981184340636,0.6574177655297,0,0.4017012460628029,2006 Q1,2006 Q2,2006-01-01,2006-04-01,0.6344324327417866,-0.20223431430772304,-0.18146914502189945
Elastic net,1,2006 Q2,2006 Q3,1986 Q2,2006 Q1,0.14984360400802643,0.6621032126001023,-0.5122596085920759,0.26240990659490676,0.5122596085920759,1,0.39888956084498456,2006 Q2,2006 Q3,2006-04-01,2006-07-01,0.5483182014025342,-0.2859082948076274,-0.4673774398295269
Elastic net,1,2006 Q3,2006 Q4,1986 Q3,2006 Q2,0.8557775565416037,0.5910007130342368,0.26477684350736685,0.07010677685772464,0.26477684350736685,3,0.32356282007663406,2006 Q3,2006 Q4,2006-07-01,2006-10-01,0.11961920736403112,-0.04951243050630648,-0.5168898703358333
Elastic net,1,2006 Q4,2007 Q1,1986 Q4,2006 Q3,0.3003840617131104,0.7938921818854955,-0.4935081201723851,0.2435502646760813,0.4935081201723851,1,0.3976437510791614,2006 Q4,2007 Q1,2006-10-01,2007-01-01,0.2167264115983789,0.02682385307770238,-0.490066017258131
Elastic net,1,2007 Q1,2007 Q2,1987 Q1,2006 Q4,0.6098982914680917,0.6569153426264105,-0.04701705115831878,0.00221060309962396,0.04701705115831878,0,0.3896516679013825,2007 Q1,2007 Q2,2007-01-01,2007-04-01,0.00275419112676799,-5.435880271440299e-4,-0.490609605285275
Elastic net,1,2007 Q2,2007 Q3,1987 Q2,2007 Q1,0.5743731109307149,0.7248639511377954,-0.1504908402070806,0.02264749298623306,0.1504908402070806,0,0.3883189895765906,2007 Q2,2007 Q3,2007-04-01,2007-07-01,9.266112481082908e-5,0.02255483186142223,-0.46805477342385277
Elastic net,1,2007 Q3,2007 Q4,1987 Q3,2007 Q2,0.6262715512194816,0.7141006442871183,-0.08782909306763664,0.00771394958908357,0.08782909306763664,0,0.3884865530026011,2007 Q3,2007 Q4,2007-07-01,2007-10-01,8.248969525287806e-5,0.007631459893830692,-0.4604233135300221
Elastic net,1,2007 Q4,2008 Q1,1987 Q4,2007 Q3,-0.42767755900321447,0.714301761972539,-1.1419793209757536,1.3041167695362432,1.1419793209757536,0,0.3665295008033739,2007 Q4,2008 Q1,2007-10-01,2008-01-01,1.1087684685498955,0.1953483009863477,-0.2650750125436744
Elastic net,1,2008 Q1,2008 Q2,1988 Q1,2007 Q4,0.5936625931315831,0.44848249714028,0.1451800959913031,0.02107726027204398,0.1451800959913031,3,0.2734782994398889,2008 Q1,2008 Q2,2008-01-01,2008-04-01,0.09110912331670594,-0.07003186304466195,-0.33510687558833635
Elastic net,1,2008 Q2,2008 Q3,1988 Q2,2008 Q1,-0.5266423802783748,0.9700574876656548,-1.4966998679440298,2.2401104947036763,1.4966998679440298,2,0.3236146310272385,2008 Q2,2008 Q3,2008-04-01,2008-07-01,1.3906591226459306,0.8494513720577457,0.5143444964694094
Elastic net,1,2008 Q3,2008 Q4,1988 Q3,2008 Q2,-2.2133412739485436,0.3680767255615692,-2.581417999510113,6.6637188881947935,2.581417999510113,0,0.3886892312077196,2008 Q3,2008 Q4,2008-07-01,2008-10-01,6.515500209282223,0.14821867891257057,0.66256317538198
Elastic net,1,2008 Q4,2009 Q1,1988 Q4,2008 Q3,-1.1413631359902254,-0.5536528918499415,-0.5877102441402839,0.34540333106743215,0.5877102441402839,0,0.40452473947360007,2008 Q4,2009 Q1,2008-10-01,2009-01-01,0.8061338086757067,-0.46073047760827457,0.20183269777370536
Elastic net,1,2009 Q1,2009 Q2,1989 Q1,2008 Q4,-0.178810721762801,-0.21057406371320508,0.03176334195040409,0.0010089098918583,0.03176334195040409,0,0.3879706638381734,2009 Q1,2009 Q2,2009-01-01,2009-04-01,1.8256313461775848,-1.8246224362857266,-1.6227897385120214
Elastic net,1,2009 Q2,2009 Q3,1989 Q2,2009 Q1,0.3505771547139602,0.24394525956868604,0.1066318951452742,0.01137036106227274,0.1066318951452742,1,0.3814868999486323,2009 Q2,2009 Q3,2009-04-01,2009-07-01,0.9999651626576904,-0.9885948015954177,-2.611384540107439
Elastic net,1,2009 Q3,2009 Q4,1989 Q3,2009 Q2,1.0751135379244658,0.4936407124969943,0.5814728254274715,0.3381106467106067,0.5814728254274715,1,0.38073449500500506,2009 Q3,2009 Q4,2009-07-01,2009-10-01,0.9196532832866808,-0.5815426365760741,-3.1929271766835132
Elastic net,1,2009 Q4,2010 Q1,1989 Q4,2009 Q3,0.483331022067901,0.843391404727832,-0.360060382659931,0.12964347916121594,0.360060382659931,0,0.3682816051009952,2009 Q4,2010 Q1,2009-10-01,2010-01-01,0.11525728116356691,0.014386197997649022,-3.178540978685864
Elastic net,1,2010 Q1,2010 Q2,1990 Q1,2009 Q4,0.9629349822608546,0.5560225386071801,0.4069124436536745,0.16557773680020485,0.4069124436536745,0,0.3642358016622749,2010 Q1,2010 Q2,2010-01-01,2010-04-01,0.06837269994289381,0.09720503685731104,-3.081335941828553
Elastic net,1,2010 Q2,2010 Q3,1990 Q2,2010 Q1,0.7681272705003295,0.7925764935416104,-0.02444922304128094,5.97764507322303e-4,0.02444922304128094,0,0.3676182927951045,2010 Q2,2010 Q3,2010-04-01,2010-07-01,1.0413356954573508e-4,4.936309377765679e-4,-3.0808423108907763
Elastic net,1,2010 Q3,2010 Q4,1990 Q3,2010 Q2,0.523736364445071,0.7054311543456173,-0.18169478990054633,0.03301299667700367,0.18169478990054633,1,0.3688346364344052,2010 Q3,2010 Q4,2010-07-01,2010-10-01,0.01914589012218131,0.013867106554822362,-3.066975204335954
Elastic net,1,2010 Q4,2011 Q1,1990 Q4,2010 Q3,-0.23748667360496967,0.6076206809275714,-0.845107354532541,0.7142064406849901,0.845107354532541,0,0.3839859251378046,2010 Q4,2011 Q1,2010-10-01,2011-01-01,0.6436374085868849,0.07056903209810517,-2.9964061722378488
Elastic net,1,2011 Q1,2011 Q2,1991 Q1,2010 Q4,0.6743037468666557,0.2795407400871159,0.39476300677953985,0.15583783152162303,0.39476300677953985,1,0.3896998937599601,2011 Q1,2011 Q2,2011-01-01,2011-04-01,0.22113574906690375,-0.06529791754528072,-3.0617040897831296
Elastic net,1,2011 Q2,2011 Q3,1991 Q2,2011 Q1,-0.0223152255784953,0.666927330657163,-0.6892425562356583,0.4750553013262646,0.6892425562356583,0,0.4007692681435058,2011 Q2,2011 Q3,2011-04-01,2011-07-01,0.5483141650010498,-0.07325886367478518,-3.1349629534579146
Elastic net,1,2011 Q3,2011 Q4,1991 Q3,2011 Q2,1.1167896811464573,0.35565271770210377,0.7611369634443534,0.579329477121291,0.7611369634443534,1,0.4132240266045952,2011 Q3,2011 Q4,2011-07-01,2011-10-01,0.30253225372506554,0.2767972233962255,-2.8581657300616894
Elastic net,1,2011 Q4,2012 Q1,1991 Q4,2011 Q3,0.8350941818790147,0.8592791060814087,-0.02418492420239393,5.849105586755398e-4,0.02418492420239393,0,0.4337207933091962,2011 Q4,2012 Q1,2011-10-01,2012-01-01,2.784295819462502e-5,5.570676004809147e-4,-2.8576086624612085
Elastic net,1,2012 Q1,2012 Q2,1992 Q1,2011 Q4,0.4453416266322563,0.733309697088522,-0.2879680704562657,0.08292560960230481,0.2879680704562657,0,0.4424980753925704,2012 Q1,2012 Q2,2012-01-01,2012-04-01,0.05719949032628204,0.025726119276022773,-2.8318825431851855
Elastic net,1,2012 Q2,2012 Q3,1992 Q2,2012 Q1,0.14392437648620415,0.5619163455170932,-0.4179919690308891,0.17471728617431975,0.4179919690308891,1,0.4428156557248714,2012 Q2,2012 Q3,2012-04-01,2012-07-01,0.08785704488064057,0.08686024129367918,-2.7450223018915065
Elastic net,1,2012 Q3,2012 Q4,1992 Q3,2012 Q2,0.11557374157504796,0.4271815670485963,-0.3116078254735483,0.09709943689635336,0.3116078254735483,0,0.4426122988386271,2012 Q3,2012 Q4,2012-07-01,2012-10-01,0.09401124405296764,0.003088192843385726,-2.741934109048121
Elastic net,1,2012 Q4,2013 Q1,1992 Q4,2012 Q3,0.9817259265515688,0.4069687542279763,0.5747571723235925,0.3303458071374118,0.5747571723235925,0,0.46056961382673073,2012 Q4,2013 Q1,2012-10-01,2013-01-01,0.20778737269289163,0.12255843444452016,-2.6193756746036003
Elastic net,1,2013 Q1,2013 Q2,1993 Q1,2012 Q4,0.26727882651371715,0.7897138607589269,-0.5224350342452098,0.27293836500679347,0.5224350342452098,1,0.4667002175201311,2013 Q1,2013 Q2,2013-01-01,2013-04-01,0.03090845844340353,0.24202990656338993,-2.3773457680402106
Elastic net,1,2013 Q2,2013 Q3,1993 Q2,2013 Q1,0.8477896552497199,0.4800836632069644,0.3677059920427555,0.13520769658414702,0.3677059920427555,0,0.4635528235779823,2013 Q2,2013 Q3,2013-04-01,2013-07-01,0.05517680541854252,0.0800308911656045,-2.297314876874606
Elastic net,1,2013 Q3,2013 Q4,1993 Q3,2013 Q2,0.8679640238263175,0.7293240656373832,0.13863995818893438,0.01922103800662947,0.13863995818893438,0,0.46304626147855865,2013 Q3,2013 Q4,2013-07-01,2013-10-01,0.08283300846693481,-0.06361197046030534,-2.3609268473349116
Elastic net,1,2013 Q4,2014 Q1,1993 Q4,2013 Q3,-0.34569281496601434,0.7308597424533229,-1.0765525574193373,1.1589654088861157,1.0765525574193373,0,0.4751130631904731,2013 Q4,2014 Q1,2013-10-01,2014-01-01,0.7358625825932555,0.4231028262928601,-1.9378240210420514
Elastic net,1,2014 Q1,2014 Q2,1994 Q1,2013 Q4,1.283569022914932,0.2151237061486406,1.0684453167662913,1.1415753949198206,1.0684453167662913,1,0.4828865872540397,2014 Q1,2014 Q2,2014-01-01,2014-04-01,0.3866418743919271,0.7549335205278935,-1.182890500514158
Elastic net,1,2014 Q2,2014 Q3,1994 Q2,2014 Q1,1.2080648325781596,0.8399049926307398,0.36815983994741974,0.13554166775010973,0.36815983994741974,3,0.3670189322251631,2014 Q2,2014 Q3,2014-04-01,2014-07-01,0.2816905417081888,-0.14614887395807907,-1.3290393744722369
Elastic net,1,2014 Q3,2014 Q4,1994 Q3,2014 Q2,0.5044586015433339,0.7301189614030047,-0.2256603598596708,0.05092259801199613,0.2256603598596708,3,0.34693594002854866,2014 Q3,2014 Q4,2014-07-01,2014-10-01,0.00449736374121739,0.04642523427077874,-1.2826141402014581
Elastic net,1,2014 Q4,2015 Q1,1994 Q4,2014 Q3,0.8964547876924911,0.6102535685301388,0.2862012191623523,0.08191113785001682,0.2862012191623523,5,0.3317869355699335,2014 Q4,2015 Q1,2014-10-01,2015-01-01,0.16878505164887783,-0.08687391379886102,-1.3694880540003191
Elastic net,1,2015 Q1,2015 Q2,1995 Q1,2014 Q4,0.6174946582536478,0.5433945922166784,0.07410006603696939,0.00549081978668322,0.07410006603696939,7,0.28016367170294637,2015 Q1,2015 Q2,2015-01-01,2015-04-01,0.01950304426770897,-0.01401222448102575,-1.3835002784813448
Elastic net,1,2015 Q2,2015 Q3,1995 Q2,2015 Q1,0.3994462115690211,0.4943054211057498,-0.09485920953672872,0.008998269633933,0.09485920953672872,7,0.30522123357291764,2015 Q2,2015 Q3,2015-04-01,2015-07-01,3.206239560097467e-4,0.008677645677923253,-1.3748226328034217
Elastic net,1,2015 Q3,2015 Q4,1995 Q3,2015 Q2,0.18430917271050615,0.4873081871604774,-0.30299901444997124,0.09180840275765388,0.30299901444997124,5,0.3330629088783722,2015 Q3,2015 Q4,2015-07-01,2015-10-01,0.05793496366583669,0.03387343909181719,-1.3409491937116045
Elastic net,1,2015 Q4,2016 Q1,1995 Q4,2015 Q3,0.5778466518471248,0.36103504949183934,0.21681160235528543,0.04700727091586642,0.21681160235528543,3,0.3937355537516058,2015 Q4,2016 Q1,2015-10-01,2016-01-01,2.389158194959173e-4,0.046768355096370506,-1.294180838615234
Elastic net,1,2016 Q1,2016 Q2,1996 Q1,2015 Q4,0.32060956626729364,0.4287479212671461,-0.10813835499985248,0.01169390382207411,0.10813835499985248,5,0.3342298230897888,2016 Q1,2016 Q2,2016-01-01,2016-04-01,0.06073497168000197,-0.04904106785792786,-1.3432219064731619
Elastic net,1,2016 Q2,2016 Q3,1996 Q2,2016 Q1,0.7068859191104337,0.48492681866685416,0.2219591004435796,0.04926584226972305,0.2219591004435796,1,0.5005820709021142,2016 Q2,2016 Q3,2016-04-01,2016-07-01,0.00681300424428651,0.042452838025436535,-1.3007690684477253
Elastic net,1,2016 Q3,2016 Q4,1996 Q3,2016 Q2,0.5527685286210726,0.6382916723896337,-0.08552314376856107,0.00731420812005796,0.08552314376856107,1,0.4993671271386701,2016 Q3,2016 Q4,2016-07-01,2016-10-01,0.01766000563484334,-0.010345797514785381,-1.3111148659625107
Elastic net,1,2016 Q4,2017 Q1,1996 Q4,2016 Q3,0.48570873310360696,0.5736057734697343,-0.08789704036612733,0.00772588970512461,0.08789704036612733,0,0.4980232408176776,2016 Q4,2017 Q1,2016-10-01,2017-01-01,0.0072450981058855,4.807915992391101e-4,-1.3106340743632716
Elastic net,1,2017 Q1,2017 Q2,1997 Q1,2016 Q4,0.5583111012978037,0.5479942892032004,0.01031681209460333,1.0643661179535364e-4,0.01031681209460333,0,0.5046093882595929,2017 Q1,2017 Q2,2017-01-01,2017-04-01,9.453041836464414e-4,-8.388675718510877e-4,-1.3114729419351225
Elastic net,1,2017 Q2,2017 Q3,1997 Q2,2017 Q1,0.785431525684821,0.5667038558923309,0.21872766979249017,0.0478417935328526,0.21872766979249017,3,0.36948069560720664,2017 Q2,2017 Q3,2017-04-01,2017-07-01,0.01504860632069269,0.032793187212159916,-1.2786797547229627
Elastic net,1,2017 Q3,2017 Q4,1997 Q3,2017 Q2,1.1207427769393874,0.5984169003105972,0.5223258766287902,0.27282432139603413,0.5223258766287902,3,0.3542583190734272,2017 Q3,2017 Q4,2017-07-01,2017-10-01,0.37668580921871214,-0.10386148782267801,-1.3825412425456407
Elastic net,1,2017 Q4,2018 Q1,1997 Q4,2017 Q3,0.8101194549169577,0.7806070996432036,0.02951235527375406,8.709791138042794e-4,0.02951235527375406,0,0.46081917595098537,2017 Q4,2018 Q1,2017-10-01,2018-01-01,0.0029890630054333,-0.002118083891629021,-1.3846593264372697
Elastic net,1,2018 Q1,2018 Q2,1998 Q1,2017 Q4,0.5294212303768475,0.659168713218147,-0.12974748284129944,0.01683440930365329,0.12974748284129944,0,0.4582465987686994,2018 Q1,2018 Q2,2018-01-01,2018-04-01,0.00460965790934936,0.012224751394303932,-1.3724345750429658
Elastic net,1,2018 Q2,2018 Q3,1998 Q2,2018 Q1,0.621760482522582,0.5500714850457863,0.07168899747679569,0.00513931235922801,0.07168899747679569,0,0.4555622395352156,2018 Q2,2018 Q3,2018-04-01,2018-07-01,8.501439058101168e-5,0.005054297968646999,-1.3673802770743189
Elastic net,1,2018 Q3,2018 Q4,1998 Q3,2018 Q2,0.14154399831838305,0.5779009777366699,-0.4363569794182869,0.19040741348705123,0.4363569794182869,0,0.4635795645337609,2018 Q3,2018 Q4,2018-07-01,2018-10-01,0.19391764919335716,-0.003510235706305931,-1.3708905127806248
Elastic net,1,2018 Q4,2019 Q1,1998 Q4,2018 Q3,0.6223772907267389,0.3959524233138354,0.22642486741290344,0.05126822058295091,0.22642486741290344,0,0.47601280181078,2018 Q4,2019 Q1,2018-10-01,2019-01-01,0.13062632460168394,-0.07935810401873303,-1.4502486167993578
Elastic net,1,2019 Q1,2019 Q2,1999 Q1,2018 Q4,0.8316777932895647,0.5634725226895503,0.2682052706000144,0.07193406717762696,0.2682052706000144,0,0.4790209441144684,2019 Q1,2019 Q2,2019-01-01,2019-04-01,0.16822438613442128,-0.09629031895679432,-1.546538935756152
Elastic net,1,2019 Q2,2019 Q3,1999 Q2,2019 Q1,1.1632102580909631,0.6354530942591781,0.5277571638317851,0.27852762397576963,0.5277571638317851,0,0.4791864415088258,2019 Q2,2019 Q3,2019-04-01,2019-07-01,0.4169316105158421,-0.13840398654007247,-1.6849429222962247
Elastic net,1,2019 Q3,2019 Q4,1999 Q3,2019 Q2,0.6795635968053659,0.744612621636281,-0.06504902483091501,0.00423137563145299,0.06504902483091501,1,0.4825628824567603,2019 Q3,2019 Q4,2019-07-01,2019-10-01,0.00141190353626699,0.0028194720951859997,-1.6821234502010385
Threshold ridge,1,2005 Q2,2005 Q3,1985 Q2,2005 Q1,0.7807581701131383,0.7799470800383177,8.110900748206085e-4,6.578671094725003e-7,8.110900748206085e-4,13,1.9839098255638432,2005 Q2,2005 Q3,2005-04-01,2005-07-01,0.00474387800496578,-0.004743220137856308,-0.004743220137856308
Threshold ridge,1,2005 Q3,2005 Q4,1985 Q3,2005 Q2,0.5539792372076136,0.6875861302863173,-0.13360689307870377,0.01785080187814418,0.13360689307870377,14,1.994334408258,2005 Q3,2005 Q4,2005-07-01,2005-10-01,0.0260935155112909,-0.008242713633146721,-0.01298593377100303
Threshold ridge,1,2005 Q4,2006 Q1,1985 Q4,2005 Q3,1.3364138447713003,0.7425032532365059,0.5939105915347944,0.3527297907372094,0.5939105915347944,14,1.9802257598932855,2005 Q4,2006 Q1,2005-10-01,2006-01-01,0.37911760314926873,-0.02638781241205934,-0.03937374618306237
Threshold ridge,1,2006 Q1,2006 Q2,1986 Q1,2005 Q4,0.25841857488995146,0.8890285906381415,-0.6306100157481901,0.39766899196193256,0.6306100157481901,17,2.008506230314024,2006 Q1,2006 Q2,2006-01-01,2006-04-01,0.6344324327417866,-0.23676344077985406,-0.27613718696291645
Threshold ridge,1,2006 Q2,2006 Q3,1986 Q2,2006 Q1,0.14984360400802643,0.7327452863297483,-0.5829016823217219,0.3397743712534936,0.5829016823217219,13,1.994447804224933,2006 Q2,2006 Q3,2006-04-01,2006-07-01,0.5483182014025342,-0.2085438301490406,-0.48468101711195705
Threshold ridge,1,2006 Q3,2006 Q4,1986 Q3,2006 Q2,0.8557775565416037,0.6040177027794481,0.2517598537621556,0.06338302396634198,0.2517598537621556,16,2.0414498580897726,2006 Q3,2006 Q4,2006-07-01,2006-10-01,0.11961920736403112,-0.05623618339768914,-0.5409172005096462
Threshold ridge,1,2006 Q4,2007 Q1,1986 Q4,2006 Q3,0.3003840617131104,0.787400375687724,-0.4870163139746137,0.23718489007741947,0.4870163139746137,15,1.9882187553958168,2006 Q4,2007 Q1,2006-10-01,2007-01-01,0.2167264115983789,0.02045847847904056,-0.5204587220306056
Threshold ridge,1,2007 Q1,2007 Q2,1987 Q1,2006 Q4,0.6098982914680917,0.7054350158810889,-0.0955367244129972,0.0091272657115649709,0.0955367244129972,16,1.9482583395069208,2007 Q1,2007 Q2,2007-01-01,2007-04-01,0.00275419112676799,0.006373074584796981,-0.5140856474458086
Threshold ridge,1,2007 Q2,2007 Q3,1987 Q2,2007 Q1,0.5743731109307149,0.6922585836419228,-0.11788547271120796,0.01389698467634496,0.11788547271120796,15,1.9415949478829624,2007 Q2,2007 Q3,2007-04-01,2007-07-01,9.266112481082908e-5,0.013804323551534131,-0.5002813238942745
Threshold ridge,1,2007 Q3,2007 Q4,1987 Q3,2007 Q2,0.6262715512194816,0.7105830466679995,-0.0843114954485179,0.00710842826476545,0.0843114954485179,15,1.942432765013015,2007 Q3,2007 Q4,2007-07-01,2007-10-01,8.248969525287806e-5,0.007025938569512572,-0.49325538532476193
Threshold ridge,1,2007 Q4,2008 Q1,1987 Q4,2007 Q3,-0.42767755900321447,0.6792666946639492,-1.1069442536671636,1.225325580726754,1.1069442536671636,15,5.863128934767591,2007 Q4,2008 Q1,2007-10-01,2008-01-01,1.1087684685498955,0.11655711217685849,-0.37669827314790344
Threshold ridge,1,2008 Q1,2008 Q2,1988 Q1,2007 Q4,0.5936625931315831,0.4230425317890086,0.17062006134257451,0.02911120533254389,0.17062006134257451,14,1.983850935607614,2008 Q1,2008 Q2,2008-01-01,2008-04-01,0.09110912331670594,-0.06199791798416205,-0.4386961911320655
Threshold ridge,1,2008 Q2,2008 Q3,1988 Q2,2008 Q1,-0.5266423802783748,1.0524586512297862,-1.579101031508161,2.4935600677101384,1.579101031508161,15,1.9489748437592505,2008 Q2,2008 Q3,2008-04-01,2008-07-01,1.3906591226459306,1.1029009450642078,0.6642047539321423
Threshold ridge,1,2008 Q3,2008 Q4,1988 Q3,2008 Q2,-2.2133412739485436,0.5281079306464717,-2.7414492045950154,7.515543741374643,2.7414492045950154,14,1.943446156038607,2008 Q3,2008 Q4,2008-07-01,2008-10-01,6.515500209282223,1.0000435320924197,1.664248286024562
Threshold ridge,1,2008 Q4,2009 Q1,1988 Q4,2008 Q3,-1.1413631359902254,-1.2339456681522338,0.0925825321620084,0.00857152526152932,0.0925825321620084,21,2.02262369736801,2008 Q4,2009 Q1,2008-10-01,2009-01-01,0.8061338086757067,-0.7975622834141775,0.8666860026103845
Threshold ridge,1,2009 Q1,2009 Q2,1989 Q1,2008 Q4,-0.178810721762801,-0.21869974765642364,0.03988902589362264,0.00159113438674209,0.03988902589362264,17,2.1289866230495935,2009 Q1,2009 Q2,2009-01-01,2009-04-01,1.8256313461775848,-1.8240402117908427,-0.9573542091804582
Threshold ridge,1,2009 Q2,2009 Q3,1989 Q2,2009 Q1,0.3505771547139602,0.20464241280121304,0.1459347419127472,0.02129694889714013,0.1459347419127472,17,2.2975116077523894,2009 Q2,2009 Q3,2009-04-01,2009-07-01,0.9999651626576904,-0.9786682137605502,-1.9360224229410086
Threshold ridge,1,2009 Q3,2009 Q4,1989 Q3,2009 Q2,1.0751135379244658,0.4066395300556823,0.6684740078687835,0.4468574991961545,0.6684740078687835,18,3.031184926139414,2009 Q3,2009 Q4,2009-07-01,2009-10-01,0.9196532832866808,-0.47279578409052636,-2.4088182070315347
Threshold ridge,1,2009 Q4,2010 Q1,1989 Q4,2009 Q3,0.483331022067901,0.7848920155420188,-0.3015609934741178,0.09093903278509692,0.3015609934741178,16,3.371136161935085,2009 Q4,2010 Q1,2009-10-01,2010-01-01,0.11525728116356691,-0.024318248378469992,-2.433136455410005
Threshold ridge,1,2010 Q1,2010 Q2,1990 Q1,2009 Q4,0.9629349822608546,0.7444333173023054,0.21850166495854917,0.04774297758965807,0.21850166495854917,19,3.659172967077911,2010 Q1,2010 Q2,2010-01-01,2010-04-01,0.06837269994289381,-0.020629722353235742,-2.4537661777632405
Threshold ridge,1,2010 Q2,2010 Q3,1990 Q2,2010 Q1,0.7681272705003295,0.82562919689969,-0.05750192639936058,0.00330647153963748,0.05750192639936058,18,3.212117035108939,2010 Q2,2010 Q3,2010-04-01,2010-07-01,1.0413356954573508e-4,0.003202337970091745,-2.4505638397931486
Threshold ridge,1,2010 Q3,2010 Q4,1990 Q3,2010 Q2,0.523736364445071,0.5939276021146251,-0.07019123766955415,0.00492680984558383,0.07019123766955415,17,2.120351016927198,2010 Q3,2010 Q4,2010-07-01,2010-10-01,0.01914589012218131,-0.01421908027659748,-2.464782920069746
Threshold ridge,1,2010 Q4,2011 Q1,1990 Q4,2010 Q3,-0.23748667360496967,0.8016269803040056,-1.0391136539089754,1.079757185740062,1.0391136539089754,17,1.9199296256890337,2010 Q4,2011 Q1,2010-10-01,2011-01-01,0.6436374085868849,0.4361197771531772,-2.028663142916569
Threshold ridge,1,2011 Q1,2011 Q2,1991 Q1,2010 Q4,0.6743037468666557,0.7031362831073116,-0.02883253624065585,8.313151460687329e-4,0.02883253624065585,16,1.948499468799812,2011 Q1,2011 Q2,2011-01-01,2011-04-01,0.22113574906690375,-0.220304433920835,-2.248967576837404
Threshold ridge,1,2011 Q2,2011 Q3,1991 Q2,2011 Q1,-0.0223152255784953,0.6989387927403823,-0.7212540183188776,0.5202073589411278,0.7212540183188776,15,2.0038463407175393,2011 Q2,2011 Q3,2011-04-01,2011-07-01,0.5483141650010498,-0.028106806059921996,-2.277074382897326
Threshold ridge,1,2011 Q3,2011 Q4,1991 Q3,2011 Q2,1.1167896811464573,0.6096516924272612,0.507137988719196,0.2571889396021514,0.507137988719196,16,4.556065017661554,2011 Q3,2011 Q4,2011-07-01,2011-10-01,0.30253225372506554,-0.04534331412291415,-2.3224176970202404
Threshold ridge,1,2011 Q4,2012 Q1,1991 Q4,2011 Q3,0.8350941818790147,0.8207166192915744,0.01437756258744038,2.0671430595576543e-4,0.01437756258744038,18,12.701558578180109,2011 Q4,2012 Q1,2011-10-01,2012-01-01,2.784295819462502e-5,1.788713477611404e-4,-2.3222388256724793
Threshold ridge,1,2012 Q1,2012 Q2,1992 Q1,2011 Q4,0.4453416266322563,0.7094262647560681,-0.2640846381238118,0.06974069609298462,0.2640846381238118,16,2.2124903769628648,2012 Q1,2012 Q2,2012-01-01,2012-04-01,0.05719949032628204,0.012541205766702583,-2.3096976199057764
Threshold ridge,1,2012 Q2,2012 Q3,1992 Q2,2012 Q1,0.14392437648620415,0.6113254018793395,-0.4674010253931353,0.2184637185385543,0.4674010253931353,16,2.2140782786243673,2012 Q2,2012 Q3,2012-04-01,2012-07-01,0.08785704488064057,0.13060667365791373,-2.1790909462478627
Threshold ridge,1,2012 Q3,2012 Q4,1992 Q3,2012 Q2,0.11557374157504796,0.5830408483496521,-0.4674671067746041,0.21852549591621911,0.4674671067746041,17,2.2130614941931475,2012 Q3,2012 Q4,2012-07-01,2012-10-01,0.09401124405296764,0.12451425186325148,-2.0545766943846115
Threshold ridge,1,2012 Q4,2013 Q1,1992 Q4,2012 Q3,0.9817259265515688,0.5607122291288417,0.4210136974227271,0.1772525334175556,0.4210136974227271,15,5.573187701637543,2012 Q4,2013 Q1,2012-10-01,2013-01-01,0.20778737269289163,-0.03053483927533604,-2.0851115336599473
Threshold ridge,1,2013 Q1,2013 Q2,1993 Q1,2012 Q4,0.26727882651371715,0.4818335239675709,-0.2145546974538537,0.04603371819951469,0.2145546974538537,17,2.333501087600669,2013 Q1,2013 Q2,2013-01-01,2013-04-01,0.03090845844340353,0.015125259756111162,-2.069986273903836
Threshold ridge,1,2013 Q2,2013 Q3,1993 Q2,2013 Q1,0.8477896552497199,0.6689681406663986,0.1788215145833213,0.03197713407787299,0.1788215145833213,16,2.317764117889923,2013 Q2,2013 Q3,2013-04-01,2013-07-01,0.05517680541854252,-0.023199671340669532,-2.093185945244506
Threshold ridge,1,2013 Q3,2013 Q4,1993 Q3,2013 Q2,0.8679640238263175,0.7015764954485184,0.16638752837779913,0.02768480959967291,0.16638752837779913,16,2.3152313073928052,2013 Q3,2013 Q4,2013-07-01,2013-10-01,0.08283300846693481,-0.0551481988672619,-2.1483341441117676
Threshold ridge,1,2013 Q4,2014 Q1,1993 Q4,2013 Q3,-0.34569281496601434,0.5984527934913848,-0.9441456084573993,0.8914109299693924,0.9441456084573993,16,2.3755653159523784,2013 Q4,2014 Q1,2013-10-01,2014-01-01,0.7358625825932555,0.15554834737613688,-1.9927857967356308
Threshold ridge,1,2014 Q1,2014 Q2,1994 Q1,2013 Q4,1.283569022914932,0.723550357647613,0.5600186652673189,0.31362090544778937,0.5600186652673189,18,2.4144329362702117,2014 Q1,2014 Q2,2014-01-01,2014-04-01,0.3866418743919271,-0.07302096894413773,-2.0658067656797683
Threshold ridge,1,2014 Q2,2014 Q3,1994 Q2,2014 Q1,1.2080648325781596,0.6646252717076166,0.5434395608705429,0.2953265563191685,0.5434395608705429,17,2.6624081456256,2014 Q2,2014 Q3,2014-04-01,2014-07-01,0.2816905417081888,0.013636014610979685,-2.0521707510687888
Threshold ridge,1,2014 Q3,2014 Q4,1994 Q3,2014 Q2,0.5044586015433339,0.6229510583780283,-0.11849245683469443,0.01404046232672192,0.11849245683469443,17,2.63655890162044,2014 Q3,2014 Q4,2014-07-01,2014-10-01,0.00449736374121739,0.00954309858550453,-2.0426276524832843
Threshold ridge,1,2014 Q4,2015 Q1,1994 Q4,2014 Q3,0.8964547876924911,0.6199490934799767,0.27650569421251436,0.0764553989319445,0.27650569421251436,18,2.641493142816885,2014 Q4,2015 Q1,2014-10-01,2015-01-01,0.16878505164887783,-0.09232965271693333,-2.1349573052002175
Threshold ridge,1,2015 Q1,2015 Q2,1995 Q1,2014 Q4,0.6174946582536478,0.7048917385579105,-0.08739708030426274,0.00763824964570975,0.08739708030426274,16,2.686643904534628,2015 Q1,2015 Q2,2015-01-01,2015-04-01,0.01950304426770897,-0.011864794621999221,-2.146822099822217
Threshold ridge,1,2015 Q2,2015 Q3,1995 Q2,2015 Q1,0.3994462115690211,0.5114135423580963,-0.11196733078907524,0.01253668316403019,0.11196733078907524,18,2.666913869770274,2015 Q2,2015 Q3,2015-04-01,2015-07-01,3.206239560097467e-4,0.012216059208020444,-2.1346060406141962
Threshold ridge,1,2015 Q3,2015 Q4,1995 Q3,2015 Q2,0.18430917271050615,0.5534391147384609,-0.3691299420279547,0.13625691410156118,0.3691299420279547,18,2.6516516945358335,2015 Q3,2015 Q4,2015-07-01,2015-10-01,0.05793496366583669,0.07832195043572449,-2.056284090178472
Threshold ridge,1,2015 Q4,2016 Q1,1995 Q4,2015 Q3,0.5778466518471248,0.6582240968075871,-0.08037744496046229,0.00646053365837214,0.08037744496046229,18,2.726395011619106,2015 Q4,2016 Q1,2015-10-01,2016-01-01,2.389158194959173e-4,0.006221617838876222,-2.0500624723395955
Threshold ridge,1,2016 Q1,2016 Q2,1996 Q1,2015 Q4,0.32060956626729364,0.5464569416735894,-0.22584737540629576,0.05100703697791228,0.22584737540629576,17,2.660941981636553,2016 Q1,2016 Q2,2016-01-01,2016-04-01,0.06073497168000197,-0.009727934702089693,-2.0597904070416853
Threshold ridge,1,2016 Q2,2016 Q3,1996 Q2,2016 Q1,0.7068859191104337,0.6067888101950794,0.1000971089153544,0.01001943121321232,0.1000971089153544,16,2.502910354510586,2016 Q2,2016 Q3,2016-04-01,2016-07-01,0.00681300424428651,0.0032064269689258094,-2.0565839800727597
Threshold ridge,1,2016 Q3,2016 Q4,1996 Q3,2016 Q2,0.5527685286210726,0.6886642737777384,-0.1358957451566658,0.01846765355168546,0.1358957451566658,16,2.496835635693363,2016 Q3,2016 Q4,2016-07-01,2016-10-01,0.01766000563484334,8.076479168421177e-4,-2.0557763321559173
Threshold ridge,1,2016 Q4,2017 Q1,1996 Q4,2016 Q3,0.48570873310360696,0.674415623340768,-0.18870689023716103,0.03561029042297994,0.18870689023716103,17,2.490116204088401,2016 Q4,2017 Q1,2016-10-01,2017-01-01,0.0072450981058855,0.02836519231709444,-2.027411139838823
Threshold ridge,1,2017 Q1,2017 Q2,1997 Q1,2016 Q4,0.5583111012978037,0.6118714436505956,-0.05356034235279194,0.00286871027294827,0.05356034235279194,17,2.523046941297974,2017 Q1,2017 Q2,2017-01-01,2017-04-01,9.453041836464414e-4,0.0019234060893018284,-2.025487733749521
Threshold ridge,1,2017 Q2,2017 Q3,1997 Q2,2017 Q1,0.785431525684821,0.6094590951196799,0.1759724305651411,0.03096629631900341,0.1759724305651411,15,2.331158794559885,2017 Q2,2017 Q3,2017-04-01,2017-07-01,0.01504860632069269,0.01591768999831072,-2.0095700437512103
Threshold ridge,1,2017 Q3,2017 Q4,1997 Q3,2017 Q2,1.1207427769393874,0.5272545361510824,0.593488240788305,0.3522282919539971,0.593488240788305,16,2.3415432458478667,2017 Q3,2017 Q4,2017-07-01,2017-10-01,0.37668580921871214,-0.024457517264715067,-2.0340275610159257
Threshold ridge,1,2017 Q4,2018 Q1,1997 Q4,2017 Q3,0.8101194549169577,0.7724429968711867,0.03767645804577102,0.00141951549087474,0.03767645804577102,16,2.3040958797549367,2017 Q4,2018 Q1,2017-10-01,2018-01-01,0.0029890630054333,-0.0015695475145585602,-2.0355971085304843
Threshold ridge,1,2018 Q1,2018 Q2,1998 Q1,2017 Q4,0.5294212303768475,0.6188397641002393,-0.08941853372339181,0.00799567417324135,0.08941853372339181,17,2.291232993843508,2018 Q1,2018 Q2,2018-01-01,2018-04-01,0.00460965790934936,0.0033860162638919894,-2.032211092266592
Threshold ridge,1,2018 Q2,2018 Q3,1998 Q2,2018 Q1,0.621760482522582,0.5626418996757548,0.05911858284682714,0.00349500683781716,0.05911858284682714,17,2.27781119767609,2018 Q2,2018 Q3,2018-04-01,2018-07-01,8.501439058101168e-5,0.0034099924472361484,-2.028801099819356
Threshold ridge,1,2018 Q3,2018 Q4,1998 Q3,2018 Q2,0.14154399831838305,0.6706834859385551,-0.529139487620172,0.2799885973589382,0.529139487620172,14,2.3178978226688174,2018 Q3,2018 Q4,2018-07-01,2018-10-01,0.19391764919335716,0.08607094816558106,-1.942730151653775
Threshold ridge,1,2018 Q4,2019 Q1,1998 Q4,2018 Q3,0.6223772907267389,0.37963857802184664,0.24273871270489225,0.0589220826456282,0.24273871270489225,15,2.3800640090539114,2018 Q4,2019 Q1,2018-10-01,2019-01-01,0.13062632460168394,-0.07170424195605574,-2.0144343936098306
Threshold ridge,1,2019 Q1,2019 Q2,1999 Q1,2018 Q4,0.8316777932895647,0.5634586638954608,0.26821912939410386,0.07194150137293102,0.26821912939410386,15,2.3951047205723524,2019 Q1,2019 Q2,2019-01-01,2019-04-01,0.16822438613442128,-0.09628288476149026,-2.110717278371321
Threshold ridge,1,2019 Q2,2019 Q3,1999 Q2,2019 Q1,1.1632102580909631,0.5459890066256875,0.6172212514652756,0.380962073260361,0.6172212514652756,15,2.39593220754414,2019 Q2,2019 Q3,2019-04-01,2019-07-01,0.4169316105158421,-0.03596953725548108,-2.146686815626802
Threshold ridge,1,2019 Q3,2019 Q4,1999 Q3,2019 Q2,0.6795635968053659,0.6011103555179723,0.07845324128739362,0.006154911068498,0.07845324128739362,15,2.4128144122838124,2019 Q3,2019 Q4,2019-07-01,2019-10-01,0.00141190353626699,0.00474300753223101,-2.1419438080945707
Post-threshold ridge,1,2005 Q2,2005 Q3,1985 Q2,2005 Q1,0.7807581701131383,0.9373074532574412,-0.15654928314430283,0.0245076780529951,0.15654928314430283,13,1.9839098255638432,2005 Q2,2005 Q3,2005-04-01,2005-07-01,0.00474387800496578,0.019763800048029318,0.019763800048029318
Post-threshold ridge,1,2005 Q3,2005 Q4,1985 Q3,2005 Q2,0.5539792372076136,0.5695262495469599,-0.0155470123393463,2.417095926797861e-4,0.0155470123393463,14,1.994334408258,2005 Q3,2005 Q4,2005-07-01,2005-10-01,0.0260935155112909,-0.025851805918611113,-0.006088005870581795
Post-threshold ridge,1,2005 Q4,2006 Q1,1985 Q4,2005 Q3,1.3364138447713003,0.31716042482911894,1.0192534199421814,1.0388775340638328,1.0192534199421814,14,1.9802257598932855,2005 Q4,2006 Q1,2005-10-01,2006-01-01,0.37911760314926873,0.6597599309145641,0.6536719250439823
Post-threshold ridge,1,2006 Q1,2006 Q2,1986 Q1,2005 Q4,0.25841857488995146,1.1435159973016624,-0.885097422411711,0.7833974471598547,0.885097422411711,17,2.008506230314024,2006 Q1,2006 Q2,2006-01-01,2006-04-01,0.6344324327417866,0.1489650144180681,0.8026369394620504
Post-threshold ridge,1,2006 Q2,2006 Q3,1986 Q2,2006 Q1,0.14984360400802643,0.6515741857616015,-0.5017305817535751,0.2517335766667809,0.5017305817535751,13,1.994447804224933,2006 Q2,2006 Q3,2006-04-01,2006-07-01,0.5483182014025342,-0.29658462473575326,0.5060523147262971
Post-threshold ridge,1,2006 Q3,2006 Q4,1986 Q3,2006 Q2,0.8557775565416037,0.509305657115558,0.3464718994260457,0.12004277709189194,0.3464718994260457,16,2.0414498580897726,2006 Q3,2006 Q4,2006-07-01,2006-10-01,0.11961920736403112,4.235697278608258e-4,0.5064758844541579
Post-threshold ridge,1,2006 Q4,2007 Q1,1986 Q4,2006 Q3,0.3003840617131104,0.7279456141286123,-0.42756155241550187,0.18280888110395396,0.42756155241550187,15,1.9882187553958168,2006 Q4,2007 Q1,2006-10-01,2007-01-01,0.2167264115983789,-0.03391753049442495,0.472558353959733
Post-threshold ridge,1,2007 Q1,2007 Q2,1987 Q1,2006 Q4,0.6098982914680917,0.6630464074481575,-0.05314811598006575,0.00282472223223052,0.05314811598006575,16,1.9482583395069208,2007 Q1,2007 Q2,2007-01-01,2007-04-01,0.00275419112676799,7.053110546253018e-5,0.4726288850651955
Post-threshold ridge,1,2007 Q2,2007 Q3,1987 Q2,2007 Q1,0.5743731109307149,0.4691017794137342,0.10527133151698063,0.01108205323935804,0.10527133151698063,15,1.9415949478829624,2007 Q2,2007 Q3,2007-04-01,2007-07-01,9.266112481082908e-5,0.01098939211454721,0.48361827717974276
Post-threshold ridge,1,2007 Q3,2007 Q4,1987 Q3,2007 Q2,0.6262715512194816,0.4527944980745125,0.17347705314496914,0.03009428796786244,0.17347705314496914,15,1.942432765013015,2007 Q3,2007 Q4,2007-07-01,2007-10-01,8.248969525287806e-5,0.030011798272609563,0.5136300754523523
Post-threshold ridge,1,2007 Q4,2008 Q1,1987 Q4,2007 Q3,-0.42767755900321447,0.29672061365970676,-0.7243981726629212,0.5247527125573793,0.7243981726629212,15,5.863128934767591,2007 Q4,2008 Q1,2007-10-01,2008-01-01,1.1087684685498955,-0.5840157559925162,-0.0703856805401639
Post-threshold ridge,1,2008 Q1,2008 Q2,1988 Q1,2007 Q4,0.5936625931315831,-0.12887481894440567,0.7225374120759888,0.5220603118494672,0.7225374120759888,14,1.983850935607614,2008 Q1,2008 Q2,2008-01-01,2008-04-01,0.09110912331670594,0.43095118853276126,0.36056550799259734
Post-threshold ridge,1,2008 Q2,2008 Q3,1988 Q2,2008 Q1,-0.5266423802783748,1.043494672457495,-1.5701370527358698,2.4653303643740836,1.5701370527358698,15,1.9489748437592505,2008 Q2,2008 Q3,2008-04-01,2008-07-01,1.3906591226459306,1.074671241728153,1.4352367497207503
Post-threshold ridge,1,2008 Q3,2008 Q4,1988 Q3,2008 Q2,-2.2133412739485436,-0.1018170011690188,-2.111524272779525,4.4585347545371015,2.111524272779525,14,1.943446156038607,2008 Q3,2008 Q4,2008-07-01,2008-10-01,6.515500209282223,-2.0569654547451215,-0.6217287050243712
Post-threshold ridge,1,2008 Q4,2009 Q1,1988 Q4,2008 Q3,-1.1413631359902254,-4.989519699946473,3.8481565639562474,14.808308940719552,3.8481565639562474,21,2.02262369736801,2008 Q4,2009 Q1,2008-10-01,2009-01-01,0.8061338086757067,14.002175132043845,13.380446427019475
Post-threshold ridge,1,2009 Q1,2009 Q2,1989 Q1,2008 Q4,-0.178810721762801,-2.2454672964418676,2.0666565746790666,4.2710693976642125,2.0666565746790666,17,2.1289866230495935,2009 Q1,2009 Q2,2009-01-01,2009-04-01,1.8256313461775848,2.4454380514866276,15.825884478506103
Post-threshold ridge,1,2009 Q2,2009 Q3,1989 Q2,2009 Q1,0.3505771547139602,-0.6372141002664955,0.9877912549804556,0.9757315634158636,0.9877912549804556,17,2.2975116077523894,2009 Q2,2009 Q3,2009-04-01,2009-07-01,0.9999651626576904,-0.024233599241826775,15.801650879264276
Post-threshold ridge,1,2009 Q3,2009 Q4,1989 Q3,2009 Q2,1.0751135379244658,-0.41969204936047194,1.4948055872849375,2.2344437437782676,1.4948055872849375,18,3.031184926139414,2009 Q3,2009 Q4,2009-07-01,2009-10-01,0.9196532832866808,1.3147904604915868,17.116441339755863
Post-threshold ridge,1,2009 Q4,2010 Q1,1989 Q4,2009 Q3,0.483331022067901,1.1055567172342886,-0.6222256951663876,0.3871648157252943,0.6222256951663876,16,3.371136161935085,2009 Q4,2010 Q1,2009-10-01,2010-01-01,0.11525728116356691,0.2719075345617274,17.38834887431759
Post-threshold ridge,1,2010 Q1,2010 Q2,1990 Q1,2009 Q4,0.9629349822608546,1.25595325123179,-0.2930182689709355,0.08585970595072352,0.2930182689709355,19,3.659172967077911,2010 Q1,2010 Q2,2010-01-01,2010-04-01,0.06837269994289381,0.01748700600782971,17.40583588032542
Post-threshold ridge,1,2010 Q2,2010 Q3,1990 Q2,2010 Q1,0.7681272705003295,1.1954784837214314,-0.4273512132211019,0.18262905944154773,0.4273512132211019,18,3.212117035108939,2010 Q2,2010 Q3,2010-04-01,2010-07-01,1.0413356954573508e-4,0.182524925872002,17.58836080619742
Post-threshold ridge,1,2010 Q3,2010 Q4,1990 Q3,2010 Q2,0.523736364445071,0.10809818013672189,0.4156381843083491,0.17275510025514118,0.4156381843083491,17,2.120351016927198,2010 Q3,2010 Q4,2010-07-01,2010-10-01,0.01914589012218131,0.15360921013295986,17.74197001633038
Post-threshold ridge,1,2010 Q4,2011 Q1,1990 Q4,2010 Q3,-0.23748667360496967,1.1882129855015129,-1.4256996591064823,2.03261951797634,1.4256996591064823,17,1.9199296256890337,2010 Q4,2011 Q1,2010-10-01,2011-01-01,0.6436374085868849,1.3889821093894552,19.130952125719837
Post-threshold ridge,1,2011 Q1,2011 Q2,1991 Q1,2010 Q4,0.6743037468666557,1.0759693763127849,-0.40166562944612894,0.16133527787835497,0.40166562944612894,16,1.948499468799812,2011 Q1,2011 Q2,2011-01-01,2011-04-01,0.22113574906690375,-0.05980047118854878,19.07115165453129
Post-threshold ridge,1,2011 Q2,2011 Q3,1991 Q2,2011 Q1,-0.0223152255784953,0.8412769285029065,-0.8635921540814018,0.7457914085909556,0.8635921540814018,15,2.0038463407175393,2011 Q2,2011 Q3,2011-04-01,2011-07-01,0.5483141650010498,0.19747724358990582,19.268628898121193
Post-threshold ridge,1,2011 Q3,2011 Q4,1991 Q3,2011 Q2,1.1167896811464573,1.2455236445156026,-0.12873396336914533,0.01657243332472845,0.12873396336914533,16,4.556065017661554,2011 Q3,2011 Q4,2011-07-01,2011-10-01,0.30253225372506554,-0.2859598204003371,18.982669077720857
Post-threshold ridge,1,2011 Q4,2012 Q1,1991 Q4,2011 Q3,0.8350941818790147,0.7501132540156229,0.08498092786339184,0.007221758100523,0.08498092786339184,18,12.701558578180109,2011 Q4,2012 Q1,2011-10-01,2012-01-01,2.784295819462502e-5,0.007193915142328374,18.989862992863184
Post-threshold ridge,1,2012 Q1,2012 Q2,1992 Q1,2011 Q4,0.4453416266322563,0.7864531237435047,-0.34111149711124844,0.11635705346147723,0.34111149711124844,16,2.2124903769628648,2012 Q1,2012 Q2,2012-01-01,2012-04-01,0.05719949032628204,0.05915756313519519,19.04902055599838
Post-threshold ridge,1,2012 Q2,2012 Q3,1992 Q2,2012 Q1,0.14392437648620415,0.5910531905405585,-0.44712881405435434,0.1999241763576534,0.44712881405435434,16,2.2140782786243673,2012 Q2,2012 Q3,2012-04-01,2012-07-01,0.08785704488064057,0.11206713147701282,19.161087687475394
Post-threshold ridge,1,2012 Q3,2012 Q4,1992 Q3,2012 Q2,0.11557374157504796,0.555316073994204,-0.43974233241915606,0.19337331892143955,0.43974233241915606,17,2.2130614941931475,2012 Q3,2012 Q4,2012-07-01,2012-10-01,0.09401124405296764,0.09936207486847191,19.260449762343864
Post-threshold ridge,1,2012 Q4,2013 Q1,1992 Q4,2012 Q3,0.9817259265515688,0.994130795631206,-0.01240486907963733,1.5388077688294248e-4,0.01240486907963733,15,5.573187701637543,2012 Q4,2013 Q1,2012-10-01,2013-01-01,0.20778737269289163,-0.2076334919160087,19.052816270427854
Post-threshold ridge,1,2013 Q1,2013 Q2,1993 Q1,2012 Q4,0.26727882651371715,-0.04987332107315658,0.3171521475868737,0.10058548471896613,0.3171521475868737,17,2.333501087600669,2013 Q1,2013 Q2,2013-01-01,2013-04-01,0.03090845844340353,0.0696770262755626,19.122493296703418
Post-threshold ridge,1,2013 Q2,2013 Q3,1993 Q2,2013 Q1,0.8477896552497199,0.8305420675339235,0.01724758771579648,2.9747928201409384e-4,0.01724758771579648,16,2.317764117889923,2013 Q2,2013 Q3,2013-04-01,2013-07-01,0.05517680541854252,-0.05487932613652843,19.06761397056689
Post-threshold ridge,1,2013 Q3,2013 Q4,1993 Q3,2013 Q2,0.8679640238263175,0.7264677431681973,0.14149628065812023,0.02002119744008153,0.14149628065812023,16,2.3152313073928052,2013 Q3,2013 Q4,2013-07-01,2013-10-01,0.08283300846693481,-0.06281181102685328,19.004802159540038
Post-threshold ridge,1,2013 Q4,2014 Q1,1993 Q4,2013 Q3,-0.34569281496601434,0.6036270370124929,-0.9493198519785072,0.9012081813604949,0.9493198519785072,16,2.3755653159523784,2013 Q4,2014 Q1,2013-10-01,2014-01-01,0.7358625825932555,0.1653455987672393,19.170147758307277
Post-threshold ridge,1,2014 Q1,2014 Q2,1994 Q1,2013 Q4,1.283569022914932,1.2542679123872549,0.02930111052767703,8.585550781551458e-4,0.02930111052767703,18,2.4144329362702117,2014 Q1,2014 Q2,2014-01-01,2014-04-01,0.3866418743919271,-0.38578331931377197,18.784364438993503
Post-threshold ridge,1,2014 Q2,2014 Q3,1994 Q2,2014 Q1,1.2080648325781596,0.6220298196492976,0.586035012928862,0.3434370363785314,0.586035012928862,17,2.6624081456256,2014 Q2,2014 Q3,2014-04-01,2014-07-01,0.2816905417081888,0.0617464946703426,18.846110933663848
Post-threshold ridge,1,2014 Q3,2014 Q4,1994 Q3,2014 Q2,0.5044586015433339,0.34572488128823714,0.15873372025509674,0.02519639394602331,0.15873372025509674,17,2.63655890162044,2014 Q3,2014 Q4,2014-07-01,2014-10-01,0.00449736374121739,0.02069903020480592,18.866809963868654
Post-threshold ridge,1,2014 Q4,2015 Q1,1994 Q4,2014 Q3,0.8964547876924911,0.6257001605319388,0.2707546271605523,0.0733080681288497,0.2707546271605523,18,2.641493142816885,2014 Q4,2015 Q1,2014-10-01,2015-01-01,0.16878505164887783,-0.09547698352002813,18.771332980348625
Post-threshold ridge,1,2015 Q1,2015 Q2,1995 Q1,2014 Q4,0.6174946582536478,0.5827392218299176,0.03475543642373024,0.00120794036100395,0.03475543642373024,16,2.686643904534628,2015 Q1,2015 Q2,2015-01-01,2015-04-01,0.01950304426770897,-0.01829510390670502,18.75303787644192
Post-threshold ridge,1,2015 Q2,2015 Q3,1995 Q2,2015 Q1,0.3994462115690211,0.165876986724229,0.23356922484479212,0.05455458279459705,0.23356922484479212,18,2.666913869770274,2015 Q2,2015 Q3,2015-04-01,2015-07-01,3.206239560097467e-4,0.0542339588385873,18.807271835280506
Post-threshold ridge,1,2015 Q3,2015 Q4,1995 Q3,2015 Q2,0.18430917271050615,0.2714636466363452,-0.08715447392583905,0.00759590232528975,0.08715447392583905,18,2.6516516945358335,2015 Q3,2015 Q4,2015-07-01,2015-10-01,0.05793496366583669,-0.05033906134054694,18.75693277393996
Post-threshold ridge,1,2015 Q4,2016 Q1,1995 Q4,2015 Q3,0.5778466518471248,1.130260770012983,-0.5524141181658582,0.3051613579489627,0.5524141181658582,18,2.726395011619106,2015 Q4,2016 Q1,2015-10-01,2016-01-01,2.389158194959173e-4,0.3049224421294668,19.061855216069425
Post-threshold ridge,1,2016 Q1,2016 Q2,1996 Q1,2015 Q4,0.32060956626729364,0.2974086846402436,0.02320088162705003,5.382809082723877e-4,0.02320088162705003,17,2.660941981636553,2016 Q1,2016 Q2,2016-01-01,2016-04-01,0.06073497168000197,-0.06019669077172958,19.001658525297696
Post-threshold ridge,1,2016 Q2,2016 Q3,1996 Q2,2016 Q1,0.7068859191104337,0.579843332235807,0.12704258687462677,0.01613981887979709,0.12704258687462677,16,2.502910354510586,2016 Q2,2016 Q3,2016-04-01,2016-07-01,0.00681300424428651,0.00932681463551058,19.010985339933207
Post-threshold ridge,1,2016 Q3,2016 Q4,1996 Q3,2016 Q2,0.5527685286210726,0.7812165200281921,-0.22844799140711947,0.05218848477794733,0.22844799140711947,16,2.496835635693363,2016 Q3,2016 Q4,2016-07-01,2016-10-01,0.01766000563484334,0.03452847914310399,19.045513819076312
Post-threshold ridge,1,2016 Q4,2017 Q1,1996 Q4,2016 Q3,0.48570873310360696,0.6739342181563642,-0.18822548505275727,0.03542883322334575,0.18822548505275727,17,2.490116204088401,2016 Q4,2017 Q1,2016-10-01,2017-01-01,0.0072450981058855,0.02818373511746025,19.07369755419377
Post-threshold ridge,1,2017 Q1,2017 Q2,1997 Q1,2016 Q4,0.5583111012978037,0.586655140626937,-0.02834403932913332,8.033845654914564e-4,0.02834403932913332,17,2.523046941297974,2017 Q1,2017 Q2,2017-01-01,2017-04-01,9.453041836464414e-4,-1.41919618154985e-4,19.073555634575616
Post-threshold ridge,1,2017 Q2,2017 Q3,1997 Q2,2017 Q1,0.785431525684821,0.604920305234136,0.18051122045068504,0.0325843007085958,0.18051122045068504,15,2.331158794559885,2017 Q2,2017 Q3,2017-04-01,2017-07-01,0.01504860632069269,0.017535694387903106,19.09109132896352
Post-threshold ridge,1,2017 Q3,2017 Q4,1997 Q3,2017 Q2,1.1207427769393874,0.3057788600909151,0.8149639168484724,0.6641661857650037,0.8149639168484724,16,2.3415432458478667,2017 Q3,2017 Q4,2017-07-01,2017-10-01,0.37668580921871214,0.2874803765462916,19.37857170550981
Post-threshold ridge,1,2017 Q4,2018 Q1,1997 Q4,2017 Q3,0.8101194549169577,1.0921506235750718,-0.28203116865811406,0.07954158009466158,0.28203116865811406,16,2.3040958797549367,2017 Q4,2018 Q1,2017-10-01,2018-01-01,0.0029890630054333,0.07655251708922828,19.45512422259904
Post-threshold ridge,1,2018 Q1,2018 Q2,1998 Q1,2017 Q4,0.5294212303768475,0.636562782459376,-0.10714155208252853,0.01147931218265317,0.10714155208252853,17,2.291232993843508,2018 Q1,2018 Q2,2018-01-01,2018-04-01,0.00460965790934936,0.00686965427330381,19.461993876872345
Post-threshold ridge,1,2018 Q2,2018 Q3,1998 Q2,2018 Q1,0.621760482522582,0.4424496922834163,0.17931079023916563,0.03215235949619405,0.17931079023916563,17,2.27781119767609,2018 Q2,2018 Q3,2018-04-01,2018-07-01,8.501439058101168e-5,0.032067345105613036,19.494061221977958
Post-threshold ridge,1,2018 Q3,2018 Q4,1998 Q3,2018 Q2,0.14154399831838305,1.0261824031275018,-0.8846384048091187,0.7825851072632222,0.8846384048091187,14,2.3178978226688174,2018 Q3,2018 Q4,2018-07-01,2018-10-01,0.19391764919335716,0.588667458069865,20.082728680047822
Post-threshold ridge,1,2018 Q4,2019 Q1,1998 Q4,2018 Q3,0.6223772907267389,0.1849103877484622,0.4374669029782767,0.19137729120140493,0.4374669029782767,15,2.3800640090539114,2018 Q4,2019 Q1,2018-10-01,2019-01-01,0.13062632460168394,0.060750966599720985,20.143479646647542
Post-threshold ridge,1,2019 Q1,2019 Q2,1999 Q1,2018 Q4,0.8316777932895647,0.4991972746395014,0.3324805186500633,0.11054329528181508,0.3324805186500633,15,2.3951047205723524,2019 Q1,2019 Q2,2019-01-01,2019-04-01,0.16822438613442128,-0.0576810908526062,20.085798555794938
Post-threshold ridge,1,2019 Q2,2019 Q3,1999 Q2,2019 Q1,1.1632102580909631,0.5739738766048583,0.5892363814861048,0.3471995132668384,0.5892363814861048,15,2.39593220754414,2019 Q2,2019 Q3,2019-04-01,2019-07-01,0.4169316105158421,-0.0697320972490037,20.016066458545932
Post-threshold ridge,1,2019 Q3,2019 Q4,1999 Q3,2019 Q2,0.6795635968053659,0.8996573994759184,-0.22009380267055245,0.04844128197398408,0.22009380267055245,15,2.4128144122838124,2019 Q3,2019 Q4,2019-07-01,2019-10-01,0.00141190353626699,0.04702937843771709,20.06309583698365
Ridge,1,2005 Q2,2005 Q3,1985 Q2,2005 Q1,0.7807581701131383,0.8496339859338295,-0.06887581582069124,0.00474387800496578,0.06887581582069124,NA,1.9839098255638432,2005 Q2,2005 Q3,2005-04-01,2005-07-01,0.00474387800496578,0,0
Ridge,1,2005 Q3,2005 Q4,1985 Q3,2005 Q2,0.5539792372076136,0.7155141111862405,-0.16153487397862698,0.0260935155112909,0.16153487397862698,NA,1.994334408258,2005 Q3,2005 Q4,2005-07-01,2005-10-01,0.0260935155112909,0,0
Ridge,1,2005 Q4,2006 Q1,1985 Q4,2005 Q3,1.3364138447713003,0.720688578805002,0.6157252659662983,0.37911760314926873,0.6157252659662983,NA,1.9802257598932855,2005 Q4,2006 Q1,2005-10-01,2006-01-01,0.37911760314926873,0,0
Ridge,1,2006 Q1,2006 Q2,1986 Q1,2005 Q4,0.25841857488995146,1.0549312444324934,-0.796512669542542,0.6344324327417866,0.796512669542542,NA,2.008506230314024,2006 Q1,2006 Q2,2006-01-01,2006-04-01,0.6344324327417866,0,0
Ridge,1,2006 Q2,2006 Q3,1986 Q2,2006 Q1,0.14984360400802643,0.8903287162165935,-0.740485112208567,0.5483182014025342,0.740485112208567,NA,1.994447804224933,2006 Q2,2006 Q3,2006-04-01,2006-07-01,0.5483182014025342,0,0
Ridge,1,2006 Q3,2006 Q4,1986 Q3,2006 Q2,0.8557775565416037,0.5099174585770783,0.34586009796452544,0.11961920736403112,0.34586009796452544,NA,2.0414498580897726,2006 Q3,2006 Q4,2006-07-01,2006-10-01,0.11961920736403112,0,0
Ridge,1,2006 Q4,2007 Q1,1986 Q4,2006 Q3,0.3003840617131104,0.7659229017666326,-0.4655388400535222,0.2167264115983789,0.4655388400535222,NA,1.9882187553958168,2006 Q4,2007 Q1,2006-10-01,2007-01-01,0.2167264115983789,0,0
Ridge,1,2007 Q1,2007 Q2,1987 Q1,2006 Q4,0.6098982914680917,0.5574179034477275,0.05248038802036425,0.00275419112676799,0.05248038802036425,NA,1.9482583395069208,2007 Q1,2007 Q2,2007-01-01,2007-04-01,0.00275419112676799,0,0
Ridge,1,2007 Q2,2007 Q3,1987 Q2,2007 Q1,0.5743731109307149,0.5839991757970467,-0.00962606486633188,9.266112481082908e-5,0.00962606486633188,NA,1.9415949478829624,2007 Q2,2007 Q3,2007-04-01,2007-07-01,9.266112481082908e-5,0,0
Ridge,1,2007 Q3,2007 Q4,1987 Q3,2007 Q2,0.6262715512194816,0.6353539350064,-0.00908238378691839,8.248969525287806e-5,0.00908238378691839,NA,1.942432765013015,2007 Q3,2007 Q4,2007-07-01,2007-10-01,8.248969525287806e-5,0,0
Ridge,1,2007 Q4,2008 Q1,1987 Q4,2007 Q3,-0.42767755900321447,0.6253031951181016,-1.052980754121316,1.1087684685498955,1.052980754121316,NA,5.863128934767591,2007 Q4,2008 Q1,2007-10-01,2008-01-01,1.1087684685498955,0,0
Ridge,1,2008 Q1,2008 Q2,1988 Q1,2007 Q4,0.5936625931315831,0.29181971460584094,0.30184287852574215,0.09110912331670594,0.30184287852574215,NA,1.983850935607614,2008 Q1,2008 Q2,2008-01-01,2008-04-01,0.09110912331670594,0,0
Ridge,1,2008 Q2,2008 Q3,1988 Q2,2008 Q1,-0.5266423802783748,0.652619729112888,-1.1792621093912627,1.3906591226459306,1.1792621093912627,NA,1.9489748437592505,2008 Q2,2008 Q3,2008-04-01,2008-07-01,1.3906591226459306,0,0
Ridge,1,2008 Q3,2008 Q4,1988 Q3,2008 Q2,-2.2133412739485436,0.33920651390621515,-2.552547787854759,6.515500209282223,2.552547787854759,NA,1.943446156038607,2008 Q3,2008 Q4,2008-07-01,2008-10-01,6.515500209282223,0,0
Ridge,1,2008 Q4,2009 Q1,1988 Q4,2008 Q3,-1.1413631359902254,-2.039212682782842,0.8978495467926164,0.8061338086757067,0.8978495467926164,NA,2.02262369736801,2008 Q4,2009 Q1,2008-10-01,2009-01-01,0.8061338086757067,0,0
Ridge,1,2009 Q1,2009 Q2,1989 Q1,2008 Q4,-0.178810721762801,-1.5299699818715362,1.3511592601087352,1.8256313461775848,1.3511592601087352,NA,2.1289866230495935,2009 Q1,2009 Q2,2009-01-01,2009-04-01,1.8256313461775848,0,0
Ridge,1,2009 Q2,2009 Q3,1989 Q2,2009 Q1,0.3505771547139602,-0.6494054264631773,0.9999825811771376,0.9999651626576904,0.9999825811771376,NA,2.2975116077523894,2009 Q2,2009 Q3,2009-04-01,2009-07-01,0.9999651626576904,0,0
Ridge,1,2009 Q3,2009 Q4,1989 Q3,2009 Q2,1.0751135379244658,0.11612798887449154,0.9589855490499744,0.9196532832866808,0.9589855490499744,NA,3.031184926139414,2009 Q3,2009 Q4,2009-07-01,2009-10-01,0.9196532832866808,0,0
Ridge,1,2009 Q4,2010 Q1,1989 Q4,2009 Q3,0.483331022067901,0.8228266496738643,-0.3394956276059633,0.11525728116356691,0.3394956276059633,NA,3.371136161935085,2009 Q4,2010 Q1,2009-10-01,2010-01-01,0.11525728116356691,0,0
Ridge,1,2010 Q1,2010 Q2,1990 Q1,2009 Q4,0.9629349822608546,0.7014532430458689,0.26148173921498574,0.06837269994289381,0.26148173921498574,NA,3.659172967077911,2010 Q1,2010 Q2,2010-01-01,2010-04-01,0.06837269994289381,0,0
Ridge,1,2010 Q2,2010 Q3,1990 Q2,2010 Q1,0.7681272705003295,0.7783318562119463,-0.01020458571161686,1.0413356954573508e-4,0.01020458571161686,NA,3.212117035108939,2010 Q2,2010 Q3,2010-04-01,2010-07-01,1.0413356954573508e-4,0,0
Ridge,1,2010 Q3,2010 Q4,1990 Q3,2010 Q2,0.523736364445071,0.6621050390870625,-0.13836867464199154,0.01914589012218131,0.13836867464199154,NA,2.120351016927198,2010 Q3,2010 Q4,2010-07-01,2010-10-01,0.01914589012218131,0,0
Ridge,1,2010 Q4,2011 Q1,1990 Q4,2010 Q3,-0.23748667360496967,0.5647834857471559,-0.8022701593521255,0.6436374085868849,0.8022701593521255,NA,1.9199296256890337,2010 Q4,2011 Q1,2010-10-01,2011-01-01,0.6436374085868849,0,0
Ridge,1,2011 Q1,2011 Q2,1991 Q1,2010 Q4,0.6743037468666557,0.2040530168651982,0.4702507300014576,0.22113574906690375,0.4702507300014576,NA,1.948499468799812,2011 Q1,2011 Q2,2011-01-01,2011-04-01,0.22113574906690375,0,0
Ridge,1,2011 Q2,2011 Q3,1991 Q2,2011 Q1,-0.0223152255784953,0.7181671611134839,-0.7404823866919792,0.5483141650010498,0.7404823866919792,NA,2.0038463407175393,2011 Q2,2011 Q3,2011-04-01,2011-07-01,0.5483141650010498,0,0
Ridge,1,2011 Q3,2011 Q4,1991 Q3,2011 Q2,1.1167896811464573,0.5667603603597691,0.5500293207866882,0.30253225372506554,0.5500293207866882,NA,4.556065017661554,2011 Q3,2011 Q4,2011-07-01,2011-10-01,0.30253225372506554,0,0
Ridge,1,2011 Q4,2012 Q1,1991 Q4,2011 Q3,0.8350941818790147,0.8298175391779571,0.00527664270105765,2.784295819462502e-5,0.00527664270105765,NA,12.701558578180109,2011 Q4,2012 Q1,2011-10-01,2012-01-01,2.784295819462502e-5,0,0
Ridge,1,2012 Q1,2012 Q2,1992 Q1,2011 Q4,0.4453416266322563,0.6845057759654748,-0.2391641493332185,0.05719949032628204,0.2391641493332185,NA,2.2124903769628648,2012 Q1,2012 Q2,2012-01-01,2012-04-01,0.05719949032628204,0,0
Ridge,1,2012 Q2,2012 Q3,1992 Q2,2012 Q1,0.14392437648620415,0.44033126723039817,-0.296406890744194,0.08785704488064057,0.296406890744194,NA,2.2140782786243673,2012 Q2,2012 Q3,2012-04-01,2012-07-01,0.08785704488064057,0,0
Ridge,1,2012 Q3,2012 Q4,1992 Q3,2012 Q2,0.11557374157504796,0.42218627239035506,-0.3066125308153071,0.09401124405296764,0.3066125308153071,NA,2.2130614941931475,2012 Q3,2012 Q4,2012-07-01,2012-10-01,0.09401124405296764,0,0
Ridge,1,2012 Q4,2013 Q1,1992 Q4,2012 Q3,0.9817259265515688,0.5258889242219075,0.4558370023296613,0.20778737269289163,0.4558370023296613,NA,5.573187701637543,2012 Q4,2013 Q1,2012-10-01,2013-01-01,0.20778737269289163,0,0
Ridge,1,2013 Q1,2013 Q2,1993 Q1,2012 Q4,0.26727882651371715,0.44308684238160506,-0.1758080158678879,0.03090845844340353,0.1758080158678879,NA,2.333501087600669,2013 Q1,2013 Q2,2013-01-01,2013-04-01,0.03090845844340353,0,0
Ridge,1,2013 Q2,2013 Q3,1993 Q2,2013 Q1,0.8477896552497199,0.6128922192940618,0.23489743595565815,0.05517680541854252,0.23489743595565815,NA,2.317764117889923,2013 Q2,2013 Q3,2013-04-01,2013-07-01,0.05517680541854252,0,0
Ridge,1,2013 Q3,2013 Q4,1993 Q3,2013 Q2,0.8679640238263175,0.580156781966536,0.28780724185978157,0.08283300846693481,0.28780724185978157,NA,2.3152313073928052,2013 Q3,2013 Q4,2013-07-01,2013-10-01,0.08283300846693481,0,0
Ridge,1,2013 Q4,2014 Q1,1993 Q4,2013 Q3,-0.34569281496601434,0.5121315158810744,-0.8578243308470888,0.7358625825932555,0.8578243308470888,NA,2.3755653159523784,2013 Q4,2014 Q1,2013-10-01,2014-01-01,0.7358625825932555,0,0
Ridge,1,2014 Q1,2014 Q2,1994 Q1,2013 Q4,1.283569022914932,0.6617636881099569,0.621805334804975,0.3866418743919271,0.621805334804975,NA,2.4144329362702117,2014 Q1,2014 Q2,2014-01-01,2014-04-01,0.3866418743919271,0,0
Ridge,1,2014 Q2,2014 Q3,1994 Q2,2014 Q1,1.2080648325781596,0.6773195625020252,0.5307452700761344,0.2816905417081888,0.5307452700761344,NA,2.6624081456256,2014 Q2,2014 Q3,2014-04-01,2014-07-01,0.2816905417081888,0,0
Ridge,1,2014 Q3,2014 Q4,1994 Q3,2014 Q2,0.5044586015433339,0.5715209884768259,-0.06706238693349198,0.00449736374121739,0.06706238693349198,NA,2.63655890162044,2014 Q3,2014 Q4,2014-07-01,2014-10-01,0.00449736374121739,0,0
Ridge,1,2014 Q4,2015 Q1,1994 Q4,2014 Q3,0.8964547876924911,0.4856202082704592,0.4108345794220319,0.16878505164887783,0.4108345794220319,NA,2.641493142816885,2014 Q4,2015 Q1,2014-10-01,2015-01-01,0.16878505164887783,0,0
Ridge,1,2015 Q1,2015 Q2,1995 Q1,2014 Q4,0.6174946582536478,0.7571479584928794,-0.1396533002392316,0.01950304426770897,0.1396533002392316,NA,2.686643904534628,2015 Q1,2015 Q2,2015-01-01,2015-04-01,0.01950304426770897,0,0
Ridge,1,2015 Q2,2015 Q3,1995 Q2,2015 Q1,0.3994462115690211,0.4173521869965075,-0.01790597542748639,3.206239560097467e-4,0.01790597542748639,NA,2.666913869770274,2015 Q2,2015 Q3,2015-04-01,2015-07-01,3.206239560097467e-4,0,0
Ridge,1,2015 Q3,2015 Q4,1995 Q3,2015 Q2,0.18430917271050615,0.4250060020744109,-0.24069682936390477,0.05793496366583669,0.24069682936390477,NA,2.6516516945358335,2015 Q3,2015 Q4,2015-07-01,2015-10-01,0.05793496366583669,0,0
Ridge,1,2015 Q4,2016 Q1,1995 Q4,2015 Q3,0.5778466518471248,0.5933035538490111,-0.01545690200188631,2.389158194959173e-4,0.01545690200188631,NA,2.726395011619106,2015 Q4,2016 Q1,2015-10-01,2016-01-01,2.389158194959173e-4,0,0
Ridge,1,2016 Q1,2016 Q2,1996 Q1,2015 Q4,0.32060956626729364,0.5670542287779716,-0.246444662510678,0.06073497168000197,0.246444662510678,NA,2.660941981636553,2016 Q1,2016 Q2,2016-01-01,2016-04-01,0.06073497168000197,0,0
Ridge,1,2016 Q2,2016 Q3,1996 Q2,2016 Q1,0.7068859191104337,0.6243449944470493,0.08254092466338447,0.00681300424428651,0.08254092466338447,NA,2.502910354510586,2016 Q2,2016 Q3,2016-04-01,2016-07-01,0.00681300424428651,0,0
Ridge,1,2016 Q3,2016 Q4,1996 Q3,2016 Q2,0.5527685286210726,0.6856594825451202,-0.1328909539240476,0.01766000563484334,0.1328909539240476,NA,2.496835635693363,2016 Q3,2016 Q4,2016-07-01,2016-10-01,0.01766000563484334,0,0
Ridge,1,2016 Q4,2017 Q1,1996 Q4,2016 Q3,0.48570873310360696,0.570826875152676,-0.08511814204906909,0.0072450981058855,0.08511814204906909,NA,2.490116204088401,2016 Q4,2017 Q1,2016-10-01,2017-01-01,0.0072450981058855,0,0
Ridge,1,2017 Q1,2017 Q2,1997 Q1,2016 Q4,0.5583111012978037,0.52756530185062,0.03074579944718369,9.453041836464414e-4,0.03074579944718369,NA,2.523046941297974,2017 Q1,2017 Q2,2017-01-01,2017-04-01,9.453041836464414e-4,0,0
Ridge,1,2017 Q2,2017 Q3,1997 Q2,2017 Q1,0.785431525684821,0.662758764565277,0.12267276111954396,0.01504860632069269,0.12267276111954396,NA,2.331158794559885,2017 Q2,2017 Q3,2017-04-01,2017-07-01,0.01504860632069269,0,0
Ridge,1,2017 Q3,2017 Q4,1997 Q3,2017 Q2,1.1207427769393874,0.5069954272760979,0.6137473496632895,0.37668580921871214,0.6137473496632895,NA,2.3415432458478667,2017 Q3,2017 Q4,2017-07-01,2017-10-01,0.37668580921871214,0,0
Ridge,1,2017 Q4,2018 Q1,1997 Q4,2017 Q3,0.8101194549169577,0.8647917788609177,-0.05467232394396004,0.0029890630054333,0.05467232394396004,NA,2.3040958797549367,2017 Q4,2018 Q1,2017-10-01,2018-01-01,0.0029890630054333,0,0
Ridge,1,2018 Q1,2018 Q2,1998 Q1,2017 Q4,0.5294212303768475,0.5973156919282094,-0.06789446155136192,0.00460965790934936,0.06789446155136192,NA,2.291232993843508,2018 Q1,2018 Q2,2018-01-01,2018-04-01,0.00460965790934936,0,0
Ridge,1,2018 Q2,2018 Q3,1998 Q2,2018 Q1,0.621760482522582,0.6309808073856772,-0.0092203248630952,8.501439058101168e-5,0.0092203248630952,NA,2.27781119767609,2018 Q2,2018 Q3,2018-04-01,2018-07-01,8.501439058101168e-5,0,0
Ridge,1,2018 Q3,2018 Q4,1998 Q3,2018 Q2,0.14154399831838305,0.5819048153688526,-0.4403608170504696,0.19391764919335716,0.4403608170504696,NA,2.3178978226688174,2018 Q3,2018 Q4,2018-07-01,2018-10-01,0.19391764919335716,0,0
Ridge,1,2018 Q4,2019 Q1,1998 Q4,2018 Q3,0.6223772907267389,0.26095465086907316,0.3614226398576657,0.13062632460168394,0.3614226398576657,NA,2.3800640090539114,2018 Q4,2019 Q1,2018-10-01,2019-01-01,0.13062632460168394,0,0
Ridge,1,2019 Q1,2019 Q2,1999 Q1,2018 Q4,0.8316777932895647,0.4215261309323078,0.4101516623572569,0.16822438613442128,0.4101516623572569,NA,2.3951047205723524,2019 Q1,2019 Q2,2019-01-01,2019-04-01,0.16822438613442128,0,0
Ridge,1,2019 Q2,2019 Q3,1999 Q2,2019 Q1,1.1632102580909631,0.5175078417133859,0.6457024163775772,0.4169316105158421,0.6457024163775772,NA,2.39593220754414,2019 Q2,2019 Q3,2019-04-01,2019-07-01,0.4169316105158421,0,0
Ridge,1,2019 Q3,2019 Q4,1999 Q3,2019 Q2,0.6795635968053659,0.6419882919327904,0.03757530487257554,0.00141190353626699,0.03757530487257554,NA,2.4128144122838124,2019 Q3,2019 Q4,2019-07-01,2019-10-01,0.00141190353626699,0,0
OCMT,1,2005 Q2,2005 Q3,1985 Q2,2005 Q1,0.7807581701131383,0.9598834966236688,-0.17912532651053037,0.03208588259750411,0.17912532651053037,2,NA,2005 Q2,2005 Q3,2005-04-01,2005-07-01,0.00474387800496578,0.02734200459253833,0.02734200459253833
OCMT,1,2005 Q3,2005 Q4,1985 Q3,2005 Q2,0.5539792372076136,0.7229059937415809,-0.16892675653396738,0.02853624907308629,0.16892675653396738,2,NA,2005 Q3,2005 Q4,2005-07-01,2005-10-01,0.0260935155112909,0.0024427335617953905,0.02978473815433372
OCMT,1,2005 Q4,2006 Q1,1985 Q4,2005 Q3,1.3364138447713003,0.9869929624177995,0.3494208823535008,0.12209495302469904,0.3494208823535008,2,NA,2005 Q4,2006 Q1,2005-10-01,2006-01-01,0.37911760314926873,-0.2570226501245697,-0.227237911970236
OCMT,1,2006 Q1,2006 Q2,1986 Q1,2005 Q4,0.25841857488995146,0.9884021560594336,-0.729983581169482,0.5328760287770218,0.729983581169482,2,NA,2006 Q1,2006 Q2,2006-01-01,2006-04-01,0.6344324327417866,-0.10155640396476484,-0.3287943159350008
OCMT,1,2006 Q2,2006 Q3,1986 Q2,2006 Q1,0.14984360400802643,0.7058137523836843,-0.5559701483756578,0.309102805884851,0.5559701483756578,2,NA,2006 Q2,2006 Q3,2006-04-01,2006-07-01,0.5483182014025342,-0.23921539551768317,-0.568009711452684
OCMT,1,2006 Q3,2006 Q4,1986 Q3,2006 Q2,0.8557775565416037,0.4192058828433912,0.4365716736982125,0.19059482627565852,0.4365716736982125,1,NA,2006 Q3,2006 Q4,2006-07-01,2006-10-01,0.11961920736403112,0.0709756189116274,-0.49703409254105657
OCMT,1,2006 Q4,2007 Q1,1986 Q4,2006 Q3,0.3003840617131104,0.8479403551817943,-0.547556293468684,0.29981789451716356,0.547556293468684,2,NA,2006 Q4,2007 Q1,2006-10-01,2007-01-01,0.2167264115983789,0.08309148291878465,-0.4139426096222719
OCMT,1,2007 Q1,2007 Q2,1987 Q1,2006 Q4,0.6098982914680917,0.9318253405196046,-0.3219270490515129,0.10363702491101522,0.3219270490515129,2,NA,2007 Q1,2007 Q2,2007-01-01,2007-04-01,0.00275419112676799,0.10088283378424723,-0.3130597758380247
OCMT,1,2007 Q2,2007 Q3,1987 Q2,2007 Q1,0.5743731109307149,0.42061893902885394,0.15375417190186091,0.02364034537722699,0.15375417190186091,2,NA,2007 Q2,2007 Q3,2007-04-01,2007-07-01,9.266112481082908e-5,0.02354768425241616,-0.28951209158560853
OCMT,1,2007 Q3,2007 Q4,1987 Q3,2007 Q2,0.6262715512194816,0.48393151835911086,0.14234003286037078,0.02026068495469143,0.14234003286037078,2,NA,2007 Q3,2007 Q4,2007-07-01,2007-10-01,8.248969525287806e-5,0.020178195259438553,-0.26933389632617
OCMT,1,2007 Q4,2008 Q1,1987 Q4,2007 Q3,-0.42767755900321447,0.49393831234124463,-0.9216158713444592,0.8493758143140065,0.9216158713444592,1,NA,2007 Q4,2008 Q1,2007-10-01,2008-01-01,1.1087684685498955,-0.259392654235889,-0.528726550562059
OCMT,1,2008 Q1,2008 Q2,1988 Q1,2007 Q4,0.5936625931315831,0.508545168841984,0.08511742428959912,0.00724497591769563,0.08511742428959912,1,NA,2008 Q1,2008 Q2,2008-01-01,2008-04-01,0.09110912331670594,-0.08386414739901031,-0.6125906979610692
OCMT,1,2008 Q2,2008 Q3,1988 Q2,2008 Q1,-0.5266423802783748,3.065519890362234,-3.5921622706406087,12.903629778613894,3.5921622706406087,2,NA,2008 Q2,2008 Q3,2008-04-01,2008-07-01,1.3906591226459306,11.512970655967964,10.900379958006894
OCMT,1,2008 Q3,2008 Q4,1988 Q3,2008 Q2,-2.2133412739485436,0.5488985061285085,-2.762239780077052,7.629968602640121,2.762239780077052,1,NA,2008 Q3,2008 Q4,2008-07-01,2008-10-01,6.515500209282223,1.1144683933578978,12.014848351364792
OCMT,1,2008 Q4,2009 Q1,1988 Q4,2008 Q3,-1.1413631359902254,-2.0372922386928973,0.8959291027026719,0.8026889570696149,0.8959291027026719,2,NA,2008 Q4,2009 Q1,2008-10-01,2009-01-01,0.8061338086757067,-0.00344485160609187,12.0114034997587
OCMT,1,2009 Q1,2009 Q2,1989 Q1,2008 Q4,-0.178810721762801,-0.9368674978936422,0.7580567761308412,0.5746500758378843,0.7580567761308412,2,NA,2009 Q1,2009 Q2,2009-01-01,2009-04-01,1.8256313461775848,-1.2509812703397005,10.760422229419
OCMT,1,2009 Q2,2009 Q3,1989 Q2,2009 Q1,0.3505771547139602,-0.07556354814294702,0.4261407028569073,0.18159589863137893,0.4261407028569073,2,NA,2009 Q2,2009 Q3,2009-04-01,2009-07-01,0.9999651626576904,-0.8183692640263115,9.942052965392689
OCMT,1,2009 Q3,2009 Q4,1989 Q3,2009 Q2,1.0751135379244658,0.8519242350182052,0.2231893029062606,0.04981346493178255,0.2231893029062606,1,NA,2009 Q3,2009 Q4,2009-07-01,2009-10-01,0.9196532832866808,-0.8698398183548983,9.07221314703779
OCMT,1,2009 Q4,2010 Q1,1989 Q4,2009 Q3,0.483331022067901,0.8462601222363297,-0.3629291001684287,0.13171753174906536,0.3629291001684287,1,NA,2009 Q4,2010 Q1,2009-10-01,2010-01-01,0.11525728116356691,0.01646025058549845,9.088673397623289
OCMT,1,2010 Q1,2010 Q2,1990 Q1,2009 Q4,0.9629349822608546,0.8051333476339653,0.15780163462688934,0.02490135589091828,0.15780163462688934,1,NA,2010 Q1,2010 Q2,2010-01-01,2010-04-01,0.06837269994289381,-0.04347134405197553,9.045202053571312
OCMT,1,2010 Q2,2010 Q3,1990 Q2,2010 Q1,0.7681272705003295,1.080976376633863,-0.31284910613353345,0.09787456320855088,0.31284910613353345,2,NA,2010 Q2,2010 Q3,2010-04-01,2010-07-01,1.0413356954573508e-4,0.09777042963900515,9.142972483210318
OCMT,1,2010 Q3,2010 Q4,1990 Q3,2010 Q2,0.523736364445071,0.757682546418413,-0.23394618197334205,0.05473081605990407,0.23394618197334205,2,NA,2010 Q3,2010 Q4,2010-07-01,2010-10-01,0.01914589012218131,0.035584925937722764,9.178557409148041
OCMT,1,2010 Q4,2011 Q1,1990 Q4,2010 Q3,-0.23748667360496967,1.1875338392743766,-1.4250205128793465,2.030683462126915,1.4250205128793465,3,NA,2010 Q4,2011 Q1,2010-10-01,2011-01-01,0.6436374085868849,1.3870460535400304,10.56560346268807
OCMT,1,2011 Q1,2011 Q2,1991 Q1,2010 Q4,0.6743037468666557,0.6456352978405794,0.02866844902607634,8.218799695607379e-4,0.02866844902607634,2,NA,2011 Q1,2011 Q2,2011-01-01,2011-04-01,0.22113574906690375,-0.22031386909734302,10.345289593590728
OCMT,1,2011 Q2,2011 Q3,1991 Q2,2011 Q1,-0.0223152255784953,0.7291130128845624,-0.7514282384630577,0.564644397559694,0.7514282384630577,3,NA,2011 Q2,2011 Q3,2011-04-01,2011-07-01,0.5483141650010498,0.016330232558644187,10.361619826149372
OCMT,1,2011 Q3,2011 Q4,1991 Q3,2011 Q2,1.1167896811464573,0.7483692432493003,0.36842043789715695,0.13573361906033288,0.36842043789715695,2,NA,2011 Q3,2011 Q4,2011-07-01,2011-10-01,0.30253225372506554,-0.16679863466473266,10.194821191484639
OCMT,1,2011 Q4,2012 Q1,1991 Q4,2011 Q3,0.8350941818790147,0.6874927417085925,0.1476014401704222,0.02178618514038272,0.1476014401704222,3,NA,2011 Q4,2012 Q1,2011-10-01,2012-01-01,2.784295819462502e-5,0.021758342182188094,10.216579533666827
OCMT,1,2012 Q1,2012 Q2,1992 Q1,2011 Q4,0.4453416266322563,0.5939355299392026,-0.14859390330694633,0.02208014809999411,0.14859390330694633,3,NA,2012 Q1,2012 Q2,2012-01-01,2012-04-01,0.05719949032628204,-0.03511934222628793,10.18146019144054
OCMT,1,2012 Q2,2012 Q3,1992 Q2,2012 Q1,0.14392437648620415,0.6155574521347992,-0.471633075648595,0.22243775804575336,0.471633075648595,3,NA,2012 Q2,2012 Q3,2012-04-01,2012-07-01,0.08785704488064057,0.13458071316511278,10.316040904605652
OCMT,1,2012 Q3,2012 Q4,1992 Q3,2012 Q2,0.11557374157504796,0.4111109507132258,-0.2955372091381778,0.08734224198518306,0.2955372091381778,3,NA,2012 Q3,2012 Q4,2012-07-01,2012-10-01,0.09401124405296764,-0.006669002067784577,10.309371902537869
OCMT,1,2012 Q4,2013 Q1,1992 Q4,2012 Q3,0.9817259265515688,0.8209907973977647,0.16073512915380406,0.02583578174409007,0.16073512915380406,3,NA,2012 Q4,2013 Q1,2012-10-01,2013-01-01,0.20778737269289163,-0.18195159094880156,10.127420311589066
OCMT,1,2013 Q1,2013 Q2,1993 Q1,2012 Q4,0.26727882651371715,0.7876354173616393,-0.5203565908479222,0.2707709816388719,0.5203565908479222,3,NA,2013 Q1,2013 Q2,2013-01-01,2013-04-01,0.03090845844340353,0.23986252319546839,10.367282834784534
OCMT,1,2013 Q2,2013 Q3,1993 Q2,2013 Q1,0.8477896552497199,0.6555044251873868,0.1922852300623331,0.03697360970012437,0.1922852300623331,3,NA,2013 Q2,2013 Q3,2013-04-01,2013-07-01,0.05517680541854252,-0.01820319571841815,10.349079639066117
OCMT,1,2013 Q3,2013 Q4,1993 Q3,2013 Q2,0.8679640238263175,0.8780188726265961,-0.01005484880027851,1.010999843964623e-4,0.01005484880027851,3,NA,2013 Q3,2013 Q4,2013-07-01,2013-10-01,0.08283300846693481,-0.08273190848253835,10.266347730583579
OCMT,1,2013 Q4,2014 Q1,1993 Q4,2013 Q3,-0.34569281496601434,0.5927756069506777,-0.938468421916692,0.8807229789348062,0.938468421916692,3,NA,2013 Q4,2014 Q1,2013-10-01,2014-01-01,0.7358625825932555,0.14486039634155068,10.411208126925128
OCMT,1,2014 Q1,2014 Q2,1994 Q1,2013 Q4,1.283569022914932,1.1954947973319063,0.08807422558302558,0.00775706921204967,0.08807422558302558,3,NA,2014 Q1,2014 Q2,2014-01-01,2014-04-01,0.3866418743919271,-0.37888480517987744,10.032323321745253
OCMT,1,2014 Q2,2014 Q3,1994 Q2,2014 Q1,1.2080648325781596,0.767749153227141,0.44031567935101856,0.193877897482349,0.44031567935101856,3,NA,2014 Q2,2014 Q3,2014-04-01,2014-07-01,0.2816905417081888,-0.08781264422583981,9.944510677519412
OCMT,1,2014 Q3,2014 Q4,1994 Q3,2014 Q2,0.5044586015433339,0.5085887939629943,-0.00413019241966039,1.7058489423420186e-5,0.00413019241966039,3,NA,2014 Q3,2014 Q4,2014-07-01,2014-10-01,0.00449736374121739,-0.00448030525179397,9.940030372267618
OCMT,1,2014 Q4,2015 Q1,1994 Q4,2014 Q3,0.8964547876924911,0.7275514462712,0.16890334142129104,0.02852833874327721,0.16890334142129104,4,NA,2014 Q4,2015 Q1,2014-10-01,2015-01-01,0.16878505164887783,-0.14025671290560063,9.799773659362017
OCMT,1,2015 Q1,2015 Q2,1995 Q1,2014 Q4,0.6174946582536478,0.23884670156295829,0.3786479566906895,0.1433742751060343,0.3786479566906895,4,NA,2015 Q1,2015 Q2,2015-01-01,2015-04-01,0.01950304426770897,0.12387123083832532,9.923644890200343
OCMT,1,2015 Q2,2015 Q3,1995 Q2,2015 Q1,0.3994462115690211,0.2921606057831646,0.1072856057858565,0.0115102012088382,0.1072856057858565,3,NA,2015 Q2,2015 Q3,2015-04-01,2015-07-01,3.206239560097467e-4,0.011189577252828454,9.934834467453172
OCMT,1,2015 Q3,2015 Q4,1995 Q3,2015 Q2,0.18430917271050615,0.4143304229752491,-0.23002125026474293,0.0529097755733555,0.23002125026474293,3,NA,2015 Q3,2015 Q4,2015-07-01,2015-10-01,0.05793496366583669,-0.005025188092481189,9.92980927936069
OCMT,1,2015 Q4,2016 Q1,1995 Q4,2015 Q3,0.5778466518471248,0.19911791976916432,0.3787287320779605,0.14343545250137957,0.3787287320779605,3,NA,2015 Q4,2016 Q1,2015-10-01,2016-01-01,2.389158194959173e-4,0.14319653668188365,10.073005816042574
OCMT,1,2016 Q1,2016 Q2,1996 Q1,2015 Q4,0.32060956626729364,0.2323687072998089,0.08824085896748474,0.00778644919131953,0.08824085896748474,3,NA,2016 Q1,2016 Q2,2016-01-01,2016-04-01,0.06073497168000197,-0.05294852248868244,10.020057293553892
OCMT,1,2016 Q2,2016 Q3,1996 Q2,2016 Q1,0.7068859191104337,0.5639799261356063,0.14290599297482742,0.02042212282812142,0.14290599297482742,4,NA,2016 Q2,2016 Q3,2016-04-01,2016-07-01,0.00681300424428651,0.01360911858383491,10.033666412137727
OCMT,1,2016 Q3,2016 Q4,1996 Q3,2016 Q2,0.5527685286210726,0.6429369750801344,-0.09016844645906176,0.00813034873684068,0.09016844645906176,4,NA,2016 Q3,2016 Q4,2016-07-01,2016-10-01,0.01766000563484334,-0.009529656898002661,10.024136755239724
OCMT,1,2016 Q4,2017 Q1,1996 Q4,2016 Q3,0.48570873310360696,0.5457198650329956,-0.06001113192938867,0.00360133595544649,0.06001113192938867,4,NA,2016 Q4,2017 Q1,2016-10-01,2017-01-01,0.0072450981058855,-0.0036437621504390103,10.020492993089285
OCMT,1,2017 Q1,2017 Q2,1997 Q1,2016 Q4,0.5583111012978037,0.4678510554350683,0.09046004586273544,0.00818301989748819,0.09046004586273544,4,NA,2017 Q1,2017 Q2,2017-01-01,2017-04-01,9.453041836464414e-4,0.007237715713841748,10.027730708803126
OCMT,1,2017 Q2,2017 Q3,1997 Q2,2017 Q1,0.785431525684821,0.6413847576379738,0.14404676804684724,0.02074947138474221,0.14404676804684724,4,NA,2017 Q2,2017 Q3,2017-04-01,2017-07-01,0.01504860632069269,0.0057008650640495186,10.033431573867176
OCMT,1,2017 Q3,2017 Q4,1997 Q3,2017 Q2,1.1207427769393874,0.376086013746638,0.7446567631927494,0.5545136949687025,0.7446567631927494,4,NA,2017 Q3,2017 Q4,2017-07-01,2017-10-01,0.37668580921871214,0.17782788574999037,10.211259459617166
OCMT,1,2017 Q4,2018 Q1,1997 Q4,2017 Q3,0.8101194549169577,0.6015631574548743,0.20855629746208337,0.043495729211093,0.20855629746208337,4,NA,2017 Q4,2018 Q1,2017-10-01,2018-01-01,0.0029890630054333,0.0405066662056597,10.251766125822826
OCMT,1,2018 Q1,2018 Q2,1998 Q1,2017 Q4,0.5294212303768475,0.8032797791632725,-0.273858548786425,0.07499850474340673,0.273858548786425,5,NA,2018 Q1,2018 Q2,2018-01-01,2018-04-01,0.00460965790934936,0.07038884683405737,10.322154972656882
OCMT,1,2018 Q2,2018 Q3,1998 Q2,2018 Q1,0.621760482522582,0.4244894851421758,0.19727099738040615,0.03891584640746021,0.19727099738040615,5,NA,2018 Q2,2018 Q3,2018-04-01,2018-07-01,8.501439058101168e-5,0.038830832016879195,10.360985804673762
OCMT,1,2018 Q3,2018 Q4,1998 Q3,2018 Q2,0.14154399831838305,0.7864080172398467,-0.6448640189214636,0.41584960289954176,0.6448640189214636,4,NA,2018 Q3,2018 Q4,2018-07-01,2018-10-01,0.19391764919335716,0.2219319537061846,10.582917758379947
OCMT,1,2018 Q4,2019 Q1,1998 Q4,2018 Q3,0.6223772907267389,0.42129290259787,0.2010843881288689,0.04043493114916158,0.2010843881288689,6,NA,2018 Q4,2019 Q1,2018-10-01,2019-01-01,0.13062632460168394,-0.09019139345252236,10.492726364927424
OCMT,1,2019 Q1,2019 Q2,1999 Q1,2018 Q4,0.8316777932895647,0.31408689552582386,0.5175908977637409,0.2679003374478753,0.5175908977637409,5,NA,2019 Q1,2019 Q2,2019-01-01,2019-04-01,0.16822438613442128,0.099675951313454,10.592402316240879
OCMT,1,2019 Q2,2019 Q3,1999 Q2,2019 Q1,1.1632102580909631,0.7782475244742004,0.3849627336167627,0.1481963062736906,0.3849627336167627,5,NA,2019 Q2,2019 Q3,2019-04-01,2019-07-01,0.4169316105158421,-0.26873530424215153,10.323667011998728
OCMT,1,2019 Q3,2019 Q4,1999 Q3,2019 Q2,0.6795635968053659,0.4813949745175165,0.19816862228784948,0.03927080285946435,0.19816862228784948,4,NA,2019 Q3,2019 Q4,2019-07-01,2019-10-01,0.00141190353626699,0.03785889932319736,10.361525911321925
BMT,1,2005 Q2,2005 Q3,1985 Q2,2005 Q1,0.7807581701131383,0.9252612868792016,-0.1445031167660632,0.02088115075510649,0.1445031167660632,1,NA,2005 Q2,2005 Q3,2005-04-01,2005-07-01,0.00474387800496578,0.016137272750140708,0.016137272750140708
BMT,1,2005 Q3,2005 Q4,1985 Q3,2005 Q2,0.5539792372076136,0.7201223080846233,-0.16614307087700975,0.02760352000044308,0.16614307087700975,1,NA,2005 Q3,2005 Q4,2005-07-01,2005-10-01,0.0260935155112909,0.0015100044891521794,0.017647277239292887
BMT,1,2005 Q4,2006 Q1,1985 Q4,2005 Q3,1.3364138447713003,1.098909478408809,0.2375043663624914,0.05640832404124853,0.2375043663624914,1,NA,2005 Q4,2006 Q1,2005-10-01,2006-01-01,0.37911760314926873,-0.3227092791080202,-0.30506200186872734
BMT,1,2006 Q1,2006 Q2,1986 Q1,2005 Q4,0.25841857488995146,1.051767771328206,-0.7933491964382546,0.6294029474892243,0.7933491964382546,1,NA,2006 Q1,2006 Q2,2006-01-01,2006-04-01,0.6344324327417866,-0.005029485252562305,-0.31009148712128964
BMT,1,2006 Q2,2006 Q3,1986 Q2,2006 Q1,0.14984360400802643,0.4627445077013133,-0.3129009036932869,0.0979069755320756,0.3129009036932869,1,NA,2006 Q2,2006 Q3,2006-04-01,2006-07-01,0.5483182014025342,-0.45041122587045856,-0.7605027129917482
BMT,1,2006 Q3,2006 Q4,1986 Q3,2006 Q2,0.8557775565416037,0.4192058828433912,0.4365716736982125,0.19059482627565852,0.4365716736982125,1,NA,2006 Q3,2006 Q4,2006-07-01,2006-10-01,0.11961920736403112,0.0709756189116274,-0.6895270940801208
BMT,1,2006 Q4,2007 Q1,1986 Q4,2006 Q3,0.3003840617131104,0.9968760379280512,-0.6964919762149407,0.4851010729317936,0.6964919762149407,1,NA,2006 Q4,2007 Q1,2006-10-01,2007-01-01,0.2167264115983789,0.2683746613334147,-0.4211524327467061
BMT,1,2007 Q1,2007 Q2,1987 Q1,2006 Q4,0.6098982914680917,0.8867579544557087,-0.276859662987617,0.07665127298961685,0.276859662987617,1,NA,2007 Q1,2007 Q2,2007-01-01,2007-04-01,0.00275419112676799,0.07389708186284887,-0.34725535088385723
BMT,1,2007 Q2,2007 Q3,1987 Q2,2007 Q1,0.5743731109307149,0.5851681002010942,-0.01079498927037936,1.1653179334760556e-4,0.01079498927037936,1,NA,2007 Q2,2007 Q3,2007-04-01,2007-07-01,9.266112481082908e-5,2.3870668536776475e-5,-0.34723148021532046
BMT,1,2007 Q3,2007 Q4,1987 Q3,2007 Q2,0.6262715512194816,0.5343690616153345,0.09190248960414717,0.00844606759544037,0.09190248960414717,1,NA,2007 Q3,2007 Q4,2007-07-01,2007-10-01,8.248969525287806e-5,0.008363577900187493,-0.338867902315133
BMT,1,2007 Q4,2008 Q1,1987 Q4,2007 Q3,-0.42767755900321447,0.49393831234124463,-0.9216158713444592,0.8493758143140065,0.9216158713444592,1,NA,2007 Q4,2008 Q1,2007-10-01,2008-01-01,1.1087684685498955,-0.259392654235889,-0.598260556551022
BMT,1,2008 Q1,2008 Q2,1988 Q1,2007 Q4,0.5936625931315831,0.508545168841984,0.08511742428959912,0.00724497591769563,0.08511742428959912,1,NA,2008 Q1,2008 Q2,2008-01-01,2008-04-01,0.09110912331670594,-0.08386414739901031,-0.6821247039500322
BMT,1,2008 Q2,2008 Q3,1988 Q2,2008 Q1,-0.5266423802783748,3.9231447511610513,-4.449787131439426,19.800605515123916,4.449787131439426,1,NA,2008 Q2,2008 Q3,2008-04-01,2008-07-01,1.3906591226459306,18.409946392477984,17.727821688527953
BMT,1,2008 Q3,2008 Q4,1988 Q3,2008 Q2,-2.2133412739485436,0.5488985061285085,-2.762239780077052,7.629968602640121,2.762239780077052,1,NA,2008 Q3,2008 Q4,2008-07-01,2008-10-01,6.515500209282223,1.1144683933578978,18.84229008188585
BMT,1,2008 Q4,2009 Q1,1988 Q4,2008 Q3,-1.1413631359902254,-0.9586773187628266,-0.18268581722739885,0.03337410781604258,0.18268581722739885,1,NA,2008 Q4,2009 Q1,2008-10-01,2009-01-01,0.8061338086757067,-0.7727597008596642,18.069530381026187
BMT,1,2009 Q1,2009 Q2,1989 Q1,2008 Q4,-0.178810721762801,-1.0944000656140422,0.9155893438512412,0.8383038465739465,0.9155893438512412,1,NA,2009 Q1,2009 Q2,2009-01-01,2009-04-01,1.8256313461775848,-0.9873274996036383,17.082202881422546
BMT,1,2009 Q2,2009 Q3,1989 Q2,2009 Q1,0.3505771547139602,0.3057049548451448,0.04487219986881541,0.00201351432106691,0.04487219986881541,1,NA,2009 Q2,2009 Q3,2009-04-01,2009-07-01,0.9999651626576904,-0.9979516483366235,16.084251233085922
BMT,1,2009 Q3,2009 Q4,1989 Q3,2009 Q2,1.0751135379244658,0.8519242350182052,0.2231893029062606,0.04981346493178255,0.2231893029062606,1,NA,2009 Q3,2009 Q4,2009-07-01,2009-10-01,0.9196532832866808,-0.8698398183548983,15.214411414731025
BMT,1,2009 Q4,2010 Q1,1989 Q4,2009 Q3,0.483331022067901,0.8462601222363297,-0.3629291001684287,0.13171753174906536,0.3629291001684287,1,NA,2009 Q4,2010 Q1,2009-10-01,2010-01-01,0.11525728116356691,0.01646025058549845,15.230871665316524
BMT,1,2010 Q1,2010 Q2,1990 Q1,2009 Q4,0.9629349822608546,0.8051333476339653,0.15780163462688934,0.02490135589091828,0.15780163462688934,1,NA,2010 Q1,2010 Q2,2010-01-01,2010-04-01,0.06837269994289381,-0.04347134405197553,15.187400321264548
BMT,1,2010 Q2,2010 Q3,1990 Q2,2010 Q1,0.7681272705003295,0.7479780095448485,0.02014926095548097,4.059927170520701e-4,0.02014926095548097,1,NA,2010 Q2,2010 Q3,2010-04-01,2010-07-01,1.0413356954573508e-4,3.01859147506335e-4,15.187702180412055
BMT,1,2010 Q3,2010 Q4,1990 Q3,2010 Q2,0.523736364445071,0.7518496623407062,-0.22811329789563517,0.05203567667682279,0.22811329789563517,1,NA,2010 Q3,2010 Q4,2010-07-01,2010-10-01,0.01914589012218131,0.032889786554641476,15.220591966966696
BMT,1,2010 Q4,2011 Q1,1990 Q4,2010 Q3,-0.23748667360496967,0.9734341720336586,-1.2109208456386282,1.4663292944021704,1.2109208456386282,1,NA,2010 Q4,2011 Q1,2010-10-01,2011-01-01,0.6436374085868849,0.8226918858152855,16.043283852781983
BMT,1,2011 Q1,2011 Q2,1991 Q1,2010 Q4,0.6743037468666557,0.18955221347431345,0.4847515333923423,0.2349840491262271,0.4847515333923423,1,NA,2011 Q1,2011 Q2,2011-01-01,2011-04-01,0.22113574906690375,0.01384830005932336,16.057132152841305
BMT,1,2011 Q2,2011 Q3,1991 Q2,2011 Q1,-0.0223152255784953,0.5938508942654627,-0.616166119843958,0.3796606872435588,0.616166119843958,1,NA,2011 Q2,2011 Q3,2011-04-01,2011-07-01,0.5483141650010498,-0.168653477757491,15.888478675083814
BMT,1,2011 Q3,2011 Q4,1991 Q3,2011 Q2,1.1167896811464573,0.7257223799995174,0.3910673011469399,0.15293363402635138,0.3910673011469399,1,NA,2011 Q3,2011 Q4,2011-07-01,2011-10-01,0.30253225372506554,-0.14959861969871416,15.7388800553851
BMT,1,2011 Q4,2012 Q1,1991 Q4,2011 Q3,0.8350941818790147,0.6072689196617831,0.22782526221723165,0.05190435010435036,0.22782526221723165,1,NA,2011 Q4,2012 Q1,2011-10-01,2012-01-01,2.784295819462502e-5,0.05187650714615573,15.790756562531255
BMT,1,2012 Q1,2012 Q2,1992 Q1,2011 Q4,0.4453416266322563,0.7171143938746449,-0.27177276724238864,0.07386043701458556,0.27177276724238864,1,NA,2012 Q1,2012 Q2,2012-01-01,2012-04-01,0.05719949032628204,0.016660946688303514,15.807417509219558
BMT,1,2012 Q2,2012 Q3,1992 Q2,2012 Q1,0.14392437648620415,0.5957645323388715,-0.45184015585266735,0.20415952644096272,0.45184015585266735,1,NA,2012 Q2,2012 Q3,2012-04-01,2012-07-01,0.08785704488064057,0.11630248156032215,15.923719990779881
BMT,1,2012 Q3,2012 Q4,1992 Q3,2012 Q2,0.11557374157504796,0.20058483236051144,-0.08501109078546348,0.00722688555653431,0.08501109078546348,1,NA,2012 Q3,2012 Q4,2012-07-01,2012-10-01,0.09401124405296764,-0.08678435849643333,15.836935632283447
BMT,1,2012 Q4,2013 Q1,1992 Q4,2012 Q3,0.9817259265515688,0.6029002426791918,0.3788256838723769,0.14350889876137404,0.3788256838723769,1,NA,2012 Q4,2013 Q1,2012-10-01,2013-01-01,0.20778737269289163,-0.06427847393151759,15.77265715835193
BMT,1,2013 Q1,2013 Q2,1993 Q1,2012 Q4,0.26727882651371715,0.8043584116540539,-0.5370795851403367,0.2884544807745162,0.5370795851403367,1,NA,2013 Q1,2013 Q2,2013-01-01,2013-04-01,0.03090845844340353,0.2575460223311127,16.030203180683042
BMT,1,2013 Q2,2013 Q3,1993 Q2,2013 Q1,0.8477896552497199,0.4791283671629297,0.3686612880867902,0.13591114533381132,0.3686612880867902,1,NA,2013 Q2,2013 Q3,2013-04-01,2013-07-01,0.05517680541854252,0.0807343399152688,16.110937520598313
BMT,1,2013 Q3,2013 Q4,1993 Q3,2013 Q2,0.8679640238263175,0.8396045474595288,0.0283594763667887,8.042598997984471e-4,0.0283594763667887,1,NA,2013 Q3,2013 Q4,2013-07-01,2013-10-01,0.08283300846693481,-0.08202874856713636,16.028908772031176
BMT,1,2013 Q4,2014 Q1,1993 Q4,2013 Q3,-0.34569281496601434,0.6394752449969175,-0.985168059962932,0.970556106371127,0.985168059962932,1,NA,2013 Q4,2014 Q1,2013-10-01,2014-01-01,0.7358625825932555,0.23469352377787145,16.263602295809047
BMT,1,2014 Q1,2014 Q2,1994 Q1,2013 Q4,1.283569022914932,0.7743945339276193,0.5091744889873127,0.259258660235491,0.5091744889873127,1,NA,2014 Q1,2014 Q2,2014-01-01,2014-04-01,0.3866418743919271,-0.1273832141564361,16.136219081652612
BMT,1,2014 Q2,2014 Q3,1994 Q2,2014 Q1,1.2080648325781596,0.7302074103612295,0.47785742221693006,0.22834771596780937,0.47785742221693006,1,NA,2014 Q2,2014 Q3,2014-04-01,2014-07-01,0.2816905417081888,-0.053342825740379435,16.082876255912232
BMT,1,2014 Q3,2014 Q4,1994 Q3,2014 Q2,0.5044586015433339,0.39377051164149146,0.11068808990184242,0.01225185324611835,0.11068808990184242,1,NA,2014 Q3,2014 Q4,2014-07-01,2014-10-01,0.00449736374121739,0.007754489504900959,16.090630745417133
BMT,1,2014 Q4,2015 Q1,1994 Q4,2014 Q3,0.8964547876924911,0.8100475635572632,0.08640722413522794,0.00746620838275551,0.08640722413522794,1,NA,2014 Q4,2015 Q1,2014-10-01,2015-01-01,0.16878505164887783,-0.16131884326612234,15.92931190215101
BMT,1,2015 Q1,2015 Q2,1995 Q1,2014 Q4,0.6174946582536478,0.10045508811434668,0.5170395701393011,0.2673299170898333,0.5170395701393011,1,NA,2015 Q1,2015 Q2,2015-01-01,2015-04-01,0.01950304426770897,0.24782687282212432,16.177138774973134
BMT,1,2015 Q2,2015 Q3,1995 Q2,2015 Q1,0.3994462115690211,0.2148635562280183,0.18458265534100277,0.03407075665273541,0.18458265534100277,1,NA,2015 Q2,2015 Q3,2015-04-01,2015-07-01,3.206239560097467e-4,0.03375013269672566,16.210888907669858
BMT,1,2015 Q3,2015 Q4,1995 Q3,2015 Q2,0.18430917271050615,0.3410436888305545,-0.15673451612004838,0.0245657085433857,0.15673451612004838,1,NA,2015 Q3,2015 Q4,2015-07-01,2015-10-01,0.05793496366583669,-0.033369255122450994,16.17751965254741
BMT,1,2015 Q4,2016 Q1,1995 Q4,2015 Q3,0.5778466518471248,-0.0244796982669454,0.6023263501140702,0.36279703204173747,0.6023263501140702,1,NA,2015 Q4,2016 Q1,2015-10-01,2016-01-01,2.389158194959173e-4,0.36255811622224154,16.54007776876965
BMT,1,2016 Q1,2016 Q2,1996 Q1,2015 Q4,0.32060956626729364,-0.04768521036484227,0.36829477663213595,0.13564104249451492,0.36829477663213595,2,NA,2016 Q1,2016 Q2,2016-01-01,2016-04-01,0.06073497168000197,0.07490607081451295,16.614983839584163
BMT,1,2016 Q2,2016 Q3,1996 Q2,2016 Q1,0.7068859191104337,0.2932596726377653,0.4136262464726685,0.17108667177106865,0.4136262464726685,2,NA,2016 Q2,2016 Q3,2016-04-01,2016-07-01,0.00681300424428651,0.16427366752678213,16.779257507110945
BMT,1,2016 Q3,2016 Q4,1996 Q3,2016 Q2,0.5527685286210726,0.5540331655731292,-0.00126463695205658,1.5993066205069714e-6,0.00126463695205658,2,NA,2016 Q3,2016 Q4,2016-07-01,2016-10-01,0.01766000563484334,-0.017658406328222832,16.76159910078272
BMT,1,2016 Q4,2017 Q1,1996 Q4,2016 Q3,0.48570873310360696,0.2831186430710935,0.20259009003251344,0.0410427445793819,0.20259009003251344,2,NA,2016 Q4,2017 Q1,2016-10-01,2017-01-01,0.0072450981058855,0.0337976464734964,16.79539674725622
BMT,1,2017 Q1,2017 Q2,1997 Q1,2016 Q4,0.5583111012978037,0.25677066869969284,0.30154043259811086,0.09092663249145584,0.30154043259811086,2,NA,2017 Q1,2017 Q2,2017-01-01,2017-04-01,9.453041836464414e-4,0.0899813283078094,16.885378075564027
BMT,1,2017 Q2,2017 Q3,1997 Q2,2017 Q1,0.785431525684821,0.5459726339568692,0.23945889172795176,0.05734056082757893,0.23945889172795176,2,NA,2017 Q2,2017 Q3,2017-04-01,2017-07-01,0.01504860632069269,0.042291954506886234,16.927670030070914
BMT,1,2017 Q3,2017 Q4,1997 Q3,2017 Q2,1.1207427769393874,0.3490696308647785,0.7716731460746089,0.5954794443726847,0.7716731460746089,2,NA,2017 Q3,2017 Q4,2017-07-01,2017-10-01,0.37668580921871214,0.2187936351539726,17.146463665224886
BMT,1,2017 Q4,2018 Q1,1997 Q4,2017 Q3,0.8101194549169577,0.6337922578407207,0.176327197076237,0.03109128042876212,0.176327197076237,2,NA,2017 Q4,2018 Q1,2017-10-01,2018-01-01,0.0029890630054333,0.02810221742332882,17.174565882648217
BMT,1,2018 Q1,2018 Q2,1998 Q1,2017 Q4,0.5294212303768475,0.7762853218453855,-0.2468640914685379,0.06094187965658666,0.2468640914685379,2,NA,2018 Q1,2018 Q2,2018-01-01,2018-04-01,0.00460965790934936,0.056332221747237295,17.230898104395454
BMT,1,2018 Q2,2018 Q3,1998 Q2,2018 Q1,0.621760482522582,0.2257197487017814,0.3960407338208006,0.15684826284531822,0.3960407338208006,2,NA,2018 Q2,2018 Q3,2018-04-01,2018-07-01,8.501439058101168e-5,0.15676324845473721,17.38766135285019
BMT,1,2018 Q3,2018 Q4,1998 Q3,2018 Q2,0.14154399831838305,0.5822996957267952,-0.44075569740841214,0.19426558479797576,0.44075569740841214,1,NA,2018 Q3,2018 Q4,2018-07-01,2018-10-01,0.19391764919335716,3.4793560461859885e-4,17.38800928845481
BMT,1,2018 Q4,2019 Q1,1998 Q4,2018 Q3,0.6223772907267389,0.5002541725223215,0.12212311820441736,0.01491405599997009,0.12212311820441736,1,NA,2018 Q4,2019 Q1,2018-10-01,2019-01-01,0.13062632460168394,-0.11571226860171385,17.272297019853095
BMT,1,2019 Q1,2019 Q2,1999 Q1,2018 Q4,0.8316777932895647,0.5517920305631485,0.2798857627264162,0.07833604017694774,0.2798857627264162,1,NA,2019 Q1,2019 Q2,2019-01-01,2019-04-01,0.16822438613442128,-0.08988834595747354,17.182408673895623
BMT,1,2019 Q2,2019 Q3,1999 Q2,2019 Q1,1.1632102580909631,0.574209272122076,0.5890009859688872,0.34692216147232124,0.5890009859688872,1,NA,2019 Q2,2019 Q3,2019-04-01,2019-07-01,0.4169316105158421,-0.07000944904352085,17.1123992248521
BMT,1,2019 Q3,2019 Q4,1999 Q3,2019 Q2,0.6795635968053659,0.44779676545217895,0.23176683135318699,0.05371586411549662,0.23176683135318699,1,NA,2019 Q3,2019 Q4,2019-07-01,2019-10-01,0.00141190353626699,0.05230396057922963,17.164703185431332
