quarter,RPI_L0,RPI_L1,RPI_L2,RPI_L3,RPI_L4,RPI_L5,DPCERA3M086SBEA_L0,DPCERA3M086SBEA_L1,DPCERA3M086SBEA_L2,DPCERA3M086SBEA_L3,DPCERA3M086SBEA_L4,DPCERA3M086SBEA_L5,INDPRO_L0,INDPRO_L1,INDPRO_L2,INDPRO_L3,INDPRO_L4,INDPRO_L5,CMRMTSPLx_L0,CMRMTSPLx_L1,CMRMTSPLx_L2,CMRMTSPLx_L3,CMRMTSPLx_L4,CMRMTSPLx_L5,RETAILx_L0,RETAILx_L1,RETAILx_L2,RETAILx_L3,RETAILx_L4,RETAILx_L5,UNRATE_L0,UNRATE_L1,UNRATE_L2,UNRATE_L3,UNRATE_L4,UNRATE_L5,CLAIMSx_L0,CLAIMSx_L1,CLAIMSx_L2,CLAIMSx_L3,CLAIMSx_L4,CLAIMSx_L5,PAYEMS_L0,PAYEMS_L1,PAYEMS_L2,PAYEMS_L3,PAYEMS_L4,PAYEMS_L5,AWHMAN_L0,AWHMAN_L1,AWHMAN_L2,AWHMAN_L3,AWHMAN_L4,AWHMAN_L5,HOUST_L0,HOUST_L1,HOUST_L2,HOUST_L3,HOUST_L4,HOUST_L5,PERMIT_L0,PERMIT_L1,PERMIT_L2,PERMIT_L3,PERMIT_L4,PERMIT_L5,M1SL_L0,M1SL_L1,M1SL_L2,M1SL_L3,M1SL_L4,M1SL_L5,M2SL_L0,M2SL_L1,M2SL_L2,M2SL_L3,M2SL_L4,M2SL_L5,BOGMBASE_L0,BOGMBASE_L1,BOGMBASE_L2,BOGMBASE_L3,BOGMBASE_L4,BOGMBASE_L5,BUSLOANS_L0,BUSLOANS_L1,BUSLOANS_L2,BUSLOANS_L3,BUSLOANS_L4,BUSLOANS_L5,NONREVSL_L0,NONREVSL_L1,NONREVSL_L2,NONREVSL_L3,NONREVSL_L4,NONREVSL_L5,CPIAUCSL_L0,CPIAUCSL_L1,CPIAUCSL_L2,CPIAUCSL_L3,CPIAUCSL_L4,CPIAUCSL_L5,PPICMM_L0,PPICMM_L1,PPICMM_L2,PPICMM_L3,PPICMM_L4,PPICMM_L5,PCEPI_L0,PCEPI_L1,PCEPI_L2,PCEPI_L3,PCEPI_L4,PCEPI_L5,OILPRICEx_L0,OILPRICEx_L1,OILPRICEx_L2,OILPRICEx_L3,OILPRICEx_L4,OILPRICEx_L5,FEDFUNDS_L0,FEDFUNDS_L1,FEDFUNDS_L2,FEDFUNDS_L3,FEDFUNDS_L4,FEDFUNDS_L5,TB3MS_L0,TB3MS_L1,TB3MS_L2,TB3MS_L3,TB3MS_L4,TB3MS_L5,GS10_L0,GS10_L1,GS10_L2,GS10_L3,GS10_L4,GS10_L5,AAA_L0,AAA_L1,AAA_L2,AAA_L3,AAA_L4,AAA_L5,BAA_L0,BAA_L1,BAA_L2,BAA_L3,BAA_L4,BAA_L5,S&P 500_L0,S&P 500_L1,S&P 500_L2,S&P 500_L3,S&P 500_L4,S&P 500_L5,VIXCLSx_L0,VIXCLSx_L1,VIXCLSx_L2,VIXCLSx_L3,VIXCLSx_L4,VIXCLSx_L5,UMCSENTx_L0,UMCSENTx_L1,UMCSENTx_L2,UMCSENTx_L3,UMCSENTx_L4,UMCSENTx_L5,TERM_SPREAD_L0,TERM_SPREAD_L1,TERM_SPREAD_L2,TERM_SPREAD_L3,TERM_SPREAD_L4,TERM_SPREAD_L5,CREDIT_SPREAD_L0,CREDIT_SPREAD_L1,CREDIT_SPREAD_L2,CREDIT_SPREAD_L3,CREDIT_SPREAD_L4,CREDIT_SPREAD_L5
1986 Q2,2.852922388942858e-4,0.009395561771222916,0.006093219256142035,0.004581473027288396,0.0035370353840900037,0.004236572290439611,-0.002254203856538517,0.0034125624908329932,0.010997488387797905,0.013646730715667577,-0.005305706813827804,-9.980040748511776e-4,-0.004037339462127143,-0.007148371663592279,0.009583811447792634,0.003377860635521479,-4.852934296026845e-4,0.001510290507219736,0.006394566839805549,9.753769686309255e-4,-0.005357028066029557,0.0026792822167802655,-0.016678287936976233,0.008715318386949278,0.0010572509542292607,-0.006961526518471928,0.012422839606132996,0.027795083883493277,-0.005590915659539064,0.005072119108397999,0,0,0,0,0.20000000000000018,0,-0.04098392472868895,0.03117343139179063,-0.02093443175473375,0.010087427153742112,-8.915494445229655e-4,-0.028349578318920265,-9.374858929689367e-4,8.797610044588566e-4,0.0016848348584961315,0.0020930655725628355,0.0015094652480236448,0.0035066885348609134,40.7,40.7,40.9,40.6,40.5,40.4,7.52131798019924,7.53689712956617,7.571473648851271,7.424165281042028,7.424165281042028,7.495541943884256,7.489970898834801,7.484368643286131,7.492203042618741,7.557994958530806,7.447751280047908,7.454141078146678,-0.0039111539759471015,0.00709179962549733,0.005124672813716202,-1.4182851358413018e-4,0.004235770503743019,-0.006470732725350814,-0.0027160818338902715,0.0036992990032960194,0.0017916951751377752,-8.897442817694667e-4,0.0037025704349984423,-0.004133904435511759,0.010452052295950587,0.034141715899082214,0.007340121844996439,0.00653655865896674,0.010968559003694978,0.027284035400040985,0.005330152495925944,0.005628794286701044,-0.00442511196090134,0.0034801603896594813,-0.0011550740671770754,0.001144376640936251,-0.002461205747929185,-0.0040695487628461535,-0.0012147617120223941,0.005812478600267568,-0.0029959132880517103,0.0014851677813325637,9.069196567574878e-4,-0.003662980313769104,-2.1042221217015822e-5,-3.435720672406717e-6,9.271847562200008e-4,-9.677512935173382e-4,0.011571868133724017,0.006317977076726322,0.029898101449529868,0.011289890518244583,-0.019006885344571067,-0.007213864458276653,0.001894816096593921,-0.002194874283982795,4.4399980103015935e-4,-0.0016151580147170108,3.5394219998963194e-4,-7.246394192206296e-4,-0.3209400871378296,0.19404227402216678,-0.16594993211373055,0.003589437667420814,0.02437065137957095,-0.026786511598389406,0.07000000000000028,-0.3799999999999999,0.21999999999999886,0.019999999999999574,-0.4399999999999995,0.08000000000000007,0.05999999999999961,-0.5,-0.14000000000000057,-0.040000000000000036,-0.5300000000000002,0.25,0.08999999999999986,-0.919999999999999,-0.5199999999999996,0.03999999999999915,-0.6899999999999995,0.34999999999999964,0.040000000000000924,-0.6699999999999999,-0.39000000000000057,0.019999999999999574,-0.7800000000000011,0.4299999999999997,0.05000000000000071,-0.6099999999999994,-0.41000000000000014,-0.019999999999999574,-0.75,0.4599999999999991,0.028112640936047484,0.05713309193523397,0.04842843510055772,-0.022557347424074337,0.02140263611438531,-0.008326442776554366,18.598,23.564,18.3427,16.7649,15.8821,16.2834,4.5,-0.8000000000000114,3,-0.30000000000001137,4.700000000000003,0,1.5899999999999999,1.2200000000000006,2.16,3.2699999999999996,3.21,3.34,1.209999999999999,1.5,1.42,1.4100000000000001,1.4600000000000009,1.129999999999999
1986 Q3,9.117325212422145e-4,2.852922388942858e-4,0.009395561771222916,0.006093219256142035,0.004581473027288396,0.0035370353840900037,0.02167709901088921,-0.002254203856538517,0.0034125624908329932,0.010997488387797905,0.013646730715667577,-0.005305706813827804,0.002549474375162397,-0.004037339462127143,-0.007148371663592279,0.009583811447792634,0.003377860635521479,-4.852934296026845e-4,0.023446347656266298,0.006394566839805549,9.753769686309255e-4,-0.005357028066029557,0.0026792822167802655,-0.016678287936976233,0.057095443199278506,0.0010572509542292607,-0.006961526518471928,0.012422839606132996,0.027795083883493277,-0.005590915659539064,0.09999999999999964,0,0,0,0,0.20000000000000018,-0.0296447165849969,-0.04098392472868895,0.03117343139179063,-0.02093443175473375,0.010087427153742112,-8.915494445229655e-4,0.0034682926879021636,-9.374858929689367e-4,8.797610044588566e-4,0.0016848348584961315,0.0020930655725628355,0.0015094652480236448,40.7,40.7,40.7,40.9,40.6,40.5,7.430707082545968,7.52131798019924,7.53689712956617,7.571473648851271,7.424165281042028,7.424165281042028,7.430114138561801,7.489970898834801,7.484368643286131,7.492203042618741,7.557994958530806,7.447751280047908,2.8333036021965796e-4,-0.0039111539759471015,0.00709179962549733,0.005124672813716202,-1.4182851358413018e-4,0.004235770503743019,4.683722619196473e-4,-0.0027160818338902715,0.0036992990032960194,0.0017916951751377752,-8.897442817694667e-4,0.0037025704349984423,0.0072565001590501055,0.010452052295950587,0.034141715899082214,0.007340121844996439,0.00653655865896674,0.010968559003694978,0.0010738342220175667,0.005330152495925944,0.005628794286701044,-0.00442511196090134,0.0034801603896594813,-0.0011550740671770754,0.008211985116107101,-0.002461205747929185,-0.0040695487628461535,-0.0012147617120223941,0.005812478600267568,-0.0029959132880517103,0.0027301660211414003,9.069196567574878e-4,-0.003662980313769104,-2.1042221217015822e-5,-3.435720672406717e-6,9.271847562200008e-4,0.008332264826697688,0.011571868133724017,0.006317977076726322,0.029898101449529868,0.011289890518244583,-0.019006885344571067,0.00202399303073042,0.001894816096593921,-0.002194874283982795,4.4399980103015935e-4,-0.0016151580147170108,3.5394219998963194e-4,-0.2772486884511851,-0.3209400871378296,0.19404227402216678,-0.16594993211373055,0.003589437667420814,0.02437065137957095,-0.28000000000000025,0.07000000000000028,-0.3799999999999999,0.21999999999999886,0.019999999999999574,-0.4399999999999995,-0.3200000000000003,0.05999999999999961,-0.5,-0.14000000000000057,-0.040000000000000036,-0.5300000000000002,0.28000000000000025,0.08999999999999986,-0.919999999999999,-0.5199999999999996,0.03999999999999915,-0.6899999999999995,0.16999999999999993,0.040000000000000924,-0.6699999999999999,-0.39000000000000057,0.019999999999999574,-0.7800000000000011,0.019999999999999574,0.05000000000000071,-0.6099999999999994,-0.41000000000000014,-0.019999999999999574,-0.75,-0.02772782644003069,0.028112640936047484,0.05713309193523397,0.04842843510055772,-0.022557347424074337,0.02140263611438531,22.7052,18.598,23.564,18.3427,16.7649,15.8821,-3,4.5,-0.8000000000000114,3,-0.30000000000001137,4.700000000000003,2.24,1.5899999999999999,1.2200000000000006,2.16,3.2699999999999996,3.21,1.3099999999999987,1.209999999999999,1.5,1.42,1.4100000000000001,1.4600000000000009
1986 Q4,0.0035131786310813595,9.117325212422145e-4,2.852922388942858e-4,0.009395561771222916,0.006093219256142035,0.004581473027288396,0.021810963941065076,0.02167709901088921,-0.002254203856538517,0.0034125624908329932,0.010997488387797905,0.013646730715667577,0.009439539139524555,0.002549474375162397,-0.004037339462127143,-0.007148371663592279,0.009583811447792634,0.003377860635521479,0.020719031392408382,0.023446347656266298,0.006394566839805549,9.753769686309255e-4,-0.005357028066029557,0.0026792822167802655,0.044180271206716526,0.057095443199278506,0.0010572509542292607,-0.006961526518471928,0.012422839606132996,0.027795083883493277,-0.3000000000000007,0.09999999999999964,0,0,0,0,-0.0137225800188574,-0.0296447165849969,-0.04098392472868895,0.03117343139179063,-0.02093443175473375,0.010087427153742112,0.002001823223354293,0.0034682926879021636,-9.374858929689367e-4,8.797610044588566e-4,0.0016848348584961315,0.0020930655725628355,40.8,40.7,40.7,40.7,40.9,40.6,7.513709247839705,7.430707082545968,7.52131798019924,7.53689712956617,7.571473648851271,7.424165281042028,7.551186867296149,7.430114138561801,7.489970898834801,7.484368643286131,7.492203042618741,7.557994958530806,0.011995690831615669,2.8333036021965796e-4,-0.0039111539759471015,0.00709179962549733,0.005124672813716202,-1.4182851358413018e-4,0.004676646206889679,4.683722619196473e-4,-0.0027160818338902715,0.0036992990032960194,0.0017916951751377752,-8.897442817694667e-4,0.006029867898369012,0.0072565001590501055,0.010452052295950587,0.034141715899082214,0.007340121844996439,0.00653655865896674,0.0165815802873448,0.0010738342220175667,0.005330152495925944,0.005628794286701044,-0.00442511196090134,0.0034801603896594813,0.001855432936244128,0.008211985116107101,-0.002461205747929185,-0.0040695487628461535,-0.0012147617120223941,0.005812478600267568,0.0018034033460070376,0.0027301660211414003,9.069196567574878e-4,-0.003662980313769104,-2.1042221217015822e-5,-3.435720672406717e-6,-0.003088010688576226,0.008332264826697688,0.011571868133724017,0.006317977076726322,0.029898101449529868,0.011289890518244583,-4.0967363397914625e-4,0.00202399303073042,0.001894816096593921,-0.002194874283982795,4.4399980103015935e-4,-0.0016151580147170108,0.03195031658514402,-0.2772486884511851,-0.3209400871378296,0.19404227402216678,-0.16594993211373055,0.003589437667420814,0.8700000000000001,-0.28000000000000025,0.07000000000000028,-0.3799999999999999,0.21999999999999886,0.019999999999999574,0.1800000000000006,-0.3200000000000003,0.05999999999999961,-0.5,-0.14000000000000057,-0.040000000000000036,-0.13999999999999968,0.28000000000000025,0.08999999999999986,-0.919999999999999,-0.5199999999999996,0.03999999999999915,-0.1899999999999995,0.16999999999999993,0.040000000000000924,-0.6699999999999999,-0.39000000000000057,0.019999999999999574,-0.09999999999999964,0.019999999999999574,0.05000000000000071,-0.6099999999999994,-0.41000000000000014,-0.019999999999999574,0.014178888542543788,-0.02772782644003069,0.028112640936047484,0.05713309193523397,0.04842843510055772,-0.022557347424074337,19.7586,22.7052,18.598,23.564,18.3427,16.7649,-2.3000000000000114,-3,4.5,-0.8000000000000114,3,-0.30000000000001137,1.58,2.24,1.5899999999999999,1.2200000000000006,2.16,3.2699999999999996,1.4800000000000004,1.3099999999999987,1.209999999999999,1.5,1.42,1.4100000000000001
1987 Q1,0.00224982382448502,0.0035131786310813595,9.117325212422145e-4,2.852922388942858e-4,0.009395561771222916,0.006093219256142035,0.0011981568253651709,0.021810963941065076,0.02167709901088921,-0.002254203856538517,0.0034125624908329932,0.010997488387797905,0.0014471947964986853,0.009439539139524555,0.002549474375162397,-0.004037339462127143,-0.007148371663592279,0.009583811447792634,9.592601378614063e-4,0.020719031392408382,0.023446347656266298,0.006394566839805549,9.753769686309255e-4,-0.005357028066029557,0.006762211194153878,0.044180271206716526,0.057095443199278506,0.0010572509542292607,-0.006961526518471928,0.012422839606132996,0,-0.3000000000000007,0.09999999999999964,0,0,0,-0.04546237407675768,-0.0137225800188574,-0.0296447165849969,-0.04098392472868895,0.03117343139179063,-0.02093443175473375,0.002424747455627596,0.002001823223354293,0.0034682926879021636,-9.374858929689367e-4,8.797610044588566e-4,0.0016848348584961315,41,40.8,40.7,40.7,40.7,40.9,7.453561871643373,7.513709247839705,7.430707082545968,7.52131798019924,7.53689712956617,7.571473648851271,7.440733707389261,7.551186867296149,7.430114138561801,7.489970898834801,7.484368643286131,7.492203042618741,0.003549023548374386,0.011995690831615669,2.8333036021965796e-4,-0.0039111539759471015,0.00709179962549733,0.005124672813716202,9.429133706229109e-4,0.004676646206889679,4.683722619196473e-4,-0.0027160818338902715,0.0036992990032960194,0.0017916951751377752,0.027826466511072567,0.006029867898369012,0.0072565001590501055,0.010452052295950587,0.034141715899082214,0.007340121844996439,0.0042315019035825685,0.0165815802873448,0.0010738342220175667,0.005330152495925944,0.005628794286701044,-0.00442511196090134,6.0294486697642924e-5,0.001855432936244128,0.008211985116107101,-0.002461205747929185,-0.0040695487628461535,-0.0012147617120223941,-1.2800860217154764e-5,0.0018034033460070376,0.0027301660211414003,9.069196567574878e-4,-0.003662980313769104,-2.1042221217015822e-5,0.033054921689252836,-0.003088010688576226,0.008332264826697688,0.011571868133724017,0.006317977076726322,0.029898101449529868,-8.545453545467652e-4,-4.0967363397914625e-4,0.00202399303073042,0.001894816096593921,-0.002194874283982795,4.4399980103015935e-4,0.08327708010786905,0.03195031658514402,-0.2772486884511851,-0.3209400871378296,0.19404227402216678,-0.16594993211373055,0.03000000000000025,0.8700000000000001,-0.28000000000000025,0.07000000000000028,-0.3799999999999999,0.21999999999999886,0,0.1800000000000006,-0.3200000000000003,0.05999999999999961,-0.5,-0.14000000000000057,0,-0.13999999999999968,0.28000000000000025,0.08999999999999986,-0.919999999999999,-0.5199999999999996,-0.02000000000000135,-0.1899999999999995,0.16999999999999993,0.040000000000000924,-0.6699999999999999,-0.39000000000000057,-0.040000000000000924,-0.09999999999999964,0.019999999999999574,0.05000000000000071,-0.6099999999999994,-0.41000000000000014,0.04046593256171338,0.014178888542543788,-0.02772782644003069,0.028112640936047484,0.05713309193523397,0.04842843510055772,21.8372,19.7586,22.7052,18.598,23.564,18.3427,0.5999999999999943,-2.3000000000000114,-3,4.5,-0.8000000000000114,3,1.6600000000000001,1.58,2.24,1.5899999999999999,1.2200000000000006,2.16,1.25,1.4800000000000004,1.3099999999999987,1.209999999999999,1.5,1.42
1987 Q2,-9.477455643569499e-4,0.00224982382448502,0.0035131786310813595,9.117325212422145e-4,2.852922388942858e-4,0.009395561771222916,0.004182911046418436,0.0011981568253651709,0.021810963941065076,0.02167709901088921,-0.002254203856538517,0.0034125624908329932,0.005166029302833941,0.0014471947964986853,0.009439539139524555,0.002549474375162397,-0.004037339462127143,-0.007148371663592279,0.004978220786508558,9.592601378614063e-4,0.020719031392408382,0.023446347656266298,0.006394566839805549,9.753769686309255e-4,0.013725437518298023,0.006762211194153878,0.044180271206716526,0.057095443199278506,0.0010572509542292607,-0.006961526518471928,-0.09999999999999964,0,-0.3000000000000007,0.09999999999999964,0,0,-0.026790733557765734,-0.04546237407675768,-0.0137225800188574,-0.0296447165849969,-0.04098392472868895,0.03117343139179063,0.0016893555002859273,0.002424747455627596,0.002001823223354293,0.0034682926879021636,-9.374858929689367e-4,8.797610044588566e-4,40.9,41,40.8,40.7,40.7,40.7,7.374001859350161,7.453561871643373,7.513709247839705,7.430707082545968,7.52131798019924,7.53689712956617,7.3277805384216315,7.440733707389261,7.551186867296149,7.430114138561801,7.489970898834801,7.484368643286131,-0.0060431307925163935,0.003549023548374386,0.011995690831615669,2.8333036021965796e-4,-0.0039111539759471015,0.00709179962549733,-0.0012641648700881802,9.429133706229109e-4,0.004676646206889679,4.683722619196473e-4,-0.0027160818338902715,0.0036992990032960194,0.005137705247256541,0.027826466511072567,0.006029867898369012,0.0072565001590501055,0.010452052295950587,0.034141715899082214,0.0013523090389764292,0.0042315019035825685,0.0165815802873448,0.0010738342220175667,0.005330152495925944,0.005628794286701044,0.0032134996577575237,6.0294486697642924e-5,0.001855432936244128,0.008211985116107101,-0.002461205747929185,-0.0040695487628461535,0.0017566205425065817,-1.2800860217154764e-5,0.0018034033460070376,0.0027301660211414003,9.069196567574878e-4,-0.003662980313769104,-0.045627034316191306,0.033054921689252836,-0.003088010688576226,0.008332264826697688,0.011571868133724017,0.006317977076726322,0.0012457744534239978,-8.545453545467652e-4,-4.0967363397914625e-4,0.00202399303073042,0.001894816096593921,-0.002194874283982795,-0.009190355664363992,0.08327708010786905,0.03195031658514402,-0.2772486884511851,-0.3209400871378296,0.19404227402216678,-0.11999999999999922,0.03000000000000025,0.8700000000000001,-0.28000000000000025,0.07000000000000028,-0.3799999999999999,0.009999999999999787,0,0.1800000000000006,-0.3200000000000003,0.05999999999999961,-0.5,-0.20999999999999908,0,-0.13999999999999968,0.28000000000000025,0.08999999999999986,-0.919999999999999,-0.009999999999999787,-0.02000000000000135,-0.1899999999999995,0.16999999999999993,0.040000000000000924,-0.6699999999999999,0.009999999999999787,-0.040000000000000924,-0.09999999999999964,0.019999999999999574,0.05000000000000071,-0.6099999999999994,0.04166563717009453,0.04046593256171338,0.014178888542543788,-0.02772782644003069,0.028112640936047484,0.05713309193523397,21.6245,21.8372,19.7586,22.7052,18.598,23.564,0.4000000000000057,0.5999999999999943,-2.3000000000000114,-3,4.5,-0.8000000000000114,2.7300000000000004,1.6600000000000001,1.58,2.24,1.5899999999999999,1.2200000000000006,1.1999999999999993,1.25,1.4800000000000004,1.3099999999999987,1.209999999999999,1.5
1987 Q3,8.821388009891962e-4,-9.477455643569499e-4,0.00224982382448502,0.0035131786310813595,9.117325212422145e-4,2.852922388942858e-4,-0.004719279868513837,0.004182911046418436,0.0011981568253651709,0.021810963941065076,0.02167709901088921,-0.002254203856538517,0.003931774012906786,0.005166029302833941,0.0014471947964986853,0.009439539139524555,0.002549474375162397,-0.004037339462127143,0.010960779381159469,0.004978220786508558,9.592601378614063e-4,0.020719031392408382,0.023446347656266298,0.006394566839805549,-0.013268228888369649,0.013725437518298023,0.006762211194153878,0.044180271206716526,0.057095443199278506,0.0010572509542292607,-0.09999999999999964,-0.09999999999999964,0,-0.3000000000000007,0.09999999999999964,0,-0.04990411361913338,-0.026790733557765734,-0.04546237407675768,-0.0137225800188574,-0.0296447165849969,-0.04098392472868895,0.0022139114798402915,0.0016893555002859273,0.002424747455627596,0.002001823223354293,0.0034682926879021636,-9.374858929689367e-4,40.8,40.9,41,40.8,40.7,40.7,7.43543801981455,7.374001859350161,7.453561871643373,7.513709247839705,7.430707082545968,7.52131798019924,7.322510433997394,7.3277805384216315,7.440733707389261,7.551186867296149,7.430114138561801,7.489970898834801,0.0010641579347066,-0.0060431307925163935,0.003549023548374386,0.011995690831615669,2.8333036021965796e-4,-0.0039111539759471015,7.395278934767546e-4,-0.0012641648700881802,9.429133706229109e-4,0.004676646206889679,4.683722619196473e-4,-0.0027160818338902715,0.00744018482142117,0.005137705247256541,0.027826466511072567,0.006029867898369012,0.0072565001590501055,0.010452052295950587,0.011718058477459437,0.0013523090389764292,0.0042315019035825685,0.0165815802873448,0.0010738342220175667,0.005330152495925944,-0.0032919273398945847,0.0032134996577575237,6.0294486697642924e-5,0.001855432936244128,0.008211985116107101,-0.002461205747929185,-8.905957739751003e-4,0.0017566205425065817,-1.2800860217154764e-5,0.0018034033460070376,0.0027301660211414003,9.069196567574878e-4,0.013083564126881164,-0.045627034316191306,0.033054921689252836,-0.003088010688576226,0.008332264826697688,0.011571868133724017,-5.787193987627504e-4,0.0012457744534239978,-8.545453545467652e-4,-4.0967363397914625e-4,0.00202399303073042,0.001894816096593921,0.014354261176493743,-0.009190355664363992,0.08327708010786905,0.03195031658514402,-0.2772486884511851,-0.3209400871378296,0.4899999999999993,-0.11999999999999922,0.03000000000000025,0.8700000000000001,-0.28000000000000025,0.07000000000000028,0.3600000000000003,0.009999999999999787,0,0.1800000000000006,-0.3200000000000003,0.05999999999999961,0.6600000000000001,-0.20999999999999908,0,-0.13999999999999968,0.28000000000000025,0.08999999999999986,0.5099999999999998,-0.009999999999999787,-0.02000000000000135,-0.1899999999999995,0.16999999999999993,0.040000000000000924,0.5099999999999998,0.009999999999999787,-0.040000000000000924,-0.09999999999999964,0.019999999999999574,0.05000000000000071,-0.033022596320249065,0.04166563717009453,0.04046593256171338,0.014178888542543788,-0.02772782644003069,0.028112640936047484,22.8938,21.6245,21.8372,19.7586,22.7052,18.598,-0.8000000000000114,0.4000000000000057,0.5999999999999943,-2.3000000000000114,-3,4.5,3.0199999999999996,2.7300000000000004,1.6600000000000001,1.58,2.24,1.5899999999999999,1.1300000000000008,1.1999999999999993,1.25,1.4800000000000004,1.3099999999999987,1.209999999999999
1987 Q4,0.011251606465574326,8.821388009891962e-4,-9.477455643569499e-4,0.00224982382448502,0.0035131786310813595,9.117325212422145e-4,0.007616766587600132,-0.004719279868513837,0.004182911046418436,0.0011981568253651709,0.021810963941065076,0.02167709901088921,0.005592546578943036,0.003931774012906786,0.005166029302833941,0.0014471947964986853,0.009439539139524555,0.002549474375162397,0.008437755563758031,0.010960779381159469,0.004978220786508558,9.592601378614063e-4,0.020719031392408382,0.023446347656266298,0.012400850763750526,-0.013268228888369649,0.013725437518298023,0.006762211194153878,0.044180271206716526,0.057095443199278506,-0.09999999999999964,-0.09999999999999964,-0.09999999999999964,0,-0.3000000000000007,0.09999999999999964,0.038374012881615016,-0.04990411361913338,-0.026790733557765734,-0.04546237407675768,-0.0137225800188574,-0.0296447165849969,0.0027918272711371372,0.0022139114798402915,0.0016893555002859273,0.002424747455627596,0.002001823223354293,0.0034682926879021636,41,40.8,40.9,41,40.8,40.7,7.24422751560335,7.43543801981455,7.374001859350161,7.453561871643373,7.513709247839705,7.430707082545968,7.20414929203594,7.322510433997394,7.3277805384216315,7.440733707389261,7.551186867296149,7.430114138561801,-1.5864461374803795e-5,0.0010641579347066,-0.0060431307925163935,0.003549023548374386,0.011995690831615669,2.8333036021965796e-4,0.0012015523118860116,7.395278934767546e-4,-0.0012641648700881802,9.429133706229109e-4,0.004676646206889679,4.683722619196473e-4,4.8104899517920074e-4,0.00744018482142117,0.005137705247256541,0.027826466511072567,0.006029867898369012,0.0072565001590501055,0.005490692414150011,0.011718058477459437,0.0013523090389764292,0.0042315019035825685,0.0165815802873448,0.0010738342220175667,-0.009153085446463649,-0.0032919273398945847,0.0032134996577575237,6.0294486697642924e-5,0.001855432936244128,0.008211985116107101,-0.0017406235464711983,-8.905957739751003e-4,0.0017566205425065817,-1.2800860217154764e-5,0.0018034033460070376,0.0027301660211414003,0.019243843739949362,0.013083564126881164,-0.045627034316191306,0.033054921689252836,-0.003088010688576226,0.008332264826697688,-4.0860008981180584e-5,-5.787193987627504e-4,0.0012457744534239978,-8.545453545467652e-4,-4.0967363397914625e-4,0.00202399303073042,-0.04504561266425133,0.014354261176493743,-0.009190355664363992,0.08327708010786905,0.03195031658514402,-0.2772486884511851,0.07999999999999918,0.4899999999999993,-0.11999999999999922,0.03000000000000025,0.8700000000000001,-0.28000000000000025,0.07999999999999918,0.3600000000000003,0.009999999999999787,0,0.1800000000000006,-0.3200000000000003,0.13000000000000078,0.6600000000000001,-0.20999999999999908,0,-0.13999999999999968,0.28000000000000025,0.09999999999999964,0.5099999999999998,-0.009999999999999787,-0.02000000000000135,-0.1899999999999995,0.16999999999999993,0.05999999999999872,0.5099999999999998,0.009999999999999787,-0.040000000000000924,-0.09999999999999964,0.019999999999999574,-0.01646127705407263,-0.033022596320249065,0.04166563717009453,0.04046593256171338,0.014178888542543788,-0.02772782644003069,41.764,22.8938,21.6245,21.8372,19.7586,22.7052,3.700000000000003,-0.8000000000000114,0.4000000000000057,0.5999999999999943,-2.3000000000000114,-3,3.2200000000000006,3.0199999999999996,2.7300000000000004,1.6600000000000001,1.58,2.24,1.1799999999999997,1.1300000000000008,1.1999999999999993,1.25,1.4800000000000004,1.3099999999999987
1988 Q1,0.002652689078775694,0.011251606465574326,8.821388009891962e-4,-9.477455643569499e-4,0.00224982382448502,0.0035131786310813595,0.008635249832654956,0.007616766587600132,-0.004719279868513837,0.004182911046418436,0.0011981568253651709,0.021810963941065076,0.002464822424946611,0.005592546578943036,0.003931774012906786,0.005166029302833941,0.0014471947964986853,0.009439539139524555,0.015890482743317946,0.008437755563758031,0.010960779381159469,0.004978220786508558,9.592601378614063e-4,0.020719031392408382,0.017074872744011316,0.012400850763750526,-0.013268228888369649,0.013725437518298023,0.006762211194153878,0.044180271206716526,0,-0.09999999999999964,-0.09999999999999964,-0.09999999999999964,0,-0.3000000000000007,-0.042457317860986166,0.038374012881615016,-0.04990411361913338,-0.026790733557765734,-0.04546237407675768,-0.0137225800188574,0.002635325406485478,0.0027918272711371372,0.0022139114798402915,0.0016893555002859273,0.002424747455627596,0.002001823223354293,40.9,41,40.8,40.9,41,40.8,7.3343293503005365,7.24422751560335,7.43543801981455,7.374001859350161,7.453561871643373,7.513709247839705,7.329749689041512,7.20414929203594,7.322510433997394,7.3277805384216315,7.440733707389261,7.551186867296149,0.0034148876266808514,-1.5864461374803795e-5,0.0010641579347066,-0.0060431307925163935,0.003549023548374386,0.011995690831615669,-9.97801239162932e-4,0.0012015523118860116,7.395278934767546e-4,-0.0012641648700881802,9.429133706229109e-4,0.004676646206889679,0.031556640250155255,4.8104899517920074e-4,0.00744018482142117,0.005137705247256541,0.027826466511072567,0.006029867898369012,0.0025924627343067996,0.005490692414150011,0.011718058477459437,0.0013523090389764292,0.0042315019035825685,0.0165815802873448,-2.0789752207051038e-4,-0.009153085446463649,-0.0032919273398945847,0.0032134996577575237,6.0294486697642924e-5,0.001855432936244128,8.557752764977167e-4,-0.0017406235464711983,-8.905957739751003e-4,0.0017566205425065817,-1.2800860217154764e-5,0.0018034033460070376,0.051160106335220945,0.019243843739949362,0.013083564126881164,-0.045627034316191306,0.033054921689252836,-0.003088010688576226,0.0019407855278101849,-4.0860008981180584e-5,-5.787193987627504e-4,0.0012457744534239978,-8.545453545467652e-4,-4.0967363397914625e-4,-0.00994559103933046,-0.04504561266425133,0.014354261176493743,-0.009190355664363992,0.08327708010786905,0.03195031658514402,0,0.07999999999999918,0.4899999999999993,-0.11999999999999922,0.03000000000000025,0.8700000000000001,0.040000000000000036,0.07999999999999918,0.3600000000000003,0.009999999999999787,0,0.1800000000000006,0.15999999999999837,0.13000000000000078,0.6600000000000001,-0.20999999999999908,0,-0.13999999999999968,-0.009999999999999787,0.09999999999999964,0.5099999999999998,-0.009999999999999787,-0.02000000000000135,-0.1899999999999995,-0.049999999999998934,0.05999999999999872,0.5099999999999998,0.009999999999999787,-0.040000000000000924,-0.09999999999999964,0.02902074604119953,-0.01646127705407263,-0.033022596320249065,0.04166563717009453,0.04046593256171338,0.014178888542543788,29.3569,41.764,22.8938,21.6245,21.8372,19.7586,3,3.700000000000003,-0.8000000000000114,0.4000000000000057,0.5999999999999943,-2.3000000000000114,2.669999999999999,3.2200000000000006,3.0199999999999996,2.7300000000000004,1.6600000000000001,1.58,1.1799999999999997,1.1799999999999997,1.1300000000000008,1.1999999999999993,1.25,1.4800000000000004
1988 Q2,0.0035490764059833424,0.002652689078775694,0.011251606465574326,8.821388009891962e-4,-9.477455643569499e-4,0.00224982382448502,0.0032718159202831387,0.008635249832654956,0.007616766587600132,-0.004719279868513837,0.004182911046418436,0.0011981568253651709,0.00289692739416747,0.002464822424946611,0.005592546578943036,0.003931774012906786,0.005166029302833941,0.0014471947964986853,0.009755802887456255,0.015890482743317946,0.008437755563758031,0.010960779381159469,0.004978220786508558,9.592601378614063e-4,0.004785818646730888,0.017074872744011316,0.012400850763750526,-0.013268228888369649,0.013725437518298023,0.006762211194153878,-0.1999999999999993,0,-0.09999999999999964,-0.09999999999999964,-0.09999999999999964,0,-0.01768534840154068,-0.042457317860986166,0.038374012881615016,-0.04990411361913338,-0.026790733557765734,-0.04546237407675768,0.0034619223497500684,0.002635325406485478,0.0027918272711371372,0.0022139114798402915,0.0016893555002859273,0.002424747455627596,41.1,40.9,41,40.8,40.9,41,7.298445101508147,7.3343293503005365,7.24422751560335,7.43543801981455,7.374001859350161,7.453561871643373,7.3031700512368,7.329749689041512,7.20414929203594,7.322510433997394,7.3277805384216315,7.440733707389261,0.0038402400428632077,0.0034148876266808514,-1.5864461374803795e-5,0.0010641579347066,-0.0060431307925163935,0.003549023548374386,-0.0010137875884357328,-9.97801239162932e-4,0.0012015523118860116,7.395278934767546e-4,-0.0012641648700881802,9.429133706229109e-4,0.014381216279197417,0.031556640250155255,4.8104899517920074e-4,0.00744018482142117,0.005137705247256541,0.027826466511072567,-0.0024100392433954454,0.0025924627343067996,0.005490692414150011,0.011718058477459437,0.0013523090389764292,0.0042315019035825685,-0.002959285552256219,-2.0789752207051038e-4,-0.009153085446463649,-0.0032919273398945847,0.0032134996577575237,6.0294486697642924e-5,0.0016898344401505838,8.557752764977167e-4,-0.0017406235464711983,-8.905957739751003e-4,0.0017566205425065817,-1.2800860217154764e-5,-0.028033918426427995,0.051160106335220945,0.019243843739949362,0.013083564126881164,-0.045627034316191306,0.033054921689252836,0.0013442108952919085,0.0019407855278101849,-4.0860008981180584e-5,-5.787193987627504e-4,0.0012457744534239978,-8.545453545467652e-4,-0.02872346559824246,-0.00994559103933046,-0.04504561266425133,0.014354261176493743,-0.009190355664363992,0.08327708010786905,0.41999999999999993,0,0.07999999999999918,0.4899999999999993,-0.11999999999999922,0.03000000000000025,0.20000000000000018,0.040000000000000036,0.07999999999999918,0.3600000000000003,0.009999999999999787,0,-0.16999999999999993,0.15999999999999837,0.13000000000000078,0.6600000000000001,-0.20999999999999908,0,-0.040000000000000924,-0.009999999999999787,0.09999999999999964,0.5099999999999998,-0.009999999999999787,-0.02000000000000135,-0.03999999999999915,-0.049999999999998934,0.05999999999999872,0.5099999999999998,0.009999999999999787,-0.040000000000000924,0.05544320341477604,0.02902074604119953,-0.01646127705407263,-0.033022596320249065,0.04166563717009453,0.04046593256171338,25.2709,29.3569,41.764,22.8938,21.6245,21.8372,-0.09999999999999432,3,3.700000000000003,-0.8000000000000114,0.4000000000000057,0.5999999999999943,2.46,2.669999999999999,3.2200000000000006,3.0199999999999996,2.7300000000000004,1.6600000000000001,1.1400000000000006,1.1799999999999997,1.1799999999999997,1.1300000000000008,1.1999999999999993,1.25
1988 Q3,0.0019538066191664427,0.0035490764059833424,0.002652689078775694,0.011251606465574326,8.821388009891962e-4,-9.477455643569499e-4,-0.002790496687594679,0.0032718159202831387,0.008635249832654956,0.007616766587600132,-0.004719279868513837,0.004182911046418436,-0.003129633358873285,0.00289692739416747,0.002464822424946611,0.005592546578943036,0.003931774012906786,0.005166029302833941,0.00394778117064476,0.009755802887456255,0.015890482743317946,0.008437755563758031,0.010960779381159469,0.004978220786508558,-0.003269718000408872,0.004785818646730888,0.017074872744011316,0.012400850763750526,-0.013268228888369649,0.013725437518298023,-0.1999999999999993,-0.1999999999999993,0,-0.09999999999999964,-0.09999999999999964,-0.09999999999999964,-0.033107585774505566,-0.01768534840154068,-0.042457317860986166,0.038374012881615016,-0.04990411361913338,-0.026790733557765734,0.0032028446696727997,0.0034619223497500684,0.002635325406485478,0.0027918272711371372,0.0022139114798402915,0.0016893555002859273,41,41.1,40.9,41,40.8,40.9,7.307872780763706,7.298445101508147,7.3343293503005365,7.24422751560335,7.43543801981455,7.374001859350161,7.269616749608169,7.3031700512368,7.329749689041512,7.20414929203594,7.322510433997394,7.3277805384216315,-0.001918052066596232,0.0038402400428632077,0.0034148876266808514,-1.5864461374803795e-5,0.0010641579347066,-0.0060431307925163935,3.1175842051922587e-5,-0.0010137875884357328,-9.97801239162932e-4,0.0012015523118860116,7.395278934767546e-4,-0.0012641648700881802,0.005086950722001937,0.014381216279197417,0.031556640250155255,4.8104899517920074e-4,0.00744018482142117,0.005137705247256541,5.4372683402093e-4,-0.0024100392433954454,0.0025924627343067996,0.005490692414150011,0.011718058477459437,0.0013523090389764292,-0.006934242549355929,-0.002959285552256219,-2.0789752207051038e-4,-0.009153085446463649,-0.0032919273398945847,0.0032134996577575237,-1.7654276307510486e-5,0.0016898344401505838,8.557752764977167e-4,-0.0017406235464711983,-8.905957739751003e-4,0.0017566205425065817,-0.0028069135378894217,-0.028033918426427995,0.051160106335220945,0.019243843739949362,0.013083564126881164,-0.045627034316191306,0.0019049413179681451,0.0013442108952919085,0.0019407855278101849,-4.0860008981180584e-5,-5.787193987627504e-4,0.0012457744534239978,-0.07219325002410804,-0.02872346559824246,-0.00994559103933046,-0.04504561266425133,0.014354261176493743,-0.009190355664363992,0.17999999999999972,0.41999999999999993,0,0.07999999999999918,0.4899999999999993,-0.11999999999999922,0.1800000000000006,0.20000000000000018,0.040000000000000036,0.07999999999999918,0.3600000000000003,0.009999999999999787,-0.27999999999999936,-0.16999999999999993,0.15999999999999837,0.13000000000000078,0.6600000000000001,-0.20999999999999908,-0.28999999999999915,-0.040000000000000924,-0.009999999999999787,0.09999999999999964,0.5099999999999998,-0.009999999999999787,-0.3100000000000005,-0.03999999999999915,-0.049999999999998934,0.05999999999999872,0.5099999999999998,0.009999999999999787,0.016174887151615636,0.05544320341477604,0.02902074604119953,-0.01646127705407263,-0.033022596320249065,0.04166563717009453,19.5242,25.2709,29.3569,41.764,22.8938,21.6245,-0.10000000000000853,-0.09999999999999432,3,3.700000000000003,-0.8000000000000114,0.4000000000000057,1.7400000000000002,2.46,2.669999999999999,3.2200000000000006,3.0199999999999996,2.7300000000000004,1.08,1.1400000000000006,1.1799999999999997,1.1799999999999997,1.1300000000000008,1.1999999999999993
1988 Q4,0.005040779966945408,0.0019538066191664427,0.0035490764059833424,0.002652689078775694,0.011251606465574326,8.821388009891962e-4,0.005428240108161564,-0.002790496687594679,0.0032718159202831387,0.008635249832654956,0.007616766587600132,-0.004719279868513837,0.00451930917807708,-0.003129633358873285,0.00289692739416747,0.002464822424946611,0.005592546578943036,0.003931774012906786,0.012950502698584998,0.00394778117064476,0.009755802887456255,0.015890482743317946,0.008437755563758031,0.010960779381159469,0.007133524893566445,-0.003269718000408872,0.004785818646730888,0.017074872744011316,0.012400850763750526,-0.013268228888369649,0,-0.1999999999999993,-0.1999999999999993,0,-0.09999999999999964,-0.09999999999999964,0.009251393720530743,-0.033107585774505566,-0.01768534840154068,-0.042457317860986166,0.038374012881615016,-0.04990411361913338,0.002632135093401544,0.0032028446696727997,0.0034619223497500684,0.002635325406485478,0.0027918272711371372,0.0022139114798402915,40.9,41,41.1,40.9,41,40.8,7.354362330421477,7.307872780763706,7.298445101508147,7.3343293503005365,7.24422751560335,7.43543801981455,7.313886831633462,7.269616749608169,7.3031700512368,7.329749689041512,7.20414929203594,7.322510433997394,2.501034428536997e-4,-0.001918052066596232,0.0038402400428632077,0.0034148876266808514,-1.5864461374803795e-5,0.0010641579347066,-0.002331417513857126,3.1175842051922587e-5,-0.0010137875884357328,-9.97801239162932e-4,0.0012015523118860116,7.395278934767546e-4,0.002637609244062311,0.005086950722001937,0.014381216279197417,0.031556640250155255,4.8104899517920074e-4,0.00744018482142117,0.0026939244764250247,5.4372683402093e-4,-0.0024100392433954454,0.0025924627343067996,0.005490692414150011,0.011718058477459437,5.475790909148515e-4,-0.006934242549355929,-0.002959285552256219,-2.0789752207051038e-4,-0.009153085446463649,-0.0032919273398945847,-1.1055824312933282e-5,-1.7654276307510486e-5,0.0016898344401505838,8.557752764977167e-4,-0.0017406235464711983,-8.905957739751003e-4,0.006023419356511184,-0.0028069135378894217,-0.028033918426427995,0.051160106335220945,0.019243843739949362,0.013083564126881164,7.995764054395949e-4,0.0019049413179681451,0.0013442108952919085,0.0019407855278101849,-4.0860008981180584e-5,-5.787193987627504e-4,0.13877445086296092,-0.07219325002410804,-0.02872346559824246,-0.00994559103933046,-0.04504561266425133,0.014354261176493743,0.41000000000000014,0.17999999999999972,0.41999999999999993,0,0.07999999999999918,0.4899999999999993,0.3100000000000005,0.1800000000000006,0.20000000000000018,0.040000000000000036,0.07999999999999918,0.3600000000000003,0.14999999999999858,-0.27999999999999936,-0.16999999999999993,0.15999999999999837,0.13000000000000078,0.6600000000000001,0.120000000000001,-0.28999999999999915,-0.040000000000000924,-0.009999999999999787,0.09999999999999964,0.5099999999999998,0.16999999999999993,-0.3100000000000005,-0.03999999999999915,-0.049999999999998934,0.05999999999999872,0.5099999999999998,0.02009200008268852,0.016174887151615636,0.05544320341477604,0.02902074604119953,-0.01646127705407263,-0.033022596320249065,17.7542,19.5242,25.2709,29.3569,41.764,22.8938,-1.0999999999999943,-0.10000000000000853,-0.09999999999999432,3,3.700000000000003,-0.8000000000000114,1.0399999999999991,1.7400000000000002,2.46,2.669999999999999,3.2200000000000006,3.0199999999999996,1.08,1.08,1.1400000000000006,1.1799999999999997,1.1799999999999997,1.1300000000000008
1989 Q1,0.005198170472517916,0.005040779966945408,0.0019538066191664427,0.0035490764059833424,0.002652689078775694,0.011251606465574326,-6.448839432433573e-4,0.005428240108161564,-0.002790496687594679,0.0032718159202831387,0.008635249832654956,0.007616766587600132,0.002497608429581355,0.00451930917807708,-0.003129633358873285,0.00289692739416747,0.002464822424946611,0.005592546578943036,-0.005970350092306731,0.012950502698584998,0.00394778117064476,0.009755802887456255,0.015890482743317946,0.008437755563758031,0.005712473732165435,0.007133524893566445,-0.003269718000408872,0.004785818646730888,0.017074872744011316,0.012400850763750526,-0.20000000000000018,0,-0.1999999999999993,-0.1999999999999993,0,-0.09999999999999964,0.05834655088965057,0.009251393720530743,-0.033107585774505566,-0.01768534840154068,-0.042457317860986166,0.038374012881615016,0.0018042488433049897,0.002632135093401544,0.0032028446696727997,0.0034619223497500684,0.002635325406485478,0.0027918272711371372,41.1,40.9,41,41.1,40.9,41,7.259819610363186,7.354362330421477,7.307872780763706,7.298445101508147,7.3343293503005365,7.24422751560335,7.101675971619444,7.313886831633462,7.269616749608169,7.3031700512368,7.329749689041512,7.20414929203594,0.0013999646415170375,2.501034428536997e-4,-0.001918052066596232,0.0038402400428632077,0.0034148876266808514,-1.5864461374803795e-5,0.002336265777227453,-0.002331417513857126,3.1175842051922587e-5,-0.0010137875884357328,-9.97801239162932e-4,0.0012015523118860116,0.037387894007959055,0.002637609244062311,0.005086950722001937,0.014381216279197417,0.031556640250155255,4.8104899517920074e-4,-0.018800659713490653,0.0026939244764250247,5.4372683402093e-4,-0.0024100392433954454,0.0025924627343067996,0.005490692414150011,0.003222426852570237,5.475790909148515e-4,-0.006934242549355929,-0.002959285552256219,-2.0789752207051038e-4,-0.009153085446463649,0.0016271813085753095,-1.1055824312933282e-5,-1.7654276307510486e-5,0.0016898344401505838,8.557752764977167e-4,-0.0017406235464711983,0.019840412608106206,0.006023419356511184,-0.0028069135378894217,-0.028033918426427995,0.051160106335220945,0.019243843739949362,3.953643369252191e-4,7.995764054395949e-4,0.0019049413179681451,0.0013442108952919085,0.0019407855278101849,-4.0860008981180584e-5,0.09570070337371916,0.13877445086296092,-0.07219325002410804,-0.02872346559824246,-0.00994559103933046,-0.04504561266425133,0.4900000000000002,0.41000000000000014,0.17999999999999972,0.41999999999999993,0,0.07999999999999918,0.2900000000000009,0.3100000000000005,0.1800000000000006,0.20000000000000018,0.040000000000000036,0.07999999999999918,0.1899999999999995,0.14999999999999858,-0.27999999999999936,-0.16999999999999993,0.15999999999999837,0.13000000000000078,0.16000000000000014,0.120000000000001,-0.28999999999999915,-0.040000000000000924,-0.009999999999999787,0.09999999999999964,0.0600000000000005,0.16999999999999993,-0.3100000000000005,-0.03999999999999915,-0.049999999999998934,0.05999999999999872,-0.004431573640840902,0.02009200008268852,0.016174887151615636,0.05544320341477604,0.02902074604119953,-0.01646127705407263,17.4754,17.7542,19.5242,25.2709,29.3569,41.764,-1.1000000000000085,-1.0999999999999943,-0.10000000000000853,-0.09999999999999432,3,3.700000000000003,0.5399999999999991,1.0399999999999991,1.7400000000000002,2.46,2.669999999999999,3.2200000000000006,0.8699999999999992,1.08,1.08,1.1400000000000006,1.1799999999999997,1.1799999999999997
1989 Q2,0.0027962573914575017,0.005198170472517916,0.005040779966945408,0.0019538066191664427,0.0035490764059833424,0.002652689078775694,0.001966989430913557,-6.448839432433573e-4,0.005428240108161564,-0.002790496687594679,0.0032718159202831387,0.008635249832654956,-7.60861911217603e-5,0.002497608429581355,0.00451930917807708,-0.003129633358873285,0.00289692739416747,0.002464822424946611,-0.0030885661119768315,-0.005970350092306731,0.012950502698584998,0.00394778117064476,0.009755802887456255,0.015890482743317946,3.005713862176407e-4,0.005712473732165435,0.007133524893566445,-0.003269718000408872,0.004785818646730888,0.017074872744011316,0.09999999999999964,-0.20000000000000018,0,-0.1999999999999993,-0.1999999999999993,0,0.025856953836299823,0.05834655088965057,0.009251393720530743,-0.033107585774505566,-0.01768534840154068,-0.042457317860986166,0.0010558489449916664,0.0018042488433049897,0.002632135093401544,0.0032028446696727997,0.0034619223497500684,0.002635325406485478,40.9,41.1,40.9,41,41.1,40.9,7.242082359256962,7.259819610363186,7.354362330421477,7.307872780763706,7.298445101508147,7.3343293503005365,7.186901020411631,7.101675971619444,7.313886831633462,7.269616749608169,7.3031700512368,7.329749689041512,0.003467363634751308,0.0013999646415170375,2.501034428536997e-4,-0.001918052066596232,0.0038402400428632077,0.0034148876266808514,0.0035366032739077014,0.002336265777227453,-0.002331417513857126,3.1175842051922587e-5,-0.0010137875884357328,-9.97801239162932e-4,0.014544630761971433,0.037387894007959055,0.002637609244062311,0.005086950722001937,0.014381216279197417,0.031556640250155255,-0.008569955015173214,-0.018800659713490653,0.0026939244764250247,5.4372683402093e-4,-0.0024100392433954454,0.0025924627343067996,-0.0019732234399558735,0.003222426852570237,5.475790909148515e-4,-0.006934242549355929,-0.002959285552256219,-2.0789752207051038e-4,-0.001633833395915829,0.0016271813085753095,-1.1055824312933282e-5,-1.7654276307510486e-5,0.0016898344401505838,8.557752764977167e-4,0.0026828991616092424,0.019840412608106206,0.006023419356511184,-0.0028069135378894217,-0.028033918426427995,0.051160106335220945,-0.0014601379742913423,3.953643369252191e-4,7.995764054395949e-4,0.0019049413179681451,0.0013442108952919085,0.0019407855278101849,0.047745640343331175,0.09570070337371916,0.13877445086296092,-0.07219325002410804,-0.02872346559824246,-0.00994559103933046,-0.28000000000000114,0.4900000000000002,0.41000000000000014,0.17999999999999972,0.41999999999999993,0,-0.27999999999999936,0.2900000000000009,0.3100000000000005,0.1800000000000006,0.20000000000000018,0.040000000000000036,-0.5800000000000001,0.1899999999999995,0.14999999999999858,-0.27999999999999936,-0.16999999999999993,0.15999999999999837,-0.47000000000000064,0.16000000000000014,0.120000000000001,-0.28999999999999915,-0.040000000000000924,-0.009999999999999787,-0.4300000000000015,0.0600000000000005,0.16999999999999993,-0.3100000000000005,-0.03999999999999915,-0.049999999999998934,0.030742697084290782,-0.004431573640840902,0.02009200008268852,0.016174887151615636,0.05544320341477604,0.02902074604119953,16.7322,17.4754,17.7542,19.5242,25.2709,29.3569,-0.10000000000000853,-1.1000000000000085,-1.0999999999999943,-0.10000000000000853,-0.09999999999999432,3,0.129999999999999,0.5399999999999991,1.0399999999999991,1.7400000000000002,2.46,2.669999999999999,0.9299999999999997,0.8699999999999992,1.08,1.08,1.1400000000000006,1.1799999999999997
1989 Q3,0.002765334374959849,0.0027962573914575017,0.005198170472517916,0.005040779966945408,0.0019538066191664427,0.0035490764059833424,-0.001879084657762764,0.001966989430913557,-6.448839432433573e-4,0.005428240108161564,-0.002790496687594679,0.0032718159202831387,-0.003138966589546932,-7.60861911217603e-5,0.002497608429581355,0.00451930917807708,-0.003129633358873285,0.00289692739416747,-0.007031092037259157,-0.0030885661119768315,-0.005970350092306731,0.012950502698584998,0.00394778117064476,0.009755802887456255,-9.774323855946676e-4,3.005713862176407e-4,0.005712473732165435,0.007133524893566445,-0.003269718000408872,0.004785818646730888,0.09999999999999964,0.09999999999999964,-0.20000000000000018,0,-0.1999999999999993,-0.1999999999999993,0.004474280394921593,0.025856953836299823,0.05834655088965057,0.009251393720530743,-0.033107585774505566,-0.01768534840154068,0.002300348838053523,0.0010558489449916664,0.0018042488433049897,0.002632135093401544,0.0032028446696727997,0.0034619223497500684,40.8,40.9,41.1,40.9,41,41.1,7.153833801578843,7.242082359256962,7.259819610363186,7.354362330421477,7.307872780763706,7.298445101508147,7.1808311990445555,7.186901020411631,7.101675971619444,7.313886831633462,7.269616749608169,7.3031700512368,-4.214247885769851e-6,0.003467363634751308,0.0013999646415170375,2.501034428536997e-4,-0.001918052066596232,0.0038402400428632077,-0.0013115288191443142,0.0035366032739077014,0.002336265777227453,-0.002331417513857126,3.1175842051922587e-5,-0.0010137875884357328,0.006672420440081872,0.014544630761971433,0.037387894007959055,0.002637609244062311,0.005086950722001937,0.014381216279197417,-0.0037202050434368417,-0.008569955015173214,-0.018800659713490653,0.0026939244764250247,5.4372683402093e-4,-0.0024100392433954454,0.002333044987226529,-0.0019732234399558735,0.003222426852570237,5.475790909148515e-4,-0.006934242549355929,-0.002959285552256219,0.002406740030565402,-0.001633833395915829,0.0016271813085753095,-1.1055824312933282e-5,-1.7654276307510486e-5,0.0016898344401505838,0.024591114694628047,0.0026828991616092424,0.019840412608106206,0.006023419356511184,-0.0028069135378894217,-0.028033918426427995,0.002103108465853154,-0.0014601379742913423,3.953643369252191e-4,7.995764054395949e-4,0.0019049413179681451,0.0013442108952919085,0.11507691560329425,0.047745640343331175,0.09570070337371916,0.13877445086296092,-0.07219325002410804,-0.02872346559824246,0.02999999999999936,-0.28000000000000114,0.4900000000000002,0.41000000000000014,0.17999999999999972,0.41999999999999993,-0.15000000000000036,-0.27999999999999936,0.2900000000000009,0.3100000000000005,0.1800000000000006,0.20000000000000018,0.08000000000000007,-0.5800000000000001,0.1899999999999995,0.14999999999999858,-0.27999999999999936,-0.16999999999999993,0.049999999999998934,-0.47000000000000064,0.16000000000000014,0.120000000000001,-0.28999999999999915,-0.040000000000000924,0.02999999999999936,-0.4300000000000015,0.0600000000000005,0.16999999999999993,-0.3100000000000005,-0.03999999999999915,0.002017582468522683,0.030742697084290782,-0.004431573640840902,0.02009200008268852,0.016174887151615636,0.05544320341477604,16.7465,16.7322,17.4754,17.7542,19.5242,25.2709,6.200000000000003,-0.10000000000000853,-1.1000000000000085,-1.0999999999999943,-0.10000000000000853,-0.09999999999999432,0.4399999999999995,0.129999999999999,0.5399999999999991,1.0399999999999991,1.7400000000000002,2.46,0.9000000000000004,0.9299999999999997,0.8699999999999992,1.08,1.08,1.1400000000000006
1989 Q4,8.295165960650053e-4,0.002765334374959849,0.0027962573914575017,0.005198170472517916,0.005040779966945408,0.0019538066191664427,0.008251636093428605,-0.001879084657762764,0.001966989430913557,-6.448839432433573e-4,0.005428240108161564,-0.002790496687594679,0.005469228290109207,-0.003138966589546932,-7.60861911217603e-5,0.002497608429581355,0.00451930917807708,-0.003129633358873285,0.003299714268969467,-0.007031092037259157,-0.0030885661119768315,-0.005970350092306731,0.012950502698584998,0.00394778117064476,0.002581615380815805,-9.774323855946676e-4,3.005713862176407e-4,0.005712473732165435,0.007133524893566445,-0.003269718000408872,0,0.09999999999999964,0.09999999999999964,-0.20000000000000018,0,-0.1999999999999993,0.05334019582754124,0.004474280394921593,0.025856953836299823,0.05834655088965057,0.009251393720530743,-0.033107585774505566,7.721014410062566e-4,0.002300348838053523,0.0010558489449916664,0.0018042488433049897,0.002632135093401544,0.0032028446696727997,40.5,40.8,40.9,41.1,40.9,41,7.1316985104669115,7.153833801578843,7.242082359256962,7.259819610363186,7.354362330421477,7.307872780763706,7.259819610363186,7.1808311990445555,7.186901020411631,7.101675971619444,7.313886831633462,7.269616749608169,0.004674613772777114,-4.214247885769851e-6,0.003467363634751308,0.0013999646415170375,2.501034428536997e-4,-0.001918052066596232,-3.7549715754536805e-5,-0.0013115288191443142,0.0035366032739077014,0.002336265777227453,-0.002331417513857126,3.1175842051922587e-5,0.009746281995893114,0.006672420440081872,0.014544630761971433,0.037387894007959055,0.002637609244062311,0.005086950722001937,-0.003333758930672559,-0.0037202050434368417,-0.008569955015173214,-0.018800659713490653,0.0026939244764250247,5.4372683402093e-4,-0.002309747436203935,0.002333044987226529,-0.0019732234399558735,0.003222426852570237,5.475790909148515e-4,-0.006934242549355929,-8.072245453369931e-4,0.002406740030565402,-0.001633833395915829,0.0016271813085753095,-1.1055824312933282e-5,-1.7654276307510486e-5,-0.02519612376236946,0.024591114694628047,0.0026828991616092424,0.019840412608106206,0.006023419356511184,-0.0028069135378894217,7.182627928647989e-4,0.002103108465853154,-0.0014601379742913423,3.953643369252191e-4,7.995764054395949e-4,0.0019049413179681451,0.07559305411243589,0.11507691560329425,0.047745640343331175,0.09570070337371916,0.13877445086296092,-0.07219325002410804,-0.10000000000000142,0.02999999999999936,-0.28000000000000114,0.4900000000000002,0.41000000000000014,0.17999999999999972,-0.0600000000000005,-0.15000000000000036,-0.27999999999999936,0.2900000000000009,0.3100000000000005,0.1800000000000006,-0.03000000000000025,0.08000000000000007,-0.5800000000000001,0.1899999999999995,0.14999999999999858,-0.27999999999999936,-0.030000000000001137,0.049999999999998934,-0.47000000000000064,0.16000000000000014,0.120000000000001,-0.28999999999999915,0.009999999999999787,0.02999999999999936,-0.4300000000000015,0.0600000000000005,0.16999999999999993,-0.3100000000000005,0.024391453124159135,0.002017582468522683,0.030742697084290782,-0.004431573640840902,0.02009200008268852,0.016174887151615636,18.235,16.7465,16.7322,17.4754,17.7542,19.5242,-0.4000000000000057,6.200000000000003,-0.10000000000000853,-1.1000000000000085,-1.0999999999999943,-0.10000000000000853,0.20999999999999996,0.4399999999999995,0.129999999999999,0.5399999999999991,1.0399999999999991,1.7400000000000002,0.9600000000000009,0.9000000000000004,0.9299999999999997,0.8699999999999992,1.08,1.08
1990 Q1,9.683675118417057e-4,8.295165960650053e-4,0.002765334374959849,0.0027962573914575017,0.005198170472517916,0.005040779966945408,0.0033697196928819118,0.008251636093428605,-0.001879084657762764,0.001966989430913557,-6.448839432433573e-4,0.005428240108161564,0.004969202991748745,0.005469228290109207,-0.003138966589546932,-7.60861911217603e-5,0.002497608429581355,0.00451930917807708,0.005810420548183259,0.003299714268969467,-0.007031092037259157,-0.0030885661119768315,-0.005970350092306731,0.012950502698584998,0.0038209737659133935,0.002581615380815805,-9.774323855946676e-4,3.005713862176407e-4,0.005712473732165435,0.007133524893566445,-0.09999999999999964,0,0.09999999999999964,0.09999999999999964,-0.20000000000000018,0,-0.0371071074990077,0.05334019582754124,0.004474280394921593,0.025856953836299823,0.05834655088965057,0.009251393720530743,0.001862367935904885,7.721014410062566e-4,0.002300348838053523,0.0010558489449916664,0.0018042488433049897,0.002632135093401544,40.6,40.5,40.8,40.9,41.1,40.9,7.161622002939187,7.1316985104669115,7.153833801578843,7.242082359256962,7.259819610363186,7.354362330421477,7.1276936993473985,7.259819610363186,7.1808311990445555,7.186901020411631,7.101675971619444,7.313886831633462,8.622990592721536e-4,0.004674613772777114,-4.214247885769851e-6,0.003467363634751308,0.0013999646415170375,2.501034428536997e-4,-4.853070478887389e-4,-3.7549715754536805e-5,-0.0013115288191443142,0.0035366032739077014,0.002336265777227453,-0.002331417513857126,0.03480003447746416,0.009746281995893114,0.006672420440081872,0.014544630761971433,0.037387894007959055,0.002637609244062311,0.0015161326038555245,-0.003333758930672559,-0.0037202050434368417,-0.008569955015173214,-0.018800659713490653,0.0026939244764250247,0.0011765497927314073,-0.002309747436203935,0.002333044987226529,-0.0019732234399558735,0.003222426852570237,5.475790909148515e-4,7.626485627660884e-4,-8.072245453369931e-4,0.002406740030565402,-0.001633833395915829,0.0016271813085753095,-1.1055824312933282e-5,0.0803206956079503,-0.02519612376236946,0.024591114694628047,0.0026828991616092424,0.019840412608106206,0.006023419356511184,-6.288879100564415e-4,7.182627928647989e-4,0.002103108465853154,-0.0014601379742913423,3.953643369252191e-4,7.995764054395949e-4,-0.055699781224368916,0.07559305411243589,0.11507691560329425,0.047745640343331175,0.09570070337371916,0.13877445086296092,0.03999999999999915,-0.10000000000000142,0.02999999999999936,-0.28000000000000114,0.4900000000000002,0.41000000000000014,0.16000000000000014,-0.0600000000000005,-0.15000000000000036,-0.27999999999999936,0.2900000000000009,0.3100000000000005,0.11999999999999922,-0.03000000000000025,0.08000000000000007,-0.5800000000000001,0.1899999999999995,0.14999999999999858,0.14999999999999858,-0.030000000000001137,0.049999999999998934,-0.47000000000000064,0.16000000000000014,0.120000000000001,0.07000000000000028,0.009999999999999787,0.02999999999999936,-0.4300000000000015,0.0600000000000005,0.16999999999999993,0.023950555063477985,0.024391453124159135,0.002017582468522683,0.030742697084290782,-0.004431573640840902,0.02009200008268852,18.8313,18.235,16.7465,16.7322,17.4754,17.7542,1.7999999999999972,-0.4000000000000057,6.200000000000003,-0.10000000000000853,-1.1000000000000085,-1.0999999999999943,0.6899999999999995,0.20999999999999996,0.4399999999999995,0.129999999999999,0.5399999999999991,1.0399999999999991,0.8400000000000016,0.9600000000000009,0.9000000000000004,0.9299999999999997,0.8699999999999992,1.08
1990 Q2,0.001658671541147072,9.683675118417057e-4,8.295165960650053e-4,0.002765334374959849,0.0027962573914575017,0.005198170472517916,0.003167197179968717,0.0033697196928819118,0.008251636093428605,-0.001879084657762764,0.001966989430913557,-6.448839432433573e-4,0.0033858350269504456,0.004969202991748745,0.005469228290109207,-0.003138966589546932,-7.60861911217603e-5,0.002497608429581355,0.002581537415993651,0.005810420548183259,0.003299714268969467,-0.007031092037259157,-0.0030885661119768315,-0.005970350092306731,0.00881166846692416,0.0038209737659133935,0.002581615380815805,-9.774323855946676e-4,3.005713862176407e-4,0.005712473732165435,-0.20000000000000018,-0.09999999999999964,0,0.09999999999999964,0.09999999999999964,-0.20000000000000018,0.019926807191612994,-0.0371071074990077,0.05334019582754124,0.004474280394921593,0.025856953836299823,0.05834655088965057,2.0029315701819428e-4,0.001862367935904885,7.721014410062566e-4,0.002300348838053523,0.0010558489449916664,0.0018042488433049897,40.7,40.6,40.5,40.8,40.9,41.1,7.0707241072602764,7.161622002939187,7.1316985104669115,7.153833801578843,7.242082359256962,7.259819610363186,7.010311867307229,7.1276936993473985,7.259819610363186,7.1808311990445555,7.186901020411631,7.101675971619444,0.008063483069470578,8.622990592721536e-4,0.004674613772777114,-4.214247885769851e-6,0.003467363634751308,0.0013999646415170375,0.004397021716178173,-4.853070478887389e-4,-3.7549715754536805e-5,-0.0013115288191443142,0.0035366032739077014,0.002336265777227453,0.015027720182964721,0.03480003447746416,0.009746281995893114,0.006672420440081872,0.014544630761971433,0.037387894007959055,0.004250864777586294,0.0015161326038555245,-0.003333758930672559,-0.0037202050434368417,-0.008569955015173214,-0.018800659713490653,0.005637214459655482,0.0011765497927314073,-0.002309747436203935,0.002333044987226529,-0.0019732234399558735,0.003222426852570237,0.004627237916502658,7.626485627660884e-4,-8.072245453369931e-4,0.002406740030565402,-0.001633833395915829,0.0016271813085753095,-0.004457948902177655,0.0803206956079503,-0.02519612376236946,0.024591114694628047,0.0026828991616092424,0.019840412608106206,0.0021634916389459136,-6.288879100564415e-4,7.182627928647989e-4,0.002103108465853154,-0.0014601379742913423,3.953643369252191e-4,-0.059115453026431286,-0.055699781224368916,0.07559305411243589,0.11507691560329425,0.047745640343331175,0.09570070337371916,0.10999999999999943,0.03999999999999915,-0.10000000000000142,0.02999999999999936,-0.28000000000000114,0.4900000000000002,-0.009999999999999787,0.16000000000000014,-0.0600000000000005,-0.15000000000000036,-0.27999999999999936,0.2900000000000009,-0.27999999999999936,0.11999999999999922,-0.03000000000000025,0.08000000000000007,-0.5800000000000001,0.1899999999999995,-0.21000000000000085,0.14999999999999858,-0.030000000000001137,0.049999999999998934,-0.47000000000000064,0.16000000000000014,-0.1899999999999995,0.07000000000000028,0.009999999999999787,0.02999999999999936,-0.4300000000000015,0.0600000000000005,0.028539593184277123,0.023950555063477985,0.024391453124159135,0.002017582468522683,0.030742697084290782,-0.004431573640840902,17.5828,18.8313,18.235,16.7465,16.7322,17.4754,-2.299999999999997,1.7999999999999972,-0.4000000000000057,6.200000000000003,-0.10000000000000853,-1.1000000000000085,0.75,0.6899999999999995,0.20999999999999996,0.4399999999999995,0.129999999999999,0.5399999999999991,0.9600000000000009,0.8400000000000016,0.9600000000000009,0.9000000000000004,0.9299999999999997,0.8699999999999992
1990 Q3,-3.380569456581384e-4,0.001658671541147072,9.683675118417057e-4,8.295165960650053e-4,0.002765334374959849,0.0027962573914575017,-4.774805724987452e-4,0.003167197179968717,0.0033697196928819118,0.008251636093428605,-0.001879084657762764,0.001966989430913557,7.625111401843299e-5,0.0033858350269504456,0.004969202991748745,0.005469228290109207,-0.003138966589546932,-7.60861911217603e-5,-0.018557570638472853,0.002581537415993651,0.005810420548183259,0.003299714268969467,-0.007031092037259157,-0.0030885661119768315,0.003299959698068733,0.00881166846692416,0.0038209737659133935,0.002581615380815805,-9.774323855946676e-4,3.005713862176407e-4,0.20000000000000018,-0.20000000000000018,-0.09999999999999964,0,0.09999999999999964,0.09999999999999964,0.025057526879228575,0.019926807191612994,-0.0371071074990077,0.05334019582754124,0.004474280394921593,0.025856953836299823,-7.57544678881672e-4,2.0029315701819428e-4,0.001862367935904885,7.721014410062566e-4,0.002300348838053523,0.0010558489449916664,40.5,40.7,40.6,40.5,40.8,40.9,7.01211529430638,7.0707241072602764,7.161622002939187,7.1316985104669115,7.153833801578843,7.242082359256962,6.883462586413092,7.010311867307229,7.1276936993473985,7.259819610363186,7.1808311990445555,7.186901020411631,-0.0013873708186658007,0.008063483069470578,8.622990592721536e-4,0.004674613772777114,-4.214247885769851e-6,0.003467363634751308,-0.0015335669142952923,0.004397021716178173,-4.853070478887389e-4,-3.7549715754536805e-5,-0.0013115288191443142,0.0035366032739077014,0.005519299451073323,0.015027720182964721,0.03480003447746416,0.009746281995893114,0.006672420440081872,0.014544630761971433,-0.0021622279561297475,0.004250864777586294,0.0015161326038555245,-0.003333758930672559,-0.0037202050434368417,-0.008569955015173214,5.621092418248708e-4,0.005637214459655482,0.0011765497927314073,-0.002309747436203935,0.002333044987226529,-0.0019732234399558735,-0.0015781655934086203,0.004627237916502658,7.626485627660884e-4,-8.072245453369931e-4,0.002406740030565402,-0.001633833395915829,-2.8666718809411407e-4,-0.004457948902177655,0.0803206956079503,-0.02519612376236946,0.024591114694628047,0.0026828991616092424,-5.066120948500341e-4,0.0021634916389459136,-6.288879100564415e-4,7.182627928647989e-4,0.002103108465853154,-0.0014601379742913423,-0.16220675398228845,-0.059115453026431286,-0.055699781224368916,0.07559305411243589,0.11507691560329425,0.047745640343331175,0.06999999999999851,0.10999999999999943,0.03999999999999915,-0.10000000000000142,0.02999999999999936,-0.28000000000000114,-0.08999999999999986,-0.009999999999999787,0.16000000000000014,-0.0600000000000005,-0.15000000000000036,-0.27999999999999936,0.14000000000000057,-0.27999999999999936,0.11999999999999922,-0.03000000000000025,0.08000000000000007,-0.5800000000000001,0.15000000000000036,-0.21000000000000085,0.14999999999999858,-0.030000000000001137,0.049999999999998934,-0.47000000000000064,0.23000000000000043,-0.1899999999999995,0.07000000000000028,0.009999999999999787,0.02999999999999936,-0.4300000000000015,-0.047489423198293856,0.028539593184277123,0.023950555063477985,0.024391453124159135,0.002017582468522683,0.030742697084290782,28.8189,17.5828,18.8313,18.235,16.7465,16.7322,-3.6000000000000085,-2.299999999999997,1.7999999999999972,-0.4000000000000057,6.200000000000003,-0.10000000000000853,1.5300000000000002,0.75,0.6899999999999995,0.20999999999999996,0.4399999999999995,0.129999999999999,1.08,0.9600000000000009,0.8400000000000016,0.9600000000000009,0.9000000000000004,0.9299999999999997
1990 Q4,0.005203370154880815,-3.380569456581384e-4,0.001658671541147072,9.683675118417057e-4,8.295165960650053e-4,0.002765334374959849,-0.003664350014492168,-4.774805724987452e-4,0.003167197179968717,0.0033697196928819118,0.008251636093428605,-0.001879084657762764,-0.007366596588133767,7.625111401843299e-5,0.0033858350269504456,0.004969202991748745,0.005469228290109207,-0.003138966589546932,-0.010463067177175489,-0.018557570638472853,0.002581537415993651,0.005810420548183259,0.003299714268969467,-0.007031092037259157,-0.008324945551452245,0.003299959698068733,0.00881166846692416,0.0038209737659133935,0.002581615380815805,-9.774323855946676e-4,0.09999999999999964,0.20000000000000018,-0.20000000000000018,-0.09999999999999964,0,0.09999999999999964,0.018298264911413398,0.025057526879228575,0.019926807191612994,-0.0371071074990077,0.05334019582754124,0.004474280394921593,-4.945281478132557e-4,-7.57544678881672e-4,2.0029315701819428e-4,0.001862367935904885,7.721014410062566e-4,0.002300348838053523,40.3,40.5,40.7,40.6,40.5,40.8,6.876264611890766,7.01211529430638,7.0707241072602764,7.161622002939187,7.1316985104669115,7.153833801578843,6.7580945044277305,6.883462586413092,7.010311867307229,7.1276936993473985,7.259819610363186,7.1808311990445555,4.7798112526642456e-4,-0.0013873708186658007,0.008063483069470578,8.622990592721536e-4,0.004674613772777114,-4.214247885769851e-6,0.0018038935335553674,-0.0015335669142952923,0.004397021716178173,-4.853070478887389e-4,-3.7549715754536805e-5,-0.0013115288191443142,-0.010655845691628585,0.005519299451073323,0.015027720182964721,0.03480003447746416,0.009746281995893114,0.006672420440081872,0.0018159324006967736,-0.0021622279561297475,0.004250864777586294,0.0015161326038555245,-0.003333758930672559,-0.0037202050434368417,-0.004680921296898788,5.621092418248708e-4,0.005637214459655482,0.0011765497927314073,-0.002309747436203935,0.002333044987226529,0.001486389803310395,-0.0015781655934086203,0.004627237916502658,7.626485627660884e-4,-8.072245453369931e-4,0.002406740030565402,-0.016695634664929848,-2.8666718809411407e-4,-0.004457948902177655,0.0803206956079503,-0.02519612376236946,0.024591114694628047,-3.2971016186689184e-4,-5.066120948500341e-4,0.0021634916389459136,-6.288879100564415e-4,7.182627928647989e-4,0.002103108465853154,-0.06054344334516104,-0.16220675398228845,-0.059115453026431286,-0.055699781224368916,0.07559305411243589,0.11507691560329425,-0.5,0.06999999999999851,0.10999999999999943,0.03999999999999915,-0.10000000000000142,0.02999999999999936,-0.3199999999999994,-0.08999999999999986,-0.009999999999999787,0.16000000000000014,-0.0600000000000005,-0.15000000000000036,-0.3100000000000005,0.14000000000000057,-0.27999999999999936,0.11999999999999922,-0.03000000000000025,0.08000000000000007,-0.25,0.15000000000000036,-0.21000000000000085,0.14999999999999858,-0.030000000000001137,0.049999999999998934,-0.1899999999999995,0.23000000000000043,-0.1899999999999995,0.07000000000000028,0.009999999999999787,0.02999999999999936,0.041804733270113914,-0.047489423198293856,0.028539593184277123,0.023950555063477985,0.024391453124159135,0.002017582468522683,22.5845,28.8189,17.5828,18.8313,18.235,16.7465,-0.5,-3.6000000000000085,-2.299999999999997,1.7999999999999972,-0.4000000000000057,6.200000000000003,1.3399999999999999,1.5300000000000002,0.75,0.6899999999999995,0.20999999999999996,0.4399999999999995,1.379999999999999,1.08,0.9600000000000009,0.8400000000000016,0.9600000000000009,0.9000000000000004
1991 Q1,0.0015279664597525056,0.005203370154880815,-3.380569456581384e-4,0.001658671541147072,9.683675118417057e-4,8.295165960650053e-4,0.011691636447886289,-0.003664350014492168,-4.774805724987452e-4,0.003167197179968717,0.0033697196928819118,0.008251636093428605,-0.005771039266291744,-0.007366596588133767,7.625111401843299e-5,0.0033858350269504456,0.004969202991748745,0.005469228290109207,-0.0057981558853050785,-0.010463067177175489,-0.018557570638472853,0.002581537415993651,0.005810420548183259,0.003299714268969467,0.005651518872717531,-0.008324945551452245,0.003299959698068733,0.00881166846692416,0.0038209737659133935,0.002581615380815805,0.20000000000000018,0.09999999999999964,0.20000000000000018,-0.20000000000000018,-0.09999999999999964,0,0.029719264372825904,0.018298264911413398,0.025057526879228575,0.019926807191612994,-0.0371071074990077,0.05334019582754124,-0.001537024641882212,-4.945281478132557e-4,-7.57544678881672e-4,2.0029315701819428e-4,0.001862367935904885,7.721014410062566e-4,40,40.3,40.5,40.7,40.6,40.5,6.825460036255307,6.876264611890766,7.01211529430638,7.0707241072602764,7.161622002939187,7.1316985104669115,6.814542897259958,6.7580945044277305,6.883462586413092,7.010311867307229,7.1276936993473985,7.259819610363186,7.929082227802198e-4,4.7798112526642456e-4,-0.0013873708186658007,0.008063483069470578,8.622990592721536e-4,0.004674613772777114,1.547886886132943e-4,0.0018038935335553674,-0.0015335669142952923,0.004397021716178173,-4.853070478887389e-4,-3.7549715754536805e-5,0.02235162236778354,-0.010655845691628585,0.005519299451073323,0.015027720182964721,0.03480003447746416,0.009746281995893114,-7.584632195003493e-4,0.0018159324006967736,-0.0021622279561297475,0.004250864777586294,0.0015161326038555245,-0.003333758930672559,-1.874925484930401e-4,-0.004680921296898788,5.621092418248708e-4,0.005637214459655482,0.0011765497927314073,-0.002309747436203935,-7.421150618878158e-4,0.001486389803310395,-0.0015781655934086203,0.004627237916502658,7.626485627660884e-4,-8.072245453369931e-4,0.0068038095485860595,-0.016695634664929848,-2.8666718809411407e-4,-0.004457948902177655,0.0803206956079503,-0.02519612376236946,-2.942300561317168e-4,-3.2971016186689184e-4,-5.066120948500341e-4,0.0021634916389459136,-6.288879100564415e-4,7.182627928647989e-4,0.16284972031916034,-0.06054344334516104,-0.16220675398228845,-0.059115453026431286,-0.055699781224368916,0.07559305411243589,-0.1299999999999999,-0.5,0.06999999999999851,0.10999999999999943,0.03999999999999915,-0.10000000000000142,-0.03000000000000025,-0.3199999999999994,-0.08999999999999986,-0.009999999999999787,0.16000000000000014,-0.0600000000000005,0.2599999999999998,-0.3100000000000005,0.14000000000000057,-0.27999999999999936,0.11999999999999922,-0.03000000000000025,0.09999999999999964,-0.25,0.15000000000000036,-0.21000000000000085,0.14999999999999858,-0.030000000000001137,0.019999999999999574,-0.1899999999999995,0.23000000000000043,-0.1899999999999995,0.07000000000000028,0.009999999999999787,0.027284073252739738,0.041804733270113914,-0.047489423198293856,0.028539593184277123,0.023950555063477985,0.024391453124159135,19.041,22.5845,28.8189,17.5828,18.8313,18.235,17.299999999999997,-0.5,-3.6000000000000085,-2.299999999999997,1.7999999999999972,-0.4000000000000057,2.1999999999999993,1.3399999999999999,1.5300000000000002,0.75,0.6899999999999995,0.20999999999999996,1.1600000000000001,1.379999999999999,1.08,0.9600000000000009,0.8400000000000016,0.9600000000000009
1991 Q2,0.005206144598194129,0.0015279664597525056,0.005203370154880815,-3.380569456581384e-4,0.001658671541147072,9.683675118417057e-4,1.6646205743908737e-4,0.011691636447886289,-0.003664350014492168,-4.774805724987452e-4,0.003167197179968717,0.0033697196928819118,0.008070413249054553,-0.005771039266291744,-0.007366596588133767,7.625111401843299e-5,0.0033858350269504456,0.004969202991748745,-0.0044885484818752985,-0.0057981558853050785,-0.010463067177175489,-0.018557570638472853,0.002581537415993651,0.005810420548183259,0.0021589677914324312,0.005651518872717531,-0.008324945551452245,0.003299959698068733,0.00881166846692416,0.0038209737659133935,0,0.20000000000000018,0.09999999999999964,0.20000000000000018,-0.20000000000000018,-0.09999999999999964,-0.04203451157409255,0.029719264372825904,0.018298264911413398,0.025057526879228575,0.019926807191612994,-0.0371071074990077,7.11043833026892e-4,-0.001537024641882212,-4.945281478132557e-4,-7.57544678881672e-4,2.0029315701819428e-4,0.001862367935904885,40.4,40,40.3,40.5,40.7,40.6,6.943122422819428,6.825460036255307,6.876264611890766,7.01211529430638,7.0707241072602764,7.161622002939187,6.871091294610546,6.814542897259958,6.7580945044277305,6.883462586413092,7.010311867307229,7.1276936993473985,0.0025261992990817106,7.929082227802198e-4,4.7798112526642456e-4,-0.0013873708186658007,0.008063483069470578,8.622990592721536e-4,-5.171005180404364e-4,1.547886886132943e-4,0.0018038935335553674,-0.0015335669142952923,0.004397021716178173,-4.853070478887389e-4,0.01138131769265538,0.02235162236778354,-0.010655845691628585,0.005519299451073323,0.015027720182964721,0.03480003447746416,0.002979852226302704,-7.584632195003493e-4,0.0018159324006967736,-0.0021622279561297475,0.004250864777586294,0.0015161326038555245,-0.0017816287392236063,-1.874925484930401e-4,-0.004680921296898788,5.621092418248708e-4,0.005637214459655482,0.0011765497927314073,-7.486203103841405e-4,-7.421150618878158e-4,0.001486389803310395,-0.0015781655934086203,0.004627237916502658,7.626485627660884e-4,-0.025055478804473452,0.0068038095485860595,-0.016695634664929848,-2.8666718809411407e-4,-0.004457948902177655,0.0803206956079503,-0.0024455711679918224,-2.942300561317168e-4,-3.2971016186689184e-4,-5.066120948500341e-4,0.0021634916389459136,-6.288879100564415e-4,-0.07027919870654342,0.16284972031916034,-0.06054344334516104,-0.16220675398228845,-0.059115453026431286,-0.055699781224368916,0.1200000000000001,-0.1299999999999999,-0.5,0.06999999999999851,0.10999999999999943,0.03999999999999915,0.11000000000000032,-0.03000000000000025,-0.3199999999999994,-0.08999999999999986,-0.009999999999999787,0.16000000000000014,0.20999999999999908,0.2599999999999998,-0.3100000000000005,0.14000000000000057,-0.27999999999999936,0.11999999999999922,0.15000000000000036,0.09999999999999964,-0.25,0.15000000000000036,-0.21000000000000085,0.14999999999999858,0.10000000000000142,0.019999999999999574,-0.1899999999999995,0.23000000000000043,-0.1899999999999995,0.07000000000000028,7.93356999352568e-4,0.027284073252739738,0.041804733270113914,-0.047489423198293856,0.028539593184277123,0.023950555063477985,17.575,19.041,22.5845,28.8189,17.5828,18.8313,3.799999999999997,17.299999999999997,-0.5,-3.6000000000000085,-2.299999999999997,1.7999999999999972,2.709999999999999,2.1999999999999993,1.3399999999999999,1.5300000000000002,0.75,0.6899999999999995,0.9500000000000011,1.1600000000000001,1.379999999999999,1.08,0.9600000000000009,0.8400000000000016
1991 Q3,0.003027572374417531,0.005206144598194129,0.0015279664597525056,0.005203370154880815,-3.380569456581384e-4,0.001658671541147072,4.76827242088973e-4,1.6646205743908737e-4,0.011691636447886289,-0.003664350014492168,-4.774805724987452e-4,0.003167197179968717,0.007901658951122492,0.008070413249054553,-0.005771039266291744,-0.007366596588133767,7.625111401843299e-5,0.0033858350269504456,0.004267843418912065,-0.0044885484818752985,-0.0057981558853050785,-0.010463067177175489,-0.018557570638472853,0.002581537415993651,9.51670365516577e-4,0.0021589677914324312,0.005651518872717531,-0.008324945551452245,0.003299959698068733,0.00881166846692416,0,0,0.20000000000000018,0.09999999999999964,0.20000000000000018,-0.20000000000000018,-0.016587227632578916,-0.04203451157409255,0.029719264372825904,0.018298264911413398,0.025057526879228575,0.019926807191612994,3.3235780469631493e-4,7.11043833026892e-4,-0.001537024641882212,-4.945281478132557e-4,-7.57544678881672e-4,2.0029315701819428e-4,40.6,40.4,40,40.3,40.5,40.7,6.922643891475888,6.943122422819428,6.825460036255307,6.876264611890766,7.01211529430638,7.0707241072602764,6.881411303642535,6.871091294610546,6.814542897259958,6.7580945044277305,6.883462586413092,7.010311867307229,-0.0026770888865099707,0.0025261992990817106,7.929082227802198e-4,4.7798112526642456e-4,-0.0013873708186658007,0.008063483069470578,2.9800841168103887e-4,-5.171005180404364e-4,1.547886886132943e-4,0.0018038935335553674,-0.0015335669142952923,0.004397021716178173,0.004984336400419842,0.01138131769265538,0.02235162236778354,-0.010655845691628585,0.005519299451073323,0.015027720182964721,0.011219041703486532,0.002979852226302704,-7.584632195003493e-4,0.0018159324006967736,-0.0021622279561297475,0.004250864777586294,1.7402782690467689e-4,-0.0017816287392236063,-1.874925484930401e-4,-0.004680921296898788,5.621092418248708e-4,0.005637214459655482,-8.574729842614204e-6,-7.486203103841405e-4,-7.421150618878158e-4,0.001486389803310395,-0.0015781655934086203,0.004627237916502658,0.01752783455551743,-0.025055478804473452,0.0068038095485860595,-0.016695634664929848,-2.8666718809411407e-4,-0.004457948902177655,0.0011055348522397423,-0.0024455711679918224,-2.942300561317168e-4,-3.2971016186689184e-4,-5.066120948500341e-4,0.0021634916389459136,-0.004671923005075573,-0.07027919870654342,0.16284972031916034,-0.06054344334516104,-0.16220675398228845,-0.059115453026431286,-0.20999999999999996,0.1200000000000001,-0.1299999999999999,-0.5,0.06999999999999851,0.10999999999999943,-0.11000000000000032,0.11000000000000032,-0.03000000000000025,-0.3199999999999994,-0.08999999999999986,-0.009999999999999787,-0.25,0.20999999999999908,0.2599999999999998,-0.3100000000000005,0.14000000000000057,-0.27999999999999936,-0.14000000000000057,0.15000000000000036,0.09999999999999964,-0.25,0.15000000000000036,-0.21000000000000085,-0.14000000000000057,0.10000000000000142,0.019999999999999574,-0.1899999999999995,0.23000000000000043,-0.1899999999999995,-0.005665737535677451,7.93356999352568e-4,0.027284073252739738,0.041804733270113914,-0.047489423198293856,0.028539593184277123,17.029,17.575,19.041,22.5845,28.8189,17.5828,1,3.799999999999997,17.299999999999997,-0.5,-3.6000000000000085,-2.299999999999997,2.4300000000000006,2.709999999999999,2.1999999999999993,1.3399999999999999,1.5300000000000002,0.75,0.9000000000000004,0.9500000000000011,1.1600000000000001,1.379999999999999,1.08,0.9600000000000009
1991 Q4,0.00825743645473409,0.003027572374417531,0.005206144598194129,0.0015279664597525056,0.005203370154880815,-3.380569456581384e-4,0.0017176623326404794,4.76827242088973e-4,1.6646205743908737e-4,0.011691636447886289,-0.003664350014492168,-4.774805724987452e-4,-0.004874384309522917,0.007901658951122492,0.008070413249054553,-0.005771039266291744,-0.007366596588133767,7.625111401843299e-5,-0.012812344025341815,0.004267843418912065,-0.0044885484818752985,-0.0057981558853050785,-0.010463067177175489,-0.018557570638472853,-8.369333727866746e-4,9.51670365516577e-4,0.0021589677914324312,0.005651518872717531,-0.008324945551452245,0.003299959698068733,0.2999999999999998,0,0,0.20000000000000018,0.09999999999999964,0.20000000000000018,0.02516344043484864,-0.016587227632578916,-0.04203451157409255,0.029719264372825904,0.018298264911413398,0.025057526879228575,2.769699505318357e-4,3.3235780469631493e-4,7.11043833026892e-4,-0.001537024641882212,-4.945281478132557e-4,-7.57544678881672e-4,40.6,40.6,40.4,40,40.3,40.5,6.983789965258135,6.922643891475888,6.943122422819428,6.825460036255307,6.876264611890766,7.01211529430638,6.966967138613983,6.881411303642535,6.871091294610546,6.814542897259958,6.7580945044277305,6.883462586413092,-3.3992642296443165e-4,-0.0026770888865099707,0.0025261992990817106,7.929082227802198e-4,4.7798112526642456e-4,-0.0013873708186658007,3.830048614776871e-4,2.9800841168103887e-4,-5.171005180404364e-4,1.547886886132943e-4,0.0018038935335553674,-0.0015335669142952923,0.004820967063015935,0.004984336400419842,0.01138131769265538,0.02235162236778354,-0.010655845691628585,0.005519299451073323,0.004788756859192667,0.011219041703486532,0.002979852226302704,-7.584632195003493e-4,0.0018159324006967736,-0.0021622279561297475,9.886245865828869e-4,1.7402782690467689e-4,-0.0017816287392236063,-1.874925484930401e-4,-0.004680921296898788,5.621092418248708e-4,-0.0014650905337623144,-8.574729842614204e-6,-7.486203103841405e-4,-7.421150618878158e-4,0.001486389803310395,-0.0015781655934086203,-0.015526100553934441,0.01752783455551743,-0.025055478804473452,0.0068038095485860595,-0.016695634664929848,-2.8666718809411407e-4,2.9896781381033577e-4,0.0011055348522397423,-0.0024455711679918224,-2.942300561317168e-4,-3.2971016186689184e-4,-5.066120948500341e-4,-0.1072727568853784,-0.004671923005075573,-0.07027919870654342,0.16284972031916034,-0.06054344334516104,-0.16220675398228845,-0.3799999999999999,-0.20999999999999996,0.1200000000000001,-0.1299999999999999,-0.5,0.06999999999999851,-0.4899999999999993,-0.11000000000000032,0.11000000000000032,-0.03000000000000025,-0.3199999999999994,-0.08999999999999986,-0.33000000000000007,-0.25,0.20999999999999908,0.2599999999999998,-0.3100000000000005,0.14000000000000057,-0.16999999999999993,-0.14000000000000057,0.15000000000000036,0.09999999999999964,-0.25,0.15000000000000036,-0.1899999999999995,-0.14000000000000057,0.10000000000000142,0.019999999999999574,-0.1899999999999995,0.23000000000000043,0.0066888154034066005,-0.005665737535677451,7.93356999352568e-4,0.027284073252739738,0.041804733270113914,-0.047489423198293856,18.0185,17.029,17.575,19.041,22.5845,28.8189,-0.8999999999999915,1,3.799999999999997,17.299999999999997,-0.5,-3.6000000000000085,3.0199999999999996,2.4300000000000006,2.709999999999999,2.1999999999999993,1.3399999999999999,1.5300000000000002,0.9499999999999993,0.9000000000000004,0.9500000000000011,1.1600000000000001,1.379999999999999,1.08
1992 Q1,0.0014665391210950673,0.00825743645473409,0.003027572374417531,0.005206144598194129,0.0015279664597525056,0.005203370154880815,0.0018304593461064833,0.0017176623326404794,4.76827242088973e-4,1.6646205743908737e-4,0.011691636447886289,-0.003664350014492168,0.008489522000498795,-0.004874384309522917,0.007901658951122492,0.008070413249054553,-0.005771039266291744,-0.007366596588133767,0.004016845545530501,-0.012812344025341815,0.004267843418912065,-0.0044885484818752985,-0.0057981558853050785,-0.010463067177175489,-0.0034105672446003155,-8.369333727866746e-4,9.51670365516577e-4,0.0021589677914324312,0.005651518872717531,-0.008324945551452245,0,0.2999999999999998,0,0,0.20000000000000018,0.09999999999999964,-0.029140526999036354,0.02516344043484864,-0.016587227632578916,-0.04203451157409255,0.029719264372825904,0.018298264911413398,4.984308761120104e-4,2.769699505318357e-4,3.3235780469631493e-4,7.11043833026892e-4,-0.001537024641882212,-4.945281478132557e-4,40.7,40.6,40.6,40.4,40,40.3,7.167809184316444,6.983789965258135,6.922643891475888,6.943122422819428,6.825460036255307,6.876264611890766,6.9865664594064265,6.966967138613983,6.881411303642535,6.871091294610546,6.814542897259958,6.7580945044277305,-0.0037727371274165478,-3.3992642296443165e-4,-0.0026770888865099707,0.0025261992990817106,7.929082227802198e-4,4.7798112526642456e-4,-0.0043983540952758915,3.830048614776871e-4,2.9800841168103887e-4,-5.171005180404364e-4,1.547886886132943e-4,0.0018038935335553674,0.018917874770475684,0.004820967063015935,0.004984336400419842,0.01138131769265538,0.02235162236778354,-0.010655845691628585,0.0025458128323592177,0.004788756859192667,0.011219041703486532,0.002979852226302704,-7.584632195003493e-4,0.0018159324006967736,-6.425615648453231e-5,9.886245865828869e-4,1.7402782690467689e-4,-0.0017816287392236063,-1.874925484930401e-4,-0.004680921296898788,0.001434164088504275,-0.0014650905337623144,-8.574729842614204e-6,-7.486203103841405e-4,-7.421150618878158e-4,0.001486389803310395,-0.026707927430728695,-0.015526100553934441,0.01752783455551743,-0.025055478804473452,0.0068038095485860595,-0.016695634664929848,-1.1760583163233918e-4,2.9896781381033577e-4,0.0011055348522397423,-0.0024455711679918224,-2.942300561317168e-4,-3.2971016186689184e-4,-0.013423314340315073,-0.1072727568853784,-0.004671923005075573,-0.07027919870654342,0.16284972031916034,-0.06054344334516104,-0.07999999999999963,-0.3799999999999999,-0.20999999999999996,0.1200000000000001,-0.1299999999999999,-0.5,0.20000000000000018,-0.4899999999999993,-0.11000000000000032,0.11000000000000032,-0.03000000000000025,-0.3199999999999994,0.20000000000000018,-0.33000000000000007,-0.25,0.20999999999999908,0.2599999999999998,-0.3100000000000005,0.0600000000000005,-0.16999999999999993,-0.14000000000000057,0.15000000000000036,0.09999999999999964,-0.25,0.019999999999999574,-0.1899999999999995,-0.14000000000000057,0.10000000000000142,0.019999999999999574,-0.1899999999999995,-0.012684334373661343,0.0066888154034066005,-0.005665737535677451,7.93356999352568e-4,0.027284073252739738,0.041804733270113914,16.2227,18.0185,17.029,17.575,19.041,22.5845,7.200000000000003,-0.8999999999999915,1,3.799999999999997,17.299999999999997,-0.5,3.5,3.0199999999999996,2.4300000000000006,2.709999999999999,2.1999999999999993,1.3399999999999999,0.9000000000000004,0.9499999999999993,0.9000000000000004,0.9500000000000011,1.1600000000000001,1.379999999999999
1992 Q2,0.004068981581790254,0.0014665391210950673,0.00825743645473409,0.003027572374417531,0.005206144598194129,0.0015279664597525056,0.0027029224136940755,0.0018304593461064833,0.0017176623326404794,4.76827242088973e-4,1.6646205743908737e-4,0.011691636447886289,5.117224959834132e-4,0.008489522000498795,-0.004874384309522917,0.007901658951122492,0.008070413249054553,-0.005771039266291744,0.01048664390244447,0.004016845545530501,-0.012812344025341815,0.004267843418912065,-0.0044885484818752985,-0.0057981558853050785,0.004563606074976079,-0.0034105672446003155,-8.369333727866746e-4,9.51670365516577e-4,0.0021589677914324312,0.005651518872717531,0.20000000000000018,0,0.2999999999999998,0,0,0.20000000000000018,0.0032290884961767574,-0.029140526999036354,0.02516344043484864,-0.016587227632578916,-0.04203451157409255,0.029719264372825904,5.520947534805032e-4,4.984308761120104e-4,2.769699505318357e-4,3.3235780469631493e-4,7.11043833026892e-4,-0.001537024641882212,40.8,40.7,40.6,40.6,40.4,40,7.0431599159883405,7.167809184316444,6.983789965258135,6.922643891475888,6.943122422819428,6.825460036255307,6.963189985870238,6.9865664594064265,6.966967138613983,6.881411303642535,6.871091294610546,6.814542897259958,-0.0032943616443228407,-0.0037727371274165478,-3.3992642296443165e-4,-0.0026770888865099707,0.0025261992990817106,7.929082227802198e-4,-0.0012076031739987059,-0.0043983540952758915,3.830048614776871e-4,2.9800841168103887e-4,-5.171005180404364e-4,1.547886886132943e-4,0.0035486083030820126,0.018917874770475684,0.004820967063015935,0.004984336400419842,0.01138131769265538,0.02235162236778354,0.0010594804828372162,0.0025458128323592177,0.004788756859192667,0.011219041703486532,0.002979852226302704,-7.584632195003493e-4,-0.002723742644157312,-6.425615648453231e-5,9.886245865828869e-4,1.7402782690467689e-4,-0.0017816287392236063,-1.874925484930401e-4,7.094191435532693e-4,0.001434164088504275,-0.0014650905337623144,-8.574729842614204e-6,-7.486203103841405e-4,-7.421150618878158e-4,0.014143848209918097,-0.026707927430728695,-0.015526100553934441,0.01752783455551743,-0.025055478804473452,0.0068038095485860595,4.405647143448377e-4,-1.1760583163233918e-4,2.9896781381033577e-4,0.0011055348522397423,-0.0024455711679918224,-2.942300561317168e-4,0.032430908055577135,-0.013423314340315073,-0.1072727568853784,-0.004671923005075573,-0.07027919870654342,0.16284972031916034,-0.06000000000000005,-0.07999999999999963,-0.3799999999999999,-0.20999999999999996,0.1200000000000001,-0.1299999999999999,0.03000000000000025,0.20000000000000018,-0.4899999999999993,-0.11000000000000032,0.11000000000000032,-0.03000000000000025,-0.1299999999999999,0.20000000000000018,-0.33000000000000007,-0.25,0.20999999999999908,0.2599999999999998,-0.05999999999999872,0.0600000000000005,-0.16999999999999993,-0.14000000000000057,0.15000000000000036,0.09999999999999964,-0.08000000000000007,0.019999999999999574,-0.1899999999999995,-0.14000000000000057,0.10000000000000142,0.019999999999999574,-0.015891863828300323,-0.012684334373661343,0.0066888154034066005,-0.005665737535677451,7.93356999352568e-4,0.027284073252739738,14.7531,16.2227,18.0185,17.029,17.575,19.041,1.2000000000000028,7.200000000000003,-0.8999999999999915,1,3.799999999999997,17.299999999999997,3.5999999999999996,3.5,3.0199999999999996,2.4300000000000006,2.709999999999999,2.1999999999999993,0.8300000000000001,0.9000000000000004,0.9499999999999993,0.9000000000000004,0.9500000000000011,1.1600000000000001
1992 Q3,-0.003884309787061113,0.004068981581790254,0.0014665391210950673,0.00825743645473409,0.003027572374417531,0.005206144598194129,0.006487760931138453,0.0027029224136940755,0.0018304593461064833,0.0017176623326404794,4.76827242088973e-4,1.6646205743908737e-4,0.0032931151719015617,5.117224959834132e-4,0.008489522000498795,-0.004874384309522917,0.007901658951122492,0.008070413249054553,0.013807834415880293,0.01048664390244447,0.004016845545530501,-0.012812344025341815,0.004267843418912065,-0.0044885484818752985,0.01192891157876197,0.004563606074976079,-0.0034105672446003155,-8.369333727866746e-4,9.51670365516577e-4,0.0021589677914324312,0,0.20000000000000018,0,0.2999999999999998,0,0,0.02378175656248871,0.0032290884961767574,-0.029140526999036354,0.02516344043484864,-0.016587227632578916,-0.04203451157409255,3.304753366961677e-4,5.520947534805032e-4,4.984308761120104e-4,2.769699505318357e-4,3.3235780469631493e-4,7.11043833026892e-4,40.7,40.8,40.7,40.6,40.6,40.4,7.078341579557671,7.0431599159883405,7.167809184316444,6.983789965258135,6.922643891475888,6.943122422819428,7.01571242048723,6.963189985870238,6.9865664594064265,6.966967138613983,6.881411303642535,6.871091294610546,0.0038410915420250547,-0.0032943616443228407,-0.0037727371274165478,-3.3992642296443165e-4,-0.0026770888865099707,0.0025261992990817106,0.0019351102891995708,-0.0012076031739987059,-0.0043983540952758915,3.830048614776871e-4,2.9800841168103887e-4,-5.171005180404364e-4,0.005447092913797746,0.0035486083030820126,0.018917874770475684,0.004820967063015935,0.004984336400419842,0.01138131769265538,0.005152040684171411,0.0010594804828372162,0.0025458128323592177,0.004788756859192667,0.011219041703486532,0.002979852226302704,-0.0023019024846959724,-0.002723742644157312,-6.425615648453231e-5,9.886245865828869e-4,1.7402782690467689e-4,-0.0017816287392236063,-4.539815315673934e-6,7.094191435532693e-4,0.001434164088504275,-0.0014650905337623144,-8.574729842614204e-6,-7.486203103841405e-4,-0.04313413346949435,0.014143848209918097,-0.026707927430728695,-0.015526100553934441,0.01752783455551743,-0.025055478804473452,2.964711003015097e-4,4.405647143448377e-4,-1.1760583163233918e-4,2.9896781381033577e-4,0.0011055348522397423,-0.0024455711679918224,0.04450194255368567,0.032430908055577135,-0.013423314340315073,-0.1072727568853784,-0.004671923005075573,-0.07027919870654342,-0.07999999999999963,-0.06000000000000005,-0.07999999999999963,-0.3799999999999999,-0.20999999999999996,0.1200000000000001,-0.21999999999999975,0.03000000000000025,0.20000000000000018,-0.4899999999999993,-0.11000000000000032,0.11000000000000032,-0.16999999999999993,-0.1299999999999999,0.20000000000000018,-0.33000000000000007,-0.25,0.20999999999999908,-0.03000000000000025,-0.05999999999999872,0.0600000000000005,-0.16999999999999993,-0.14000000000000057,0.15000000000000036,-0.030000000000001137,-0.08000000000000007,0.019999999999999574,-0.1899999999999995,-0.14000000000000057,0.10000000000000142,0.0013151446761119345,-0.015891863828300323,-0.012684334373661343,0.0066888154034066005,-0.005665737535677451,7.93356999352568e-4,14.2585,14.7531,16.2227,18.0185,17.029,17.575,-0.5,1.2000000000000028,7.200000000000003,-0.8999999999999915,1,3.799999999999997,3.51,3.5999999999999996,3.5,3.0199999999999996,2.4300000000000006,2.709999999999999,0.6999999999999993,0.8300000000000001,0.9000000000000004,0.9499999999999993,0.9000000000000004,0.9500000000000011
1992 Q4,0.03583596895600927,-0.003884309787061113,0.004068981581790254,0.0014665391210950673,0.00825743645473409,0.003027572374417531,0.006570857427464993,0.006487760931138453,0.0027029224136940755,0.0018304593461064833,0.0017176623326404794,4.76827242088973e-4,0.0016874963663999765,0.0032931151719015617,5.117224959834132e-4,0.008489522000498795,-0.004874384309522917,0.007901658951122492,0.015446293591274696,0.013807834415880293,0.01048664390244447,0.004016845545530501,-0.012812344025341815,0.004267843418912065,0.009388502674344323,0.01192891157876197,0.004563606074976079,-0.0034105672446003155,-8.369333727866746e-4,9.51670365516577e-4,0,0,0.20000000000000018,0,0.2999999999999998,0,-0.06633447382034241,0.02378175656248871,0.0032290884961767574,-0.029140526999036354,0.02516344043484864,-0.016587227632578916,0.0020019660684571505,3.304753366961677e-4,5.520947534805032e-4,4.984308761120104e-4,2.769699505318357e-4,3.3235780469631493e-4,40.9,40.7,40.8,40.7,40.6,40.6,7.112327444710911,7.078341579557671,7.0431599159883405,7.167809184316444,6.983789965258135,6.922643891475888,7.069874128458572,7.01571242048723,6.963189985870238,6.9865664594064265,6.966967138613983,6.881411303642535,-0.0028678412336384795,0.0038410915420250547,-0.0032943616443228407,-0.0037727371274165478,-3.3992642296443165e-4,-0.0026770888865099707,-0.001313742091966219,0.0019351102891995708,-0.0012076031739987059,-0.0043983540952758915,3.830048614776871e-4,2.9800841168103887e-4,-5.700918780950914e-4,0.005447092913797746,0.0035486083030820126,0.018917874770475684,0.004820967063015935,0.004984336400419842,-6.199384267180363e-5,0.005152040684171411,0.0010594804828372162,0.0025458128323592177,0.004788756859192667,0.011219041703486532,-0.0046795068558243,-0.0023019024846959724,-0.002723742644157312,-6.425615648453231e-5,9.886245865828869e-4,1.7402782690467689e-4,-0.0014124184136683482,-4.539815315673934e-6,7.094191435532693e-4,0.001434164088504275,-0.0014650905337623144,-8.574729842614204e-6,0.03851462416626905,-0.04313413346949435,0.014143848209918097,-0.026707927430728695,-0.015526100553934441,0.01752783455551743,-2.2199453969218297e-4,2.964711003015097e-4,4.405647143448377e-4,-1.1760583163233918e-4,2.9896781381033577e-4,0.0011055348522397423,0.017017509519513307,0.04450194255368567,0.032430908055577135,-0.013423314340315073,-0.1072727568853784,-0.004671923005075573,-0.16999999999999993,-0.07999999999999963,-0.06000000000000005,-0.07999999999999963,-0.3799999999999999,-0.20999999999999996,0.0900000000000003,-0.21999999999999975,0.03000000000000025,0.20000000000000018,-0.4899999999999993,-0.11000000000000032,-0.10000000000000053,-0.16999999999999993,-0.1299999999999999,0.20000000000000018,-0.33000000000000007,-0.25,-0.11999999999999922,-0.03000000000000025,-0.05999999999999872,0.0600000000000005,-0.16999999999999993,-0.14000000000000057,-0.15000000000000036,-0.030000000000001137,-0.08000000000000007,0.019999999999999574,-0.1899999999999995,-0.14000000000000057,0.029822357307023317,0.0013151446761119345,-0.015891863828300323,-0.012684334373661343,0.0066888154034066005,-0.005665737535677451,12.7813,14.2585,14.7531,16.2227,18.0185,17.029,5.700000000000003,-0.5,1.2000000000000028,7.200000000000003,-0.8999999999999915,1,3.5499999999999994,3.51,3.5999999999999996,3.5,3.0199999999999996,2.4300000000000006,0.8300000000000001,0.6999999999999993,0.8300000000000001,0.9000000000000004,0.9499999999999993,0.9000000000000004
1993 Q1,-0.0025972868409436245,0.03583596895600927,-0.003884309787061113,0.004068981581790254,0.0014665391210950673,0.00825743645473409,-0.0027166975387347136,0.006570857427464993,0.006487760931138453,0.0027029224136940755,0.0018304593461064833,0.0017176623326404794,-8.739137323683366e-4,0.0016874963663999765,0.0032931151719015617,5.117224959834132e-4,0.008489522000498795,-0.004874384309522917,-0.006342252771167622,0.015446293591274696,0.013807834415880293,0.01048664390244447,0.004016845545530501,-0.012812344025341815,-0.006882192371836737,0.009388502674344323,0.01192891157876197,0.004563606074976079,-0.0034105672446003155,-8.369333727866746e-4,-0.09999999999999964,0,0,0.20000000000000018,0,0.2999999999999998,0.03700095641496759,-0.06633447382034241,0.02378175656248871,0.0032290884961767574,-0.029140526999036354,0.02516344043484864,-3.9990548221702227e-4,0.0020019660684571505,3.304753366961677e-4,5.520947534805032e-4,4.984308761120104e-4,2.769699505318357e-4,40.8,40.9,40.7,40.8,40.7,40.6,6.9874902470009905,7.112327444710911,7.078341579557671,7.0431599159883405,7.167809184316444,6.983789965258135,6.962243464266207,7.069874128458572,7.01571242048723,6.963189985870238,6.9865664594064265,6.966967138613983,0.0017259430562690525,-0.0028678412336384795,0.0038410915420250547,-0.0032943616443228407,-0.0037727371274165478,-3.3992642296443165e-4,5.259205027616787e-4,-0.001313742091966219,0.0019351102891995708,-0.0012076031739987059,-0.0043983540952758915,3.830048614776871e-4,0.011917002735870597,-5.700918780950914e-4,0.005447092913797746,0.0035486083030820126,0.018917874770475684,0.004820967063015935,-1.1470569179028445e-4,-6.199384267180363e-5,0.005152040684171411,0.0010594804828372162,0.0025458128323592177,0.004788756859192667,-0.007476223866580867,-0.0046795068558243,-0.0023019024846959724,-0.002723742644157312,-6.425615648453231e-5,9.886245865828869e-4,-7.019883851988595e-4,-0.0014124184136683482,-4.539815315673934e-6,7.094191435532693e-4,0.001434164088504275,-0.0014650905337623144,-0.007434750695761494,0.03851462416626905,-0.04313413346949435,0.014143848209918097,-0.026707927430728695,-0.015526100553934441,5.40003322411664e-4,-2.2199453969218297e-4,2.964711003015097e-4,4.405647143448377e-4,-1.1760583163233918e-4,2.9896781381033577e-4,-0.03544547894550609,0.017017509519513307,0.04450194255368567,0.032430908055577135,-0.013423314340315073,-0.1072727568853784,0.040000000000000036,-0.16999999999999993,-0.07999999999999963,-0.06000000000000005,-0.07999999999999963,-0.3799999999999999,0.020000000000000018,0.0900000000000003,-0.21999999999999975,0.03000000000000025,0.20000000000000018,-0.4899999999999993,-0.27999999999999936,-0.10000000000000053,-0.16999999999999993,-0.1299999999999999,0.20000000000000018,-0.33000000000000007,-0.1299999999999999,-0.11999999999999922,-0.03000000000000025,-0.05999999999999872,0.0600000000000005,-0.16999999999999993,-0.2400000000000002,-0.15000000000000036,-0.030000000000001137,-0.08000000000000007,0.019999999999999574,-0.1899999999999995,0.01897215652254225,0.029822357307023317,0.0013151446761119345,-0.015891863828300323,-0.012684334373661343,0.0066888154034066005,13.693,12.7813,14.2585,14.7531,16.2227,18.0185,-0.6999999999999886,5.700000000000003,-0.5,1.2000000000000028,7.200000000000003,-0.8999999999999915,3.0300000000000002,3.5499999999999994,3.51,3.5999999999999996,3.5,3.0199999999999996,0.5700000000000003,0.8300000000000001,0.6999999999999993,0.8300000000000001,0.9000000000000004,0.9499999999999993
1993 Q2,-0.001236788122966459,-0.0025972868409436245,0.03583596895600927,-0.003884309787061113,0.004068981581790254,0.0014665391210950673,0.00362283951300002,-0.0027166975387347136,0.006570857427464993,0.006487760931138453,0.0027029224136940755,0.0018304593461064833,0.0022526473495334542,-8.739137323683366e-4,0.0016874963663999765,0.0032931151719015617,5.117224959834132e-4,0.008489522000498795,0.009202467854295904,-0.006342252771167622,0.015446293591274696,0.013807834415880293,0.01048664390244447,0.004016845545530501,3.352814372199475e-4,-0.006882192371836737,0.009388502674344323,0.01192891157876197,0.004563606074976079,-0.0034105672446003155,-0.09999999999999964,-0.09999999999999964,0,0,0.20000000000000018,0,-0.0024768716676764058,0.03700095641496759,-0.06633447382034241,0.02378175656248871,0.0032290884961767574,-0.029140526999036354,0.0015453229952981928,-3.9990548221702227e-4,0.0020019660684571505,3.304753366961677e-4,5.520947534805032e-4,4.984308761120104e-4,41,40.8,40.9,40.7,40.8,40.7,7.154615356913663,6.9874902470009905,7.112327444710911,7.078341579557671,7.0431599159883405,7.167809184316444,7.029972911706386,6.962243464266207,7.069874128458572,7.01571242048723,6.963189985870238,6.9865664594064265,-0.008723511265443129,0.0017259430562690525,-0.0028678412336384795,0.0038410915420250547,-0.0032943616443228407,-0.0037727371274165478,-0.005877451747723583,5.259205027616787e-4,-0.001313742091966219,0.0019351102891995708,-0.0012076031739987059,-0.0043983540952758915,0.007985911278404423,0.011917002735870597,-5.700918780950914e-4,0.005447092913797746,0.0035486083030820126,0.018917874770475684,-9.035534813710555e-4,-1.1470569179028445e-4,-6.199384267180363e-5,0.005152040684171411,0.0010594804828372162,0.0025458128323592177,0.007615956938677115,-0.007476223866580867,-0.0046795068558243,-0.0023019024846959724,-0.002723742644157312,-6.425615648453231e-5,-0.00208453863492597,-7.019883851988595e-4,-0.0014124184136683482,-4.539815315673934e-6,7.094191435532693e-4,0.001434164088504275,0.033954869690997036,-0.007434750695761494,0.03851462416626905,-0.04313413346949435,0.014143848209918097,-0.026707927430728695,-0.0027460978208786457,5.40003322411664e-4,-2.2199453969218297e-4,2.964711003015097e-4,4.405647143448377e-4,-1.1760583163233918e-4,-0.028197148991148335,-0.03544547894550609,0.017017509519513307,0.04450194255368567,0.032430908055577135,-0.013423314340315073,0.040000000000000036,0.040000000000000036,-0.16999999999999993,-0.07999999999999963,-0.06000000000000005,-0.07999999999999963,0.10999999999999988,0.020000000000000018,0.0900000000000003,-0.21999999999999975,0.03000000000000025,0.20000000000000018,-0.08000000000000007,-0.27999999999999936,-0.10000000000000053,-0.16999999999999993,-0.1299999999999999,0.20000000000000018,-0.09999999999999964,-0.1299999999999999,-0.11999999999999922,-0.03000000000000025,-0.05999999999999872,0.0600000000000005,-0.14000000000000057,-0.2400000000000002,-0.15000000000000036,-0.030000000000001137,-0.08000000000000007,0.019999999999999574,0.00629122984901187,0.01897215652254225,0.029822357307023317,0.0013151446761119345,-0.015891863828300323,-0.012684334373661343,13.0022,13.693,12.7813,14.2585,14.7531,16.2227,1.2000000000000028,-0.6999999999999886,5.700000000000003,-0.5,1.2000000000000028,7.200000000000003,2.89,3.0300000000000002,3.5499999999999994,3.51,3.5999999999999996,3.5,0.7400000000000002,0.5700000000000003,0.8300000000000001,0.6999999999999993,0.8300000000000001,0.9000000000000004
1993 Q3,-0.0022521719993893186,-0.001236788122966459,-0.0025972868409436245,0.03583596895600927,-0.003884309787061113,0.004068981581790254,0.0057239375744684295,0.00362283951300002,-0.0027166975387347136,0.006570857427464993,0.006487760931138453,0.0027029224136940755,0.005291488315735116,0.0022526473495334542,-8.739137323683366e-4,0.0016874963663999765,0.0032931151719015617,5.117224959834132e-4,0.00886551357316634,0.009202467854295904,-0.006342252771167622,0.015446293591274696,0.013807834415880293,0.01048664390244447,0.007816070327212543,3.352814372199475e-4,-0.006882192371836737,0.009388502674344323,0.01192891157876197,0.004563606074976079,-0.09999999999999964,-0.09999999999999964,-0.09999999999999964,0,0,0.20000000000000018,-0.005882369903067897,-0.0024768716676764058,0.03700095641496759,-0.06633447382034241,0.02378175656248871,0.0032290884961767574,0.002236705341672973,0.0015453229952981928,-3.9990548221702227e-4,0.0020019660684571505,3.304753366961677e-4,5.520947534805032e-4,41.3,41,40.8,40.9,40.7,40.8,7.202661196523238,7.154615356913663,6.9874902470009905,7.112327444710911,7.078341579557671,7.0431599159883405,7.1316985104669115,7.029972911706386,6.962243464266207,7.069874128458572,7.01571242048723,6.963189985870238,2.853409974532539e-4,-0.008723511265443129,0.0017259430562690525,-0.0028678412336384795,0.0038410915420250547,-0.0032943616443228407,8.102530436069344e-4,-0.005877451747723583,5.259205027616787e-4,-0.001313742091966219,0.0019351102891995708,-0.0012076031739987059,0.005190085311422621,0.007985911278404423,0.011917002735870597,-5.700918780950914e-4,0.005447092913797746,0.0035486083030820126,-0.0038307205853342907,-9.035534813710555e-4,-1.1470569179028445e-4,-6.199384267180363e-5,0.005152040684171411,0.0010594804828372162,8.976237657520869e-4,0.007615956938677115,-0.007476223866580867,-0.0046795068558243,-0.0023019024846959724,-0.002723742644157312,-6.937099301715932e-4,-0.00208453863492597,-7.019883851988595e-4,-0.0014124184136683482,-4.539815315673934e-6,7.094191435532693e-4,-0.024814779671785026,0.033954869690997036,-0.007434750695761494,0.03851462416626905,-0.04313413346949435,0.014143848209918097,-6.618089451295717e-4,-0.0027460978208786457,5.40003322411664e-4,-2.2199453969218297e-4,2.964711003015097e-4,4.405647143448377e-4,-0.03584323949595136,-0.028197148991148335,-0.03544547894550609,0.017017509519513307,0.04450194255368567,0.032430908055577135,0.06000000000000005,0.040000000000000036,0.040000000000000036,-0.16999999999999993,-0.07999999999999963,-0.06000000000000005,-0.06999999999999984,0.10999999999999988,0.020000000000000018,0.0900000000000003,-0.21999999999999975,0.03000000000000025,-0.3199999999999994,-0.08000000000000007,-0.27999999999999936,-0.10000000000000053,-0.16999999999999993,-0.1299999999999999,-0.1899999999999995,-0.09999999999999964,-0.1299999999999999,-0.11999999999999922,-0.03000000000000025,-0.05999999999999872,-0.2599999999999998,-0.14000000000000057,-0.2400000000000002,-0.15000000000000036,-0.030000000000001137,-0.08000000000000007,0.011189448560436688,0.00629122984901187,0.01897215652254225,0.029822357307023317,0.0013151446761119345,-0.015891863828300323,12.6214,13.0022,13.693,12.7813,14.2585,14.7531,0.6000000000000085,1.2000000000000028,-0.6999999999999886,5.700000000000003,-0.5,1.2000000000000028,2.41,2.89,3.0300000000000002,3.5499999999999994,3.51,3.5999999999999996,0.6799999999999997,0.7400000000000002,0.5700000000000003,0.8300000000000001,0.6999999999999993,0.8300000000000001
1993 Q4,0.034185936580581,-0.0022521719993893186,-0.001236788122966459,-0.0025972868409436245,0.03583596895600927,-0.003884309787061113,0.0035144721495532494,0.0057239375744684295,0.00362283951300002,-0.0027166975387347136,0.006570857427464993,0.006487760931138453,0.00590527084702952,0.005291488315735116,0.0022526473495334542,-8.739137323683366e-4,0.0016874963663999765,0.0032931151719015617,0.0031569834575275735,0.00886551357316634,0.009202467854295904,-0.006342252771167622,0.015446293591274696,0.013807834415880293,0.0073108532979571095,0.007816070327212543,3.352814372199475e-4,-0.006882192371836737,0.009388502674344323,0.01192891157876197,-0.09999999999999964,-0.09999999999999964,-0.09999999999999964,-0.09999999999999964,0,0,-0.054230154060860514,-0.005882369903067897,-0.0024768716676764058,0.03700095641496759,-0.06633447382034241,0.02378175656248871,0.002995829481257317,0.002236705341672973,0.0015453229952981928,-3.9990548221702227e-4,0.0020019660684571505,3.304753366961677e-4,41.4,41.3,41,40.8,40.9,40.7,7.334981878871814,7.202661196523238,7.154615356913663,6.9874902470009905,7.112327444710911,7.078341579557671,7.2868764117507,7.1316985104669115,7.029972911706386,6.962243464266207,7.069874128458572,7.01571242048723,-0.004952927697345899,2.853409974532539e-4,-0.008723511265443129,0.0017259430562690525,-0.0028678412336384795,0.0038410915420250547,-0.0026018634740392343,8.102530436069344e-4,-0.005877451747723583,5.259205027616787e-4,-0.001313742091966219,0.0019351102891995708,0.00695539893267938,0.005190085311422621,0.007985911278404423,0.011917002735870597,-5.700918780950914e-4,0.005447092913797746,-3.366496983936429e-4,-0.0038307205853342907,-9.035534813710555e-4,-1.1470569179028445e-4,-6.199384267180363e-5,0.005152040684171411,0.0031665797665869633,8.976237657520869e-4,0.007615956938677115,-0.007476223866580867,-0.0046795068558243,-0.0023019024846959724,-6.907996280087758e-4,-6.937099301715932e-4,-0.00208453863492597,-7.019883851988595e-4,-0.0014124184136683482,-4.539815315673934e-6,0.0322263543018968,-0.024814779671785026,0.033954869690997036,-0.007434750695761494,0.03851462416626905,-0.04313413346949435,-0.001664238377394156,-6.618089451295717e-4,-0.0027460978208786457,5.40003322411664e-4,-2.2199453969218297e-4,2.964711003015097e-4,-0.057464567219460694,-0.03584323949595136,-0.028197148991148335,-0.03544547894550609,0.017017509519513307,0.04450194255368567,-0.06000000000000005,0.06000000000000005,0.040000000000000036,0.040000000000000036,-0.16999999999999993,-0.07999999999999963,-0.040000000000000036,-0.06999999999999984,0.10999999999999988,0.020000000000000018,0.0900000000000003,-0.21999999999999975,0.04999999999999982,-0.3199999999999994,-0.08000000000000007,-0.27999999999999936,-0.10000000000000053,-0.16999999999999993,0,-0.1899999999999995,-0.09999999999999964,-0.1299999999999999,-0.11999999999999922,-0.03000000000000025,0.03000000000000025,-0.2599999999999998,-0.14000000000000057,-0.2400000000000002,-0.15000000000000036,-0.030000000000001137,0.006588887365786,0.011189448560436688,0.00629122984901187,0.01897215652254225,0.029822357307023317,0.0013151446761119345,10.8645,12.6214,13.0022,13.693,12.7813,14.2585,7,0.6000000000000085,1.2000000000000028,-0.6999999999999886,5.700000000000003,-0.5,2.7099999999999995,2.41,2.89,3.0300000000000002,3.5499999999999994,3.51,0.7600000000000007,0.6799999999999997,0.7400000000000002,0.5700000000000003,0.8300000000000001,0.6999999999999993
1994 Q1,0.002663108370649425,0.034185936580581,-0.0022521719993893186,-0.001236788122966459,-0.0025972868409436245,0.03583596895600927,1.3203685733742532e-4,0.0035144721495532494,0.0057239375744684295,0.00362283951300002,-0.0027166975387347136,0.006570857427464993,0.010149890606631295,0.00590527084702952,0.005291488315735116,0.0022526473495334542,-8.739137323683366e-4,0.0016874963663999765,0.01651300613455753,0.0031569834575275735,0.00886551357316634,0.009202467854295904,-0.006342252771167622,0.015446293591274696,0.019577610974586435,0.0073108532979571095,0.007816070327212543,3.352814372199475e-4,-0.006882192371836737,0.009388502674344323,-0.09999999999999964,-0.09999999999999964,-0.09999999999999964,-0.09999999999999964,-0.09999999999999964,0,-0.03727139479723185,-0.054230154060860514,-0.005882369903067897,-0.0024768716676764058,0.03700095641496759,-0.06633447382034241,0.004096861415611386,0.002995829481257317,0.002236705341672973,0.0015453229952981928,-3.9990548221702227e-4,0.0020019660684571505,41.7,41.4,41.3,41,40.8,40.9,7.355001921105257,7.334981878871814,7.202661196523238,7.154615356913663,6.9874902470009905,7.112327444710911,7.201916317531627,7.2868764117507,7.1316985104669115,7.029972911706386,6.962243464266207,7.069874128458572,-8.062015808407708e-4,-0.004952927697345899,2.853409974532539e-4,-0.008723511265443129,0.0017259430562690525,-0.0028678412336384795,0.0010349354707877012,-0.0026018634740392343,8.102530436069344e-4,-0.005877451747723583,5.259205027616787e-4,-0.001313742091966219,0.007010481324760676,0.00695539893267938,0.005190085311422621,0.007985911278404423,0.011917002735870597,-5.700918780950914e-4,0.010754642117321467,-3.366496983936429e-4,-0.0038307205853342907,-9.035534813710555e-4,-1.1470569179028445e-4,-6.199384267180363e-5,0.001969877555417554,0.0031665797665869633,8.976237657520869e-4,0.007615956938677115,-0.007476223866580867,-0.0046795068558243,-7.434664400562951e-6,-6.907996280087758e-4,-6.937099301715932e-4,-0.00208453863492597,-7.019883851988595e-4,-0.0014124184136683482,0.0029246683425645514,0.0322263543018968,-0.024814779671785026,0.033954869690997036,-0.007434750695761494,0.03851462416626905,4.3456710958000855e-4,-0.001664238377394156,-6.618089451295717e-4,-0.0027460978208786457,5.40003322411664e-4,-2.2199453969218297e-4,0.006623066520604404,-0.057464567219460694,-0.03584323949595136,-0.028197148991148335,-0.03544547894550609,0.017017509519513307,0.08999999999999986,-0.06000000000000005,0.06000000000000005,0.040000000000000036,0.040000000000000036,-0.16999999999999993,0.25,-0.040000000000000036,-0.06999999999999984,0.10999999999999988,0.020000000000000018,0.0900000000000003,0.5100000000000007,0.04999999999999982,-0.3199999999999994,-0.08000000000000007,-0.27999999999999936,-0.10000000000000053,0.40000000000000036,0,-0.1899999999999995,-0.09999999999999964,-0.1299999999999999,-0.11999999999999922,0.370000000000001,0.03000000000000025,-0.2599999999999998,-0.14000000000000057,-0.2400000000000002,-0.15000000000000036,-0.016613773336225712,0.006588887365786,0.011189448560436688,0.00629122984901187,0.01897215652254225,0.029822357307023317,14.2408,10.8645,12.6214,13.0022,13.693,12.7813,-1.7000000000000028,7,0.6000000000000085,1.2000000000000028,-0.6999999999999886,5.700000000000003,2.9800000000000004,2.7099999999999995,2.41,2.89,3.0300000000000002,3.5499999999999994,0.6500000000000004,0.7600000000000007,0.6799999999999997,0.7400000000000002,0.5700000000000003,0.8300000000000001
1994 Q2,-0.0013520813684557709,0.002663108370649425,0.034185936580581,-0.0022521719993893186,-0.001236788122966459,-0.0025972868409436245,0.005965575040027371,1.3203685733742532e-4,0.0035144721495532494,0.0057239375744684295,0.00362283951300002,-0.0027166975387347136,0.006728449687136262,0.010149890606631295,0.00590527084702952,0.005291488315735116,0.0022526473495334542,-8.739137323683366e-4,0.009138004583421733,0.01651300613455753,0.0031569834575275735,0.00886551357316634,0.009202467854295904,-0.006342252771167622,0.011697543241112385,0.019577610974586435,0.0073108532979571095,0.007816070327212543,3.352814372199475e-4,-0.006882192371836737,0,-0.09999999999999964,-0.09999999999999964,-0.09999999999999964,-0.09999999999999964,-0.09999999999999964,-0.05437677087807202,-0.03727139479723185,-0.054230154060860514,-0.005882369903067897,-0.0024768716676764058,0.03700095641496759,0.002778741362227777,0.004096861415611386,0.002995829481257317,0.002236705341672973,0.0015453229952981928,-3.9990548221702227e-4,41.8,41.7,41.4,41.3,41,40.8,7.25063551189868,7.355001921105257,7.334981878871814,7.202661196523238,7.154615356913663,6.9874902470009905,7.213031659834869,7.201916317531627,7.2868764117507,7.1316985104669115,7.029972911706386,6.962243464266207,-2.65631431254576e-4,-8.062015808407708e-4,-0.004952927697345899,2.853409974532539e-4,-0.008723511265443129,0.0017259430562690525,-0.005967480063864272,0.0010349354707877012,-0.0026018634740392343,8.102530436069344e-4,-0.005877451747723583,5.259205027616787e-4,0.010501747949671625,0.007010481324760676,0.00695539893267938,0.005190085311422621,0.007985911278404423,0.011917002735870597,-7.040032243867955e-4,0.010754642117321467,-3.366496983936429e-4,-0.0038307205853342907,-9.035534813710555e-4,-1.1470569179028445e-4,-0.0038958529225592287,0.001969877555417554,0.0031665797665869633,8.976237657520869e-4,0.007615956938677115,-0.007476223866580867,6.722244517805009e-4,-7.434664400562951e-6,-6.907996280087758e-4,-6.937099301715932e-4,-0.00208453863492597,-7.019883851988595e-4,0.04855996201306123,0.0029246683425645514,0.0322263543018968,-0.024814779671785026,0.033954869690997036,-0.007434750695761494,9.79179072880143e-4,4.3456710958000855e-4,-0.001664238377394156,-6.618089451295717e-4,-0.0027460978208786457,5.40003322411664e-4,-0.023188041453485297,0.006623066520604404,-0.057464567219460694,-0.03584323949595136,-0.028197148991148335,-0.03544547894550609,0.2400000000000002,0.08999999999999986,-0.06000000000000005,0.06000000000000005,0.040000000000000036,0.040000000000000036,0,0.25,-0.040000000000000036,-0.06999999999999984,0.10999999999999988,0.020000000000000018,-0.08000000000000007,0.5100000000000007,0.04999999999999982,-0.3199999999999994,-0.08000000000000007,-0.27999999999999936,-0.020000000000000462,0.40000000000000036,0,-0.1899999999999995,-0.09999999999999964,-0.1299999999999999,0.030000000000001137,0.370000000000001,0.03000000000000025,-0.2599999999999998,-0.14000000000000057,-0.2400000000000002,0.008678137334561242,-0.016613773336225712,0.006588887365786,0.011189448560436688,0.00629122984901187,0.01897215652254225,12.9459,14.2408,10.8645,12.6214,13.0022,13.693,-1.5999999999999943,-1.7000000000000028,7,0.6000000000000085,1.2000000000000028,-0.6999999999999886,2.96,2.9800000000000004,2.7099999999999995,2.41,2.89,3.0300000000000002,0.6800000000000006,0.6500000000000004,0.7600000000000007,0.6799999999999997,0.7400000000000002,0.5700000000000003
1994 Q3,0.004370694168002842,-0.0013520813684557709,0.002663108370649425,0.034185936580581,-0.0022521719993893186,-0.001236788122966459,0.0014863813074370569,0.005965575040027371,1.3203685733742532e-4,0.0035144721495532494,0.0057239375744684295,0.00362283951300002,0.0031405492615519393,0.006728449687136262,0.010149890606631295,0.00590527084702952,0.005291488315735116,0.0022526473495334542,-0.004338548217093674,0.009138004583421733,0.01651300613455753,0.0031569834575275735,0.00886551357316634,0.009202467854295904,0.009463858863123065,0.011697543241112385,0.019577610974586435,0.0073108532979571095,0.007816070327212543,3.352814372199475e-4,-0.09999999999999964,0,-0.09999999999999964,-0.09999999999999964,-0.09999999999999964,-0.09999999999999964,-0.018004987513613457,-0.05437677087807202,-0.03727139479723185,-0.054230154060860514,-0.005882369903067897,-0.0024768716676764058,0.0029893569947656573,0.002778741362227777,0.004096861415611386,0.002995829481257317,0.002236705341672973,0.0015453229952981928,41.6,41.8,41.7,41.4,41.3,41,7.295735072749282,7.25063551189868,7.355001921105257,7.334981878871814,7.202661196523238,7.154615356913663,7.252762418053187,7.213031659834869,7.201916317531627,7.2868764117507,7.1316985104669115,7.029972911706386,0.0012161149034870533,-2.65631431254576e-4,-8.062015808407708e-4,-0.004952927697345899,2.853409974532539e-4,-0.008723511265443129,8.317069625078943e-4,-0.005967480063864272,0.0010349354707877012,-0.0026018634740392343,8.102530436069344e-4,-0.005877451747723583,0.0031226038440337334,0.010501747949671625,0.007010481324760676,0.00695539893267938,0.005190085311422621,0.007985911278404423,-0.004871413365845179,-7.040032243867955e-4,0.010754642117321467,-3.366496983936429e-4,-0.0038307205853342907,-9.035534813710555e-4,0.006867459169832557,-0.0038958529225592287,0.001969877555417554,0.0031665797665869633,8.976237657520869e-4,0.007615956938677115,-0.0020235766124940824,6.722244517805009e-4,-7.434664400562951e-6,-6.907996280087758e-4,-6.937099301715932e-4,-0.00208453863492597,-0.014175717885379413,0.04855996201306123,0.0029246683425645514,0.0322263543018968,-0.024814779671785026,0.033954869690997036,-0.0011888372700683547,9.79179072880143e-4,4.3456710958000855e-4,-0.001664238377394156,-6.618089451295717e-4,-0.0027460978208786457,0.015463654871644472,-0.023188041453485297,0.006623066520604404,-0.057464567219460694,-0.03584323949595136,-0.028197148991148335,0.2600000000000007,0.2400000000000002,0.08999999999999986,-0.06000000000000005,0.06000000000000005,0.040000000000000036,0.13999999999999968,0,0.25,-0.040000000000000036,-0.06999999999999984,0.10999999999999988,0.21999999999999975,-0.08000000000000007,0.5100000000000007,0.04999999999999982,-0.3199999999999994,-0.08000000000000007,0.2699999999999996,-0.020000000000000462,0.40000000000000036,0,-0.1899999999999995,-0.09999999999999964,0.2400000000000002,0.030000000000001137,0.370000000000001,0.03000000000000025,-0.2599999999999998,-0.14000000000000057,0.00584194101318225,0.008678137334561242,-0.016613773336225712,0.006588887365786,0.011189448560436688,0.00629122984901187,12.6123,12.9459,14.2408,10.8645,12.6214,13.0022,-0.20000000000000284,-1.5999999999999943,-1.7000000000000028,7,0.6000000000000085,1.2000000000000028,2.84,2.96,2.9800000000000004,2.7099999999999995,2.41,2.89,0.6400000000000006,0.6800000000000006,0.6500000000000004,0.7600000000000007,0.6799999999999997,0.7400000000000002
1994 Q4,0.004723048798453533,0.004370694168002842,-0.0013520813684557709,0.002663108370649425,0.034185936580581,-0.0022521719993893186,0.0026514957809049555,0.0014863813074370569,0.005965575040027371,1.3203685733742532e-4,0.0035144721495532494,0.0057239375744684295,0.010166425922232492,0.0031405492615519393,0.006728449687136262,0.010149890606631295,0.00590527084702952,0.005291488315735116,0.0074816263160428775,-0.004338548217093674,0.009138004583421733,0.01651300613455753,0.0031569834575275735,0.00886551357316634,0.0026402045313762557,0.009463858863123065,0.011697543241112385,0.019577610974586435,0.0073108532979571095,0.007816070327212543,-0.09999999999999964,-0.09999999999999964,0,-0.09999999999999964,-0.09999999999999964,-0.09999999999999964,-0.01474228173720249,-0.018004987513613457,-0.05437677087807202,-0.03727139479723185,-0.054230154060860514,-0.005882369903067897,0.0026288472782862726,0.0029893569947656573,0.002778741362227777,0.004096861415611386,0.002995829481257317,0.002236705341672973,41.8,41.6,41.8,41.7,41.4,41.3,7.282761179605593,7.295735072749282,7.25063551189868,7.355001921105257,7.334981878871814,7.202661196523238,7.241366283322318,7.252762418053187,7.213031659834869,7.201916317531627,7.2868764117507,7.1316985104669115,-7.821968398236123e-4,0.0012161149034870533,-2.65631431254576e-4,-8.062015808407708e-4,-0.004952927697345899,2.853409974532539e-4,-0.001061395470760118,8.317069625078943e-4,-0.005967480063864272,0.0010349354707877012,-0.0026018634740392343,8.102530436069344e-4,0.002228295610888331,0.0031226038440337334,0.010501747949671625,0.007010481324760676,0.00695539893267938,0.005190085311422621,-0.002157222051661911,-0.004871413365845179,-7.040032243867955e-4,0.010754642117321467,-3.366496983936429e-4,-0.0038307205853342907,0.015536471668008645,0.006867459169832557,-0.0038958529225592287,0.001969877555417554,0.0031665797665869633,8.976237657520869e-4,-6.73130828106494e-4,-0.0020235766124940824,6.722244517805009e-4,-7.434664400562951e-6,-6.907996280087758e-4,-6.937099301715932e-4,2.3008660085022115e-4,-0.014175717885379413,0.04855996201306123,0.0029246683425645514,0.0322263543018968,-0.024814779671785026,-0.0012567128970930597,-0.0011888372700683547,9.79179072880143e-4,4.3456710958000855e-4,-0.001664238377394156,-6.618089451295717e-4,-0.0751133306890015,0.015463654871644472,-0.023188041453485297,0.006623066520604404,-0.057464567219460694,-0.03584323949595136,0.16000000000000014,0.2600000000000007,0.2400000000000002,0.08999999999999986,-0.06000000000000005,0.06000000000000005,0.3099999999999996,0.13999999999999968,0,0.25,-0.040000000000000036,-0.06999999999999984,-0.15000000000000036,0.21999999999999975,-0.08000000000000007,0.5100000000000007,0.04999999999999982,-0.3199999999999994,-0.21999999999999886,0.2699999999999996,-0.020000000000000462,0.40000000000000036,0,-0.1899999999999995,-0.22000000000000064,0.2400000000000002,0.030000000000001137,0.370000000000001,0.03000000000000025,-0.2599999999999998,-0.012704820530091254,0.00584194101318225,0.008678137334561242,-0.016613773336225712,0.006588887365786,0.011189448560436688,13.8066,12.6123,12.9459,14.2408,10.8645,12.6214,3.5,-0.20000000000000284,-1.5999999999999943,-1.7000000000000028,7,0.6000000000000085,2.21,2.84,2.96,2.9800000000000004,2.7099999999999995,2.41,0.6399999999999988,0.6400000000000006,0.6800000000000006,0.6500000000000004,0.7600000000000007,0.6799999999999997
1995 Q1,0.002529105712566704,0.004723048798453533,0.004370694168002842,-0.0013520813684557709,0.002663108370649425,0.034185936580581,0.005255336326822846,0.0026514957809049555,0.0014863813074370569,0.005965575040027371,1.3203685733742532e-4,0.0035144721495532494,0.0016603011582869698,0.010166425922232492,0.0031405492615519393,0.006728449687136262,0.010149890606631295,0.00590527084702952,-3.534470810819812e-4,0.0074816263160428775,-0.004338548217093674,0.009138004583421733,0.01651300613455753,0.0031569834575275735,0.010874627767526235,0.0026402045313762557,0.009463858863123065,0.011697543241112385,0.019577610974586435,0.0073108532979571095,0,-0.09999999999999964,-0.09999999999999964,0,-0.09999999999999964,-0.09999999999999964,0.007374664691267796,-0.01474228173720249,-0.018004987513613457,-0.05437677087807202,-0.03727139479723185,-0.054230154060860514,0.0018321766069142598,0.0026288472782862726,0.0029893569947656573,0.002778741362227777,0.004096861415611386,0.002995829481257317,41.5,41.8,41.6,41.8,41.7,41.4,7.130098510125578,7.282761179605593,7.295735072749282,7.25063551189868,7.355001921105257,7.334981878871814,7.111512116496157,7.241366283322318,7.252762418053187,7.213031659834869,7.201916317531627,7.2868764117507,0.0028698189504261506,-7.821968398236123e-4,0.0012161149034870533,-2.65631431254576e-4,-8.062015808407708e-4,-0.004952927697345899,0.0010598867371314213,-0.001061395470760118,8.317069625078943e-4,-0.005967480063864272,0.0010349354707877012,-0.0026018634740392343,0.01905924594049324,0.002228295610888331,0.0031226038440337334,0.010501747949671625,0.007010481324760676,0.00695539893267938,-0.00766885203712242,-0.002157222051661911,-0.004871413365845179,-7.040032243867955e-4,0.010754642117321467,-3.366496983936429e-4,0.008594341329082766,0.015536471668008645,0.006867459169832557,-0.0038958529225592287,0.001969877555417554,0.0031665797665869633,-6.681836132438335e-4,-6.73130828106494e-4,-0.0020235766124940824,6.722244517805009e-4,-7.434664400562951e-6,-6.907996280087758e-4,-0.015688506762256083,2.3008660085022115e-4,-0.014175717885379413,0.04855996201306123,0.0029246683425645514,0.0322263543018968,7.108819788559373e-5,-0.0012567128970930597,-0.0011888372700683547,9.79179072880143e-4,4.3456710958000855e-4,-0.001664238377394156,-0.02849624357865066,-0.0751133306890015,0.015463654871644472,-0.023188041453485297,0.006623066520604404,-0.057464567219460694,0.0600000000000005,0.16000000000000014,0.2600000000000007,0.2400000000000002,0.08999999999999986,-0.06000000000000005,-0.03999999999999915,0.3099999999999996,0.13999999999999968,0,0.25,-0.040000000000000036,-0.2699999999999996,-0.15000000000000036,0.21999999999999975,-0.08000000000000007,0.5100000000000007,0.04999999999999982,-0.14000000000000057,-0.21999999999999886,0.2699999999999996,-0.020000000000000462,0.40000000000000036,0,-0.15000000000000036,-0.22000000000000064,0.2400000000000002,0.030000000000001137,0.370000000000001,0.03000000000000025,0.023035262228528808,-0.012704820530091254,0.00584194101318225,0.008678137334561242,-0.016613773336225712,0.006588887365786,11.9713,13.8066,12.6123,12.9459,14.2408,10.8645,-4.799999999999997,3.5,-0.20000000000000284,-1.5999999999999943,-1.7000000000000028,7,1.4699999999999998,2.21,2.84,2.96,2.9800000000000004,2.7099999999999995,0.5800000000000001,0.6399999999999988,0.6400000000000006,0.6800000000000006,0.6500000000000004,0.7600000000000007
1995 Q2,0.003680247221554467,0.002529105712566704,0.004723048798453533,0.004370694168002842,-0.0013520813684557709,0.002663108370649425,0.007969037516769362,0.005255336326822846,0.0026514957809049555,0.0014863813074370569,0.005965575040027371,1.3203685733742532e-4,0.0033088514322034968,0.0016603011582869698,0.010166425922232492,0.0031405492615519393,0.006728449687136262,0.010149890606631295,0.009592637750134969,-3.534470810819812e-4,0.0074816263160428775,-0.004338548217093674,0.009138004583421733,0.01651300613455753,0.011660520179935574,0.010874627767526235,0.0026402045313762557,0.009463858863123065,0.011697543241112385,0.019577610974586435,0,0,-0.09999999999999964,-0.09999999999999964,0,-0.09999999999999964,-0.01086229281663087,0.007374664691267796,-0.01474228173720249,-0.018004987513613457,-0.05437677087807202,-0.03727139479723185,0.002082462837256216,0.0018321766069142598,0.0026288472782862726,0.0029893569947656573,0.002778741362227777,0.004096861415611386,41.2,41.5,41.8,41.6,41.8,41.7,7.155396301896734,7.130098510125578,7.282761179605593,7.295735072749282,7.25063551189868,7.355001921105257,7.173958319756794,7.111512116496157,7.241366283322318,7.252762418053187,7.213031659834869,7.201916317531627,0.0025255414018001687,0.0028698189504261506,-7.821968398236123e-4,0.0012161149034870533,-2.65631431254576e-4,-8.062015808407708e-4,-1.348530484932553e-4,0.0010598867371314213,-0.001061395470760118,8.317069625078943e-4,-0.005967480063864272,0.0010349354707877012,6.888832668412448e-4,0.01905924594049324,0.002228295610888331,0.0031226038440337334,0.010501747949671625,0.007010481324760676,-0.006347448754943308,-0.00766885203712242,-0.002157222051661911,-0.004871413365845179,-7.040032243867955e-4,0.010754642117321467,-0.0021317908209539382,0.008594341329082766,0.015536471668008645,0.006867459169832557,-0.0038958529225592287,0.001969877555417554,-3.890316417454187e-6,-6.681836132438335e-4,-6.73130828106494e-4,-0.0020235766124940824,6.722244517805009e-4,-7.434664400562951e-6,0.02259046012838528,-0.015688506762256083,2.3008660085022115e-4,-0.014175717885379413,0.04855996201306123,0.0029246683425645514,-5.633648495191323e-4,7.108819788559373e-5,-0.0012567128970930597,-0.0011888372700683547,9.79179072880143e-4,4.3456710958000855e-4,-0.06264598061978477,-0.02849624357865066,-0.0751133306890015,0.015463654871644472,-0.023188041453485297,0.006623066520604404,-0.009999999999999787,0.0600000000000005,0.16000000000000014,0.2600000000000007,0.2400000000000002,0.08999999999999986,-0.20000000000000018,-0.03999999999999915,0.3099999999999996,0.13999999999999968,0,0.25,-0.45999999999999996,-0.2699999999999996,-0.15000000000000036,0.21999999999999975,-0.08000000000000007,0.5100000000000007,-0.35000000000000053,-0.14000000000000057,-0.21999999999999886,0.2699999999999996,-0.020000000000000462,0.40000000000000036,-0.29999999999999893,-0.15000000000000036,-0.22000000000000064,0.2400000000000002,0.030000000000001137,0.370000000000001,0.0292356876738582,0.023035262228528808,-0.012704820530091254,0.00584194101318225,0.008678137334561242,-0.016613773336225712,13.179,11.9713,13.8066,12.6123,12.9459,14.2408,2.9000000000000057,-4.799999999999997,3.5,-0.20000000000000284,-1.5999999999999943,-1.7000000000000028,0.7000000000000002,1.4699999999999998,2.21,2.84,2.96,2.9800000000000004,0.6000000000000005,0.5800000000000001,0.6399999999999988,0.6400000000000006,0.6800000000000006,0.6500000000000004
1995 Q3,0.003841623976478914,0.003680247221554467,0.002529105712566704,0.004723048798453533,0.004370694168002842,-0.0013520813684557709,0.0023426388815321886,0.007969037516769362,0.005255336326822846,0.0026514957809049555,0.0014863813074370569,0.005965575040027371,0.004025176187479218,0.0033088514322034968,0.0016603011582869698,0.010166425922232492,0.0031405492615519393,0.006728449687136262,-0.001222849435627893,0.009592637750134969,-3.534470810819812e-4,0.0074816263160428775,-0.004338548217093674,0.009138004583421733,0.0012872285365226332,0.011660520179935574,0.010874627767526235,0.0026402045313762557,0.009463858863123065,0.011697543241112385,-0.10000000000000053,0,0,-0.09999999999999964,-0.09999999999999964,0,0.016011480242909215,-0.01086229281663087,0.007374664691267796,-0.01474228173720249,-0.018004987513613457,-0.05437677087807202,0.0019276582381202445,0.002082462837256216,0.0018321766069142598,0.0026288472782862726,0.0029893569947656573,0.002778741362227777,41.3,41.2,41.5,41.8,41.6,41.8,7.221835825288449,7.155396301896734,7.130098510125578,7.282761179605593,7.295735072749282,7.25063551189868,7.259116128097101,7.173958319756794,7.111512116496157,7.241366283322318,7.252762418053187,7.213031659834869,-0.0028855078100091802,0.0025255414018001687,0.0028698189504261506,-7.821968398236123e-4,0.0012161149034870533,-2.65631431254576e-4,-0.002393176466227942,-1.348530484932553e-4,0.0010598867371314213,-0.001061395470760118,8.317069625078943e-4,-0.005967480063864272,0.002753346788795241,6.888832668412448e-4,0.01905924594049324,0.002228295610888331,0.0031226038440337334,0.010501747949671625,-0.001998416855148122,-0.006347448754943308,-0.00766885203712242,-0.002157222051661911,-0.004871413365845179,-7.040032243867955e-4,0.0030832231286819223,-0.0021317908209539382,0.008594341329082766,0.015536471668008645,0.006867459169832557,-0.0038958529225592287,-6.568043560379877e-4,-3.890316417454187e-6,-6.681836132438335e-4,-6.73130828106494e-4,-0.0020235766124940824,6.722244517805009e-4,-0.013630732828938008,0.02259046012838528,-0.015688506762256083,2.3008660085022115e-4,-0.014175717885379413,0.04855996201306123,-0.0014595474168546119,-5.633648495191323e-4,7.108819788559373e-5,-0.0012567128970930597,-0.0011888372700683547,9.79179072880143e-4,-0.03029898423614652,-0.06264598061978477,-0.02849624357865066,-0.0751133306890015,0.015463654871644472,-0.023188041453485297,0.05999999999999961,-0.009999999999999787,0.0600000000000005,0.16000000000000014,0.2600000000000007,0.2400000000000002,-0.1200000000000001,-0.20000000000000018,-0.03999999999999915,0.3099999999999996,0.13999999999999968,0,-0.29000000000000004,-0.45999999999999996,-0.2699999999999996,-0.15000000000000036,0.21999999999999975,-0.08000000000000007,-0.25,-0.35000000000000053,-0.14000000000000057,-0.21999999999999886,0.2699999999999996,-0.020000000000000462,-0.2599999999999998,-0.29999999999999893,-0.15000000000000036,-0.22000000000000064,0.2400000000000002,0.030000000000001137,0.03455892827809404,0.0292356876738582,0.023035262228528808,-0.012704820530091254,0.00584194101318225,0.008678137334561242,12.237,13.179,11.9713,13.8066,12.6123,12.9459,-7.299999999999997,2.9000000000000057,-4.799999999999997,3.5,-0.20000000000000284,-1.5999999999999943,0.9199999999999999,0.7000000000000002,1.4699999999999998,2.21,2.84,2.96,0.6099999999999994,0.6000000000000005,0.5800000000000001,0.6399999999999988,0.6400000000000006,0.6800000000000006
1995 Q4,0.001806446592674149,0.003841623976478914,0.003680247221554467,0.002529105712566704,0.004723048798453533,0.004370694168002842,0.006341515164877798,0.0023426388815321886,0.007969037516769362,0.005255336326822846,0.0026514957809049555,0.0014863813074370569,0.003464824423083712,0.004025176187479218,0.0033088514322034968,0.0016603011582869698,0.010166425922232492,0.0031405492615519393,0.004728339523611069,-0.001222849435627893,0.009592637750134969,-3.534470810819812e-4,0.0074816263160428775,-0.004338548217093674,0.002389733629545532,0.0012872285365226332,0.011660520179935574,0.010874627767526235,0.0026402045313762557,0.009463858863123065,0,-0.10000000000000053,0,0,-0.09999999999999964,-0.09999999999999964,-0.03234783386551854,0.016011480242909215,-0.01086229281663087,0.007374664691267796,-0.01474228173720249,-0.018004987513613457,0.0013531229600616257,0.0019276582381202445,0.002082462837256216,0.0018321766069142598,0.0026288472782862726,0.0029893569947656573,40.9,41.3,41.2,41.5,41.8,41.6,7.266128779556451,7.221835825288449,7.155396301896734,7.130098510125578,7.282761179605593,7.295735072749282,7.273786317844895,7.259116128097101,7.173958319756794,7.111512116496157,7.241366283322318,7.252762418053187,-0.003018945075337065,-0.0028855078100091802,0.0025255414018001687,0.0028698189504261506,-7.821968398236123e-4,0.0012161149034870533,8.512528069886116e-4,-0.002393176466227942,-1.348530484932553e-4,0.0010598867371314213,-0.001061395470760118,8.317069625078943e-4,0.009433509932269324,0.002753346788795241,6.888832668412448e-4,0.01905924594049324,0.002228295610888331,0.0031226038440337334,-0.005459157877406362,-0.001998416855148122,-0.006347448754943308,-0.00766885203712242,-0.002157222051661911,-0.004871413365845179,-0.02029108782890532,0.0030832231286819223,-0.0021317908209539382,0.008594341329082766,0.015536471668008645,0.006867459169832557,-1.6932170154859705e-6,-6.568043560379877e-4,-3.890316417454187e-6,-6.681836132438335e-4,-6.73130828106494e-4,-0.0020235766124940824,0.015587223391412053,-0.013630732828938008,0.02259046012838528,-0.015688506762256083,2.3008660085022115e-4,-0.014175717885379413,0.001949188937634183,-0.0014595474168546119,-5.633648495191323e-4,7.108819788559373e-5,-0.0012567128970930597,-0.0011888372700683547,0.025676351919169615,-0.03029898423614652,-0.06264598061978477,-0.02849624357865066,-0.0751133306890015,0.015463654871644472,-0.20000000000000018,0.05999999999999961,-0.009999999999999787,0.0600000000000005,0.16000000000000014,0.2600000000000007,-0.22000000000000064,-0.1200000000000001,-0.20000000000000018,-0.03999999999999915,0.3099999999999996,0.13999999999999968,-0.21999999999999975,-0.29000000000000004,-0.45999999999999996,-0.2699999999999996,-0.15000000000000036,0.21999999999999975,-0.1999999999999993,-0.25,-0.35000000000000053,-0.14000000000000057,-0.21999999999999886,0.2699999999999996,-0.1899999999999995,-0.2599999999999998,-0.29999999999999893,-0.15000000000000036,-0.22000000000000064,0.2400000000000002,0.03147107090924006,0.03455892827809404,0.0292356876738582,0.023035262228528808,-0.012704820530091254,0.00584194101318225,12.288,12.237,13.179,11.9713,13.8066,12.6123,2.799999999999997,-7.299999999999997,2.9000000000000057,-4.799999999999997,3.5,-0.20000000000000284,0.5700000000000003,0.9199999999999999,0.7000000000000002,1.4699999999999998,2.21,2.84,0.6699999999999999,0.6099999999999994,0.6000000000000005,0.5800000000000001,0.6399999999999988,0.6400000000000006
1996 Q1,0.0034878390060661957,0.001806446592674149,0.003841623976478914,0.003680247221554467,0.002529105712566704,0.004723048798453533,0.004834391969221308,0.006341515164877798,0.0023426388815321886,0.007969037516769362,0.005255336326822846,0.0026514957809049555,-0.0012250426290405514,0.003464824423083712,0.004025176187479218,0.0033088514322034968,0.0016603011582869698,0.010166425922232492,4.976003650991601e-4,0.004728339523611069,-0.001222849435627893,0.009592637750134969,-3.534470810819812e-4,0.0074816263160428775,0.0037392239454341336,0.002389733629545532,0.0012872285365226332,0.011660520179935574,0.010874627767526235,0.0026402045313762557,0,0,-0.10000000000000053,0,0,-0.09999999999999964,0.023965004690404967,-0.03234783386551854,0.016011480242909215,-0.01086229281663087,0.007374664691267796,-0.01474228173720249,0.002145300723086052,0.0013531229600616257,0.0019276582381202445,0.002082462837256216,0.0018321766069142598,0.0026288472782862726,41.1,40.9,41.3,41.2,41.5,41.8,7.261225091971921,7.266128779556451,7.221835825288449,7.155396301896734,7.130098510125578,7.282761179605593,7.270312886079025,7.273786317844895,7.259116128097101,7.173958319756794,7.111512116496157,7.241366283322318,0.008119232273113397,-0.003018945075337065,-0.0028855078100091802,0.0025255414018001687,0.0028698189504261506,-7.821968398236123e-4,0.0030279965254447205,8.512528069886116e-4,-0.002393176466227942,-1.348530484932553e-4,0.0010598867371314213,-0.001061395470760118,0.024633497731922027,0.009433509932269324,0.002753346788795241,6.888832668412448e-4,0.01905924594049324,0.002228295610888331,0.0014059890111877138,-0.005459157877406362,-0.001998416855148122,-0.006347448754943308,-0.00766885203712242,-0.002157222051661911,-0.0023212290985625827,-0.02029108782890532,0.0030832231286819223,-0.0021317908209539382,0.008594341329082766,0.015536471668008645,0.0012832553598149943,-1.6932170154859705e-6,-6.568043560379877e-4,-3.890316417454187e-6,-6.681836132438335e-4,-6.73130828106494e-4,0.053053709395651794,0.015587223391412053,-0.013630732828938008,0.02259046012838528,-0.015688506762256083,2.3008660085022115e-4,0.0014381998432480003,0.001949188937634183,-0.0014595474168546119,-5.633648495191323e-4,7.108819788559373e-5,-0.0012567128970930597,0.10339033558469302,0.025676351919169615,-0.03029898423614652,-0.06264598061978477,-0.02849624357865066,-0.0751133306890015,0.08999999999999986,-0.20000000000000018,0.05999999999999961,-0.009999999999999787,0.0600000000000005,0.16000000000000014,0.1299999999999999,-0.22000000000000064,-0.1200000000000001,-0.20000000000000018,-0.03999999999999915,0.3099999999999996,0.45999999999999996,-0.21999999999999975,-0.29000000000000004,-0.45999999999999996,-0.2699999999999996,-0.15000000000000036,0.35999999999999943,-0.1999999999999993,-0.25,-0.35000000000000053,-0.14000000000000057,-0.21999999999999886,0.39999999999999947,-0.1899999999999995,-0.2599999999999998,-0.29999999999999893,-0.15000000000000036,-0.22000000000000064,-0.0038099397471897944,0.03147107090924006,0.03455892827809404,0.0292356876738582,0.023035262228528808,-0.012704820530091254,18.7075,12.288,12.237,13.179,11.9713,13.8066,5.200000000000003,2.799999999999997,-7.299999999999997,2.9000000000000057,-4.799999999999997,3.5,1.3099999999999996,0.5700000000000003,0.9199999999999999,0.7000000000000002,1.4699999999999998,2.21,0.6799999999999997,0.6699999999999999,0.6099999999999994,0.6000000000000005,0.5800000000000001,0.6399999999999988
1996 Q2,0.006624002931872042,0.0034878390060661957,0.001806446592674149,0.003841623976478914,0.003680247221554467,0.002529105712566704,0.00115946115619181,0.004834391969221308,0.006341515164877798,0.0023426388815321886,0.007969037516769362,0.005255336326822846,0.007593378241184112,-0.0012250426290405514,0.003464824423083712,0.004025176187479218,0.0033088514322034968,0.0016603011582869698,-0.004725370855314992,4.976003650991601e-4,0.004728339523611069,-0.001222849435627893,0.009592637750134969,-3.534470810819812e-4,-0.008002305969677437,0.0037392239454341336,0.002389733629545532,0.0012872285365226332,0.011660520179935574,0.010874627767526235,-0.2999999999999998,0,0,-0.10000000000000053,0,0,-0.006698728995619518,0.023965004690404967,-0.03234783386551854,0.016011480242909215,-0.01086229281663087,0.007374664691267796,0.0022903389514237205,0.002145300723086052,0.0013531229600616257,0.0019276582381202445,0.002082462837256216,0.0018321766069142598,41.5,41.1,40.9,41.3,41.2,41.5,7.2909747781429814,7.261225091971921,7.266128779556451,7.221835825288449,7.155396301896734,7.130098510125578,7.264730177929867,7.270312886079025,7.273786317844895,7.259116128097101,7.173958319756794,7.111512116496157,0.006241418502235696,0.008119232273113397,-0.003018945075337065,-0.0028855078100091802,0.0025255414018001687,0.0028698189504261506,2.5838212753015455e-4,0.0030279965254447205,8.512528069886116e-4,-0.002393176466227942,-1.348530484932553e-4,0.0010598867371314213,0.008548168159040692,0.024633497731922027,0.009433509932269324,0.002753346788795241,6.888832668412448e-4,0.01905924594049324,0.001167682338103937,0.0014059890111877138,-0.005459157877406362,-0.001998416855148122,-0.006347448754943308,-0.00766885203712242,0.001186355060690758,-0.0023212290985625827,-0.02029108782890532,0.0030832231286819223,-0.0021317908209539382,0.008594341329082766,-3.6793390600919906e-6,0.0012832553598149943,-1.6932170154859705e-6,-6.568043560379877e-4,-3.890316417454187e-6,-6.681836132438335e-4,-0.007490926198238768,0.053053709395651794,0.015587223391412053,-0.013630732828938008,0.02259046012838528,-0.015688506762256083,-0.0017382997215529272,0.0014381998432480003,0.001949188937634183,-0.0014595474168546119,-5.633648495191323e-4,7.108819788559373e-5,0.06524380869599877,0.10339033558469302,0.025676351919169615,-0.03029898423614652,-0.06264598061978477,-0.02849624357865066,0.02999999999999936,0.08999999999999986,-0.20000000000000018,0.05999999999999961,-0.009999999999999787,0.0600000000000005,0.07000000000000028,0.1299999999999999,-0.22000000000000064,-0.1200000000000001,-0.20000000000000018,-0.03999999999999915,0.16999999999999993,0.45999999999999996,-0.21999999999999975,-0.29000000000000004,-0.45999999999999996,-0.2699999999999996,0.08999999999999986,0.35999999999999943,-0.1999999999999993,-0.25,-0.35000000000000053,-0.14000000000000057,0.09999999999999964,0.39999999999999947,-0.1899999999999995,-0.2599999999999998,-0.29999999999999893,-0.15000000000000036,0.010934659573592853,-0.0038099397471897944,0.03147107090924006,0.03455892827809404,0.0292356876738582,0.023035262228528808,17.6216,18.7075,12.288,12.237,13.179,11.9713,3,5.200000000000003,2.799999999999997,-7.299999999999997,2.9000000000000057,-4.799999999999997,1.8200000000000003,1.3099999999999996,0.5700000000000003,0.9199999999999999,0.7000000000000002,1.4699999999999998,0.6900000000000004,0.6799999999999997,0.6699999999999999,0.6099999999999994,0.6000000000000005,0.5800000000000001
1996 Q3,0.0028268288686668086,0.006624002931872042,0.0034878390060661957,0.001806446592674149,0.003841623976478914,0.003680247221554467,0.0012737854957789452,0.00115946115619181,0.004834391969221308,0.006341515164877798,0.0023426388815321886,0.007969037516769362,0.006239632118214544,0.007593378241184112,-0.0012250426290405514,0.003464824423083712,0.004025176187479218,0.0033088514322034968,0.003053217028517352,-0.004725370855314992,4.976003650991601e-4,0.004728339523611069,-0.001222849435627893,0.009592637750134969,0.011257455373719694,-0.008002305969677437,0.0037392239454341336,0.002389733629545532,0.0012872285365226332,0.011660520179935574,0.10000000000000053,-0.2999999999999998,0,0,-0.10000000000000053,0,0.03246894068607986,-0.006698728995619518,0.023965004690404967,-0.03234783386551854,0.016011480242909215,-0.01086229281663087,0.0016791498471508959,0.0022903389514237205,0.002145300723086052,0.0013531229600616257,0.0019276582381202445,0.002082462837256216,41.6,41.5,41.1,40.9,41.3,41.2,7.29641326877392,7.2909747781429814,7.261225091971921,7.266128779556451,7.221835825288449,7.155396301896734,7.238496840894365,7.264730177929867,7.270312886079025,7.273786317844895,7.259116128097101,7.173958319756794,0.004842160142936258,0.006241418502235696,0.008119232273113397,-0.003018945075337065,-0.0028855078100091802,0.0025255414018001687,6.628882223616017e-4,2.5838212753015455e-4,0.0030279965254447205,8.512528069886116e-4,-0.002393176466227942,-1.348530484932553e-4,-5.951496630629549e-6,0.008548168159040692,0.024633497731922027,0.009433509932269324,0.002753346788795241,6.888832668412448e-4,0.010087897827775194,0.001167682338103937,0.0014059890111877138,-0.005459157877406362,-0.001998416855148122,-0.006347448754943308,-0.0038237435930827957,0.001186355060690758,-0.0023212290985625827,-0.02029108782890532,0.0030832231286819223,-0.0021317908209539382,0.0019025393270881708,-3.6793390600919906e-6,0.0012832553598149943,-1.6932170154859705e-6,-6.568043560379877e-4,-3.890316417454187e-6,0.04098560647696825,-0.007490926198238768,0.053053709395651794,0.015587223391412053,-0.013630732828938008,0.02259046012838528,0.001871375186718538,-0.0017382997215529272,0.0014381998432480003,0.001949188937634183,-0.0014595474168546119,-5.633648495191323e-4,0.058837442866586986,0.06524380869599877,0.10339033558469302,0.025676351919169615,-0.03029898423614652,-0.06264598061978477,0.08000000000000007,0.02999999999999936,0.08999999999999986,-0.20000000000000018,0.05999999999999961,-0.009999999999999787,0.040000000000000036,0.07000000000000028,0.1299999999999999,-0.22000000000000064,-0.1200000000000001,-0.20000000000000018,0.1900000000000004,0.16999999999999993,0.45999999999999996,-0.21999999999999975,-0.29000000000000004,-0.45999999999999996,0.20000000000000018,0.08999999999999986,0.35999999999999943,-0.1999999999999993,-0.25,-0.35000000000000053,0.16999999999999993,0.09999999999999964,0.39999999999999947,-0.1899999999999995,-0.2599999999999998,-0.29999999999999893,0.01824267822007286,0.010934659573592853,-0.0038099397471897944,0.03147107090924006,0.03455892827809404,0.0292356876738582,17.046,17.6216,18.7075,12.288,12.237,13.179,-0.5999999999999943,3,5.200000000000003,2.799999999999997,-7.299999999999997,2.9000000000000057,1.7400000000000002,1.8200000000000003,1.3099999999999996,0.5700000000000003,0.9199999999999999,0.7000000000000002,0.6899999999999995,0.6900000000000004,0.6799999999999997,0.6699999999999999,0.6099999999999994,0.6000000000000005
1996 Q4,0.0038488517468149297,0.0028268288686668086,0.006624002931872042,0.0034878390060661957,0.001806446592674149,0.003841623976478914,0.003963760198460342,0.0012737854957789452,0.00115946115619181,0.004834391969221308,0.006341515164877798,0.0023426388815321886,0.006386648092456149,0.006239632118214544,0.007593378241184112,-0.0012250426290405514,0.003464824423083712,0.004025176187479218,-0.007228160484027413,0.003053217028517352,-0.004725370855314992,4.976003650991601e-4,0.004728339523611069,-0.001222849435627893,0.002427720830219471,0.011257455373719694,-0.008002305969677437,0.0037392239454341336,0.002389733629545532,0.0012872285365226332,0,0.10000000000000053,-0.2999999999999998,0,0,-0.10000000000000053,0.04958255723783367,0.03246894068607986,-0.006698728995619518,0.023965004690404967,-0.03234783386551854,0.016011480242909215,0.001619232870622156,0.0016791498471508959,0.0022903389514237205,0.002145300723086052,0.0013531229600616257,0.0019276582381202445,41.7,41.6,41.5,41.1,40.9,41.3,7.222566018822171,7.29641326877392,7.2909747781429814,7.261225091971921,7.266128779556451,7.221835825288449,7.252053951852814,7.238496840894365,7.264730177929867,7.270312886079025,7.273786317844895,7.259116128097101,-4.122763529679219e-6,0.004842160142936258,0.006241418502235696,0.008119232273113397,-0.003018945075337065,-0.0028855078100091802,2.797727350252188e-4,6.628882223616017e-4,2.5838212753015455e-4,0.0030279965254447205,8.512528069886116e-4,-0.002393176466227942,0.007458386938926864,-5.951496630629549e-6,0.008548168159040692,0.024633497731922027,0.009433509932269324,0.002753346788795241,6.819528997912272e-4,0.010087897827775194,0.001167682338103937,0.0014059890111877138,-0.005459157877406362,-0.001998416855148122,-0.004050699957764081,-0.0038237435930827957,0.001186355060690758,-0.0023212290985625827,-0.02029108782890532,0.0030832231286819223,-6.38264387432308e-4,0.0019025393270881708,-3.6793390600919906e-6,0.0012832553598149943,-1.6932170154859705e-6,-6.568043560379877e-4,0.03687562849282511,0.04098560647696825,-0.007490926198238768,0.053053709395651794,0.015587223391412053,-0.013630732828938008,-6.180052665456515e-4,0.001871375186718538,-0.0017382997215529272,0.0014381998432480003,0.001949188937634183,-0.0014595474168546119,0.11742939903262073,0.058837442866586986,0.06524380869599877,0.10339033558469302,0.025676351919169615,-0.03029898423614652,-0.019999999999999574,0.08000000000000007,0.02999999999999936,0.08999999999999986,-0.20000000000000018,0.05999999999999961,-0.1200000000000001,0.040000000000000036,0.07000000000000028,0.1299999999999999,-0.22000000000000064,-0.1200000000000001,0.09999999999999964,0.1900000000000004,0.16999999999999993,0.45999999999999996,-0.21999999999999975,-0.29000000000000004,0.10000000000000053,0.20000000000000018,0.08999999999999986,0.35999999999999943,-0.1999999999999993,-0.25,0.09999999999999964,0.16999999999999993,0.09999999999999964,0.39999999999999947,-0.1899999999999995,-0.2599999999999998,0.01025081326223809,0.01824267822007286,0.010934659573592853,-0.0038099397471897944,0.03147107090924006,0.03455892827809404,19.9415,17.046,17.6216,18.7075,12.288,12.237,-2.299999999999997,-0.5999999999999943,3,5.200000000000003,2.799999999999997,-7.299999999999997,1.3899999999999997,1.7400000000000002,1.8200000000000003,1.3099999999999996,0.5700000000000003,0.9199999999999999,0.6899999999999995,0.6899999999999995,0.6900000000000004,0.6799999999999997,0.6699999999999999,0.6099999999999994
1997 Q1,0.004696592375049491,0.0038488517468149297,0.0028268288686668086,0.006624002931872042,0.0034878390060661957,0.001806446592674149,0.0026729279317221355,0.003963760198460342,0.0012737854957789452,0.00115946115619181,0.004834391969221308,0.006341515164877798,0.006326080160110159,0.006386648092456149,0.006239632118214544,0.007593378241184112,-0.0012250426290405514,0.003464824423083712,4.5575125057517596e-4,-0.007228160484027413,0.003053217028517352,-0.004725370855314992,4.976003650991601e-4,0.004728339523611069,0.007269030319136505,0.002427720830219471,0.011257455373719694,-0.008002305969677437,0.0037392239454341336,0.002389733629545532,0,0,0.10000000000000053,-0.2999999999999998,0,0,-0.004217767714832732,0.04958255723783367,0.03246894068607986,-0.006698728995619518,0.023965004690404967,-0.03234783386551854,0.0026019344496948094,0.001619232870622156,0.0016791498471508959,0.0022903389514237205,0.002145300723086052,0.0013531229600616257,41.8,41.7,41.6,41.5,41.1,40.9,7.284134806195205,7.222566018822171,7.29641326877392,7.2909747781429814,7.261225091971921,7.266128779556451,7.269616749608169,7.252053951852814,7.238496840894365,7.264730177929867,7.270312886079025,7.273786317844895,-0.0036347173266850774,-4.122763529679219e-6,0.004842160142936258,0.006241418502235696,0.008119232273113397,-0.003018945075337065,8.198484052233113e-4,2.797727350252188e-4,6.628882223616017e-4,2.5838212753015455e-4,0.0030279965254447205,8.512528069886116e-4,0.010842438854901992,0.007458386938926864,-5.951496630629549e-6,0.008548168159040692,0.024633497731922027,0.009433509932269324,-4.42679464375928e-4,6.819528997912272e-4,0.010087897827775194,0.001167682338103937,0.0014059890111877138,-0.005459157877406362,-2.6050173230274254e-4,-0.004050699957764081,-0.0038237435930827957,0.001186355060690758,-0.0023212290985625827,-0.02029108782890532,-0.0012543107536444609,-6.38264387432308e-4,0.0019025393270881708,-3.6793390600919906e-6,0.0012832553598149943,-1.6932170154859705e-6,-3.523287415783116e-4,0.03687562849282511,0.04098560647696825,-0.007490926198238768,0.053053709395651794,0.015587223391412053,-0.0010290821685332574,-6.180052665456515e-4,0.001871375186718538,-0.0017382997215529272,0.0014381998432480003,0.001949188937634183,0.06861366716709405,0.11742939903262073,0.058837442866586986,0.06524380869599877,0.10339033558469302,0.025676351919169615,0.1999999999999993,-0.019999999999999574,0.08000000000000007,0.02999999999999936,0.08999999999999986,-0.20000000000000018,0.1299999999999999,-0.1200000000000001,0.040000000000000036,0.07000000000000028,0.1299999999999999,-0.22000000000000064,0.27000000000000046,0.09999999999999964,0.1900000000000004,0.16999999999999993,0.45999999999999996,-0.21999999999999975,0.2400000000000002,0.10000000000000053,0.20000000000000018,0.08999999999999986,0.35999999999999943,-0.1999999999999993,0.23999999999999932,0.09999999999999964,0.16999999999999993,0.09999999999999964,0.39999999999999947,-0.1899999999999995,-0.00783380825560176,0.01025081326223809,0.01824267822007286,0.010934659573592853,-0.0038099397471897944,0.03147107090924006,22.3035,19.9415,17.046,17.6216,18.7075,12.288,0.29999999999999716,-2.299999999999997,-0.5999999999999943,3,5.200000000000003,2.799999999999997,1.5500000000000007,1.3899999999999997,1.7400000000000002,1.8200000000000003,1.3099999999999996,0.5700000000000003,0.6299999999999999,0.6899999999999995,0.6899999999999995,0.6900000000000004,0.6799999999999997,0.6699999999999999
1997 Q2,0.0036303832728012964,0.004696592375049491,0.0038488517468149297,0.0028268288686668086,0.006624002931872042,0.0034878390060661957,0.004930194143297761,0.0026729279317221355,0.003963760198460342,0.0012737854957789452,0.00115946115619181,0.004834391969221308,0.004585436547763777,0.006326080160110159,0.006386648092456149,0.006239632118214544,0.007593378241184112,-0.0012250426290405514,0.01337226278957182,4.5575125057517596e-4,-0.007228160484027413,0.003053217028517352,-0.004725370855314992,4.976003650991601e-4,0.011242024865294908,0.007269030319136505,0.002427720830219471,0.011257455373719694,-0.008002305969677437,0.0037392239454341336,0.09999999999999964,0,0,0.10000000000000053,-0.2999999999999998,0,0.005236420405088538,-0.004217767714832732,0.04958255723783367,0.03246894068607986,-0.006698728995619518,0.023965004690404967,0.0020865943929528896,0.0026019344496948094,0.001619232870622156,0.0016791498471508959,0.0022903389514237205,0.002145300723086052,41.6,41.8,41.7,41.6,41.5,41.1,7.309212365692763,7.284134806195205,7.222566018822171,7.29641326877392,7.2909747781429814,7.261225091971921,7.2456550675945355,7.269616749608169,7.252053951852814,7.238496840894365,7.264730177929867,7.270312886079025,0.002253724862315565,-0.0036347173266850774,-4.122763529679219e-6,0.004842160142936258,0.006241418502235696,0.008119232273113397,0.001168529236547755,8.198484052233113e-4,2.797727350252188e-4,6.628882223616017e-4,2.5838212753015455e-4,0.0030279965254447205,0.0027606536041391294,0.010842438854901992,0.007458386938926864,-5.951496630629549e-6,0.008548168159040692,0.024633497731922027,-9.558336907060649e-4,-4.42679464375928e-4,6.819528997912272e-4,0.010087897827775194,0.001167682338103937,0.0014059890111877138,0.0014547606254193823,-2.6050173230274254e-4,-0.004050699957764081,-0.0038237435930827957,0.001186355060690758,-0.0023212290985625827,0.0018744147943507983,-0.0012543107536444609,-6.38264387432308e-4,0.0019025393270881708,-3.6793390600919906e-6,0.0012832553598149943,0.012417967756603865,-3.523287415783116e-4,0.03687562849282511,0.04098560647696825,-0.007490926198238768,0.053053709395651794,0.0017354348435336675,-0.0010290821685332574,-6.180052665456515e-4,0.001871375186718538,-0.0017382997215529272,0.0014381998432480003,-0.13780860431371877,0.06861366716709405,0.11742939903262073,0.058837442866586986,0.06524380869599877,0.10339033558469302,0.05999999999999961,0.1999999999999993,-0.019999999999999574,0.08000000000000007,0.02999999999999936,0.08999999999999986,-0.1200000000000001,0.1299999999999999,-0.1200000000000001,0.040000000000000036,0.07000000000000028,0.1299999999999999,-0.21999999999999975,0.27000000000000046,0.09999999999999964,0.1900000000000004,0.16999999999999993,0.45999999999999996,-0.16999999999999993,0.2400000000000002,0.10000000000000053,0.20000000000000018,0.08999999999999986,0.35999999999999943,-0.17999999999999972,0.23999999999999932,0.09999999999999964,0.16999999999999993,0.09999999999999964,0.39999999999999947,0.05055540683178439,-0.00783380825560176,0.01025081326223809,0.01824267822007286,0.010934659573592853,-0.0038099397471897944,22.7433,22.3035,19.9415,17.046,17.6216,18.7075,1.2999999999999972,0.29999999999999716,-2.299999999999997,-0.5999999999999943,3,5.200000000000003,1.5600000000000005,1.5500000000000007,1.3899999999999997,1.7400000000000002,1.8200000000000003,1.3099999999999996,0.6099999999999994,0.6299999999999999,0.6899999999999995,0.6899999999999995,0.6900000000000004,0.6799999999999997
1997 Q3,0.003018923759093184,0.0036303832728012964,0.004696592375049491,0.0038488517468149297,0.0028268288686668086,0.006624002931872042,2.0107912531308614e-4,0.004930194143297761,0.0026729279317221355,0.003963760198460342,0.0012737854957789452,0.00115946115619181,0.009117575456573768,0.004585436547763777,0.006326080160110159,0.006386648092456149,0.006239632118214544,0.007593378241184112,0.008051571580196537,0.01337226278957182,4.5575125057517596e-4,-0.007228160484027413,0.003053217028517352,-0.004725370855314992,0.0062060521463891405,0.011242024865294908,0.007269030319136505,0.002427720830219471,0.011257455373719694,-0.008002305969677437,0.10000000000000053,0.09999999999999964,0,0,0.10000000000000053,-0.2999999999999998,-0.046332556640999556,0.005236420405088538,-0.004217767714832732,0.04958255723783367,0.03246894068607986,-0.006698728995619518,0.003964961146083468,0.0020865943929528896,0.0026019344496948094,0.001619232870622156,0.0016791498471508959,0.0022903389514237205,41.7,41.6,41.8,41.7,41.6,41.5,7.343426229147367,7.309212365692763,7.284134806195205,7.222566018822171,7.29641326877392,7.2909747781429814,7.309212365692763,7.2456550675945355,7.269616749608169,7.252053951852814,7.238496840894365,7.264730177929867,-0.016997965056874342,0.002253724862315565,-0.0036347173266850774,-4.122763529679219e-6,0.004842160142936258,0.006241418502235696,-0.004541784361302703,0.001168529236547755,8.198484052233113e-4,2.797727350252188e-4,6.628882223616017e-4,2.5838212753015455e-4,-2.1672820387497183e-4,0.0027606536041391294,0.010842438854901992,0.007458386938926864,-5.951496630629549e-6,0.008548168159040692,0.0013981283756434593,-9.558336907060649e-4,-4.42679464375928e-4,6.819528997912272e-4,0.010087897827775194,0.001167682338103937,0.0016116796040233083,0.0014547606254193823,-2.6050173230274254e-4,-0.004050699957764081,-0.0038237435930827957,0.001186355060690758,-6.187984790351209e-6,0.0018744147943507983,-0.0012543107536444609,-6.38264387432308e-4,0.0019025393270881708,-3.6793390600919906e-6,-0.014275912982983918,0.012417967756603865,-3.523287415783116e-4,0.03687562849282511,0.04098560647696825,-0.007490926198238768,0.0016149460700800589,0.0017354348435336675,-0.0010290821685332574,-6.180052665456515e-4,0.001871375186718538,-0.0017382997215529272,-0.022216500546562656,-0.13780860431371877,0.06861366716709405,0.11742939903262073,0.058837442866586986,0.06524380869599877,0,0.05999999999999961,0.1999999999999993,-0.019999999999999574,0.08000000000000007,0.02999999999999936,-0.1899999999999995,-0.1200000000000001,0.1299999999999999,-0.1200000000000001,0.040000000000000036,0.07000000000000028,-0.08999999999999986,-0.21999999999999975,0.27000000000000046,0.09999999999999964,0.1900000000000004,0.16999999999999993,-0.0699999999999994,-0.16999999999999993,0.2400000000000002,0.10000000000000053,0.20000000000000018,0.08999999999999986,-0.1200000000000001,-0.17999999999999972,0.23999999999999932,0.09999999999999964,0.16999999999999993,0.09999999999999964,0.010492194994316861,0.05055540683178439,-0.00783380825560176,0.01025081326223809,0.01824267822007286,0.010934659573592853,25.5928,22.7433,22.3035,19.9415,17.046,17.6216,1.5999999999999943,1.2999999999999972,0.29999999999999716,-2.299999999999997,-0.5999999999999943,3,1.2599999999999998,1.5600000000000005,1.5500000000000007,1.3899999999999997,1.7400000000000002,1.8200000000000003,0.5499999999999998,0.6099999999999994,0.6299999999999999,0.6899999999999995,0.6899999999999995,0.6900000000000004
1997 Q4,0.00611701192947578,0.003018923759093184,0.0036303832728012964,0.004696592375049491,0.0038488517468149297,0.0028268288686668086,0.00569471964597934,2.0107912531308614e-4,0.004930194143297761,0.0026729279317221355,0.003963760198460342,0.0012737854957789452,0.00424944358291679,0.009117575456573768,0.004585436547763777,0.006326080160110159,0.006386648092456149,0.006239632118214544,-0.0025213205427725427,0.008051571580196537,0.01337226278957182,4.5575125057517596e-4,-0.007228160484027413,0.003053217028517352,0.006762411226391762,0.0062060521463891405,0.011242024865294908,0.007269030319136505,0.002427720830219471,0.011257455373719694,0.10000000000000053,0.10000000000000053,0.09999999999999964,0,0,0.10000000000000053,-0.004300396848000432,-0.046332556640999556,0.005236420405088538,-0.004217767714832732,0.04958255723783367,0.03246894068607986,0.0025967254064820366,0.003964961146083468,0.0020865943929528896,0.0026019344496948094,0.001619232870622156,0.0016791498471508959,42,41.7,41.6,41.8,41.7,41.6,7.356279876550748,7.343426229147367,7.309212365692763,7.284134806195205,7.222566018822171,7.29641326877392,7.283448228756631,7.309212365692763,7.2456550675945355,7.269616749608169,7.252053951852814,7.238496840894365,-0.0036549378014347766,-0.016997965056874342,0.002253724862315565,-0.0036347173266850774,-4.122763529679219e-6,0.004842160142936258,-0.0011218398426606768,-0.004541784361302703,0.001168529236547755,8.198484052233113e-4,2.797727350252188e-4,6.628882223616017e-4,0.0030472968611459095,-2.1672820387497183e-4,0.0027606536041391294,0.010842438854901992,0.007458386938926864,-5.951496630629549e-6,-6.326381962482586e-4,0.0013981283756434593,-9.558336907060649e-4,-4.42679464375928e-4,6.819528997912272e-4,0.010087897827775194,0.008700351555349428,0.0016116796040233083,0.0014547606254193823,-2.6050173230274254e-4,-0.004050699957764081,-0.0038237435930827957,-6.193858790188855e-4,-6.187984790351209e-6,0.0018744147943507983,-0.0012543107536444609,-6.38264387432308e-4,0.0019025393270881708,-0.011726717617958293,-0.014275912982983918,0.012417967756603865,-3.523287415783116e-4,0.03687562849282511,0.04098560647696825,-2.687044548386197e-4,0.0016149460700800589,0.0017354348435336675,-0.0010290821685332574,-6.180052665456515e-4,0.001871375186718538,-0.043571971772454976,-0.022216500546562656,-0.13780860431371877,0.06861366716709405,0.11742939903262073,0.058837442866586986,-0.019999999999999574,0,0.05999999999999961,0.1999999999999993,-0.019999999999999574,0.08000000000000007,0.020000000000000462,-0.1899999999999995,-0.1200000000000001,0.1299999999999999,-0.1200000000000001,0.040000000000000036,-0.07000000000000028,-0.08999999999999986,-0.21999999999999975,0.27000000000000046,0.09999999999999964,0.1900000000000004,-0.11000000000000032,-0.0699999999999994,-0.16999999999999993,0.2400000000000002,0.10000000000000053,0.20000000000000018,-0.09999999999999964,-0.1200000000000001,-0.17999999999999972,0.23999999999999932,0.09999999999999964,0.16999999999999993,0.02466871354409772,0.010492194994316861,0.05055540683178439,-0.00783380825560176,0.01025081326223809,0.01824267822007286,26.4731,25.5928,22.7433,22.3035,19.9415,17.046,-5.1000000000000085,1.5999999999999943,1.2999999999999972,0.29999999999999716,-2.299999999999997,-0.5999999999999943,0.6499999999999995,1.2599999999999998,1.5600000000000005,1.5500000000000007,1.3899999999999997,1.7400000000000002,0.5600000000000005,0.5499999999999998,0.6099999999999994,0.6299999999999999,0.6899999999999995,0.6899999999999995
1998 Q1,0.006235391277545688,0.00611701192947578,0.003018923759093184,0.0036303832728012964,0.004696592375049491,0.0038488517468149297,0.004438737254136349,0.00569471964597934,2.0107912531308614e-4,0.004930194143297761,0.0026729279317221355,0.003963760198460342,3.515910121256738e-4,0.00424944358291679,0.009117575456573768,0.004585436547763777,0.006326080160110159,0.006386648092456149,0.004939651829719338,-0.0025213205427725427,0.008051571580196537,0.01337226278957182,4.5575125057517596e-4,-0.007228160484027413,0.005050437679512854,0.006762411226391762,0.0062060521463891405,0.011242024865294908,0.007269030319136505,0.002427720830219471,0.10000000000000053,0.10000000000000053,0.10000000000000053,0.09999999999999964,0,0,-0.012618463959212178,-0.004300396848000432,-0.046332556640999556,0.005236420405088538,-0.004217767714832732,0.04958255723783367,0.0011831388130580933,0.0025967254064820366,0.003964961146083468,0.0020865943929528896,0.0026019344496948094,0.001619232870622156,41.5,42,41.7,41.6,41.8,41.7,7.356918242356021,7.356279876550748,7.343426229147367,7.309212365692763,7.284134806195205,7.222566018822171,7.380879035564116,7.283448228756631,7.309212365692763,7.2456550675945355,7.269616749608169,7.252053951852814,-0.004367313595146527,-0.0036549378014347766,-0.016997965056874342,0.002253724862315565,-0.0036347173266850774,-4.122763529679219e-6,-0.0018366854118809783,-0.0011218398426606768,-0.004541784361302703,0.001168529236547755,8.198484052233113e-4,2.797727350252188e-4,0.011026020154353944,0.0030472968611459095,-2.1672820387497183e-4,0.0027606536041391294,0.010842438854901992,0.007458386938926864,-0.0036128687455665442,-6.326381962482586e-4,0.0013981283756434593,-9.558336907060649e-4,-4.42679464375928e-4,6.819528997912272e-4,0.0033492095224954,0.008700351555349428,0.0016116796040233083,0.0014547606254193823,-2.6050173230274254e-4,-0.004050699957764081,0,-6.193858790188855e-4,-6.187984790351209e-6,0.0018744147943507983,-0.0012543107536444609,-6.38264387432308e-4,0.00494796993094937,-0.011726717617958293,-0.014275912982983918,0.012417967756603865,-3.523287415783116e-4,0.03687562849282511,6.787856381844648e-4,-2.687044548386197e-4,0.0016149460700800589,0.0017354348435336675,-0.0010290821685332574,-6.180052665456515e-4,-0.0272734280939404,-0.043571971772454976,-0.022216500546562656,-0.13780860431371877,0.06861366716709405,0.11742939903262073,-0.019999999999999574,-0.019999999999999574,0,0.05999999999999961,0.1999999999999993,-0.019999999999999574,-0.05999999999999961,0.020000000000000462,-0.1899999999999995,-0.1200000000000001,0.1299999999999999,-0.1200000000000001,0.08000000000000007,-0.07000000000000028,-0.08999999999999986,-0.21999999999999975,0.27000000000000046,0.09999999999999964,0.04999999999999982,-0.11000000000000032,-0.0699999999999994,-0.16999999999999993,0.2400000000000002,0.10000000000000053,0.07000000000000028,-0.09999999999999964,-0.1200000000000001,-0.17999999999999972,0.23999999999999932,0.09999999999999964,0.05055895171946201,0.02466871354409772,0.010492194994316861,0.05055540683178439,-0.00783380825560176,0.01025081326223809,20.5431,26.4731,25.5928,22.7433,22.3035,19.9415,-3.9000000000000057,-5.1000000000000085,1.5999999999999943,1.2999999999999972,0.29999999999999716,-2.299999999999997,0.6200000000000001,0.6499999999999995,1.2599999999999998,1.5600000000000005,1.5500000000000007,1.3899999999999997,0.6000000000000005,0.5600000000000005,0.5499999999999998,0.6099999999999994,0.6299999999999999,0.6899999999999995
1998 Q2,0.0057903416541620345,0.006235391277545688,0.00611701192947578,0.003018923759093184,0.0036303832728012964,0.004696592375049491,0.00661130185940717,0.004438737254136349,0.00569471964597934,2.0107912531308614e-4,0.004930194143297761,0.0026729279317221355,-0.006016655286145145,3.515910121256738e-4,0.00424944358291679,0.009117575456573768,0.004585436547763777,0.006326080160110159,-0.00400785689576999,0.004939651829719338,-0.0025213205427725427,0.008051571580196537,0.01337226278957182,4.5575125057517596e-4,0.009530405912597573,0.005050437679512854,0.006762411226391762,0.0062060521463891405,0.011242024865294908,0.007269030319136505,0.09999999999999964,0.10000000000000053,0.10000000000000053,0.10000000000000053,0.09999999999999964,0,0.08261010317878359,-0.012618463959212178,-0.004300396848000432,-0.046332556640999556,0.005236420405088538,-0.004217767714832732,0.0018259625114467326,0.0011831388130580933,0.0025967254064820366,0.003964961146083468,0.0020865943929528896,0.0026019344496948094,41.4,41.5,42,41.7,41.6,41.8,7.403061091090091,7.356918242356021,7.356279876550748,7.343426229147367,7.309212365692763,7.284134806195205,7.346655163176539,7.380879035564116,7.283448228756631,7.309212365692763,7.2456550675945355,7.269616749608169,-0.005010449664705874,-0.004367313595146527,-0.0036549378014347766,-0.016997965056874342,0.002253724862315565,-0.0036347173266850774,-0.0011086923371852464,-0.0018366854118809783,-0.0011218398426606768,-0.004541784361302703,0.001168529236547755,8.198484052233113e-4,0.00361534319016954,0.011026020154353944,0.0030472968611459095,-2.1672820387497183e-4,0.0027606536041391294,0.010842438854901992,0.004494259155906732,-0.0036128687455665442,-6.326381962482586e-4,0.0013981283756434593,-9.558336907060649e-4,-4.42679464375928e-4,0.00670733734507678,0.0033492095224954,0.008700351555349428,0.0016116796040233083,0.0014547606254193823,-2.6050173230274254e-4,-0.0012337989776680658,0,-6.193858790188855e-4,-6.187984790351209e-6,0.0018744147943507983,-0.0012543107536444609,0.006319561840530952,0.00494796993094937,-0.011726717617958293,-0.014275912982983918,0.012417967756603865,-3.523287415783116e-4,-0.0022158378346244234,6.787856381844648e-4,-2.687044548386197e-4,0.0016149460700800589,0.0017354348435336675,-0.0010290821685332574,-0.045912679839952286,-0.0272734280939404,-0.043571971772454976,-0.022216500546562656,-0.13780860431371877,0.06861366716709405,0.0699999999999994,-0.019999999999999574,-0.019999999999999574,0,0.05999999999999961,0.1999999999999993,-0.019999999999999574,-0.05999999999999961,0.020000000000000462,-0.1899999999999995,-0.1200000000000001,0.1299999999999999,-0.15000000000000036,0.08000000000000007,-0.07000000000000028,-0.08999999999999986,-0.21999999999999975,0.27000000000000046,-0.16000000000000014,0.04999999999999982,-0.11000000000000032,-0.0699999999999994,-0.16999999999999993,0.2400000000000002,-0.16999999999999993,0.07000000000000028,-0.09999999999999964,-0.1200000000000001,-0.17999999999999972,0.23999999999999932,-2.7065919047331022e-5,0.05055895171946201,0.02466871354409772,0.010492194994316861,0.05055540683178439,-0.00783380825560176,22.2231,20.5431,26.4731,25.5928,22.7433,22.3035,-0.9000000000000057,-3.9000000000000057,-5.1000000000000085,1.5999999999999943,1.2999999999999972,0.29999999999999716,0.5199999999999996,0.6200000000000001,0.6499999999999995,1.2599999999999998,1.5600000000000005,1.5500000000000007,0.5999999999999996,0.6000000000000005,0.5600000000000005,0.5499999999999998,0.6099999999999994,0.6299999999999999
1998 Q3,0.0034215365970844402,0.0057903416541620345,0.006235391277545688,0.00611701192947578,0.003018923759093184,0.0036303832728012964,0.007405087071922445,0.00661130185940717,0.004438737254136349,0.00569471964597934,2.0107912531308614e-4,0.004930194143297761,-5.323279149607174e-4,-0.006016655286145145,3.515910121256738e-4,0.00424944358291679,0.009117575456573768,0.004585436547763777,0.009483279967032132,-0.00400785689576999,0.004939651829719338,-0.0025213205427725427,0.008051571580196537,0.01337226278957182,0.010889525481905693,0.009530405912597573,0.005050437679512854,0.006762411226391762,0.0062060521463891405,0.011242024865294908,0.09999999999999964,0.09999999999999964,0.10000000000000053,0.10000000000000053,0.10000000000000053,0.09999999999999964,-0.027896716581155445,0.08261010317878359,-0.012618463959212178,-0.004300396848000432,-0.046332556640999556,0.005236420405088538,0.0015634256412102587,0.0018259625114467326,0.0011831388130580933,0.0025967254064820366,0.003964961146083468,0.0020865943929528896,41.3,41.4,41.5,42,41.7,41.6,7.366445148327599,7.403061091090091,7.356918242356021,7.356279876550748,7.343426229147367,7.309212365692763,7.3632795869630385,7.346655163176539,7.380879035564116,7.283448228756631,7.309212365692763,7.2456550675945355,0.00296708353016939,-0.005010449664705874,-0.004367313595146527,-0.0036549378014347766,-0.016997965056874342,0.002253724862315565,0.0032746841428004103,-0.0011086923371852464,-0.0018366854118809783,-0.0011218398426606768,-0.004541784361302703,0.001168529236547755,0.002337688412268335,0.00361534319016954,0.011026020154353944,0.0030472968611459095,-2.1672820387497183e-4,0.0027606536041391294,0.002115990485594743,0.004494259155906732,-0.0036128687455665442,-6.326381962482586e-4,0.0013981283756434593,-9.558336907060649e-4,0.005255411508226615,0.00670733734507678,0.0033492095224954,0.008700351555349428,0.0016116796040233083,0.0014547606254193823,-6.129319844907499e-4,-0.0012337989776680658,0,-6.193858790188855e-4,-6.187984790351209e-6,0.0018744147943507983,0.01960423427896263,0.006319561840530952,0.00494796993094937,-0.011726717617958293,-0.014275912982983918,0.012417967756603865,-0.001955889882776951,-0.0022158378346244234,6.787856381844648e-4,-2.687044548386197e-4,0.0016149460700800589,0.0017354348435336675,0.1649363143495921,-0.045912679839952286,-0.0272734280939404,-0.043571971772454976,-0.022216500546562656,-0.13780860431371877,-0.040000000000000036,0.0699999999999994,-0.019999999999999574,-0.019999999999999574,0,0.05999999999999961,-0.29000000000000004,-0.019999999999999574,-0.05999999999999961,0.020000000000000462,-0.1899999999999995,-0.1200000000000001,-0.5300000000000002,-0.15000000000000036,0.08000000000000007,-0.07000000000000028,-0.08999999999999986,-0.21999999999999975,-0.11999999999999922,-0.16000000000000014,0.04999999999999982,-0.11000000000000032,-0.0699999999999994,-0.16999999999999993,-0.04999999999999982,-0.16999999999999993,0.07000000000000028,-0.09999999999999964,-0.1200000000000001,-0.17999999999999972,-0.05153722920428283,-2.7065919047331022e-5,0.05055895171946201,0.02466871354409772,0.010492194994316861,0.05055540683178439,39.2471,22.2231,20.5431,26.4731,25.5928,22.7433,-3.5,-0.9000000000000057,-3.9000000000000057,-5.1000000000000085,1.5999999999999943,1.2999999999999972,0.1999999999999993,0.5199999999999996,0.6200000000000001,0.6499999999999995,1.2599999999999998,1.5600000000000005,0.6899999999999995,0.5999999999999996,0.6000000000000005,0.5600000000000005,0.5499999999999998,0.6099999999999994
1998 Q4,0.0023499966728319777,0.0034215365970844402,0.0057903416541620345,0.006235391277545688,0.00611701192947578,0.003018923759093184,0.00813388491040179,0.007405087071922445,0.00661130185940717,0.004438737254136349,0.00569471964597934,2.0107912531308614e-4,0.004520149593450817,-5.323279149607174e-4,-0.006016655286145145,3.515910121256738e-4,0.00424944358291679,0.009117575456573768,0.007670693763529357,0.009483279967032132,-0.00400785689576999,0.004939651829719338,-0.0025213205427725427,0.008051571580196537,0.010667169714601243,0.010889525481905693,0.009530405912597573,0.005050437679512854,0.006762411226391762,0.0062060521463891405,0,0.09999999999999964,0.09999999999999964,0.10000000000000053,0.10000000000000053,0.10000000000000053,0,-0.027896716581155445,0.08261010317878359,-0.012618463959212178,-0.004300396848000432,-0.046332556640999556,0.0029197330194090654,0.0015634256412102587,0.0018259625114467326,0.0011831388130580933,0.0025967254064820366,0.003964961146083468,41.5,41.3,41.4,41.5,42,41.7,7.491087593534876,7.366445148327599,7.403061091090091,7.356918242356021,7.356279876550748,7.343426229147367,7.462789157412448,7.3632795869630385,7.346655163176539,7.380879035564116,7.283448228756631,7.309212365692763,-0.008070485014276763,0.00296708353016939,-0.005010449664705874,-0.004367313595146527,-0.0036549378014347766,-0.016997965056874342,-0.002293660918375906,0.0032746841428004103,-0.0011086923371852464,-0.0018366854118809783,-0.0011218398426606768,-0.004541784361302703,0.004448743549757772,0.002337688412268335,0.00361534319016954,0.011026020154353944,0.0030472968611459095,-2.1672820387497183e-4,-0.014466238785828978,0.002115990485594743,0.004494259155906732,-0.0036128687455665442,-6.326381962482586e-4,0.0013981283756434593,-0.00214312717604237,0.005255411508226615,0.00670733734507678,0.0033492095224954,0.008700351555349428,0.0016116796040233083,6.069721797734573e-4,-6.129319844907499e-4,-0.0012337989776680658,0,-6.193858790188855e-4,-6.187984790351209e-6,-0.01131188975038988,0.01960423427896263,0.006319561840530952,0.00494796993094937,-0.011726717617958293,-0.014275912982983918,9.682358986804473e-4,-0.001955889882776951,-0.0022158378346244234,6.787856381844648e-4,-2.687044548386197e-4,0.0016149460700800589,-0.017122855713268326,0.1649363143495921,-0.045912679839952286,-0.0272734280939404,-0.043571971772454976,-0.022216500546562656,-0.15000000000000036,-0.040000000000000036,0.0699999999999994,-0.019999999999999574,-0.019999999999999574,0,-0.020000000000000462,-0.29000000000000004,-0.019999999999999574,-0.05999999999999961,0.020000000000000462,-0.1899999999999995,-0.17999999999999972,-0.5300000000000002,-0.15000000000000036,0.08000000000000007,-0.07000000000000028,-0.08999999999999986,-0.1900000000000004,-0.11999999999999922,-0.16000000000000014,0.04999999999999982,-0.11000000000000032,-0.0699999999999994,-0.10999999999999943,-0.04999999999999982,-0.16999999999999993,0.07000000000000028,-0.09999999999999964,-0.1200000000000001,0.039088626586982755,-0.05153722920428283,-2.7065919047331022e-5,0.05055895171946201,0.02466871354409772,0.010492194994316861,25.4768,39.2471,22.2231,20.5431,26.4731,25.5928,-2.200000000000003,-3.5,-0.9000000000000057,-3.9000000000000057,-5.1000000000000085,1.5999999999999943,0.2600000000000007,0.1999999999999993,0.5199999999999996,0.6200000000000001,0.6499999999999995,1.2599999999999998,1.0100000000000007,0.6899999999999995,0.5999999999999996,0.6000000000000005,0.5600000000000005,0.5499999999999998
1999 Q1,0.0011455748392865672,0.0023499966728319777,0.0034215365970844402,0.0057903416541620345,0.006235391277545688,0.00611701192947578,0.004777424938891883,0.00813388491040179,0.007405087071922445,0.00661130185940717,0.004438737254136349,0.00569471964597934,0.0022660526894453525,0.004520149593450817,-5.323279149607174e-4,-0.006016655286145145,3.515910121256738e-4,0.00424944358291679,-0.0014716807052028713,0.007670693763529357,0.009483279967032132,-0.00400785689576999,0.004939651829719338,-0.0025213205427725427,0.005495543846258499,0.010667169714601243,0.010889525481905693,0.009530405912597573,0.005050437679512854,0.006762411226391762,-0.20000000000000018,0,0.09999999999999964,0.09999999999999964,0.10000000000000053,0.10000000000000053,0.004137366265959841,0,-0.027896716581155445,0.08261010317878359,-0.012618463959212178,-0.004300396848000432,9.050056790460559e-4,0.0029197330194090654,0.0015634256412102587,0.0018259625114467326,0.0011831388130580933,0.0025967254064820366,41.3,41.5,41.3,41.4,41.5,42,7.444248649496705,7.491087593534876,7.366445148327599,7.403061091090091,7.356918242356021,7.356279876550748,7.417580402414544,7.462789157412448,7.3632795869630385,7.346655163176539,7.380879035564116,7.283448228756631,0.0011845560412888645,-0.008070485014276763,0.00296708353016939,-0.005010449664705874,-0.004367313595146527,-0.0036549378014347766,-0.0036296600422058845,-0.002293660918375906,0.0032746841428004103,-0.0011086923371852464,-0.0018366854118809783,-0.0011218398426606768,0.011546133049294305,0.004448743549757772,0.002337688412268335,0.00361534319016954,0.011026020154353944,0.0030472968611459095,0.011080421869144708,-0.014466238785828978,0.002115990485594743,0.004494259155906732,-0.0036128687455665442,-6.326381962482586e-4,-6.135619459968211e-5,-0.00214312717604237,0.005255411508226615,0.00670733734507678,0.0033492095224954,0.008700351555349428,6.069802917769707e-4,6.069721797734573e-4,-6.129319844907499e-4,-0.0012337989776680658,0,-6.193858790188855e-4,0.004879007538417746,-0.01131188975038988,0.01960423427896263,0.006319561840530952,0.00494796993094937,-0.011726717617958293,0.0013168582531246642,9.682358986804473e-4,-0.001955889882776951,-0.0022158378346244234,6.787856381844648e-4,-2.687044548386197e-4,0.2369691839666661,-0.017122855713268326,0.1649363143495921,-0.045912679839952286,-0.0272734280939404,-0.043571971772454976,0.04999999999999982,-0.15000000000000036,-0.040000000000000036,0.0699999999999994,-0.019999999999999574,-0.019999999999999574,0,-0.020000000000000462,-0.29000000000000004,-0.019999999999999574,-0.05999999999999961,0.020000000000000462,0.23000000000000043,-0.17999999999999972,-0.5300000000000002,-0.15000000000000036,0.08000000000000007,-0.07000000000000028,0.21999999999999975,-0.1900000000000004,-0.11999999999999922,-0.16000000000000014,0.04999999999999982,-0.11000000000000032,0.14000000000000057,-0.10999999999999943,-0.04999999999999982,-0.16999999999999993,0.07000000000000028,-0.09999999999999964,0.02775231109028642,0.039088626586982755,-0.05153722920428283,-2.7065919047331022e-5,0.05055895171946201,0.02466871354409772,26.3073,25.4768,39.2471,22.2231,20.5431,26.4731,-2.3999999999999915,-2.200000000000003,-3.5,-0.9000000000000057,-3.9000000000000057,-5.1000000000000085,0.79,0.2600000000000007,0.1999999999999993,0.5199999999999996,0.6200000000000001,0.6499999999999995,0.9100000000000001,1.0100000000000007,0.6899999999999995,0.5999999999999996,0.6000000000000005,0.5600000000000005
1999 Q2,0.003606984075998909,0.0011455748392865672,0.0023499966728319777,0.0034215365970844402,0.0057903416541620345,0.006235391277545688,0.0042017831515339665,0.004777424938891883,0.00813388491040179,0.007405087071922445,0.00661130185940717,0.004438737254136349,-7.846779120086467e-4,0.0022660526894453525,0.004520149593450817,-5.323279149607174e-4,-0.006016655286145145,3.515910121256738e-4,0.0010197241049922923,-0.0014716807052028713,0.007670693763529357,0.009483279967032132,-0.00400785689576999,0.004939651829719338,0.003865818483792083,0.005495543846258499,0.010667169714601243,0.010889525481905693,0.009530405912597573,0.005050437679512854,0.09999999999999964,-0.20000000000000018,0,0.09999999999999964,0.09999999999999964,0.10000000000000053,-0.02552186879512064,0.004137366265959841,0,-0.027896716581155445,0.08261010317878359,-0.012618463959212178,0.0021016149838555265,9.050056790460559e-4,0.0029197330194090654,0.0015634256412102587,0.0018259625114467326,0.0011831388130580933,41.3,41.3,41.5,41.3,41.4,41.5,7.351799869057777,7.444248649496705,7.491087593534876,7.366445148327599,7.403061091090091,7.356918242356021,7.43955930913332,7.417580402414544,7.462789157412448,7.3632795869630385,7.346655163176539,7.380879035564116,-0.005625530522642919,0.0011845560412888645,-0.008070485014276763,0.00296708353016939,-0.005010449664705874,-0.004367313595146527,-6.512405486205353e-4,-0.0036296600422058845,-0.002293660918375906,0.0032746841428004103,-0.0011086923371852464,-0.0018366854118809783,-0.0037695120147329675,0.011546133049294305,0.004448743549757772,0.002337688412268335,0.00361534319016954,0.011026020154353944,0.013568833800178481,0.011080421869144708,-0.014466238785828978,0.002115990485594743,0.004494259155906732,-0.0036128687455665442,-0.0033485840371820785,-6.135619459968211e-5,-0.00214312717604237,0.005255411508226615,0.00670733734507678,0.0033492095224954,-6.025911601446055e-4,6.069802917769707e-4,6.069721797734573e-4,-6.129319844907499e-4,-0.0012337989776680658,0,-0.08475801679170836,0.004879007538417746,-0.01131188975038988,0.01960423427896263,0.006319561840530952,0.00494796993094937,-3.484312637827003e-4,0.0013168582531246642,9.682358986804473e-4,-0.001955889882776951,-0.0022158378346244234,6.787856381844648e-4,-0.015513162969825522,0.2369691839666661,-0.017122855713268326,0.1649363143495921,-0.045912679839952286,-0.0272734280939404,0.019999999999999574,0.04999999999999982,-0.15000000000000036,-0.040000000000000036,0.0699999999999994,-0.019999999999999574,0.07000000000000028,0,-0.020000000000000462,-0.29000000000000004,-0.019999999999999574,-0.05999999999999961,0.3600000000000003,0.23000000000000043,-0.17999999999999972,-0.5300000000000002,-0.15000000000000036,0.08000000000000007,0.3000000000000007,0.21999999999999975,-0.1900000000000004,-0.11999999999999922,-0.16000000000000014,0.04999999999999982,0.2999999999999998,0.14000000000000057,-0.10999999999999943,-0.04999999999999982,-0.16999999999999993,0.07000000000000028,-0.007172432070904122,0.02775231109028642,0.039088626586982755,-0.05153722920428283,-2.7065919047331022e-5,0.05055895171946201,24.1236,26.3073,25.4768,39.2471,22.2231,20.5431,0.5,-2.3999999999999915,-2.200000000000003,-3.5,-0.9000000000000057,-3.9000000000000057,1.33,0.79,0.2600000000000007,0.1999999999999993,0.5199999999999996,0.6200000000000001,0.7899999999999991,0.9100000000000001,1.0100000000000007,0.6899999999999995,0.5999999999999996,0.6000000000000005
1999 Q3,-5.565043819579785e-4,0.003606984075998909,0.0011455748392865672,0.0023499966728319777,0.0034215365970844402,0.0057903416541620345,0.004999519525281215,0.0042017831515339665,0.004777424938891883,0.00813388491040179,0.007405087071922445,0.00661130185940717,-0.004045261045452442,-7.846779120086467e-4,0.0022660526894453525,0.004520149593450817,-5.323279149607174e-4,-0.006016655286145145,-0.001814499611688447,0.0010197241049922923,-0.0014716807052028713,0.007670693763529357,0.009483279967032132,-0.00400785689576999,0.004657359073815925,0.003865818483792083,0.005495543846258499,0.010667169714601243,0.010889525481905693,0.009530405912597573,0,0.09999999999999964,-0.20000000000000018,0,0.09999999999999964,0.09999999999999964,-0.004308494385725226,-0.02552186879512064,0.004137366265959841,0,-0.027896716581155445,0.08261010317878359,0.001542353319511136,0.0021016149838555265,9.050056790460559e-4,0.0029197330194090654,0.0015634256412102587,0.0018259625114467326,41.4,41.3,41.3,41.5,41.3,41.4,7.399398083331354,7.351799869057777,7.444248649496705,7.491087593534876,7.366445148327599,7.403061091090091,7.346655163176539,7.43955930913332,7.417580402414544,7.462789157412448,7.3632795869630385,7.346655163176539,-0.0025503330033718186,-0.005625530522642919,0.0011845560412888645,-0.008070485014276763,0.00296708353016939,-0.005010449664705874,-2.7705620782469964e-4,-6.512405486205353e-4,-0.0036296600422058845,-0.002293660918375906,0.0032746841428004103,-0.0011086923371852464,0.00501918825249259,-0.0037695120147329675,0.011546133049294305,0.004448743549757772,0.002337688412268335,0.00361534319016954,-0.00470752885484238,0.013568833800178481,0.011080421869144708,-0.014466238785828978,0.002115990485594743,0.004494259155906732,-0.004323895434040992,-0.0033485840371820785,-6.135619459968211e-5,-0.00214312717604237,0.005255411508226615,0.00670733734507678,0.0017837125871578152,-6.025911601446055e-4,6.069802917769707e-4,6.069721797734573e-4,-6.129319844907499e-4,-0.0012337989776680658,0.01814586424691189,-0.08475801679170836,0.004879007538417746,-0.01131188975038988,0.01960423427896263,0.006319561840530952,0.0017660524422602464,-3.484312637827003e-4,0.0013168582531246642,9.682358986804473e-4,-0.001955889882776951,-0.0022158378346244234,0.05861270550504427,-0.015513162969825522,0.2369691839666661,-0.017122855713268326,0.1649363143495921,-0.045912679839952286,0.14999999999999947,0.019999999999999574,0.04999999999999982,-0.15000000000000036,-0.040000000000000036,0.0699999999999994,-0.040000000000000036,0.07000000000000028,0,-0.020000000000000462,-0.29000000000000004,-0.019999999999999574,-0.020000000000000462,0.3600000000000003,0.23000000000000043,-0.17999999999999972,-0.5300000000000002,-0.15000000000000036,-0.010000000000000675,0.3000000000000007,0.21999999999999975,-0.1900000000000004,-0.11999999999999922,-0.16000000000000014,0.049999999999998934,0.2999999999999998,0.14000000000000057,-0.10999999999999943,-0.04999999999999982,-0.16999999999999993,-0.007045530078172213,-0.007172432070904122,0.02775231109028642,0.039088626586982755,-0.05153722920428283,-2.7065919047331022e-5,26.0494,24.1236,26.3073,25.4768,39.2471,22.2231,2.700000000000003,0.5,-2.3999999999999915,-2.200000000000003,-3.5,-0.9000000000000057,1.2400000000000002,1.33,0.79,0.2600000000000007,0.1999999999999993,0.5199999999999996,0.8099999999999996,0.7899999999999991,0.9100000000000001,1.0100000000000007,0.6899999999999995,0.5999999999999996
1999 Q4,0.008145204001669626,-5.565043819579785e-4,0.003606984075998909,0.0011455748392865672,0.0023499966728319777,0.0034215365970844402,0.011896935620237414,0.004999519525281215,0.0042017831515339665,0.004777424938891883,0.00813388491040179,0.007405087071922445,0.007683533835146861,-0.004045261045452442,-7.846779120086467e-4,0.0022660526894453525,0.004520149593450817,-5.323279149607174e-4,0.00432253782919112,-0.001814499611688447,0.0010197241049922923,-0.0014716807052028713,0.007670693763529357,0.009483279967032132,0.019860887098683833,0.004657359073815925,0.003865818483792083,0.005495543846258499,0.010667169714601243,0.010889525481905693,-0.09999999999999964,0,0.09999999999999964,-0.20000000000000018,0,0.09999999999999964,-0.011602093552546933,-0.004308494385725226,-0.02552186879512064,0.004137366265959841,0,-0.027896716581155445,0.00241913993576226,0.001542353319511136,0.0021016149838555265,9.050056790460559e-4,0.0029197330194090654,0.0015634256412102587,41.4,41.4,41.3,41.3,41.5,41.3,7.443078374348516,7.399398083331354,7.351799869057777,7.444248649496705,7.491087593534876,7.366445148327599,7.428333194190806,7.346655163176539,7.43955930913332,7.417580402414544,7.462789157412448,7.3632795869630385,0.0036158387369837897,-0.0025503330033718186,-0.005625530522642919,0.0011845560412888645,-0.008070485014276763,0.00296708353016939,0.0017951065482080253,-2.7705620782469964e-4,-6.512405486205353e-4,-0.0036296600422058845,-0.002293660918375906,0.0032746841428004103,0.018155410455573673,0.00501918825249259,-0.0037695120147329675,0.011546133049294305,0.004448743549757772,0.002337688412268335,-0.021097937502803532,-0.00470752885484238,0.013568833800178481,0.011080421869144708,-0.014466238785828978,0.002115990485594743,-0.0010383738435333356,-0.004323895434040992,-0.0033485840371820785,-6.135619459968211e-5,-0.00214312717604237,0.005255411508226615,5.894189599748856e-4,0.0017837125871578152,-6.025911601446055e-4,6.069802917769707e-4,6.069721797734573e-4,-6.129319844907499e-4,0.005068812459644967,0.01814586424691189,-0.08475801679170836,0.004879007538417746,-0.01131188975038988,0.01960423427896263,0.0014295185529427101,0.0017660524422602464,-3.484312637827003e-4,0.0013168582531246642,9.682358986804473e-4,-0.001955889882776951,-0.054463218189929385,0.05861270550504427,-0.015513162969825522,0.2369691839666661,-0.017122855713268326,0.1649363143495921,-0.1200000000000001,0.14999999999999947,0.019999999999999574,0.04999999999999982,-0.15000000000000036,-0.040000000000000036,0.1299999999999999,-0.040000000000000036,0.07000000000000028,0,-0.020000000000000462,-0.29000000000000004,0.25,-0.020000000000000462,0.3600000000000003,0.23000000000000043,-0.17999999999999972,-0.5300000000000002,0.1899999999999995,-0.010000000000000675,0.3000000000000007,0.21999999999999975,-0.1900000000000004,-0.11999999999999922,0.03999999999999915,0.049999999999998934,0.2999999999999998,0.14000000000000057,-0.10999999999999943,-0.04999999999999982,0.026728028109572755,-0.007045530078172213,-0.007172432070904122,0.02775231109028642,0.039088626586982755,-0.05153722920428283,23.2213,26.0494,24.1236,26.3073,25.4768,39.2471,-1.7999999999999972,2.700000000000003,0.5,-2.3999999999999915,-2.200000000000003,-3.5,1.08,1.2400000000000002,1.33,0.79,0.2600000000000007,0.1999999999999993,0.6399999999999997,0.8099999999999996,0.7899999999999991,0.9100000000000001,1.0100000000000007,0.6899999999999995
2000 Q1,0.0027782345682805243,0.008145204001669626,-5.565043819579785e-4,0.003606984075998909,0.0011455748392865672,0.0023499966728319777,0.004906026667184982,0.011896935620237414,0.004999519525281215,0.0042017831515339665,0.004777424938891883,0.00813388491040179,0.00354941252967933,0.007683533835146861,-0.004045261045452442,-7.846779120086467e-4,0.0022660526894453525,0.004520149593450817,0.01175392671282971,0.00432253782919112,-0.001814499611688447,0.0010197241049922923,-0.0014716807052028713,0.007670693763529357,0.012466848705123823,0.019860887098683833,0.004657359073815925,0.003865818483792083,0.005495543846258499,0.010667169714601243,-0.09999999999999964,-0.09999999999999964,0,0.09999999999999964,-0.20000000000000018,0,-0.06686747217463918,-0.011602093552546933,-0.004308494385725226,-0.02552186879512064,0.004137366265959841,0,0.0036768525579944367,0.00241913993576226,0.001542353319511136,0.0021016149838555265,9.050056790460559e-4,0.0029197330194090654,41.4,41.4,41.4,41.3,41.3,41.5,7.38025578842646,7.443078374348516,7.399398083331354,7.351799869057777,7.444248649496705,7.491087593534876,7.409136443920128,7.428333194190806,7.346655163176539,7.43955930913332,7.417580402414544,7.462789157412448,0.011111236618702947,0.0036158387369837897,-0.0025503330033718186,-0.005625530522642919,0.0011845560412888645,-0.008070485014276763,0.0037129997734410836,0.0017951065482080253,-2.7705620782469964e-4,-6.512405486205353e-4,-0.0036296600422058845,-0.002293660918375906,0.038959142925890866,0.018155410455573673,0.00501918825249259,-0.0037695120147329675,0.011546133049294305,0.004448743549757772,-0.0031716480407828485,-0.021097937502803532,-0.00470752885484238,0.013568833800178481,0.011080421869144708,-0.014466238785828978,-0.0012394982013006484,-0.0010383738435333356,-0.004323895434040992,-0.0033485840371820785,-6.135619459968211e-5,-0.00214312717604237,0.001738971541225709,5.894189599748856e-4,0.0017837125871578152,-6.025911601446055e-4,6.069802917769707e-4,6.069721797734573e-4,-0.030772041594969934,0.005068812459644967,0.01814586424691189,-0.08475801679170836,0.004879007538417746,-0.01131188975038988,0.001133557751384906,0.0014295185529427101,0.0017660524422602464,-3.484312637827003e-4,0.0013168582531246642,9.682358986804473e-4,-0.05857970752936703,-0.054463218189929385,0.05861270550504427,-0.015513162969825522,0.2369691839666661,-0.017122855713268326,0.11999999999999922,-0.1200000000000001,0.14999999999999947,0.019999999999999574,0.04999999999999982,-0.15000000000000036,0.14000000000000057,0.1299999999999999,-0.040000000000000036,0.07000000000000028,0,-0.020000000000000462,-0.2599999999999998,0.25,-0.020000000000000462,0.3600000000000003,0.23000000000000043,-0.17999999999999972,0,0.1899999999999995,-0.010000000000000675,0.3000000000000007,0.21999999999999975,-0.1900000000000004,0.08000000000000007,0.03999999999999915,0.049999999999998934,0.2999999999999998,0.14000000000000057,-0.10999999999999943,0.037686192447988986,0.026728028109572755,-0.007045530078172213,-0.007172432070904122,0.02775231109028642,0.039088626586982755,24.7678,23.2213,26.0494,24.1236,26.3073,25.4768,-4.200000000000003,-1.7999999999999972,2.700000000000003,0.5,-2.3999999999999915,-2.200000000000003,0.5699999999999994,1.08,1.2400000000000002,1.33,0.79,0.2600000000000007,0.6899999999999995,0.6399999999999997,0.8099999999999996,0.7899999999999991,0.9100000000000001,1.0100000000000007
2000 Q2,0.0028452285408491207,0.0027782345682805243,0.008145204001669626,-5.565043819579785e-4,0.003606984075998909,0.0011455748392865672,0.0021232974338962762,0.004906026667184982,0.011896935620237414,0.004999519525281215,0.0042017831515339665,0.004777424938891883,3.9045672638238216e-4,0.00354941252967933,0.007683533835146861,-0.004045261045452442,-7.846779120086467e-4,0.0022660526894453525,0.006588973015189126,0.01175392671282971,0.00432253782919112,-0.001814499611688447,0.0010197241049922923,-0.0014716807052028713,0.006587476186396657,0.012466848705123823,0.019860887098683833,0.004657359073815925,0.003865818483792083,0.005495543846258499,0,-0.09999999999999964,-0.09999999999999964,0,0.09999999999999964,-0.20000000000000018,0.030530064141720104,-0.06686747217463918,-0.011602093552546933,-0.004308494385725226,-0.02552186879512064,0.004137366265959841,-3.255516425575422e-4,0.0036768525579944367,0.00241913993576226,0.001542353319511136,0.0021016149838555265,9.050056790460559e-4,41.3,41.4,41.4,41.4,41.3,41.3,7.351799869057777,7.38025578842646,7.443078374348516,7.399398083331354,7.351799869057777,7.444248649496705,7.360103972989152,7.409136443920128,7.428333194190806,7.346655163176539,7.43955930913332,7.417580402414544,0.007553737670659366,0.011111236618702947,0.0036158387369837897,-0.0025503330033718186,-0.005625530522642919,0.0011845560412888645,0.006297922556223412,0.0037129997734410836,0.0017951065482080253,-2.7705620782469964e-4,-6.512405486205353e-4,-0.0036296600422058845,-0.0010422629075863554,0.038959142925890866,0.018155410455573673,0.00501918825249259,-0.0037695120147329675,0.011546133049294305,-0.005518139034073499,-0.0031716480407828485,-0.021097937502803532,-0.00470752885484238,0.013568833800178481,0.011080421869144708,0.012265833220785893,-0.0012394982013006484,-0.0010383738435333356,-0.004323895434040992,-0.0033485840371820785,-6.135619459968211e-5,0.00407025469989275,0.001738971541225709,5.894189599748856e-4,0.0017837125871578152,-6.025911601446055e-4,6.069802917769707e-4,-0.0026188741764237022,-0.030772041594969934,0.005068812459644967,0.01814586424691189,-0.08475801679170836,0.004879007538417746,0.0025515798653570343,0.001133557751384906,0.0014295185529427101,0.0017660524422602464,-3.484312637827003e-4,0.0013168582531246642,-0.010905959456461556,-0.05857970752936703,-0.054463218189929385,0.05861270550504427,-0.015513162969825522,0.2369691839666661,0.2600000000000007,0.11999999999999922,-0.1200000000000001,0.14999999999999947,0.019999999999999574,0.04999999999999982,-0.09999999999999964,0.14000000000000057,0.1299999999999999,-0.040000000000000036,0.07000000000000028,0,-0.34000000000000075,-0.2599999999999998,0.25,-0.020000000000000462,0.3600000000000003,0.23000000000000043,-0.3200000000000003,0,0.1899999999999995,-0.010000000000000675,0.3000000000000007,0.21999999999999975,-0.41999999999999993,0.08000000000000007,0.03999999999999915,0.049999999999998934,0.2999999999999998,0.14000000000000057,0.030192125405583248,0.037686192447988986,0.026728028109572755,-0.007045530078172213,-0.007172432070904122,0.02775231109028642,24.3177,24.7678,23.2213,26.0494,24.1236,26.3073,-4.299999999999997,-4.200000000000003,-1.7999999999999972,2.700000000000003,0.5,-2.3999999999999915,0.40999999999999925,0.5699999999999994,1.08,1.2400000000000002,1.33,0.79,0.8100000000000005,0.6899999999999995,0.6399999999999997,0.8099999999999996,0.7899999999999991,0.9100000000000001
2000 Q3,9.196619732847466e-4,0.0028452285408491207,0.0027782345682805243,0.008145204001669626,-5.565043819579785e-4,0.003606984075998909,0.008227657817100997,0.0021232974338962762,0.004906026667184982,0.011896935620237414,0.004999519525281215,0.0042017831515339665,0.004604083024880801,3.9045672638238216e-4,0.00354941252967933,0.007683533835146861,-0.004045261045452442,-7.846779120086467e-4,0.010731383059047417,0.006588973015189126,0.01175392671282971,0.00432253782919112,-0.001814499611688447,0.0010197241049922923,0.01353926839144215,0.006587476186396657,0.012466848705123823,0.019860887098683833,0.004657359073815925,0.003865818483792083,-0.19999999999999973,0,-0.09999999999999964,-0.09999999999999964,0,0.09999999999999964,-0.04095523014765945,0.030530064141720104,-0.06686747217463918,-0.011602093552546933,-0.004308494385725226,-0.02552186879512064,7.861754483204919e-4,-3.255516425575422e-4,0.0036768525579944367,0.00241913993576226,0.001542353319511136,0.0021016149838555265,41.1,41.3,41.4,41.4,41.4,41.3,7.317876198626496,7.351799869057777,7.38025578842646,7.443078374348516,7.399398083331354,7.351799869057777,7.358830898342354,7.360103972989152,7.409136443920128,7.428333194190806,7.346655163176539,7.43955930913332,0.002540399130965376,0.007553737670659366,0.011111236618702947,0.0036158387369837897,-0.0025503330033718186,-0.005625530522642919,0.0015116924039730861,0.006297922556223412,0.0037129997734410836,0.0017951065482080253,-2.7705620782469964e-4,-6.512405486205353e-4,0.002055733506412416,-0.0010422629075863554,0.038959142925890866,0.018155410455573673,0.00501918825249259,-0.0037695120147329675,-0.0015914901335429832,-0.005518139034073499,-0.0031716480407828485,-0.021097937502803532,-0.00470752885484238,0.013568833800178481,-0.0015127407867279175,0.012265833220785893,-0.0012394982013006484,-0.0010383738435333356,-0.004323895434040992,-0.0033485840371820785,0.00519781707361755,0.00407025469989275,0.001738971541225709,5.894189599748856e-4,0.0017837125871578152,-6.025911601446055e-4,0.019716773046095426,-0.0026188741764237022,-0.030772041594969934,0.005068812459644967,0.01814586424691189,-0.08475801679170836,0.004359535604588238,0.0025515798653570343,0.001133557751384906,0.0014295185529427101,0.0017660524422602464,-3.484312637827003e-4,0.03420821463696688,-0.010905959456461556,-0.05857970752936703,-0.054463218189929385,0.05861270550504427,-0.015513162969825522,0.019999999999999574,0.2600000000000007,0.11999999999999922,-0.1200000000000001,0.14999999999999947,0.019999999999999574,-0.08999999999999986,-0.09999999999999964,0.14000000000000057,0.1299999999999999,-0.040000000000000036,0.07000000000000028,-0.03000000000000025,-0.34000000000000075,-0.2599999999999998,0.25,-0.020000000000000462,0.3600000000000003,0.07000000000000028,-0.3200000000000003,0,0.1899999999999995,-0.010000000000000675,0.3000000000000007,0.08999999999999986,-0.41999999999999993,0.08000000000000007,0.03999999999999915,0.049999999999998934,0.2999999999999998,-0.011789499039568163,0.030192125405583248,0.037686192447988986,0.026728028109572755,-0.007045530078172213,-0.007172432070904122,22.3365,24.3177,24.7678,23.2213,26.0494,24.1236,-0.5,-4.299999999999997,-4.200000000000003,-1.7999999999999972,2.700000000000003,0.5,-0.20000000000000018,0.40999999999999925,0.5699999999999994,1.08,1.2400000000000002,1.33,0.7299999999999995,0.8100000000000005,0.6899999999999995,0.6399999999999997,0.8099999999999996,0.7899999999999991
2000 Q4,0.0023338618405599476,9.196619732847466e-4,0.0028452285408491207,0.0027782345682805243,0.008145204001669626,-5.565043819579785e-4,0.004572155016586699,0.008227657817100997,0.0021232974338962762,0.004906026667184982,0.011896935620237414,0.004999519525281215,-0.0032683707203071677,0.004604083024880801,3.9045672638238216e-4,0.00354941252967933,0.007683533835146861,-0.004045261045452442,0.007809597183152661,0.010731383059047417,0.006588973015189126,0.01175392671282971,0.00432253782919112,-0.001814499611688447,-0.0019062233521136562,0.01353926839144215,0.006587476186396657,0.012466848705123823,0.019860887098683833,0.004657359073815925,0,-0.19999999999999973,0,-0.09999999999999964,-0.09999999999999964,0,0.034549559075671255,-0.04095523014765945,0.030530064141720104,-0.06686747217463918,-0.011602093552546933,-0.004308494385725226,0.0012063091423328842,7.861754483204919e-4,-3.255516425575422e-4,0.0036768525579944367,0.00241913993576226,0.001542353319511136,40.3,41.1,41.3,41.4,41.4,41.4,7.3343293503005365,7.317876198626496,7.351799869057777,7.38025578842646,7.443078374348516,7.399398083331354,7.341483852363161,7.358830898342354,7.360103972989152,7.409136443920128,7.428333194190806,7.346655163176539,0.002265908507834702,0.002540399130965376,0.007553737670659366,0.011111236618702947,0.0036158387369837897,-0.0025503330033718186,0.006816204926945346,0.0015116924039730861,0.006297922556223412,0.0037129997734410836,0.0017951065482080253,-2.7705620782469964e-4,0.004955072199873456,0.002055733506412416,-0.0010422629075863554,0.038959142925890866,0.018155410455573673,0.00501918825249259,0.0023993464603346837,-0.0015914901335429832,-0.005518139034073499,-0.0031716480407828485,-0.021097937502803532,-0.00470752885484238,-0.002924595022189891,-0.0015127407867279175,0.012265833220785893,-0.0012394982013006484,-0.0010383738435333356,-0.004323895434040992,5.699359289339512e-4,0.00519781707361755,0.00407025469989275,0.001738971541225709,5.894189599748856e-4,0.0017837125871578152,0.08668649556157249,0.019716773046095426,-0.0026188741764237022,-0.030772041594969934,0.005068812459644967,0.01814586424691189,1.321583853579611e-4,0.004359535604588238,0.0025515798653570343,0.001133557751384906,0.0014295185529427101,0.0017660524422602464,-0.2286846659415085,0.03420821463696688,-0.010905959456461556,-0.05857970752936703,-0.054463218189929385,0.05861270550504427,-0.10999999999999943,0.019999999999999574,0.2600000000000007,0.11999999999999922,-0.1200000000000001,0.14999999999999947,-0.40000000000000036,-0.08999999999999986,-0.09999999999999964,0.14000000000000057,0.1299999999999999,-0.040000000000000036,-0.47999999999999954,-0.03000000000000025,-0.34000000000000075,-0.2599999999999998,0.25,-0.020000000000000462,-0.2400000000000002,0.07000000000000028,-0.3200000000000003,0,0.1899999999999995,-0.010000000000000675,-0.2599999999999998,0.08999999999999986,-0.41999999999999993,0.08000000000000007,0.03999999999999915,0.049999999999998934,-0.03478425375247074,-0.011789499039568163,0.030192125405583248,0.037686192447988986,0.026728028109572755,-0.007045530078172213,30.1045,22.3365,24.3177,24.7678,23.2213,26.0494,-9.199999999999989,-0.5,-4.299999999999997,-4.200000000000003,-1.7999999999999972,2.700000000000003,-0.5299999999999994,-0.20000000000000018,0.40999999999999925,0.5699999999999994,1.08,1.2400000000000002,0.8099999999999996,0.7299999999999995,0.8100000000000005,0.6899999999999995,0.6399999999999997,0.8099999999999996
2001 Q1,0.0036443284525464748,0.0023338618405599476,9.196619732847466e-4,0.0028452285408491207,0.0027782345682805243,0.008145204001669626,-8.265641057736417e-4,0.004572155016586699,0.008227657817100997,0.0021232974338962762,0.004906026667184982,0.011896935620237414,-0.0020524117552422894,-0.0032683707203071677,0.004604083024880801,3.9045672638238216e-4,0.00354941252967933,0.007683533835146861,-0.01205915517822298,0.007809597183152661,0.010731383059047417,0.006588973015189126,0.01175392671282971,0.00432253782919112,-0.010349490568579256,-0.0019062233521136562,0.01353926839144215,0.006587476186396657,0.012466848705123823,0.019860887098683833,0.09999999999999964,0,-0.19999999999999973,0,-0.09999999999999964,-0.09999999999999964,0.042065665285511145,0.034549559075671255,-0.04095523014765945,0.030530064141720104,-0.06686747217463918,-0.011602093552546933,-2.786784633475037e-4,0.0012063091423328842,7.861754483204919e-4,-3.255516425575422e-4,0.0036768525579944367,0.00241913993576226,40.5,40.3,41.1,41.3,41.4,41.4,7.371489295214277,7.3343293503005365,7.317876198626496,7.351799869057777,7.38025578842646,7.443078374348516,7.413970290190444,7.341483852363161,7.358830898342354,7.360103972989152,7.409136443920128,7.428333194190806,0.002873215188428091,0.002265908507834702,0.002540399130965376,0.007553737670659366,0.011111236618702947,0.0036158387369837897,0.0037112915763373167,0.006816204926945346,0.0015116924039730861,0.006297922556223412,0.0037129997734410836,0.0017951065482080253,0.010043431515319057,0.004955072199873456,0.002055733506412416,-0.0010422629075863554,0.038959142925890866,0.018155410455573673,-0.001725990685200962,0.0023993464603346837,-0.0015914901335429832,-0.005518139034073499,-0.0031716480407828485,-0.021097937502803532,-4.002787910746264e-4,-0.002924595022189891,-0.0015127407867279175,0.012265833220785893,-0.0012394982013006484,-0.0010383738435333356,-0.0017072933731263618,5.699359289339512e-4,0.00519781707361755,0.00407025469989275,0.001738971541225709,5.894189599748856e-4,-0.01705417239531659,0.08668649556157249,0.019716773046095426,-0.0026188741764237022,-0.030772041594969934,0.005068812459644967,-0.001453603936347747,1.321583853579611e-4,0.004359535604588238,0.0025515798653570343,0.001133557751384906,0.0014295185529427101,-0.08443934566303524,-0.2286846659415085,0.03420821463696688,-0.010905959456461556,-0.05857970752936703,-0.054463218189929385,-0.1800000000000006,-0.10999999999999943,0.019999999999999574,0.2600000000000007,0.11999999999999922,-0.1200000000000001,-0.45999999999999996,-0.40000000000000036,-0.08999999999999986,-0.09999999999999964,0.14000000000000057,0.1299999999999999,-0.20999999999999996,-0.47999999999999954,-0.03000000000000025,-0.34000000000000075,-0.2599999999999998,0.25,-0.11999999999999922,-0.2400000000000002,0.07000000000000028,-0.3200000000000003,0,0.1899999999999995,-0.03000000000000025,-0.2599999999999998,0.08999999999999986,-0.41999999999999993,0.08000000000000007,0.03999999999999915,-0.09631777130550478,-0.03478425375247074,-0.011789499039568163,0.030192125405583248,0.037686192447988986,0.026728028109572755,32.4231,30.1045,22.3365,24.3177,24.7678,23.2213,0.9000000000000057,-9.199999999999989,-0.5,-4.299999999999997,-4.200000000000003,-1.7999999999999972,0.46999999999999975,-0.5299999999999994,-0.20000000000000018,0.40999999999999925,0.5699999999999994,1.08,0.8599999999999994,0.8099999999999996,0.7299999999999995,0.8100000000000005,0.6899999999999995,0.6399999999999997
2001 Q2,-0.0010925878596292904,0.0036443284525464748,0.0023338618405599476,9.196619732847466e-4,0.0028452285408491207,0.0027782345682805243,6.248580071526177e-4,-8.265641057736417e-4,0.004572155016586699,0.008227657817100997,0.0021232974338962762,0.004906026667184982,-0.005294243917338015,-0.0020524117552422894,-0.0032683707203071677,0.004604083024880801,3.9045672638238216e-4,0.00354941252967933,-0.013722918939121698,-0.01205915517822298,0.007809597183152661,0.010731383059047417,0.006588973015189126,0.01175392671282971,-0.00470701995665479,-0.010349490568579256,-0.0019062233521136562,0.01353926839144215,0.006587476186396657,0.012466848705123823,0.20000000000000018,0.09999999999999964,0,-0.19999999999999973,0,-0.09999999999999964,0.00682079188508844,0.042065665285511145,0.034549559075671255,-0.04095523014765945,0.030530064141720104,-0.06686747217463918,-8.311045101159209e-4,-2.786784633475037e-4,0.0012063091423328842,7.861754483204919e-4,-3.255516425575422e-4,0.0036768525579944367,40.3,40.5,40.3,41.1,41.3,41.4,7.400009517162692,7.371489295214277,7.3343293503005365,7.317876198626496,7.351799869057777,7.38025578842646,7.3938782901077555,7.413970290190444,7.341483852363161,7.358830898342354,7.360103972989152,7.409136443920128,0.005250037411895114,0.002873215188428091,0.002265908507834702,0.002540399130965376,0.007553737670659366,0.011111236618702947,0.00868596005032174,0.0037112915763373167,0.006816204926945346,0.0015116924039730861,0.006297922556223412,0.0037129997734410836,-0.0016884718331420245,0.010043431515319057,0.004955072199873456,0.002055733506412416,-0.0010422629075863554,0.038959142925890866,-0.006282007294131198,-0.001725990685200962,0.0023993464603346837,-0.0015914901335429832,-0.005518139034073499,-0.0031716480407828485,0.002604265885274515,-4.002787910746264e-4,-0.002924595022189891,-0.0015127407867279175,0.012265833220785893,-0.0012394982013006484,-0.0028355474270282954,-0.0017072933731263618,5.699359289339512e-4,0.00519781707361755,0.00407025469989275,0.001738971541225709,-0.056295377487748155,-0.01705417239531659,0.08668649556157249,0.019716773046095426,-0.0026188741764237022,-0.030772041594969934,-8.672503548261545e-4,-0.001453603936347747,1.321583853579611e-4,0.004359535604588238,0.0025515798653570343,0.001133557751384906,-0.0808850011470903,-0.08443934566303524,-0.2286846659415085,0.03420821463696688,-0.010905959456461556,-0.05857970752936703,-0.23999999999999977,-0.1800000000000006,-0.10999999999999943,0.019999999999999574,0.2600000000000007,0.11999999999999922,-0.1299999999999999,-0.45999999999999996,-0.40000000000000036,-0.08999999999999986,-0.09999999999999964,0.14000000000000057,-0.10999999999999943,-0.20999999999999996,-0.47999999999999954,-0.03000000000000025,-0.34000000000000075,-0.2599999999999998,-0.11000000000000032,-0.11999999999999922,-0.2400000000000002,0.07000000000000028,-0.3200000000000003,0,-0.10000000000000053,-0.03000000000000025,-0.2599999999999998,0.08999999999999986,-0.41999999999999993,0.08000000000000007,-0.025237681097165066,-0.09631777130550478,-0.03478425375247074,-0.011789499039568163,0.030192125405583248,0.037686192447988986,23.3004,32.4231,30.1045,22.3365,24.3177,24.7678,0.5999999999999943,0.9000000000000057,-9.199999999999989,-0.5,-4.299999999999997,-4.200000000000003,1.79,0.46999999999999975,-0.5299999999999994,-0.20000000000000018,0.40999999999999925,0.5699999999999994,0.79,0.8599999999999994,0.8099999999999996,0.7299999999999995,0.8100000000000005,0.6899999999999995
2001 Q3,5.130811920164291e-4,-0.0010925878596292904,0.0036443284525464748,0.0023338618405599476,9.196619732847466e-4,0.0028452285408491207,-0.012830412836183136,6.248580071526177e-4,-8.265641057736417e-4,0.004572155016586699,0.008227657817100997,0.0021232974338962762,-0.005077876004763837,-0.005294243917338015,-0.0020524117552422894,-0.0032683707203071677,0.004604083024880801,3.9045672638238216e-4,-0.021247871723376832,-0.013722918939121698,-0.01205915517822298,0.007809597183152661,0.010731383059047417,0.006588973015189126,-0.02574773282477416,-0.00470701995665479,-0.010349490568579256,-0.0019062233521136562,0.01353926839144215,0.006587476186396657,0.09999999999999964,0.20000000000000018,0.09999999999999964,0,-0.19999999999999973,0,0.08889402580424743,0.00682079188508844,0.042065665285511145,0.034549559075671255,-0.04095523014765945,0.030530064141720104,-0.0019561465613531226,-8.311045101159209e-4,-2.786784633475037e-4,0.0012063091423328842,7.861754483204919e-4,-3.255516425575422e-4,40.2,40.3,40.5,40.3,41.1,41.3,7.3537223303996315,7.400009517162692,7.371489295214277,7.3343293503005365,7.317876198626496,7.351799869057777,7.3556411029742534,7.3938782901077555,7.413970290190444,7.341483852363161,7.358830898342354,7.360103972989152,0.0372515148442627,0.005250037411895114,0.002873215188428091,0.002265908507834702,0.002540399130965376,0.007553737670659366,0.014536380929298431,0.00868596005032174,0.0037112915763373167,0.006816204926945346,0.0015116924039730861,0.006297922556223412,0.02873638354943786,-0.0016884718331420245,0.010043431515319057,0.004955072199873456,0.002055733506412416,-0.0010422629075863554,0.011054112185240328,-0.006282007294131198,-0.001725990685200962,0.0023993464603346837,-0.0015914901335429832,-0.005518139034073499,-0.002689017433279872,0.002604265885274515,-4.002787910746264e-4,-0.002924595022189891,-0.0015127407867279175,0.012265833220785893,0.003938120420137636,-0.0028355474270282954,-0.0017072933731263618,5.699359289339512e-4,0.00519781707361755,0.00407025469989275,0.0260038756008818,-0.056295377487748155,-0.01705417239531659,0.08668649556157249,0.019716773046095426,-0.0026188741764237022,-0.0032912807401981325,-8.672503548261545e-4,-0.001453603936347747,1.321583853579611e-4,0.004359535604588238,0.0025515798653570343,-0.09746237227735621,-0.0808850011470903,-0.08443934566303524,-0.2286846659415085,0.03420821463696688,-0.010905959456461556,-0.5800000000000001,-0.23999999999999977,-0.1800000000000006,-0.10999999999999943,0.019999999999999574,0.2600000000000007,-0.7199999999999998,-0.1299999999999999,-0.45999999999999996,-0.40000000000000036,-0.08999999999999986,-0.09999999999999964,-0.23999999999999932,-0.10999999999999943,-0.20999999999999996,-0.47999999999999954,-0.03000000000000025,-0.34000000000000075,0.15000000000000036,-0.11000000000000032,-0.11999999999999922,-0.2400000000000002,0.07000000000000028,-0.3200000000000003,0.17999999999999972,-0.10000000000000053,-0.03000000000000025,-0.2599999999999998,0.08999999999999986,-0.41999999999999993,-0.12057011493786263,-0.025237681097165066,-0.09631777130550478,-0.03478425375247074,-0.011789499039568163,0.030192125405583248,42.6457,23.3004,32.4231,30.1045,22.3365,24.3177,-9.700000000000003,0.5999999999999943,0.9000000000000057,-9.199999999999989,-0.5,-4.299999999999997,2.0900000000000003,1.79,0.46999999999999975,-0.5299999999999994,-0.20000000000000018,0.40999999999999925,0.8599999999999994,0.79,0.8599999999999994,0.8099999999999996,0.7299999999999995,0.8100000000000005
2001 Q4,0.0016594853280853528,5.130811920164291e-4,-0.0010925878596292904,0.0036443284525464748,0.0023338618405599476,9.196619732847466e-4,-0.0011314035498202202,-0.012830412836183136,6.248580071526177e-4,-8.265641057736417e-4,0.004572155016586699,0.008227657817100997,-4.275098074009165e-4,-0.005077876004763837,-0.005294243917338015,-0.0020524117552422894,-0.0032683707203071677,0.004604083024880801,0.001965376147580855,-0.021247871723376832,-0.013722918939121698,-0.01205915517822298,0.007809597183152661,0.010731383059047417,-0.013412982955459896,-0.02574773282477416,-0.00470701995665479,-0.010349490568579256,-0.0019062233521136562,0.01353926839144215,0.20000000000000018,0.09999999999999964,0.20000000000000018,0.09999999999999964,0,-0.19999999999999973,-0.07107004727575372,0.08889402580424743,0.00682079188508844,0.042065665285511145,0.034549559075671255,-0.04095523014765945,-0.0012284123363528465,-0.0019561465613531226,-8.311045101159209e-4,-2.786784633475037e-4,0.0012063091423328842,7.861754483204919e-4,40.2,40.2,40.3,40.5,40.3,41.1,7.357556200910353,7.3537223303996315,7.400009517162692,7.371489295214277,7.3343293503005365,7.317876198626496,7.426549072397305,7.3556411029742534,7.3938782901077555,7.413970290190444,7.341483852363161,7.358830898342354,0.005828228126942392,0.0372515148442627,0.005250037411895114,0.002873215188428091,0.002265908507834702,0.002540399130965376,0.0016450679335022755,0.014536380929298431,0.00868596005032174,0.0037112915763373167,0.006816204926945346,0.0015116924039730861,0.010769043240014042,0.02873638354943786,-0.0016884718331420245,0.010043431515319057,0.004955072199873456,0.002055733506412416,-0.0016761022639553147,0.011054112185240328,-0.006282007294131198,-0.001725990685200962,0.0023993464603346837,-0.0015914901335429832,-0.011475174566793811,-0.002689017433279872,0.002604265885274515,-4.002787910746264e-4,-0.002924595022189891,-0.0015127407867279175,-3.1739739281277934e-7,0.003938120420137636,-0.0028355474270282954,-0.0017072933731263618,5.699359289339512e-4,0.00519781707361755,0.02561942444471832,0.0260038756008818,-0.056295377487748155,-0.01705417239531659,0.08668649556157249,0.019716773046095426,-3.586588405273261e-4,-0.0032912807401981325,-8.672503548261545e-4,-0.001453603936347747,1.321583853579611e-4,0.004359535604588238,0.10401166632463976,-0.09746237227735621,-0.0808850011470903,-0.08443934566303524,-0.2286846659415085,0.03420821463696688,-0.2699999999999998,-0.5800000000000001,-0.23999999999999977,-0.1800000000000006,-0.10999999999999943,0.019999999999999574,-0.18000000000000016,-0.7199999999999998,-0.1299999999999999,-0.45999999999999996,-0.40000000000000036,-0.08999999999999986,0.4399999999999995,-0.23999999999999932,-0.10999999999999943,-0.20999999999999996,-0.47999999999999954,-0.03000000000000025,-0.20000000000000018,0.15000000000000036,-0.11000000000000032,-0.11999999999999922,-0.2400000000000002,0.07000000000000028,0.2400000000000011,0.17999999999999972,-0.10000000000000053,-0.03000000000000025,-0.2599999999999998,0.08999999999999986,0.01340909298732118,-0.12057011493786263,-0.025237681097165066,-0.09631777130550478,-0.03478425375247074,-0.011789499039568163,24.5395,42.6457,23.3004,32.4231,30.1045,22.3365,4.8999999999999915,-9.700000000000003,0.5999999999999943,0.9000000000000057,-9.199999999999989,-0.5,3.4,2.0900000000000003,1.79,0.46999999999999975,-0.5299999999999994,-0.20000000000000018,1.2800000000000011,0.8599999999999994,0.79,0.8599999999999994,0.8099999999999996,0.7299999999999995
2002 Q1,-6.29800460439256e-4,0.0016594853280853528,5.130811920164291e-4,-0.0010925878596292904,0.0036443284525464748,0.0023338618405599476,-1.9459579734437682e-4,-0.0011314035498202202,-0.012830412836183136,6.248580071526177e-4,-8.265641057736417e-4,0.004572155016586699,0.0072123326949231625,-4.275098074009165e-4,-0.005077876004763837,-0.005294243917338015,-0.0020524117552422894,-0.0032683707203071677,-0.004945016725868001,0.001965376147580855,-0.021247871723376832,-0.013722918939121698,-0.01205915517822298,0.007809597183152661,-0.0028368915224525892,-0.013412982955459896,-0.02574773282477416,-0.00470701995665479,-0.010349490568579256,-0.0019062233521136562,0,0.20000000000000018,0.09999999999999964,0.20000000000000018,0.09999999999999964,0,0.04028049455214955,-0.07107004727575372,0.08889402580424743,0.00682079188508844,0.042065665285511145,0.034549559075671255,-1.0709177009893267e-4,-0.0012284123363528465,-0.0019561465613531226,-8.311045101159209e-4,-2.786784633475037e-4,0.0012063091423328842,40.5,40.2,40.2,40.3,40.5,40.3,7.403670290012373,7.357556200910353,7.3537223303996315,7.400009517162692,7.371489295214277,7.3343293503005365,7.43307534889858,7.426549072397305,7.3556411029742534,7.3938782901077555,7.413970290190444,7.341483852363161,0.002349184394160986,0.005828228126942392,0.0372515148442627,0.005250037411895114,0.002873215188428091,0.002265908507834702,-0.0032040956205605653,0.0016450679335022755,0.014536380929298431,0.00868596005032174,0.0037112915763373167,0.006816204926945346,0.005476304658457387,0.010769043240014042,0.02873638354943786,-0.0016884718331420245,0.010043431515319057,0.004955072199873456,-0.008890505980476249,-0.0016761022639553147,0.011054112185240328,-0.006282007294131198,-0.001725990685200962,0.0023993464603346837,-0.0059208891057522806,-0.011475174566793811,-0.002689017433279872,0.002604265885274515,-4.002787910746264e-4,-0.002924595022189891,0.001118235796129241,-3.1739739281277934e-7,0.003938120420137636,-0.0028355474270282954,-0.0017072933731263618,5.699359289339512e-4,0.021791482859168987,0.02561942444471832,0.0260038756008818,-0.056295377487748155,-0.01705417239531659,0.08668649556157249,0.0010272314254589077,-3.586588405273261e-4,-0.0032912807401981325,-8.672503548261545e-4,-0.001453603936347747,1.321583853579611e-4,0.11036869548076433,0.10401166632463976,-0.09746237227735621,-0.0808850011470903,-0.08443934566303524,-0.2286846659415085,-0.010000000000000009,-0.2699999999999998,-0.5800000000000001,-0.23999999999999977,-0.1800000000000006,-0.10999999999999943,0.07000000000000006,-0.18000000000000016,-0.7199999999999998,-0.1299999999999999,-0.45999999999999996,-0.40000000000000036,0.3700000000000001,0.4399999999999995,-0.23999999999999932,-0.10999999999999943,-0.20999999999999996,-0.47999999999999954,0.2999999999999998,-0.20000000000000018,0.15000000000000036,-0.11000000000000032,-0.11999999999999922,-0.2400000000000002,0.21999999999999975,0.2400000000000011,0.17999999999999972,-0.10000000000000053,-0.03000000000000025,-0.2599999999999998,0.04713309049691006,0.01340909298732118,-0.12057011493786263,-0.025237681097165066,-0.09631777130550478,-0.03478425375247074,21.014,24.5395,42.6457,23.3004,32.4231,30.1045,5,4.8999999999999915,-9.700000000000003,0.5999999999999943,0.9000000000000057,-9.199999999999989,3.49,3.4,2.0900000000000003,1.79,0.46999999999999975,-0.5299999999999994,1.2999999999999998,1.2800000000000011,0.8599999999999994,0.79,0.8599999999999994,0.8099999999999996
2002 Q2,0.002445983284040665,-6.29800460439256e-4,0.0016594853280853528,5.130811920164291e-4,-0.0010925878596292904,0.0036443284525464748,0.003353568731504275,-1.9459579734437682e-4,-0.0011314035498202202,-0.012830412836183136,6.248580071526177e-4,-8.265641057736417e-4,0.008215019236447851,0.0072123326949231625,-4.275098074009165e-4,-0.005077876004763837,-0.005294243917338015,-0.0020524117552422894,0.0032524026200828615,-0.004945016725868001,0.001965376147580855,-0.021247871723376832,-0.013722918939121698,-0.01205915517822298,0.0052199649447111085,-0.0028368915224525892,-0.013412982955459896,-0.02574773282477416,-0.00470701995665479,-0.010349490568579256,0,0,0.20000000000000018,0.09999999999999964,0.20000000000000018,0.09999999999999964,-0.05477380064037973,0.04028049455214955,-0.07107004727575372,0.08889402580424743,0.00682079188508844,0.042065665285511145,3.1380953549664525e-4,-1.0709177009893267e-4,-0.0012284123363528465,-0.0019561465613531226,-8.311045101159209e-4,-2.786784633475037e-4,40.7,40.5,40.2,40.2,40.3,40.5,7.448333860897476,7.403670290012373,7.357556200910353,7.3537223303996315,7.400009517162692,7.371489295214277,7.471932078245122,7.43307534889858,7.426549072397305,7.3556411029742534,7.3938782901077555,7.413970290190444,0.0013376469716694928,0.002349184394160986,0.005828228126942392,0.0372515148442627,0.005250037411895114,0.002873215188428091,-2.3852513807476328e-4,-0.0032040956205605653,0.0016450679335022755,0.014536380929298431,0.00868596005032174,0.0037112915763373167,2.3628945326237272e-4,0.005476304658457387,0.010769043240014042,0.02873638354943786,-0.0016884718331420245,0.010043431515319057,0.002778516753605409,-0.008890505980476249,-0.0016761022639553147,0.011054112185240328,-0.006282007294131198,-0.001725990685200962,4.607090977017947e-4,-0.0059208891057522806,-0.011475174566793811,-0.002689017433279872,0.002604265885274515,-4.002787910746264e-4,-5.57879377479864e-4,0.001118235796129241,-3.1739739281277934e-7,0.003938120420137636,-0.0028355474270282954,-0.0017072933731263618,0.010339711593939427,0.021791482859168987,0.02561942444471832,0.0260038756008818,-0.056295377487748155,-0.01705417239531659,5.901004752120187e-4,0.0010272314254589077,-3.586588405273261e-4,-0.0032912807401981325,-8.672503548261545e-4,-0.001453603936347747,-0.08526460289006765,0.11036869548076433,0.10401166632463976,-0.09746237227735621,-0.0808850011470903,-0.08443934566303524,0,-0.010000000000000009,-0.2699999999999998,-0.5800000000000001,-0.23999999999999977,-0.1800000000000006,-0.030000000000000027,0.07000000000000006,-0.18000000000000016,-0.7199999999999998,-0.1299999999999999,-0.45999999999999996,-0.23000000000000043,0.3700000000000001,0.4399999999999995,-0.23999999999999932,-0.10999999999999943,-0.20999999999999996,-0.1200000000000001,0.2999999999999998,-0.20000000000000018,0.15000000000000036,-0.11000000000000032,-0.11999999999999922,-0.13999999999999968,0.21999999999999975,0.2400000000000011,0.17999999999999972,-0.10000000000000053,-0.03000000000000025,-0.06234372661309351,0.04713309049691006,0.01340909298732118,-0.12057011493786263,-0.025237681097165066,-0.09631777130550478,28.599,21.014,24.5395,42.6457,23.3004,32.4231,-4.5,5,4.8999999999999915,-9.700000000000003,0.5999999999999943,0.9000000000000057,3.2299999999999995,3.49,3.4,2.0900000000000003,1.79,0.46999999999999975,1.3200000000000003,1.2999999999999998,1.2800000000000011,0.8599999999999994,0.79,0.8599999999999994
2002 Q3,5.723655361045132e-4,0.002445983284040665,-6.29800460439256e-4,0.0016594853280853528,5.130811920164291e-4,-0.0010925878596292904,-0.004635528489989049,0.003353568731504275,-1.9459579734437682e-4,-0.0011314035498202202,-0.012830412836183136,6.248580071526177e-4,8.486486965990636e-4,0.008215019236447851,0.0072123326949231625,-4.275098074009165e-4,-0.005077876004763837,-0.005294243917338015,-0.008606680974896364,0.0032524026200828615,-0.004945016725868001,0.001965376147580855,-0.021247871723376832,-0.013722918939121698,-0.01700373273065381,0.0052199649447111085,-0.0028368915224525892,-0.013412982955459896,-0.02574773282477416,-0.00470701995665479,0,0,0,0.20000000000000018,0.09999999999999964,0.20000000000000018,0.03960173811502621,-0.05477380064037973,0.04028049455214955,-0.07107004727575372,0.08889402580424743,0.00682079188508844,-6.051669181381669e-4,3.1380953549664525e-4,-1.0709177009893267e-4,-0.0012284123363528465,-0.0019561465613531226,-8.311045101159209e-4,40.5,40.7,40.5,40.2,40.2,40.3,7.4977617006225685,7.448333860897476,7.403670290012373,7.357556200910353,7.3537223303996315,7.400009517162692,7.497207223203318,7.471932078245122,7.43307534889858,7.426549072397305,7.3556411029742534,7.3938782901077555,0.01761082332182884,0.0013376469716694928,0.002349184394160986,0.005828228126942392,0.0372515148442627,0.005250037411895114,-0.0032829763688457803,-2.3852513807476328e-4,-0.0032040956205605653,0.0016450679335022755,0.014536380929298431,0.00868596005032174,1.464421949322059e-4,2.3628945326237272e-4,0.005476304658457387,0.010769043240014042,0.02873638354943786,-0.0016884718331420245,-0.0019263265362052806,0.002778516753605409,-0.008890505980476249,-0.0016761022639553147,0.011054112185240328,-0.006282007294131198,-0.003111991669065617,4.607090977017947e-4,-0.0059208891057522806,-0.011475174566793811,-0.002689017433279872,0.002604265885274515,-0.0011132566975851077,-5.57879377479864e-4,0.001118235796129241,-3.1739739281277934e-7,0.003938120420137636,-0.0028355474270282954,0.03870240283328297,0.010339711593939427,0.021791482859168987,0.02561942444471832,0.0260038756008818,-0.056295377487748155,-1.6032060219206556e-4,5.901004752120187e-4,0.0010272314254589077,-3.586588405273261e-4,-0.0032912807401981325,-8.672503548261545e-4,-0.007620738178844455,-0.08526460289006765,0.11036869548076433,0.10401166632463976,-0.09746237227735621,-0.0808850011470903,0.010000000000000009,0,-0.010000000000000009,-0.2699999999999998,-0.5800000000000001,-0.23999999999999977,0.009999999999999787,-0.030000000000000027,0.07000000000000006,-0.18000000000000016,-0.7199999999999998,-0.1299999999999999,-0.3899999999999997,-0.23000000000000043,0.3700000000000001,0.4399999999999995,-0.23999999999999932,-0.10999999999999943,-0.21999999999999975,-0.1200000000000001,0.2999999999999998,-0.20000000000000018,0.15000000000000036,-0.11000000000000032,-0.17999999999999972,-0.13999999999999968,0.21999999999999975,0.2400000000000011,0.17999999999999972,-0.10000000000000053,-0.05027008178568604,-0.06234372661309351,0.04713309049691006,0.01340909298732118,-0.12057011493786263,-0.025237681097165066,41.656,28.599,21.014,24.5395,42.6457,23.3004,-1.5,-4.5,5,4.8999999999999915,-9.700000000000003,0.5999999999999943,2.24,3.2299999999999995,3.49,3.4,2.0900000000000003,1.79,1.25,1.3200000000000003,1.2999999999999998,1.2800000000000011,0.8599999999999994,0.79
2002 Q4,0.0022150485121841257,5.723655361045132e-4,0.002445983284040665,-6.29800460439256e-4,0.0016594853280853528,5.130811920164291e-4,0.006523483024530208,-0.004635528489989049,0.003353568731504275,-1.9459579734437682e-4,-0.0011314035498202202,-0.012830412836183136,-0.005576627290919234,8.486486965990636e-4,0.008215019236447851,0.0072123326949231625,-4.275098074009165e-4,-0.005077876004763837,-0.007792600453004894,-0.008606680974896364,0.0032524026200828615,-0.004945016725868001,0.001965376147580855,-0.021247871723376832,0.011360449447119336,-0.01700373273065381,0.0052199649447111085,-0.0028368915224525892,-0.013412982955459896,-0.02574773282477416,0.09999999999999964,0,0,0,0.20000000000000018,0.09999999999999964,0.054697742544425054,0.03960173811502621,-0.05477380064037973,0.04028049455214955,-0.07107004727575372,0.08889402580424743,-0.0011567292666772033,-6.051669181381669e-4,3.1380953549664525e-4,-1.0709177009893267e-4,-0.0012284123363528465,-0.0019561465613531226,40.5,40.5,40.7,40.5,40.2,40.2,7.488852955733459,7.4977617006225685,7.448333860897476,7.403670290012373,7.357556200910353,7.3537223303996315,7.547501682814967,7.497207223203318,7.471932078245122,7.43307534889858,7.426549072397305,7.3556411029742534,0.004084673735982314,0.01761082332182884,0.0013376469716694928,0.002349184394160986,0.005828228126942392,0.0372515148442627,-0.005204233551378223,-0.0032829763688457803,-2.3852513807476328e-4,-0.0032040956205605653,0.0016450679335022755,0.014536380929298431,0.005789207530512819,1.464421949322059e-4,2.3628945326237272e-4,0.005476304658457387,0.010769043240014042,0.02873638354943786,-5.746429856401392e-4,-0.0019263265362052806,0.002778516753605409,-0.008890505980476249,-0.0016761022639553147,0.011054112185240328,-1.635121455993982e-4,-0.003111991669065617,4.607090977017947e-4,-0.0059208891057522806,-0.011475174566793811,-0.002689017433279872,-2.7320575526346147e-6,-0.0011132566975851077,-5.57879377479864e-4,0.001118235796129241,-3.1739739281277934e-7,0.003938120420137636,-0.02968059515360366,0.03870240283328297,0.010339711593939427,0.021791482859168987,0.02561942444471832,0.0260038756008818,-2.696028115156679e-5,-1.6032060219206556e-4,5.901004752120187e-4,0.0010272314254589077,-3.586588405273261e-4,-0.0032912807401981325,0.20692950073250316,-0.007620738178844455,-0.08526460289006765,0.11036869548076433,0.10401166632463976,-0.09746237227735621,-0.10000000000000009,0.010000000000000009,0,-0.010000000000000009,-0.2699999999999998,-0.5800000000000001,-0.040000000000000036,0.009999999999999787,-0.030000000000000027,0.07000000000000006,-0.18000000000000016,-0.7199999999999998,-0.019999999999999574,-0.3899999999999997,-0.23000000000000043,0.3700000000000001,0.4399999999999995,-0.23999999999999932,-0.09999999999999964,-0.21999999999999975,-0.1200000000000001,0.2999999999999998,-0.20000000000000018,0.15000000000000036,-0.16999999999999993,-0.17999999999999972,-0.13999999999999968,0.21999999999999975,0.2400000000000011,0.17999999999999972,-0.011884436576053758,-0.05027008178568604,-0.06234372661309351,0.04713309049691006,0.01340909298732118,-0.12057011493786263,31.8309,41.656,28.599,21.014,24.5395,42.6457,2.5,-1.5,-4.5,5,4.8999999999999915,-9.700000000000003,2.8400000000000003,2.24,3.2299999999999995,3.49,3.4,2.0900000000000003,1.2400000000000002,1.25,1.3200000000000003,1.2999999999999998,1.2800000000000011,0.8599999999999994
2003 Q1,0.0014757589379161828,0.0022150485121841257,5.723655361045132e-4,0.002445983284040665,-6.29800460439256e-4,0.0016594853280853528,0.00572973878426275,0.006523483024530208,-0.004635528489989049,0.003353568731504275,-1.9459579734437682e-4,-0.0011314035498202202,-0.002631971347628159,-0.005576627290919234,8.486486965990636e-4,0.008215019236447851,0.0072123326949231625,-4.275098074009165e-4,0.009075046467570402,-0.007792600453004894,-0.008606680974896364,0.0032524026200828615,-0.004945016725868001,0.001965376147580855,0.012152930382056226,0.011360449447119336,-0.01700373273065381,0.0052199649447111085,-0.0028368915224525892,-0.013412982955459896,0,0.09999999999999964,0,0,0,0.20000000000000018,0.03912712838881305,0.054697742544425054,0.03960173811502621,-0.05477380064037973,0.04028049455214955,-0.07107004727575372,-0.0015805063978451273,-0.0011567292666772033,-6.051669181381669e-4,3.1380953549664525e-4,-1.0709177009893267e-4,-0.0012284123363528465,40.4,40.5,40.5,40.7,40.5,40.2,7.453561871643373,7.488852955733459,7.4977617006225685,7.448333860897476,7.403670290012373,7.357556200910353,7.471363088187097,7.547501682814967,7.497207223203318,7.471932078245122,7.43307534889858,7.426549072397305,-0.007954085495972762,0.004084673735982314,0.01761082332182884,0.0013376469716694928,0.002349184394160986,0.005828228126942392,-0.0027438675536508583,-0.005204233551378223,-0.0032829763688457803,-2.3852513807476328e-4,-0.0032040956205605653,0.0016450679335022755,0.0036873048547745313,0.005789207530512819,1.464421949322059e-4,2.3628945326237272e-4,0.005476304658457387,0.010769043240014042,0.005633466201905968,-5.746429856401392e-4,-0.0019263265362052806,0.002778516753605409,-0.008890505980476249,-0.0016761022639553147,-2.6103450183079246e-4,-1.635121455993982e-4,-0.003111991669065617,4.607090977017947e-4,-0.0059208891057522806,-0.011475174566793811,-0.0038288566016362324,-2.7320575526346147e-6,-0.0011132566975851077,-5.57879377479864e-4,0.001118235796129241,-3.1739739281277934e-7,-0.025658120485101854,-0.02968059515360366,0.03870240283328297,0.010339711593939427,0.021791482859168987,0.02561942444471832,-0.0016373616767477728,-2.696028115156679e-5,-1.6032060219206556e-4,5.901004752120187e-4,0.0010272314254589077,-3.586588405273261e-4,-0.15207799492119722,0.20692950073250316,-0.007620738178844455,-0.08526460289006765,0.11036869548076433,0.10401166632463976,-0.010000000000000009,-0.10000000000000009,0.010000000000000009,0,-0.010000000000000009,-0.2699999999999998,-0.040000000000000036,-0.040000000000000036,0.009999999999999787,-0.030000000000000027,0.07000000000000006,-0.18000000000000016,-0.08999999999999986,-0.019999999999999574,-0.3899999999999997,-0.23000000000000043,0.3700000000000001,0.4399999999999995,-0.0600000000000005,-0.09999999999999964,-0.21999999999999975,-0.1200000000000001,0.2999999999999998,-0.20000000000000018,-0.10999999999999943,-0.16999999999999993,-0.17999999999999972,-0.13999999999999968,0.21999999999999975,0.2400000000000011,0.011403851179016655,-0.011884436576053758,-0.05027008178568604,-0.06234372661309351,0.04713309049691006,0.01340909298732118,35.1947,31.8309,41.656,28.599,21.014,24.5395,-2.3000000000000114,2.5,-1.5,-4.5,5,4.8999999999999915,2.68,2.8400000000000003,2.24,3.2299999999999995,3.49,3.4,1.0600000000000005,1.2400000000000002,1.25,1.3200000000000003,1.2999999999999998,1.2800000000000011
2003 Q2,0.0032499157894001485,0.0014757589379161828,0.0022150485121841257,5.723655361045132e-4,0.002445983284040665,-6.29800460439256e-4,0.005344303191693989,0.00572973878426275,0.006523483024530208,-0.004635528489989049,0.003353568731504275,-1.9459579734437682e-4,0.0012771147115513415,-0.002631971347628159,-0.005576627290919234,8.486486965990636e-4,0.008215019236447851,0.0072123326949231625,0.00931853092119539,0.009075046467570402,-0.007792600453004894,-0.008606680974896364,0.0032524026200828615,-0.004945016725868001,0.013893827024062944,0.012152930382056226,0.011360449447119336,-0.01700373273065381,0.0052199649447111085,-0.0028368915224525892,0.20000000000000018,0,0.09999999999999964,0,0,0,-0.0053207338058811615,0.03912712838881305,0.054697742544425054,0.03960173811502621,-0.05477380064037973,0.04028049455214955,-8.449157201617652e-5,-0.0015805063978451273,-0.0011567292666772033,-6.051669181381669e-4,3.1380953549664525e-4,-1.0709177009893267e-4,40.3,40.4,40.5,40.5,40.7,40.5,7.532088143541722,7.453561871643373,7.488852955733459,7.4977617006225685,7.448333860897476,7.403670290012373,7.536363938404511,7.471363088187097,7.547501682814967,7.497207223203318,7.471932078245122,7.43307534889858,-0.005358569568086224,-0.007954085495972762,0.004084673735982314,0.01761082332182884,0.0013376469716694928,0.002349184394160986,-0.003908506567805503,-0.0027438675536508583,-0.005204233551378223,-0.0032829763688457803,-2.3852513807476328e-4,-0.0032040956205605653,-0.00394143826466653,0.0036873048547745313,0.005789207530512819,1.464421949322059e-4,2.3628945326237272e-4,0.005476304658457387,0.005078055863783959,0.005633466201905968,-5.746429856401392e-4,-0.0019263265362052806,0.002778516753605409,-0.008890505980476249,-0.0038382129600869064,-2.6103450183079246e-4,-1.635121455993982e-4,-0.003111991669065617,4.607090977017947e-4,-0.0059208891057522806,0.002731793126854676,-0.0038288566016362324,-2.7320575526346147e-6,-0.0011132566975851077,-5.57879377479864e-4,0.001118235796129241,-0.030763707051649547,-0.025658120485101854,-0.02968059515360366,0.03870240283328297,0.010339711593939427,0.021791482859168987,0.0022308971295732505,-0.0016373616767477728,-2.696028115156679e-5,-1.6032060219206556e-4,5.901004752120187e-4,0.0010272314254589077,0.09162326249943487,-0.15207799492119722,0.20692950073250316,-0.007620738178844455,-0.08526460289006765,0.11036869548076433,-0.040000000000000036,-0.010000000000000009,-0.10000000000000009,0.010000000000000009,0,-0.010000000000000009,-0.15000000000000002,-0.040000000000000036,-0.040000000000000036,0.009999999999999787,-0.030000000000000027,0.07000000000000006,-0.23999999999999977,-0.08999999999999986,-0.019999999999999574,-0.3899999999999997,-0.23000000000000043,0.3700000000000001,-0.25,-0.0600000000000005,-0.09999999999999964,-0.21999999999999975,-0.1200000000000001,0.2999999999999998,-0.1899999999999995,-0.10999999999999943,-0.16999999999999993,-0.17999999999999972,-0.13999999999999968,0.21999999999999975,0.05410995722617873,0.011403851179016655,-0.011884436576053758,-0.05027008178568604,-0.06234372661309351,0.04713309049691006,22.349,35.1947,31.8309,41.656,28.599,21.014,-2.3999999999999915,-2.3000000000000114,2.5,-1.5,-4.5,5,2.41,2.68,2.8400000000000003,2.24,3.2299999999999995,3.49,1.2200000000000006,1.0600000000000005,1.2400000000000002,1.25,1.3200000000000003,1.2999999999999998
2003 Q3,0.001457009666806286,0.0032499157894001485,0.0014757589379161828,0.0022150485121841257,5.723655361045132e-4,0.002445983284040665,-0.0029115184273909023,0.005344303191693989,0.00572973878426275,0.006523483024530208,-0.004635528489989049,0.003353568731504275,0.006426751702139022,0.0012771147115513415,-0.002631971347628159,-0.005576627290919234,8.486486965990636e-4,0.008215019236447851,0.004059257007915207,0.00931853092119539,0.009075046467570402,-0.007792600453004894,-0.008606680974896364,0.0032524026200828615,-0.002242224583676844,0.013893827024062944,0.012152930382056226,0.011360449447119336,-0.01700373273065381,0.0052199649447111085,0,0.20000000000000018,0,0.09999999999999964,0,0,-0.011813634941924889,-0.0053207338058811615,0.03912712838881305,0.054697742544425054,0.03960173811502621,-0.05477380064037973,7.680314963209867e-4,-8.449157201617652e-5,-0.0015805063978451273,-0.0011567292666772033,-6.051669181381669e-4,3.1380953549664525e-4,40.5,40.3,40.4,40.5,40.5,40.7,7.569927655242652,7.532088143541722,7.453561871643373,7.488852955733459,7.4977617006225685,7.448333860897476,7.581209826196346,7.536363938404511,7.471363088187097,7.547501682814967,7.497207223203318,7.471932078245122,-0.006271935563730402,-0.005358569568086224,-0.007954085495972762,0.004084673735982314,0.01761082332182884,0.0013376469716694928,-0.01403920421624072,-0.003908506567805503,-0.0027438675536508583,-0.005204233551378223,-0.0032829763688457803,-2.3852513807476328e-4,-0.004310728153765986,-0.00394143826466653,0.0036873048547745313,0.005789207530512819,1.464421949322059e-4,2.3628945326237272e-4,0.002262497300932864,0.005078055863783959,0.005633466201905968,-5.746429856401392e-4,-0.0019263265362052806,0.002778516753605409,8.407117671573872e-4,-0.0038382129600869064,-2.6103450183079246e-4,-1.635121455993982e-4,-0.003111991669065617,4.607090977017947e-4,-0.0010987151606309808,0.002731793126854676,-0.0038288566016362324,-2.7320575526346147e-6,-0.0011132566975851077,-5.57879377479864e-4,-0.016144972368000055,-0.030763707051649547,-0.025658120485101854,-0.02968059515360366,0.03870240283328297,0.010339711593939427,-2.539018435090412e-4,0.0022308971295732505,-0.0016373616767477728,-2.696028115156679e-5,-1.6032060219206556e-4,5.901004752120187e-4,-0.13695769967706806,0.09162326249943487,-0.15207799492119722,0.20692950073250316,-0.007620738178844455,-0.08526460289006765,-0.020000000000000018,-0.040000000000000036,-0.010000000000000009,-0.10000000000000009,0.010000000000000009,0,-0.010000000000000009,-0.15000000000000002,-0.040000000000000036,-0.040000000000000036,0.009999999999999787,-0.030000000000000027,-0.1800000000000006,-0.23999999999999977,-0.08999999999999986,-0.019999999999999574,-0.3899999999999997,-0.23000000000000043,-0.16000000000000014,-0.25,-0.0600000000000005,-0.09999999999999964,-0.21999999999999975,-0.1200000000000001,-0.21999999999999975,-0.1899999999999995,-0.10999999999999943,-0.16999999999999993,-0.17999999999999972,-0.13999999999999968,0.02977865297839788,0.05410995722617873,0.011403851179016655,-0.011884436576053758,-0.05027008178568604,-0.06234372661309351,20.6823,22.349,35.1947,31.8309,41.656,28.599,-1.5999999999999943,-2.3999999999999915,-2.3000000000000114,2.5,-1.5,-4.5,3.3299999999999996,2.41,2.68,2.8400000000000003,2.24,3.2299999999999995,1.0700000000000003,1.2200000000000006,1.0600000000000005,1.2400000000000002,1.25,1.3200000000000003
2003 Q4,3.7265234113093015e-4,0.001457009666806286,0.0032499157894001485,0.0014757589379161828,0.0022150485121841257,5.723655361045132e-4,0.001314786273705515,-0.0029115184273909023,0.005344303191693989,0.00572973878426275,0.006523483024530208,-0.004635528489989049,2.959460294098548e-4,0.006426751702139022,0.0012771147115513415,-0.002631971347628159,-0.005576627290919234,8.486486965990636e-4,-0.0028316097143061825,0.004059257007915207,0.00931853092119539,0.009075046467570402,-0.007792600453004894,-0.008606680974896364,0.004229054767103335,-0.002242224583676844,0.013893827024062944,0.012152930382056226,0.011360449447119336,-0.01700373273065381,-0.09999999999999964,0,0.20000000000000018,0,0.09999999999999964,0,-0.013171767556569236,-0.011813634941924889,-0.0053207338058811615,0.03912712838881305,0.054697742544425054,0.03960173811502621,8.273643556204746e-4,7.680314963209867e-4,-8.449157201617652e-5,-0.0015805063978451273,-0.0011567292666772033,-6.051669181381669e-4,40.7,40.5,40.3,40.4,40.5,40.5,7.6290038896529575,7.569927655242652,7.532088143541722,7.453561871643373,7.488852955733459,7.4977617006225685,7.594381242551817,7.581209826196346,7.536363938404511,7.471363088187097,7.547501682814967,7.497207223203318,0.004449247652250854,-0.006271935563730402,-0.005358569568086224,-0.007954085495972762,0.004084673735982314,0.01761082332182884,-0.0011855368110254005,-0.01403920421624072,-0.003908506567805503,-0.0027438675536508583,-0.005204233551378223,-0.0032829763688457803,0.0040025725089360975,-0.004310728153765986,-0.00394143826466653,0.0036873048547745313,0.005789207530512819,1.464421949322059e-4,0.007570068683454778,0.002262497300932864,0.005078055863783959,0.005633466201905968,-5.746429856401392e-4,-0.0019263265362052806,0.0048059388493584265,8.407117671573872e-4,-0.0038382129600869064,-2.6103450183079246e-4,-1.635121455993982e-4,-0.003111991669065617,0.0021583702839196306,-0.0010987151606309808,0.002731793126854676,-0.0038288566016362324,-2.7320575526346147e-6,-0.0011132566975851077,0.0017626476015211168,-0.016144972368000055,-0.030763707051649547,-0.025658120485101854,-0.02968059515360366,0.03870240283328297,9.402660999189294e-4,-2.539018435090412e-4,0.0022308971295732505,-0.0016373616767477728,-2.696028115156679e-5,-1.6032060219206556e-4,0.008777324242793316,-0.13695769967706806,0.09162326249943487,-0.15207799492119722,0.20692950073250316,-0.007620738178844455,-0.020000000000000018,-0.020000000000000018,-0.040000000000000036,-0.010000000000000009,-0.10000000000000009,0.010000000000000009,-0.030000000000000027,-0.010000000000000009,-0.15000000000000002,-0.040000000000000036,-0.040000000000000036,0.009999999999999787,-0.03000000000000025,-0.1800000000000006,-0.23999999999999977,-0.08999999999999986,-0.019999999999999574,-0.3899999999999997,-0.03000000000000025,-0.16000000000000014,-0.25,-0.0600000000000005,-0.09999999999999964,-0.21999999999999975,-0.0600000000000005,-0.21999999999999975,-0.1899999999999995,-0.10999999999999943,-0.16999999999999993,-0.17999999999999972,0.028858536676307445,0.02977865297839788,0.05410995722617873,0.011403851179016655,-0.011884436576053758,-0.05027008178568604,16.3754,20.6823,22.349,35.1947,31.8309,41.656,-1.1000000000000085,-1.5999999999999943,-2.3999999999999915,-2.3000000000000114,2.5,-1.5,3.3699999999999997,3.3299999999999996,2.41,2.68,2.8400000000000003,2.24,0.9799999999999995,1.0700000000000003,1.2200000000000006,1.0600000000000005,1.2400000000000002,1.25
2004 Q1,0.003609898036931014,3.7265234113093015e-4,0.001457009666806286,0.0032499157894001485,0.0014757589379161828,0.0022150485121841257,0.005695421926364297,0.001314786273705515,-0.0029115184273909023,0.005344303191693989,0.00572973878426275,0.006523483024530208,-0.004008755848768253,2.959460294098548e-4,0.006426751702139022,0.0012771147115513415,-0.002631971347628159,-0.005576627290919234,0.023206756423938657,-0.0028316097143061825,0.004059257007915207,0.00931853092119539,0.009075046467570402,-0.007792600453004894,0.018116331173004596,0.004229054767103335,-0.002242224583676844,0.013893827024062944,0.012152930382056226,0.011360449447119336,0.20000000000000018,-0.09999999999999964,0,0.20000000000000018,0,0.09999999999999964,-0.05337446059137463,-0.013171767556569236,-0.011813634941924889,-0.0053207338058811615,0.03912712838881305,0.054697742544425054,0.002435496834870321,8.273643556204746e-4,7.680314963209867e-4,-8.449157201617652e-5,-0.0015805063978451273,-0.0011567292666772033,40.9,40.7,40.5,40.3,40.4,40.5,7.599901959208498,7.6290038896529575,7.569927655242652,7.532088143541722,7.453561871643373,7.488852955733459,7.633369649679584,7.594381242551817,7.581209826196346,7.536363938404511,7.471363088187097,7.547501682814967,-0.006213509757932556,0.004449247652250854,-0.006271935563730402,-0.005358569568086224,-0.007954085495972762,0.004084673735982314,-6.265004426602161e-4,-0.0011855368110254005,-0.01403920421624072,-0.003908506567805503,-0.0027438675536508583,-0.005204233551378223,0.0035327758956675837,0.0040025725089360975,-0.004310728153765986,-0.00394143826466653,0.0036873048547745313,0.005789207530512819,-0.0032256487636947995,0.007570068683454778,0.002262497300932864,0.005078055863783959,0.005633466201905968,-5.746429856401392e-4,0.0024210261783501608,0.0048059388493584265,8.407117671573872e-4,-0.0038382129600869064,-2.6103450183079246e-4,-1.635121455993982e-4,-4.590207765886589e-6,0.0021583702839196306,-0.0010987151606309808,0.002731793126854676,-0.0038288566016362324,-2.7320575526346147e-6,-0.04685419509819777,0.0017626476015211168,-0.016144972368000055,-0.030763707051649547,-0.025658120485101854,-0.02968059515360366,-5.851603658681981e-4,9.402660999189294e-4,-2.539018435090412e-4,0.0022308971295732505,-0.0016373616767477728,-2.696028115156679e-5,0.0428971117480863,0.008777324242793316,-0.13695769967706806,0.09162326249943487,-0.15207799492119722,0.20692950073250316,-0.010000000000000009,-0.020000000000000018,-0.020000000000000018,-0.040000000000000036,-0.010000000000000009,-0.10000000000000009,0.009999999999999898,-0.030000000000000027,-0.010000000000000009,-0.15000000000000002,-0.040000000000000036,-0.040000000000000036,-0.25,-0.03000000000000025,-0.1800000000000006,-0.23999999999999977,-0.08999999999999986,-0.019999999999999574,-0.16999999999999993,-0.03000000000000025,-0.16000000000000014,-0.25,-0.0600000000000005,-0.09999999999999964,-0.15999999999999925,-0.0600000000000005,-0.21999999999999975,-0.1899999999999995,-0.10999999999999943,-0.16999999999999993,-0.01709533813402242,0.028858536676307445,0.02977865297839788,0.05410995722617873,0.011403851179016655,-0.011884436576053758,17.733,16.3754,20.6823,22.349,35.1947,31.8309,1.3999999999999915,-1.1000000000000085,-1.5999999999999943,-2.3999999999999915,-2.3000000000000114,2.5,2.89,3.3699999999999997,3.3299999999999996,2.41,2.68,2.8400000000000003,0.7800000000000002,0.9799999999999995,1.0700000000000003,1.2200000000000006,1.0600000000000005,1.2400000000000002
2004 Q2,9.987465722147704e-4,0.003609898036931014,3.7265234113093015e-4,0.001457009666806286,0.0032499157894001485,0.0014757589379161828,-0.00514980286008182,0.005695421926364297,0.001314786273705515,-0.0029115184273909023,0.005344303191693989,0.00572973878426275,-0.007832838806188569,-0.004008755848768253,2.959460294098548e-4,0.006426751702139022,0.0012771147115513415,-0.002631971347628159,-9.30257833783088e-4,0.023206756423938657,-0.0028316097143061825,0.004059257007915207,0.00931853092119539,0.009075046467570402,-0.006323634658173205,0.018116331173004596,0.004229054767103335,-0.002242224583676844,0.013893827024062944,0.012152930382056226,0,0.20000000000000018,-0.09999999999999964,0,0.20000000000000018,0,0.03736570122791072,-0.05337446059137463,-0.013171767556569236,-0.011813634941924889,-0.0053207338058811615,0.03912712838881305,7.362680651858966e-4,0.002435496834870321,8.273643556204746e-4,7.680314963209867e-4,-8.449157201617652e-5,-0.0015805063978451273,40.8,40.9,40.7,40.5,40.3,40.4,7.510977752014095,7.599901959208498,7.6290038896529575,7.569927655242652,7.532088143541722,7.453561871643373,7.61085279039525,7.633369649679584,7.594381242551817,7.581209826196346,7.536363938404511,7.471363088187097,0.0066503602484146995,-0.006213509757932556,0.004449247652250854,-0.006271935563730402,-0.005358569568086224,-0.007954085495972762,-0.011962678553359751,-6.265004426602161e-4,-0.0011855368110254005,-0.01403920421624072,-0.003908506567805503,-0.0027438675536508583,0.0025081622310416662,0.0035327758956675837,0.0040025725089360975,-0.004310728153765986,-0.00394143826466653,0.0036873048547745313,0.00968422817604253,-0.0032256487636947995,0.007570068683454778,0.002262497300932864,0.005078055863783959,0.005633466201905968,-7.77356438881327e-5,0.0024210261783501608,0.0048059388493584265,8.407117671573872e-4,-0.0038382129600869064,-2.6103450183079246e-4,-5.473099907735701e-4,-4.590207765886589e-6,0.0021583702839196306,-0.0010987151606309808,0.002731793126854676,-0.0038288566016362324,0.029697233652656863,-0.04685419509819777,0.0017626476015211168,-0.016144972368000055,-0.030763707051649547,-0.025658120485101854,-3.987493658250685e-4,-5.851603658681981e-4,9.402660999189294e-4,-2.539018435090412e-4,0.0022308971295732505,-0.0016373616767477728,-0.1510935602732495,0.0428971117480863,0.008777324242793316,-0.13695769967706806,0.09162326249943487,-0.15207799492119722,0.030000000000000027,-0.010000000000000009,-0.020000000000000018,-0.020000000000000018,-0.040000000000000036,-0.010000000000000009,0.25,0.009999999999999898,-0.030000000000000027,-0.010000000000000009,-0.15000000000000002,-0.040000000000000036,0.010000000000000675,-0.25,-0.03000000000000025,-0.1800000000000006,-0.23999999999999977,-0.08999999999999986,-0.03000000000000025,-0.16999999999999993,-0.03000000000000025,-0.16000000000000014,-0.25,-0.0600000000000005,0.03000000000000025,-0.15999999999999925,-0.0600000000000005,-0.21999999999999975,-0.1899999999999995,-0.10999999999999943,0.026822868251062282,-0.01709533813402242,0.028858536676307445,0.02977865297839788,0.05410995722617873,0.011403851179016655,15.0452,17.733,16.3754,20.6823,22.349,35.1947,5.3999999999999915,1.3999999999999915,-1.1000000000000085,-1.5999999999999943,-2.3999999999999915,-2.3000000000000114,3.4600000000000004,2.89,3.3699999999999997,3.3299999999999996,2.41,2.68,0.7700000000000005,0.7800000000000002,0.9799999999999995,1.0700000000000003,1.2200000000000006,1.0600000000000005
2004 Q3,0.0012275286297231958,9.987465722147704e-4,0.003609898036931014,3.7265234113093015e-4,0.001457009666806286,0.0032499157894001485,0.0064399472310929795,-0.00514980286008182,0.005695421926364297,0.001314786273705515,-0.0029115184273909023,0.005344303191693989,0.0012701843581544026,-0.007832838806188569,-0.004008755848768253,2.959460294098548e-4,0.006426751702139022,0.0012771147115513415,0.004092226451861691,-9.30257833783088e-4,0.023206756423938657,-0.0028316097143061825,0.004059257007915207,0.00931853092119539,0.019897640094626468,-0.006323634658173205,0.018116331173004596,0.004229054767103335,-0.002242224583676844,0.013893827024062944,0,0,0.20000000000000018,-0.09999999999999964,0,0.20000000000000018,-0.010324575488777299,0.03736570122791072,-0.05337446059137463,-0.013171767556569236,-0.011813634941924889,-0.0053207338058811615,0.0011438052081960137,7.362680651858966e-4,0.002435496834870321,8.273643556204746e-4,7.680314963209867e-4,-8.449157201617652e-5,40.7,40.8,40.9,40.7,40.5,40.3,7.552237287560802,7.510977752014095,7.599901959208498,7.6290038896529575,7.569927655242652,7.532088143541722,7.621195162809845,7.61085279039525,7.633369649679584,7.594381242551817,7.581209826196346,7.536363938404511,-0.00398173305743299,0.0066503602484146995,-0.006213509757932556,0.004449247652250854,-0.006271935563730402,-0.005358569568086224,0.0011950531975948309,-0.011962678553359751,-6.265004426602161e-4,-0.0011855368110254005,-0.01403920421624072,-0.003908506567805503,0.006713625889202213,0.0025081622310416662,0.0035327758956675837,0.0040025725089360975,-0.004310728153765986,-0.00394143826466653,-9.403241288215014e-4,0.00968422817604253,-0.0032256487636947995,0.007570068683454778,0.002262497300932864,0.005078055863783959,0.0034083796506312325,-7.77356438881327e-5,0.0024210261783501608,0.0048059388493584265,8.407117671573872e-4,-0.0038382129600869064,0.0026375486046843477,-5.473099907735701e-4,-4.590207765886589e-6,0.0021583702839196306,-0.0010987151606309808,0.002731793126854676,0.01172164527396724,0.029697233652656863,-0.04685419509819777,0.0017626476015211168,-0.016144972368000055,-0.030763707051649547,0.0014614059249469236,-3.987493658250685e-4,-5.851603658681981e-4,9.402660999189294e-4,-2.539018435090412e-4,0.0022308971295732505,-0.07712032269907221,-0.1510935602732495,0.0428971117480863,0.008777324242793316,-0.13695769967706806,0.09162326249943487,0.18000000000000016,0.030000000000000027,-0.010000000000000009,-0.020000000000000018,-0.020000000000000018,-0.040000000000000036,0.16999999999999993,0.25,0.009999999999999898,-0.030000000000000027,-0.010000000000000009,-0.15000000000000002,-0.15000000000000036,0.010000000000000675,-0.25,-0.03000000000000025,-0.1800000000000006,-0.23999999999999977,-0.1900000000000004,-0.03000000000000025,-0.16999999999999993,-0.03000000000000025,-0.16000000000000014,-0.25,-0.1900000000000004,0.03000000000000025,-0.15999999999999925,-0.0600000000000005,-0.21999999999999975,-0.1899999999999995,0.02603246797633041,0.026822868251062282,-0.01709533813402242,0.028858536676307445,0.02977865297839788,0.05410995722617873,13.8804,15.0452,17.733,16.3754,20.6823,22.349,-1.7000000000000028,5.3999999999999915,1.3999999999999915,-1.1000000000000085,-1.5999999999999943,-2.3999999999999915,2.48,3.4600000000000004,2.89,3.3699999999999997,3.3299999999999996,2.41,0.8099999999999996,0.7700000000000005,0.7800000000000002,0.9799999999999995,1.0700000000000003,1.2200000000000006
2004 Q4,0.033232027873566494,0.0012275286297231958,9.987465722147704e-4,0.003609898036931014,3.7265234113093015e-4,0.001457009666806286,0.006536550553424725,0.0064399472310929795,-0.00514980286008182,0.005695421926364297,0.001314786273705515,-0.0029115184273909023,0.007936241000935595,0.0012701843581544026,-0.007832838806188569,-0.004008755848768253,2.959460294098548e-4,0.006426751702139022,0.015468315678328182,0.004092226451861691,-9.30257833783088e-4,0.023206756423938657,-0.0028316097143061825,0.004059257007915207,0.012870765034355358,0.019897640094626468,-0.006323634658173205,0.018116331173004596,0.004229054767103335,-0.002242224583676844,0,0,0,0.20000000000000018,-0.09999999999999964,0,-0.01070346609935946,-0.010324575488777299,0.03736570122791072,-0.05337446059137463,-0.013171767556569236,-0.011813634941924889,9.429230556854407e-4,0.0011438052081960137,7.362680651858966e-4,0.002435496834870321,8.273643556204746e-4,7.680314963209867e-4,40.6,40.7,40.8,40.9,40.7,40.5,7.621684998724611,7.552237287560802,7.510977752014095,7.599901959208498,7.6290038896529575,7.569927655242652,7.641084249174914,7.621195162809845,7.61085279039525,7.633369649679584,7.594381242551817,7.581209826196346,-0.0073882999286460915,-0.00398173305743299,0.0066503602484146995,-0.006213509757932556,0.004449247652250854,-0.006271935563730402,-0.0013082067281882104,0.0011950531975948309,-0.011962678553359751,-6.265004426602161e-4,-0.0011855368110254005,-0.01403920421624072,-0.0011033755613913954,0.006713625889202213,0.0025081622310416662,0.0035327758956675837,0.0040025725089360975,-0.004310728153765986,3.100973145375718e-5,-9.403241288215014e-4,0.00968422817604253,-0.0032256487636947995,0.007570068683454778,0.002262497300932864,-3.1365896357016254e-4,0.0034083796506312325,-7.77356438881327e-5,0.0024210261783501608,0.0048059388493584265,8.407117671573872e-4,-0.0047058910374122576,0.0026375486046843477,-5.473099907735701e-4,-4.590207765886589e-6,0.0021583702839196306,-0.0010987151606309808,0.022572689331608053,0.01172164527396724,0.029697233652656863,-0.04685419509819777,0.0017626476015211168,-0.016144972368000055,-0.003313702150065545,0.0014614059249469236,-3.987493658250685e-4,-5.851603658681981e-4,9.402660999189294e-4,-2.539018435090412e-4,-0.019890454562089488,-0.07712032269907221,-0.1510935602732495,0.0428971117480863,0.008777324242793316,-0.13695769967706806,0.2300000000000002,0.18000000000000016,0.030000000000000027,-0.010000000000000009,-0.020000000000000018,-0.020000000000000018,0.1200000000000001,0.16999999999999993,0.25,0.009999999999999898,-0.030000000000000027,-0.010000000000000009,0.040000000000000036,-0.15000000000000036,0.010000000000000675,-0.25,-0.03000000000000025,-0.1800000000000006,-0.04999999999999982,-0.1900000000000004,-0.03000000000000025,-0.16999999999999993,-0.03000000000000025,-0.16000000000000014,-0.04999999999999982,-0.1900000000000004,0.03000000000000025,-0.15999999999999925,-0.0600000000000005,-0.21999999999999975,0.02556565141095568,0.02603246797633041,0.026822868251062282,-0.01709533813402242,0.028858536676307445,0.02977865297839788,13.014,13.8804,15.0452,17.733,16.3754,20.6823,4.299999999999997,-1.7000000000000028,5.3999999999999915,1.3999999999999915,-1.1000000000000085,-1.5999999999999943,2.0400000000000005,2.48,3.4600000000000004,2.89,3.3699999999999997,3.3299999999999996,0.6800000000000006,0.8099999999999996,0.7700000000000005,0.7800000000000002,0.9799999999999995,1.0700000000000003
2005 Q1,0.003329128264871528,0.033232027873566494,0.0012275286297231958,9.987465722147704e-4,0.003609898036931014,3.7265234113093015e-4,0.0015985603776709212,0.006536550553424725,0.0064399472310929795,-0.00514980286008182,0.005695421926364297,0.001314786273705515,-0.0013521797796176571,0.007936241000935595,0.0012701843581544026,-0.007832838806188569,-0.004008755848768253,2.959460294098548e-4,-0.006844296177876075,0.015468315678328182,0.004092226451861691,-9.30257833783088e-4,0.023206756423938657,-0.0028316097143061825,0.00267388457159079,0.012870765034355358,0.019897640094626468,-0.006323634658173205,0.018116331173004596,0.004229054767103335,-0.20000000000000018,0,0,0,0.20000000000000018,-0.09999999999999964,0.06293338435634332,-0.01070346609935946,-0.010324575488777299,0.03736570122791072,-0.05337446059137463,-0.013171767556569236,8.94115054775213e-4,9.429230556854407e-4,0.0011438052081960137,7.362680651858966e-4,0.002435496834870321,8.273643556204746e-4,40.4,40.6,40.7,40.8,40.9,40.7,7.530479995245536,7.621684998724611,7.552237287560802,7.510977752014095,7.599901959208498,7.6290038896529575,7.631431664576906,7.641084249174914,7.621195162809845,7.61085279039525,7.633369649679584,7.594381242551817,-0.003067508345417913,-0.0073882999286460915,-0.00398173305743299,0.0066503602484146995,-0.006213509757932556,0.004449247652250854,2.0004133610207475e-4,-0.0013082067281882104,0.0011950531975948309,-0.011962678553359751,-6.265004426602161e-4,-0.0011855368110254005,0.003747382364027274,-0.0011033755613913954,0.006713625889202213,0.0025081622310416662,0.0035327758956675837,0.0040025725089360975,0.00409410750752226,3.100973145375718e-5,-9.403241288215014e-4,0.00968422817604253,-0.0032256487636947995,0.007570068683454778,-0.005193001536046182,-3.1365896357016254e-4,0.0034083796506312325,-7.77356438881327e-5,0.0024210261783501608,0.0048059388493584265,-5.350214919834784e-4,-0.0047058910374122576,0.0026375486046843477,-5.473099907735701e-4,-4.590207765886589e-6,0.0021583702839196306,4.8289563172598804e-4,0.022572689331608053,0.01172164527396724,0.029697233652656863,-0.04685419509819777,0.0017626476015211168,2.1353163290882549e-4,-0.003313702150065545,0.0014614059249469236,-3.987493658250685e-4,-5.851603658681981e-4,9.402660999189294e-4,0.10029427974832572,-0.019890454562089488,-0.07712032269907221,-0.1510935602732495,0.0428971117480863,0.008777324242793316,0.1299999999999999,0.2300000000000002,0.18000000000000016,0.030000000000000027,-0.010000000000000009,-0.020000000000000018,0.20000000000000018,0.1200000000000001,0.16999999999999993,0.25,0.009999999999999898,-0.030000000000000027,0.33000000000000007,0.040000000000000036,-0.15000000000000036,0.010000000000000675,-0.25,-0.03000000000000025,0.20000000000000018,-0.04999999999999982,-0.1900000000000004,-0.03000000000000025,-0.16999999999999993,-0.03000000000000025,0.23999999999999932,-0.04999999999999982,-0.1900000000000004,0.03000000000000025,-0.15999999999999925,-0.0600000000000005,-0.003950676042554946,0.02556565141095568,0.02603246797633041,0.026822868251062282,-0.01709533813402242,0.028858536676307445,12.8804,13.014,13.8804,15.0452,17.733,16.3754,-1.5,4.299999999999997,-1.7000000000000028,5.3999999999999915,1.3999999999999915,-1.1000000000000085,1.7599999999999998,2.0400000000000005,2.48,3.4600000000000004,2.89,3.3699999999999997,0.6599999999999993,0.6800000000000006,0.8099999999999996,0.7700000000000005,0.7800000000000002,0.9799999999999995
2005 Q2,0.0026080197864448706,0.003329128264871528,0.033232027873566494,0.0012275286297231958,9.987465722147704e-4,0.003609898036931014,0.008758161590810332,0.0015985603776709212,0.006536550553424725,0.0064399472310929795,-0.00514980286008182,0.005695421926364297,0.004487529157463754,-0.0013521797796176571,0.007936241000935595,0.0012701843581544026,-0.007832838806188569,-0.004008755848768253,0.009425967339701913,-0.006844296177876075,0.015468315678328182,0.004092226451861691,-9.30257833783088e-4,0.023206756423938657,0.030060115533558474,0.00267388457159079,0.012870765034355358,0.019897640094626468,-0.006323634658173205,0.018116331173004596,-0.09999999999999964,-0.20000000000000018,0,0,0,0.20000000000000018,-0.0038299548922999804,0.06293338435634332,-0.01070346609935946,-0.010324575488777299,0.03736570122791072,-0.05337446059137463,0.0019279923472090843,8.94115054775213e-4,9.429230556854407e-4,0.0011438052081960137,7.362680651858966e-4,0.002435496834870321,40.4,40.4,40.6,40.7,40.8,40.9,7.63433723562832,7.530479995245536,7.621684998724611,7.552237287560802,7.510977752014095,7.599901959208498,7.686162303492906,7.631431664576906,7.641084249174914,7.621195162809845,7.61085279039525,7.633369649679584,0.004689974589605406,-0.003067508345417913,-0.0073882999286460915,-0.00398173305743299,0.0066503602484146995,-0.006213509757932556,0.0023761206604433482,2.0004133610207475e-4,-0.0013082067281882104,0.0011950531975948309,-0.011962678553359751,-6.265004426602161e-4,0.0043632331531293644,0.003747382364027274,-0.0011033755613913954,0.006713625889202213,0.0025081622310416662,0.0035327758956675837,-0.0036244050865432698,0.00409410750752226,3.100973145375718e-5,-9.403241288215014e-4,0.00968422817604253,-0.0032256487636947995,0.006092011207703862,-0.005193001536046182,-3.1365896357016254e-4,0.0034083796506312325,-7.77356438881327e-5,0.0024210261783501608,0.0010327911409468982,-5.350214919834784e-4,-0.0047058910374122576,0.0026375486046843477,-5.473099907735701e-4,-4.590207765886589e-6,0.0419203846600924,4.8289563172598804e-4,0.022572689331608053,0.01172164527396724,0.029697233652656863,-0.04685419509819777,6.088397800230183e-5,2.1353163290882549e-4,-0.003313702150065545,0.0014614059249469236,-3.987493658250685e-4,-5.851603658681981e-4,0.18379572435269154,0.10029427974832572,-0.019890454562089488,-0.07712032269907221,-0.1510935602732495,0.0428971117480863,0.040000000000000036,0.1299999999999999,0.2300000000000002,0.18000000000000016,0.030000000000000027,-0.010000000000000009,0.13000000000000034,0.20000000000000018,0.1200000000000001,0.16999999999999993,0.25,0.009999999999999898,-0.13999999999999968,0.33000000000000007,0.040000000000000036,-0.15000000000000036,0.010000000000000675,-0.25,-0.1900000000000004,0.20000000000000018,-0.04999999999999982,-0.1900000000000004,-0.03000000000000025,-0.16999999999999993,-0.14999999999999947,0.23999999999999932,-0.04999999999999982,-0.1900000000000004,0.03000000000000025,-0.15999999999999925,0.02013905318857301,-0.003950676042554946,0.02556565141095568,0.02603246797633041,0.026822868251062282,-0.01709533813402242,11.2418,12.8804,13.014,13.8804,15.0452,17.733,9.099999999999994,-1.5,4.299999999999997,-1.7000000000000028,5.3999999999999915,1.3999999999999915,1.0299999999999998,1.7599999999999998,2.0400000000000005,2.48,3.4600000000000004,2.89,0.9000000000000004,0.6599999999999993,0.6800000000000006,0.8099999999999996,0.7700000000000005,0.7800000000000002
2005 Q3,-0.0032066460125346197,0.0026080197864448706,0.003329128264871528,0.033232027873566494,0.0012275286297231958,9.987465722147704e-4,-0.003941502375917949,0.008758161590810332,0.0015985603776709212,0.006536550553424725,0.0064399472310929795,-0.00514980286008182,-0.0195638287695461,0.004487529157463754,-0.0013521797796176571,0.007936241000935595,0.0012701843581544026,-0.007832838806188569,-0.004835840792269508,0.009425967339701913,-0.006844296177876075,0.015468315678328182,0.004092226451861691,-9.30257833783088e-4,0.0029604085857233287,0.030060115533558474,0.00267388457159079,0.012870765034355358,0.019897640094626468,-0.006323634658173205,0.09999999999999964,-0.09999999999999964,-0.20000000000000018,0,0,0,0.1924312733071929,-0.0038299548922999804,0.06293338435634332,-0.01070346609935946,-0.010324575488777299,0.03736570122791072,3.791018305463467e-4,0.0019279923472090843,8.94115054775213e-4,9.429230556854407e-4,0.0011438052081960137,7.362680651858966e-4,40.7,40.4,40.4,40.6,40.7,40.8,7.67368812926773,7.63433723562832,7.530479995245536,7.621684998724611,7.552237287560802,7.510977752014095,7.724446645633537,7.686162303492906,7.631431664576906,7.641084249174914,7.621195162809845,7.61085279039525,-0.005827010578189906,0.004689974589605406,-0.003067508345417913,-0.0073882999286460915,-0.00398173305743299,0.0066503602484146995,1.2641855309070138e-4,0.0023761206604433482,2.0004133610207475e-4,-0.0013082067281882104,0.0011950531975948309,-0.011962678553359751,0.006877190543925771,0.0043632331531293644,0.003747382364027274,-0.0011033755613913954,0.006713625889202213,0.0025081622310416662,-5.863108680790319e-4,-0.0036244050865432698,0.00409410750752226,3.100973145375718e-5,-9.403241288215014e-4,0.00968422817604253,-0.0028429252135726557,0.006092011207703862,-0.005193001536046182,-3.1365896357016254e-4,0.0034083796506312325,-7.77356438881327e-5,0.007536434331387731,0.0010327911409468982,-5.350214919834784e-4,-0.0047058910374122576,0.0026375486046843477,-5.473099907735701e-4,-0.006593778062459421,0.0419203846600924,4.8289563172598804e-4,0.022572689331608053,0.01172164527396724,0.029697233652656863,0.005578274832137353,6.088397800230183e-5,2.1353163290882549e-4,-0.003313702150065545,0.0014614059249469236,-3.987493658250685e-4,-0.09229324867530053,0.18379572435269154,0.10029427974832572,-0.019890454562089488,-0.07712032269907221,-0.1510935602732495,0.1200000000000001,0.040000000000000036,0.1299999999999999,0.2300000000000002,0.18000000000000016,0.030000000000000027,-0.020000000000000018,0.13000000000000034,0.20000000000000018,0.1200000000000001,0.16999999999999993,0.25,-0.05999999999999961,-0.13999999999999968,0.33000000000000007,0.040000000000000036,-0.15000000000000036,0.010000000000000675,0.040000000000000036,-0.1900000000000004,0.20000000000000018,-0.04999999999999982,-0.1900000000000004,-0.03000000000000025,0.07000000000000028,-0.14999999999999947,0.23999999999999932,-0.04999999999999982,-0.1900000000000004,0.03000000000000025,0.0013468345307261487,0.02013905318857301,-0.003950676042554946,0.02556565141095568,0.02603246797633041,0.026822868251062282,11.959,11.2418,12.8804,13.014,13.8804,15.0452,-12.199999999999989,9.099999999999994,-1.5,4.299999999999997,-1.7000000000000028,5.3999999999999915,0.7800000000000002,1.0299999999999998,1.7599999999999998,2.0400000000000005,2.48,3.4600000000000004,0.9000000000000004,0.9000000000000004,0.6599999999999993,0.6800000000000006,0.8099999999999996,0.7700000000000005
2005 Q4,0.003476099918291453,-0.0032066460125346197,0.0026080197864448706,0.003329128264871528,0.033232027873566494,0.0012275286297231958,0.0038947962563389282,-0.003941502375917949,0.008758161590810332,0.0015985603776709212,0.006536550553424725,0.0064399472310929795,0.005151693564231508,-0.0195638287695461,0.004487529157463754,-0.0013521797796176571,0.007936241000935595,0.0012701843581544026,0.005736775154536744,-0.004835840792269508,0.009425967339701913,-0.006844296177876075,0.015468315678328182,0.004092226451861691,5.179410781241955e-4,0.0029604085857233287,0.030060115533558474,0.00267388457159079,0.012870765034355358,0.019897640094626468,-0.09999999999999964,0.09999999999999964,-0.09999999999999964,-0.20000000000000018,0,0,-0.0026828707009993735,0.1924312733071929,-0.0038299548922999804,0.06293338435634332,-0.01070346609935946,-0.010324575488777299,0.0011770934557198132,3.791018305463467e-4,0.0019279923472090843,8.94115054775213e-4,9.429230556854407e-4,0.0011438052081960137,40.8,40.7,40.4,40.4,40.6,40.7,7.597897950521784,7.67368812926773,7.63433723562832,7.530479995245536,7.621684998724611,7.552237287560802,7.659171367666058,7.724446645633537,7.686162303492906,7.631431664576906,7.641084249174914,7.621195162809845,-0.001018266399004375,-0.005827010578189906,0.004689974589605406,-0.003067508345417913,-0.0073882999286460915,-0.00398173305743299,0.0015349432243265682,1.2641855309070138e-4,0.0023761206604433482,2.0004133610207475e-4,-0.0013082067281882104,0.0011950531975948309,0.0040545049995319715,0.006877190543925771,0.0043632331531293644,0.003747382364027274,-0.0011033755613913954,0.006713625889202213,0.004691730099103175,-5.863108680790319e-4,-0.0036244050865432698,0.00409410750752226,3.100973145375718e-5,-9.403241288215014e-4,0.0010961587932047934,-0.0028429252135726557,0.006092011207703862,-0.005193001536046182,-3.1365896357016254e-4,0.0034083796506312325,0.005035257365645585,0.007536434331387731,0.0010327911409468982,-5.350214919834784e-4,-0.0047058910374122576,0.0026375486046843477,0.027965368473852337,-0.006593778062459421,0.0419203846600924,4.8289563172598804e-4,0.022572689331608053,0.01172164527396724,0.0020908945587692074,0.005578274832137353,6.088397800230183e-5,2.1353163290882549e-4,-0.003313702150065545,0.0014614059249469236,0.08667935320370823,-0.09229324867530053,0.18379572435269154,0.10029427974832572,-0.019890454562089488,-0.07712032269907221,0.16000000000000014,0.1200000000000001,0.040000000000000036,0.1299999999999999,0.2300000000000002,0.18000000000000016,0.010000000000000231,-0.020000000000000018,0.13000000000000034,0.20000000000000018,0.1200000000000001,0.16999999999999993,-0.07000000000000028,-0.05999999999999961,-0.13999999999999968,0.33000000000000007,0.040000000000000036,-0.15000000000000036,-0.04999999999999982,0.040000000000000036,-0.1900000000000004,0.20000000000000018,-0.04999999999999982,-0.1900000000000004,-0.0699999999999994,0.07000000000000028,-0.14999999999999947,0.23999999999999932,-0.04999999999999982,-0.1900000000000004,0.019765070655174632,0.0013468345307261487,0.02013905318857301,-0.003950676042554946,0.02556565141095568,0.02603246797633041,10.9238,11.959,11.2418,12.8804,13.014,13.8804,9.900000000000006,-12.199999999999989,9.099999999999994,-1.5,4.299999999999997,-1.7000000000000028,0.5799999999999996,0.7800000000000002,1.0299999999999998,1.7599999999999998,2.0400000000000005,2.48,0.9500000000000002,0.9000000000000004,0.9000000000000004,0.6599999999999993,0.6800000000000006,0.8099999999999996
2006 Q1,0.00427371399375609,0.003476099918291453,-0.0032066460125346197,0.0026080197864448706,0.003329128264871528,0.033232027873566494,0.0020983038282791355,0.0038947962563389282,-0.003941502375917949,0.008758161590810332,0.0015985603776709212,0.006536550553424725,0.002252114659746063,0.005151693564231508,-0.0195638287695461,0.004487529157463754,-0.0013521797796176571,0.007936241000935595,0.0016848898837427129,0.005736775154536744,-0.004835840792269508,0.009425967339701913,-0.006844296177876075,0.015468315678328182,0.0038425191588782326,5.179410781241955e-4,0.0029604085857233287,0.030060115533558474,0.00267388457159079,0.012870765034355358,-0.09999999999999964,-0.09999999999999964,0.09999999999999964,-0.09999999999999964,-0.20000000000000018,0,0.03713506857886628,-0.0026828707009993735,0.1924312733071929,-0.0038299548922999804,0.06293338435634332,-0.01070346609935946,0.002244570739286189,0.0011770934557198132,3.791018305463467e-4,0.0019279923472090843,8.94115054775213e-4,9.429230556854407e-4,41.1,40.8,40.7,40.4,40.4,40.6,7.585281078639126,7.597897950521784,7.67368812926773,7.63433723562832,7.530479995245536,7.621684998724611,7.658227526161352,7.659171367666058,7.724446645633537,7.686162303492906,7.631431664576906,7.641084249174914,0.004273957598981859,-0.001018266399004375,-0.005827010578189906,0.004689974589605406,-0.003067508345417913,-0.0073882999286460915,-0.0014894311335194033,0.0015349432243265682,1.2641855309070138e-4,0.0023761206604433482,2.0004133610207475e-4,-0.0013082067281882104,0.005569599100242684,0.0040545049995319715,0.006877190543925771,0.0043632331531293644,0.003747382364027274,-0.0011033755613913954,6.106634632825347e-4,0.004691730099103175,-5.863108680790319e-4,-0.0036244050865432698,0.00409410750752226,3.100973145375718e-5,0.004068825185131075,0.0010961587932047934,-0.0028429252135726557,0.006092011207703862,-0.005193001536046182,-3.1365896357016254e-4,0.0010017525850427589,0.005035257365645585,0.007536434331387731,0.0010327911409468982,-5.350214919834784e-4,-0.0047058910374122576,-0.04772890514881567,0.027965368473852337,-0.006593778062459421,0.0419203846600924,4.8289563172598804e-4,0.022572689331608053,0.0013379145507030898,0.0020908945587692074,0.005578274832137353,6.088397800230183e-5,2.1353163290882549e-4,-0.003313702150065545,0.0814514365018777,0.08667935320370823,-0.09229324867530053,0.18379572435269154,0.10029427974832572,-0.019890454562089488,0.09999999999999964,0.16000000000000014,0.1200000000000001,0.040000000000000036,0.1299999999999999,0.2300000000000002,0.08000000000000007,0.010000000000000231,-0.020000000000000018,0.13000000000000034,0.20000000000000018,0.1200000000000001,0.14999999999999947,-0.07000000000000028,-0.05999999999999961,-0.13999999999999968,0.33000000000000007,0.040000000000000036,0.1800000000000006,-0.04999999999999982,0.040000000000000036,-0.1900000000000004,0.20000000000000018,-0.04999999999999982,0.14000000000000057,-0.0699999999999994,0.07000000000000028,-0.14999999999999947,0.23999999999999932,-0.04999999999999982,0.013297788924127474,0.019765070655174632,0.0013468345307261487,0.02013905318857301,-0.003950676042554946,0.02556565141095568,11.1908,10.9238,11.959,11.2418,12.8804,13.014,2.200000000000003,9.900000000000006,-12.199999999999989,9.099999999999994,-1.5,4.299999999999997,0.20999999999999996,0.5799999999999996,0.7800000000000002,1.0299999999999998,1.7599999999999998,2.0400000000000005,0.8799999999999999,0.9500000000000002,0.9000000000000004,0.9000000000000004,0.6599999999999993,0.6800000000000006
2006 Q2,0.0012310897807044086,0.00427371399375609,0.003476099918291453,-0.0032066460125346197,0.0026080197864448706,0.003329128264871528,5.463585340521604e-4,0.0020983038282791355,0.0038947962563389282,-0.003941502375917949,0.008758161590810332,0.0015985603776709212,0.0031614092164247154,0.002252114659746063,0.005151693564231508,-0.0195638287695461,0.004487529157463754,-0.0013521797796176571,-0.002756493010446448,0.0016848898837427129,0.005736775154536744,-0.004835840792269508,0.009425967339701913,-0.006844296177876075,0.005448187223395351,0.0038425191588782326,5.179410781241955e-4,0.0029604085857233287,0.030060115533558474,0.00267388457159079,0,-0.09999999999999964,-0.09999999999999964,0.09999999999999964,-0.09999999999999964,-0.20000000000000018,-0.085441678663571,0.03713506857886628,-0.0026828707009993735,0.1924312733071929,-0.0038299548922999804,0.06293338435634332,6.309981719656577e-4,0.002244570739286189,0.0011770934557198132,3.791018305463467e-4,0.0019279923472090843,8.94115054775213e-4,41.2,41.1,40.8,40.7,40.4,40.4,7.496652438168283,7.585281078639126,7.597897950521784,7.67368812926773,7.63433723562832,7.530479995245536,7.532088143541722,7.658227526161352,7.659171367666058,7.724446645633537,7.686162303492906,7.631431664576906,-0.012732578511945647,0.004273957598981859,-0.001018266399004375,-0.005827010578189906,0.004689974589605406,-0.003067508345417913,0.004577612543528176,-0.0014894311335194033,0.0015349432243265682,1.2641855309070138e-4,0.0023761206604433482,2.0004133610207475e-4,-0.004439032107432794,0.005569599100242684,0.0040545049995319715,0.006877190543925771,0.0043632331531293644,0.003747382364027274,-0.0025904859654550805,6.106634632825347e-4,0.004691730099103175,-5.863108680790319e-4,-0.0036244050865432698,0.00409410750752226,-0.008576046526876269,0.004068825185131075,0.0010961587932047934,-0.0028429252135726557,0.006092011207703862,-0.005193001536046182,-5.043015696912789e-4,0.0010017525850427589,0.005035257365645585,0.007536434331387731,0.0010327911409468982,-5.350214919834784e-4,-0.20571934487251564,-0.04772890514881567,0.027965368473852337,-0.006593778062459421,0.0419203846600924,4.8289563172598804e-4,-2.1999817051021608e-4,0.0013379145507030898,0.0020908945587692074,0.005578274832137353,6.088397800230183e-5,2.1353163290882549e-4,-0.01749572523920051,0.0814514365018777,0.08667935320370823,-0.09229324867530053,0.18379572435269154,0.10029427974832572,0.04999999999999982,0.09999999999999964,0.16000000000000014,0.1200000000000001,0.040000000000000036,0.1299999999999999,0.07000000000000028,0.08000000000000007,0.010000000000000231,-0.020000000000000018,0.13000000000000034,0.20000000000000018,0,0.14999999999999947,-0.07000000000000028,-0.05999999999999961,-0.13999999999999968,0.33000000000000007,-0.0600000000000005,0.1800000000000006,-0.04999999999999982,0.040000000000000036,-0.1900000000000004,0.20000000000000018,0.03000000000000025,0.14000000000000057,-0.0699999999999994,0.07000000000000028,-0.14999999999999947,0.23999999999999932,-0.028973629189040118,0.013297788924127474,0.019765070655174632,0.0013468345307261487,0.02013905318857301,-0.003950676042554946,15.8913,11.1908,10.9238,11.959,11.2418,12.8804,5.800000000000011,2.200000000000003,9.900000000000006,-12.199999999999989,9.099999999999994,-1.5,0.3200000000000003,0.20999999999999996,0.5799999999999996,0.7800000000000002,1.0299999999999998,1.7599999999999998,0.8900000000000006,0.8799999999999999,0.9500000000000002,0.9000000000000004,0.9000000000000004,0.6599999999999993
2006 Q3,0.005885291093365552,0.0012310897807044086,0.00427371399375609,0.003476099918291453,-0.0032066460125346197,0.0026080197864448706,0.006181205695591885,5.463585340521604e-4,0.0020983038282791355,0.0038947962563389282,-0.003941502375917949,0.008758161590810332,-0.0016629623569395235,0.0031614092164247154,0.002252114659746063,0.005151693564231508,-0.0195638287695461,0.004487529157463754,-1.81281080932294e-4,-0.002756493010446448,0.0016848898837427129,0.005736775154536744,-0.004835840792269508,0.009425967339701913,-0.00580534613643735,0.005448187223395351,0.0038425191588782326,5.179410781241955e-4,0.0029604085857233287,0.030060115533558474,-0.20000000000000018,0,-0.09999999999999964,-0.09999999999999964,0.09999999999999964,-0.09999999999999964,0.006186077305015303,-0.085441678663571,0.03713506857886628,-0.0026828707009993735,0.1924312733071929,-0.0038299548922999804,9.944356300959356e-4,6.309981719656577e-4,0.002244570739286189,0.0011770934557198132,3.791018305463467e-4,0.0019279923472090843,41.1,41.2,41.1,40.8,40.7,40.4,7.450079569807499,7.496652438168283,7.585281078639126,7.597897950521784,7.67368812926773,7.63433723562832,7.411556287811163,7.532088143541722,7.658227526161352,7.659171367666058,7.724446645633537,7.686162303492906,-0.005846260439803963,-0.012732578511945647,0.004273957598981859,-0.001018266399004375,-0.005827010578189906,0.004689974589605406,-6.246161540985895e-4,0.004577612543528176,-0.0014894311335194033,0.0015349432243265682,1.2641855309070138e-4,0.0023761206604433482,0.0030847225049814853,-0.004439032107432794,0.005569599100242684,0.0040545049995319715,0.006877190543925771,0.0043632331531293644,-0.019101104771294786,-0.0025904859654550805,6.106634632825347e-4,0.004691730099103175,-5.863108680790319e-4,-0.0036244050865432698,-1.515707864196969e-4,-0.008576046526876269,0.004068825185131075,0.0010961587932047934,-0.0028429252135726557,0.006092011207703862,-0.009344723028451796,-5.043015696912789e-4,0.0010017525850427589,0.005035257365645585,0.007536434331387731,0.0010327911409468982,-0.013710109197348608,-0.20571934487251564,-0.04772890514881567,0.027965368473852337,-0.006593778062459421,0.0419203846600924,-0.005764607507067865,-2.1999817051021608e-4,0.0013379145507030898,0.0020908945587692074,0.005578274832137353,6.088397800230183e-5,-0.11584816741074988,-0.01749572523920051,0.0814514365018777,0.08667935320370823,-0.09229324867530053,0.18379572435269154,0,0.04999999999999982,0.09999999999999964,0.16000000000000014,0.1200000000000001,0.040000000000000036,-0.15000000000000036,0.07000000000000028,0.08000000000000007,0.010000000000000231,-0.020000000000000018,0.13000000000000034,-0.16000000000000014,0,0.14999999999999947,-0.07000000000000028,-0.05999999999999961,-0.13999999999999968,-0.16999999999999993,-0.0600000000000005,0.1800000000000006,-0.04999999999999982,0.040000000000000036,-0.1900000000000004,-0.16000000000000014,0.03000000000000025,0.14000000000000057,-0.0699999999999994,0.07000000000000028,-0.14999999999999947,0.02348767609243385,-0.028973629189040118,0.013297788924127474,0.019765070655174632,0.0013468345307261487,0.02013905318857301,11.397,15.8913,11.1908,10.9238,11.959,11.2418,3.4000000000000057,5.800000000000011,2.200000000000003,9.900000000000006,-12.199999999999989,9.099999999999994,-0.08999999999999986,0.3200000000000003,0.20999999999999996,0.5799999999999996,0.7800000000000002,1.0299999999999998,0.9199999999999999,0.8900000000000006,0.8799999999999999,0.9500000000000002,0.9000000000000004,0.9000000000000004
2006 Q4,0.0058443720257805865,0.005885291093365552,0.0012310897807044086,0.00427371399375609,0.003476099918291453,-0.0032066460125346197,0.0057812605031006825,0.006181205695591885,5.463585340521604e-4,0.0020983038282791355,0.0038947962563389282,-0.003941502375917949,0.010141747096689357,-0.0016629623569395235,0.0031614092164247154,0.002252114659746063,0.005151693564231508,-0.0195638287695461,0.015868534239659837,-1.81281080932294e-4,-0.002756493010446448,0.0016848898837427129,0.005736775154536744,-0.004835840792269508,0.012000431952637669,-0.00580534613643735,0.005448187223395351,0.0038425191588782326,5.179410781241955e-4,0.0029604085857233287,-0.09999999999999964,-0.20000000000000018,0,-0.09999999999999964,-0.09999999999999964,0.09999999999999964,-0.0069204428445743815,0.006186077305015303,-0.085441678663571,0.03713506857886628,-0.0026828707009993735,0.1924312733071929,0.001370712182824363,9.944356300959356e-4,6.309981719656577e-4,0.002244570739286189,0.0011770934557198132,3.791018305463467e-4,41.1,41.1,41.2,41.1,40.8,40.7,7.407924322559599,7.450079569807499,7.496652438168283,7.585281078639126,7.597897950521784,7.67368812926773,7.401231264413015,7.411556287811163,7.532088143541722,7.658227526161352,7.659171367666058,7.724446645633537,-0.003433424702074639,-0.005846260439803963,-0.012732578511945647,0.004273957598981859,-0.001018266399004375,-0.005827010578189906,0.0010202810473067814,-6.246161540985895e-4,0.004577612543528176,-0.0014894311335194033,0.0015349432243265682,1.2641855309070138e-4,0.0034406421557795497,0.0030847225049814853,-0.004439032107432794,0.005569599100242684,0.0040545049995319715,0.006877190543925771,0.0027334753426879743,-0.019101104771294786,-0.0025904859654550805,6.106634632825347e-4,0.004691730099103175,-5.863108680790319e-4,0.0024806265228907165,-1.515707864196969e-4,-0.008576046526876269,0.004068825185131075,0.0010961587932047934,-0.0028429252135726557,0.0049355991027209,-0.009344723028451796,-5.043015696912789e-4,0.0010017525850427589,0.005035257365645585,0.007536434331387731,-0.0113936440659419,-0.013710109197348608,-0.20571934487251564,-0.04772890514881567,0.027965368473852337,-0.006593778062459421,0.0032038056895258293,-0.005764607507067865,-2.1999817051021608e-4,0.0013379145507030898,0.0020908945587692074,0.005578274832137353,0.035541516840480014,-0.11584816741074988,-0.01749572523920051,0.0814514365018777,0.08667935320370823,-0.09229324867530053,-0.009999999999999787,0,0.04999999999999982,0.09999999999999964,0.16000000000000014,0.1200000000000001,-0.09000000000000075,-0.15000000000000036,0.07000000000000028,0.08000000000000007,0.010000000000000231,-0.020000000000000018,-0.040000000000000036,-0.16000000000000014,0,0.14999999999999947,-0.07000000000000028,-0.05999999999999961,-0.009999999999999787,-0.16999999999999993,-0.0600000000000005,0.1800000000000006,-0.04999999999999982,0.040000000000000036,0.019999999999999574,-0.16000000000000014,0.03000000000000025,0.14000000000000057,-0.0699999999999994,0.07000000000000028,0.019807710547122603,0.02348767609243385,-0.028973629189040118,0.013297788924127474,0.019765070655174632,0.0013468345307261487,10.499,11.397,15.8913,11.1908,10.9238,11.959,-0.3999999999999915,3.4000000000000057,5.800000000000011,2.200000000000003,9.900000000000006,-12.199999999999989,-0.29000000000000004,-0.08999999999999986,0.3200000000000003,0.20999999999999996,0.5799999999999996,0.7800000000000002,0.8999999999999995,0.9199999999999999,0.8900000000000006,0.8799999999999999,0.9500000000000002,0.9000000000000004
2007 Q1,0.003757738733664695,0.0058443720257805865,0.005885291093365552,0.0012310897807044086,0.00427371399375609,0.003476099918291453,0.001117013175689685,0.0057812605031006825,0.006181205695591885,5.463585340521604e-4,0.0020983038282791355,0.0038947962563389282,0.0017786154493029116,0.010141747096689357,-0.0016629623569395235,0.0031614092164247154,0.002252114659746063,0.005151693564231508,0.0012533389598416989,0.015868534239659837,-1.81281080932294e-4,-0.002756493010446448,0.0016848898837427129,0.005736775154536744,0.00801725060822811,0.012000431952637669,-0.00580534613643735,0.005448187223395351,0.0038425191588782326,5.179410781241955e-4,-0.09999999999999964,-0.09999999999999964,-0.20000000000000018,0,-0.09999999999999964,-0.09999999999999964,-0.04224309158778716,-0.0069204428445743815,0.006186077305015303,-0.085441678663571,0.03713506857886628,-0.0026828707009993735,0.0016270796064343784,0.001370712182824363,9.944356300959356e-4,6.309981719656577e-4,0.002244570739286189,0.0011770934557198132,41.3,41.1,41.1,41.2,41.1,40.8,7.3098814858247865,7.407924322559599,7.450079569807499,7.496652438168283,7.585281078639126,7.597897950521784,7.3752557780097545,7.401231264413015,7.411556287811163,7.532088143541722,7.658227526161352,7.659171367666058,0.008927267459418076,-0.003433424702074639,-0.005846260439803963,-0.012732578511945647,0.004273957598981859,-0.001018266399004375,0.0024952335449803797,0.0010202810473067814,-6.246161540985895e-4,0.004577612543528176,-0.0014894311335194033,0.0015349432243265682,0.004748819514693636,0.0034406421557795497,0.0030847225049814853,-0.004439032107432794,0.005569599100242684,0.0040545049995319715,-0.0015571851598297215,0.0027334753426879743,-0.019101104771294786,-0.0025904859654550805,6.106634632825347e-4,0.004691730099103175,0.0018587473841460422,0.0024806265228907165,-1.515707864196969e-4,-0.008576046526876269,0.004068825185131075,0.0010961587932047934,0.0013157983596601142,0.0049355991027209,-0.009344723028451796,-5.043015696912789e-4,0.0010017525850427589,0.005035257365645585,0.037680718232808275,-0.0113936440659419,-0.013710109197348608,-0.20571934487251564,-0.04772890514881567,0.027965368473852337,5.49396281167347e-4,0.0032038056895258293,-0.005764607507067865,-2.1999817051021608e-4,0.0013379145507030898,0.0020908945587692074,-0.06075019396350312,0.035541516840480014,-0.11584816741074988,-0.01749572523920051,0.0814514365018777,0.08667935320370823,0,-0.009999999999999787,0,0.04999999999999982,0.09999999999999964,0.16000000000000014,-0.08999999999999986,-0.09000000000000075,-0.15000000000000036,0.07000000000000028,0.08000000000000007,0.010000000000000231,-0.16000000000000014,-0.040000000000000036,-0.16000000000000014,0,0.14999999999999947,-0.07000000000000028,-0.08999999999999986,-0.009999999999999787,-0.16999999999999993,-0.0600000000000005,0.1800000000000006,-0.04999999999999982,-0.010000000000000675,0.019999999999999574,-0.16000000000000014,0.03000000000000025,0.14000000000000057,-0.0699999999999994,-0.026546662782473085,0.019807710547122603,0.02348767609243385,-0.028973629189040118,0.013297788924127474,0.019765070655174632,14.9213,10.499,11.397,15.8913,11.1908,10.9238,-2.8999999999999915,-0.3999999999999915,3.4000000000000057,5.800000000000011,2.200000000000003,9.900000000000006,-0.3800000000000008,-0.29000000000000004,-0.08999999999999986,0.3200000000000003,0.20999999999999996,0.5799999999999996,0.9699999999999998,0.8999999999999995,0.9199999999999999,0.8900000000000006,0.8799999999999999,0.9500000000000002
2007 Q2,-3.948760156955444e-4,0.003757738733664695,0.0058443720257805865,0.005885291093365552,0.0012310897807044086,0.00427371399375609,4.738943453475031e-5,0.001117013175689685,0.0057812605031006825,0.006181205695591885,5.463585340521604e-4,0.0020983038282791355,5.768477837078123e-4,0.0017786154493029116,0.010141747096689357,-0.0016629623569395235,0.0031614092164247154,0.002252114659746063,-0.0011383288098905098,0.0012533389598416989,0.015868534239659837,-1.81281080932294e-4,-0.002756493010446448,0.0016848898837427129,-0.00788314634168863,0.00801725060822811,0.012000431952637669,-0.00580534613643735,0.005448187223395351,0.0038425191588782326,0.1999999999999993,-0.09999999999999964,-0.09999999999999964,-0.20000000000000018,0,-0.09999999999999964,0.03535762611608817,-0.04224309158778716,-0.0069204428445743815,0.006186077305015303,-0.085441678663571,0.03713506857886628,5.506009658695632e-4,0.0016270796064343784,0.001370712182824363,9.944356300959356e-4,6.309981719656577e-4,0.002244570739286189,41.4,41.3,41.1,41.1,41.2,41.1,7.277938572945661,7.3098814858247865,7.407924322559599,7.450079569807499,7.496652438168283,7.585281078639126,7.249215057114389,7.3752557780097545,7.401231264413015,7.411556287811163,7.532088143541722,7.658227526161352,-0.011341741082108392,0.008927267459418076,-0.003433424702074639,-0.005846260439803963,-0.012732578511945647,0.004273957598981859,0.0026481031646437003,0.0024952335449803797,0.0010202810473067814,-6.246161540985895e-4,0.004577612543528176,-0.0014894311335194033,-0.0014603184155319582,0.004748819514693636,0.0034406421557795497,0.0030847225049814853,-0.004439032107432794,0.005569599100242684,6.659144135632289e-4,-0.0015571851598297215,0.0027334753426879743,-0.019101104771294786,-0.0025904859654550805,6.106634632825347e-4,-8.128701425835771e-4,0.0018587473841460422,0.0024806265228907165,-1.515707864196969e-4,-0.008576046526876269,0.004068825185131075,-0.001810404477464722,0.0013157983596601142,0.0049355991027209,-0.009344723028451796,-5.043015696912789e-4,0.0010017525850427589,-0.01694337078380226,0.037680718232808275,-0.0113936440659419,-0.013710109197348608,-0.20571934487251564,-0.04772890514881567,-7.823902187942267e-4,5.49396281167347e-4,0.0032038056895258293,-0.005764607507067865,-2.1999817051021608e-4,0.0013379145507030898,0.06942590882971444,-0.06075019396350312,0.035541516840480014,-0.11584816741074988,-0.01749572523920051,0.0814514365018777,0,0,-0.009999999999999787,0,0.04999999999999982,0.09999999999999964,-0.1200000000000001,-0.08999999999999986,-0.09000000000000075,-0.15000000000000036,0.07000000000000028,0.08000000000000007,0.34999999999999964,-0.16000000000000014,-0.040000000000000036,-0.16000000000000014,0,0.14999999999999947,0.3200000000000003,-0.08999999999999986,-0.009999999999999787,-0.16999999999999993,-0.0600000000000005,0.1800000000000006,0.3100000000000005,-0.010000000000000675,0.019999999999999574,-0.16000000000000014,0.03000000000000025,0.14000000000000057,0.0020163096477512354,-0.026546662782473085,0.019807710547122603,0.02348767609243385,-0.028973629189040118,0.013297788924127474,14.8819,14.9213,10.499,11.397,15.8913,11.1908,-3,-2.8999999999999915,-0.3999999999999915,3.4000000000000057,5.800000000000011,2.200000000000003,0.4899999999999993,-0.3800000000000008,-0.29000000000000004,-0.08999999999999986,0.3200000000000003,0.20999999999999996,0.9100000000000001,0.9699999999999998,0.8999999999999995,0.9199999999999999,0.8900000000000006,0.8799999999999999
2007 Q3,0.001356448973682589,-3.948760156955444e-4,0.003757738733664695,0.0058443720257805865,0.005885291093365552,0.0012310897807044086,8.464713234239696e-4,4.738943453475031e-5,0.001117013175689685,0.0057812605031006825,0.006181205695591885,5.463585340521604e-4,0.002220126784417964,5.768477837078123e-4,0.0017786154493029116,0.010141747096689357,-0.0016629623569395235,0.0031614092164247154,4.8439663342669803e-4,-0.0011383288098905098,0.0012533389598416989,0.015868534239659837,-1.81281080932294e-4,-0.002756493010446448,0.004121544578810088,-0.00788314634168863,0.00801725060822811,0.012000431952637669,-0.00580534613643735,0.005448187223395351,0.10000000000000053,0.1999999999999993,-0.09999999999999964,-0.09999999999999964,-0.20000000000000018,0,-0.020840665871851627,0.03535762611608817,-0.04224309158778716,-0.0069204428445743815,0.006186077305015303,-0.085441678663571,6.374178997052837e-4,5.506009658695632e-4,0.0016270796064343784,0.001370712182824363,9.944356300959356e-4,6.309981719656577e-4,41.3,41.4,41.3,41.1,41.1,41.2,7.075808863978387,7.277938572945661,7.3098814858247865,7.407924322559599,7.450079569807499,7.496652438168283,7.13966033596492,7.249215057114389,7.3752557780097545,7.401231264413015,7.411556287811163,7.532088143541722,-0.0037110394388015777,-0.011341741082108392,0.008927267459418076,-0.003433424702074639,-0.005846260439803963,-0.012732578511945647,-0.007886168744892785,0.0026481031646437003,0.0024952335449803797,0.0010202810473067814,-6.246161540985895e-4,0.004577612543528176,-0.0034995392058432273,-0.0014603184155319582,0.004748819514693636,0.0034406421557795497,0.0030847225049814853,-0.004439032107432794,0.012797391753347931,6.659144135632289e-4,-0.0015571851598297215,0.0027334753426879743,-0.019101104771294786,-0.0025904859654550805,-0.0014413977610487905,-8.128701425835771e-4,0.0018587473841460422,0.0024806265228907165,-1.515707864196969e-4,-0.008576046526876269,0.003920367045320283,-0.001810404477464722,0.0013157983596601142,0.0049355991027209,-0.009344723028451796,-5.043015696912789e-4,0.03411285930372987,-0.01694337078380226,0.037680718232808275,-0.0113936440659419,-0.013710109197348608,-0.20571934487251564,0.0031634959732969037,-7.823902187942267e-4,5.49396281167347e-4,0.0032038056895258293,-0.005764607507067865,-2.1999817051021608e-4,0.12350948708927323,0.06942590882971444,-0.06075019396350312,0.035541516840480014,-0.11584816741074988,-0.01749572523920051,-0.07999999999999918,0,0,-0.009999999999999787,0,0.04999999999999982,-0.31000000000000005,-0.1200000000000001,-0.08999999999999986,-0.09000000000000075,-0.15000000000000036,0.07000000000000028,-0.15000000000000036,0.34999999999999964,-0.16000000000000014,-0.040000000000000036,-0.16000000000000014,0,-0.04999999999999982,0.3200000000000003,-0.08999999999999986,-0.009999999999999787,-0.16999999999999993,-0.0600000000000005,-0.0600000000000005,0.3100000000000005,-0.010000000000000675,0.019999999999999574,-0.16000000000000014,0.03000000000000025,0.028798564417291672,0.0020163096477512354,-0.026546662782473085,0.019807710547122603,0.02348767609243385,-0.028973629189040118,22.1821,14.8819,14.9213,10.499,11.397,15.8913,0,-3,-2.8999999999999915,-0.3999999999999915,3.4000000000000057,5.800000000000011,0.6299999999999994,0.4899999999999993,-0.3800000000000008,-0.29000000000000004,-0.08999999999999986,0.3200000000000003,0.8499999999999996,0.9100000000000001,0.9699999999999998,0.8999999999999995,0.9199999999999999,0.8900000000000006
2007 Q4,0.004272489952146685,0.001356448973682589,-3.948760156955444e-4,0.003757738733664695,0.0058443720257805865,0.005885291093365552,-6.32963344425086e-4,8.464713234239696e-4,4.738943453475031e-5,0.001117013175689685,0.0057812605031006825,0.006181205695591885,3.4876070631284506e-4,0.002220126784417964,5.768477837078123e-4,0.0017786154493029116,0.010141747096689357,-0.0016629623569395235,-0.008178672245351848,4.8439663342669803e-4,-0.0011383288098905098,0.0012533389598416989,0.015868534239659837,-1.81281080932294e-4,-0.011411335676964285,0.004121544578810088,-0.00788314634168863,0.00801725060822811,0.012000431952637669,-0.00580534613643735,0.2999999999999998,0.10000000000000053,0.1999999999999993,-0.09999999999999964,-0.09999999999999964,-0.20000000000000018,0.035665867370884285,-0.020840665871851627,0.03535762611608817,-0.04224309158778716,-0.0069204428445743815,0.006186077305015303,7.517547320627926e-4,6.374178997052837e-4,5.506009658695632e-4,0.0016270796064343784,0.001370712182824363,9.944356300959356e-4,41.1,41.3,41.4,41.3,41.1,41.1,6.9440872082295275,7.075808863978387,7.277938572945661,7.3098814858247865,7.407924322559599,7.450079569807499,7.046647277848756,7.13966033596492,7.249215057114389,7.3752557780097545,7.401231264413015,7.411556287811163,0.006690547053325169,-0.0037110394388015777,-0.011341741082108392,0.008927267459418076,-0.003433424702074639,-0.005846260439803963,6.298781497111605e-4,-0.007886168744892785,0.0026481031646437003,0.0024952335449803797,0.0010202810473067814,-6.246161540985895e-4,-0.0029029541089187205,-0.0034995392058432273,-0.0014603184155319582,0.004748819514693636,0.0034406421557795497,0.0030847225049814853,0.0028101634729038594,0.012797391753347931,6.659144135632289e-4,-0.0015571851598297215,0.0027334753426879743,-0.019101104771294786,7.143936120215244e-4,-0.0014413977610487905,-8.128701425835771e-4,0.0018587473841460422,0.0024806265228907165,-1.515707864196969e-4,-0.004934340679924709,0.003920367045320283,-0.001810404477464722,0.0013157983596601142,0.0049355991027209,-0.009344723028451796,0.010859365289063838,0.03411285930372987,-0.01694337078380226,0.037680718232808275,-0.0113936440659419,-0.013710109197348608,-0.0029785456990047976,0.0031634959732969037,-7.823902187942267e-4,5.49396281167347e-4,0.0032038056895258293,-0.005764607507067865,-0.12421808321479233,0.12350948708927323,0.06942590882971444,-0.06075019396350312,0.035541516840480014,-0.11584816741074988,-0.25,-0.07999999999999918,0,0,-0.009999999999999787,0,-0.27,-0.31000000000000005,-0.1200000000000001,-0.08999999999999986,-0.09000000000000075,-0.15000000000000036,-0.05000000000000071,-0.15000000000000036,0.34999999999999964,-0.16000000000000014,-0.040000000000000036,-0.16000000000000014,0.04999999999999982,-0.04999999999999982,0.3200000000000003,-0.08999999999999986,-0.009999999999999787,-0.16999999999999993,0.25,-0.0600000000000005,0.3100000000000005,-0.010000000000000675,0.019999999999999574,-0.16000000000000014,0.01075925977866099,0.028798564417291672,0.0020163096477512354,-0.026546662782473085,0.019807710547122603,0.02348767609243385,23.0965,22.1821,14.8819,14.9213,10.499,11.397,-0.5999999999999943,0,-3,-2.8999999999999915,-0.3999999999999915,3.4000000000000057,1.0999999999999996,0.6299999999999994,0.4899999999999993,-0.3800000000000008,-0.29000000000000004,-0.08999999999999986,1.1600000000000001,0.8499999999999996,0.9100000000000001,0.9699999999999998,0.8999999999999995,0.9199999999999999
2008 Q1,0.001189591882308605,0.004272489952146685,0.001356448973682589,-3.948760156955444e-4,0.003757738733664695,0.0058443720257805865,0.0024916858794759023,-6.32963344425086e-4,8.464713234239696e-4,4.738943453475031e-5,0.001117013175689685,0.0057812605031006825,-0.003050488801082274,3.4876070631284506e-4,0.002220126784417964,5.768477837078123e-4,0.0017786154493029116,0.010141747096689357,-0.013341918986307988,-0.008178672245351848,4.8439663342669803e-4,-0.0011383288098905098,0.0012533389598416989,0.015868534239659837,0.0028466061537208986,-0.011411335676964285,0.004121544578810088,-0.00788314634168863,0.00801725060822811,0.012000431952637669,0.1999999999999993,0.2999999999999998,0.10000000000000053,0.1999999999999993,-0.09999999999999964,-0.09999999999999964,0.04690009676713025,0.035665867370884285,-0.020840665871851627,0.03535762611608817,-0.04224309158778716,-0.0069204428445743815,-5.061753499440158e-4,7.517547320627926e-4,6.374178997052837e-4,5.506009658695632e-4,0.0016270796064343784,0.001370712182824363,41.3,41.1,41.3,41.4,41.3,41.1,6.912742820493176,6.9440872082295275,7.075808863978387,7.277938572945661,7.3098814858247865,7.407924322559599,6.874198495453294,7.046647277848756,7.13966033596492,7.249215057114389,7.3752557780097545,7.401231264413015,0.004036875308191412,0.006690547053325169,-0.0037110394388015777,-0.011341741082108392,0.008927267459418076,-0.003433424702074639,-0.0027985979926548055,6.298781497111605e-4,-0.007886168744892785,0.0026481031646437003,0.0024952335449803797,0.0010202810473067814,0.005535754102496959,-0.0029029541089187205,-0.0034995392058432273,-0.0014603184155319582,0.004748819514693636,0.0034406421557795497,0.009277747351217336,0.0028101634729038594,0.012797391753347931,6.659144135632289e-4,-0.0015571851598297215,0.0027334753426879743,6.630142111738735e-4,7.143936120215244e-4,-0.0014413977610487905,-8.128701425835771e-4,0.0018587473841460422,0.0024806265228907165,0.001156733255291087,-0.004934340679924709,0.003920367045320283,-0.001810404477464722,0.0013157983596601142,0.0049355991027209,-0.0169610418895898,0.010859365289063838,0.03411285930372987,-0.01694337078380226,0.037680718232808275,-0.0113936440659419,8.651433741366787e-4,-0.0029785456990047976,0.0031634959732969037,-7.823902187942267e-4,5.49396281167347e-4,0.0032038056895258293,0.0762325617097197,-0.12421808321479233,0.12350948708927323,0.06942590882971444,-0.06075019396350312,0.035541516840480014,-0.3700000000000001,-0.25,-0.07999999999999918,0,0,-0.009999999999999787,-0.8600000000000001,-0.27,-0.31000000000000005,-0.1200000000000001,-0.08999999999999986,-0.09000000000000075,-0.23000000000000043,-0.05000000000000071,-0.15000000000000036,0.34999999999999964,-0.16000000000000014,-0.040000000000000036,-0.020000000000000462,0.04999999999999982,-0.04999999999999982,0.3200000000000003,-0.08999999999999986,-0.009999999999999787,0.0699999999999994,0.25,-0.0600000000000005,0.3100000000000005,-0.010000000000000675,0.019999999999999574,-0.02839464513284362,0.01075925977866099,0.028798564417291672,0.0020163096477512354,-0.026546662782473085,0.019807710547122603,29.009,23.0965,22.1821,14.8819,14.9213,10.499,-1.2999999999999972,-0.5999999999999943,0,-3,-2.8999999999999915,-0.3999999999999915,2.25,1.0999999999999996,0.6299999999999994,0.4899999999999993,-0.3800000000000008,-0.29000000000000004,1.38,1.1600000000000001,0.8499999999999996,0.9100000000000001,0.9699999999999998,0.8999999999999995
2008 Q2,-0.02432054567191777,0.001189591882308605,0.004272489952146685,0.001356448973682589,-3.948760156955444e-4,0.003757738733664695,-0.0018499659871116236,0.0024916858794759023,-6.32963344425086e-4,8.464713234239696e-4,4.738943453475031e-5,0.001117013175689685,-0.0023354873224965544,-0.003050488801082274,3.4876070631284506e-4,0.002220126784417964,5.768477837078123e-4,0.0017786154493029116,-0.0013377731630122014,-0.013341918986307988,-0.008178672245351848,4.8439663342669803e-4,-0.0011383288098905098,0.0012533389598416989,0.0018204489407889213,0.0028466061537208986,-0.011411335676964285,0.004121544578810088,-0.00788314634168863,0.00801725060822811,0.1999999999999993,0.1999999999999993,0.2999999999999998,0.10000000000000053,0.1999999999999993,-0.09999999999999964,0.04387077736961409,0.04690009676713025,0.035665867370884285,-0.020840665871851627,0.03535762611608817,-0.04224309158778716,-0.001110510404492615,-5.061753499440158e-4,7.517547320627926e-4,6.374178997052837e-4,5.506009658695632e-4,0.0016270796064343784,41,41.3,41.1,41.3,41.4,41.3,6.952728644624869,6.912742820493176,6.9440872082295275,7.075808863978387,7.277938572945661,7.3098814858247865,7.07326971745971,6.874198495453294,7.046647277848756,7.13966033596492,7.249215057114389,7.3752557780097545,0.006569392022423237,0.004036875308191412,0.006690547053325169,-0.0037110394388015777,-0.011341741082108392,0.008927267459418076,7.724010666496639e-4,-0.0027985979926548055,6.298781497111605e-4,-0.007886168744892785,0.0026481031646437003,0.0024952335449803797,0.0011618366408390202,0.005535754102496959,-0.0029029541089187205,-0.0034995392058432273,-0.0014603184155319582,0.004748819514693636,0.003640532494355142,0.009277747351217336,0.0028101634729038594,0.012797391753347931,6.659144135632289e-4,-0.0015571851598297215,-0.0014158423635546313,6.630142111738735e-4,7.143936120215244e-4,-0.0014413977610487905,-8.128701425835771e-4,0.0018587473841460422,0.004523666729042475,0.001156733255291087,-0.004934340679924709,0.003920367045320283,-0.001810404477464722,0.0013157983596601142,0.009305035377841442,-0.0169610418895898,0.010859365289063838,0.03411285930372987,-0.01694337078380226,0.037680718232808275,0.002947388542785312,8.651433741366787e-4,-0.0029785456990047976,0.0031634959732969037,-7.823902187942267e-4,5.49396281167347e-4,-0.04196523463915014,0.0762325617097197,-0.12421808321479233,0.12350948708927323,0.06942590882971444,-0.06075019396350312,0.020000000000000018,-0.3700000000000001,-0.25,-0.07999999999999918,0,0,0.13000000000000012,-0.8600000000000001,-0.27,-0.31000000000000005,-0.1200000000000001,-0.08999999999999986,0.21999999999999975,-0.23000000000000043,-0.05000000000000071,-0.15000000000000036,0.34999999999999964,-0.16000000000000014,0.10999999999999943,-0.020000000000000462,0.04999999999999982,-0.04999999999999982,0.3200000000000003,-0.08999999999999986,0.14000000000000057,0.0699999999999994,0.25,-0.0600000000000005,0.3100000000000005,-0.010000000000000675,-0.04516758070712523,-0.02839464513284362,0.01075925977866099,0.028798564417291672,0.0020163096477512354,-0.026546662782473085,23.1914,29.009,23.0965,22.1821,14.8819,14.9213,-3.3999999999999986,-1.2999999999999972,-0.5999999999999943,0,-3,-2.8999999999999915,2.2399999999999993,2.25,1.0999999999999996,0.6299999999999994,0.4899999999999993,-0.3800000000000008,1.3900000000000006,1.38,1.1600000000000001,0.8499999999999996,0.9100000000000001,0.9699999999999998
2008 Q3,6.951693123795621e-4,-0.02432054567191777,0.001189591882308605,0.004272489952146685,0.001356448973682589,-3.948760156955444e-4,-0.006664721863145928,-0.0018499659871116236,0.0024916858794759023,-6.32963344425086e-4,8.464713234239696e-4,4.738943453475031e-5,-0.04504760056956236,-0.0023354873224965544,-0.003050488801082274,3.4876070631284506e-4,0.002220126784417964,5.768477837078123e-4,-0.02490385622480673,-0.0013377731630122014,-0.013341918986307988,-0.008178672245351848,4.8439663342669803e-4,-0.0011383288098905098,-0.015533713302676944,0.0018204489407889213,0.0028466061537208986,-0.011411335676964285,0.004121544578810088,-0.00788314634168863,0,0.1999999999999993,0.1999999999999993,0.2999999999999998,0.10000000000000053,0.1999999999999993,0.0691468242237665,0.04387077736961409,0.04690009676713025,0.035665867370884285,-0.020840665871851627,0.03535762611608817,-0.0032776981817814743,-0.001110510404492615,-5.061753499440158e-4,7.517547320627926e-4,6.374178997052837e-4,5.506009658695632e-4,40.5,41,41.3,41.1,41.3,41.4,6.709304340258298,6.952728644624869,6.912742820493176,6.9440872082295275,7.075808863978387,7.277938572945661,6.680854678790215,7.07326971745971,6.874198495453294,7.046647277848756,7.13966033596492,7.249215057114389,0.04774851984264217,0.006569392022423237,0.004036875308191412,0.006690547053325169,-0.0037110394388015777,-0.011341741082108392,0.006623768905482663,7.724010666496639e-4,-0.0027985979926548055,6.298781497111605e-4,-0.007886168744892785,0.0026481031646437003,0.0699979166917819,0.0011618366408390202,0.005535754102496959,-0.0029029541089187205,-0.0034995392058432273,-0.0014603184155319582,0.011126692905823354,0.003640532494355142,0.009277747351217336,0.0028101634729038594,0.012797391753347931,6.659144135632289e-4,0.0013190699272680462,-0.0014158423635546313,6.630142111738735e-4,7.143936120215244e-4,-0.0014413977610487905,-8.128701425835771e-4,0.0023443109079686053,0.004523666729042475,0.001156733255291087,-0.004934340679924709,0.003920367045320283,-0.001810404477464722,-0.03848121424448614,0.009305035377841442,-0.0169610418895898,0.010859365289063838,0.03411285930372987,-0.01694337078380226,0.0016406344957058394,0.002947388542785312,8.651433741366787e-4,-0.0029785456990047976,0.0031634959732969037,-7.823902187942267e-4,0.019410769651135418,-0.04196523463915014,0.0762325617097197,-0.12421808321479233,0.12350948708927323,0.06942590882971444,-0.18999999999999995,0.020000000000000018,-0.3700000000000001,-0.25,-0.07999999999999918,0,-0.5900000000000001,0.13000000000000012,-0.8600000000000001,-0.27,-0.31000000000000005,-0.1200000000000001,-0.20000000000000018,0.21999999999999975,-0.23000000000000043,-0.05000000000000071,-0.15000000000000036,0.34999999999999964,0.010000000000000675,0.10999999999999943,-0.020000000000000462,0.04999999999999982,-0.04999999999999982,0.3200000000000003,0.15999999999999925,0.14000000000000057,0.0699999999999994,0.25,-0.0600000000000005,0.3100000000000005,-0.051660127954593626,-0.04516758070712523,-0.02839464513284362,0.01075925977866099,0.028798564417291672,0.0020163096477512354,30.7233,23.1914,29.009,23.0965,22.1821,14.8819,7.299999999999997,-3.3999999999999986,-1.2999999999999972,-0.5999999999999943,0,-3,2.56,2.2399999999999993,2.25,1.0999999999999996,0.6299999999999994,0.4899999999999993,1.6599999999999993,1.3900000000000006,1.38,1.1600000000000001,0.8499999999999996,0.9100000000000001
2008 Q4,-0.00646779416843124,6.951693123795621e-4,-0.02432054567191777,0.001189591882308605,0.004272489952146685,0.001356448973682589,-0.002910550406759249,-0.006664721863145928,-0.0018499659871116236,0.0024916858794759023,-6.32963344425086e-4,8.464713234239696e-4,-0.028604196853907915,-0.04504760056956236,-0.0023354873224965544,-0.003050488801082274,3.4876070631284506e-4,0.002220126784417964,-0.005446870837385376,-0.02490385622480673,-0.0013377731630122014,-0.013341918986307988,-0.008178672245351848,4.8439663342669803e-4,-0.02352584289965165,-0.015533713302676944,0.0018204489407889213,0.0028466061537208986,-0.011411335676964285,0.004121544578810088,0.5,0,0.1999999999999993,0.1999999999999993,0.2999999999999998,0.10000000000000053,0.08161012929066835,0.0691468242237665,0.04387077736961409,0.04690009676713025,0.035665867370884285,-0.020840665871851627,-0.005148130753267921,-0.0032776981817814743,-0.001110510404492615,-5.061753499440158e-4,7.517547320627926e-4,6.374178997052837e-4,39.8,40.5,41,41.3,41.1,41.3,6.327936783729195,6.709304340258298,6.952728644624869,6.912742820493176,6.9440872082295275,7.075808863978387,6.317164686747284,6.680854678790215,7.07326971745971,6.874198495453294,7.046647277848756,7.13966033596492,0.028606909147705473,0.04774851984264217,0.006569392022423237,0.004036875308191412,0.006690547053325169,-0.0037110394388015777,0.015384551910770483,0.006623768905482663,7.724010666496639e-4,-0.0027985979926548055,6.298781497111605e-4,-0.007886168744892785,-0.09394714125213355,0.0699979166917819,0.0011618366408390202,0.005535754102496959,-0.0029029541089187205,-0.0034995392058432273,-0.004237064411350744,0.011126692905823354,0.003640532494355142,0.009277747351217336,0.0028101634729038594,0.012797391753347931,0.0012539518663956528,0.0013190699272680462,-0.0014158423635546313,6.630142111738735e-4,7.143936120215244e-4,-0.0014413977610487905,0.009596489038736777,0.0023443109079686053,0.004523666729042475,0.001156733255291087,-0.004934340679924709,0.003920367045320283,0.06390853307877808,-0.03848121424448614,0.009305035377841442,-0.0169610418895898,0.010859365289063838,0.03411285930372987,0.006268490251815528,0.0016406344957058394,0.002947388542785312,8.651433741366787e-4,-0.0029785456990047976,0.0031634959732969037,-0.048172491517878946,0.019410769651135418,-0.04196523463915014,0.0762325617097197,-0.12421808321479233,0.12350948708927323,-0.23,-0.18999999999999995,0.020000000000000018,-0.3700000000000001,-0.25,-0.07999999999999918,-0.16,-0.5900000000000001,0.13000000000000012,-0.8600000000000001,-0.27,-0.31000000000000005,-1.1099999999999999,-0.20000000000000018,0.21999999999999975,-0.23000000000000043,-0.05000000000000071,-0.15000000000000036,-1.0700000000000003,0.010000000000000675,0.10999999999999943,-0.020000000000000462,0.04999999999999982,-0.04999999999999982,-0.7800000000000011,0.15999999999999925,0.14000000000000057,0.0699999999999994,0.25,-0.0600000000000005,-0.0062251706203309,-0.051660127954593626,-0.04516758070712523,-0.02839464513284362,0.01075925977866099,0.028798564417291672,51.1192,30.7233,23.1914,29.009,23.0965,22.1821,4.800000000000004,7.299999999999997,-3.3999999999999986,-1.2999999999999972,-0.5999999999999943,0,2.39,2.56,2.2399999999999993,2.25,1.0999999999999996,0.6299999999999994,3.38,1.6599999999999993,1.3900000000000006,1.38,1.1600000000000001,0.8499999999999996
2009 Q1,-0.0024178520593807207,-0.00646779416843124,6.951693123795621e-4,-0.02432054567191777,0.001189591882308605,0.004272489952146685,-0.004140049467579843,-0.002910550406759249,-0.006664721863145928,-0.0018499659871116236,0.0024916858794759023,-6.32963344425086e-4,-0.015779695625957935,-0.028604196853907915,-0.04504760056956236,-0.0023354873224965544,-0.003050488801082274,3.4876070631284506e-4,-0.020849622358856124,-0.005446870837385376,-0.02490385622480673,-0.0013377731630122014,-0.013341918986307988,-0.008178672245351848,-0.017640739485923262,-0.02352584289965165,-0.015533713302676944,0.0018204489407889213,0.0028466061537208986,-0.011411335676964285,0.3999999999999986,0.5,0,0.1999999999999993,0.1999999999999993,0.2999999999999998,0.023404099129042066,0.08161012929066835,0.0691468242237665,0.04387077736961409,0.04690009676713025,0.035665867370884285,-0.006207484691135079,-0.005148130753267921,-0.0032776981817814743,-0.001110510404492615,-5.061753499440158e-4,7.517547320627926e-4,39.3,39.8,40.5,41,41.3,41.1,6.22455842927536,6.327936783729195,6.709304340258298,6.952728644624869,6.912742820493176,6.9440872082295275,6.240275845170769,6.317164686747284,6.680854678790215,7.07326971745971,6.874198495453294,7.046647277848756,0.017342657278449636,0.028606909147705473,0.04774851984264217,0.006569392022423237,0.004036875308191412,0.006690547053325169,0.0043844474091816465,0.015384551910770483,0.006623768905482663,7.724010666496639e-4,-0.0027985979926548055,6.298781497111605e-4,0.14524991866702397,-0.09394714125213355,0.0699979166917819,0.0011618366408390202,0.005535754102496959,-0.0029029541089187205,-0.006181641153204076,-0.004237064411350744,0.011126692905823354,0.003640532494355142,0.009277747351217336,0.0028101634729038594,-7.226125825905427e-4,0.0012539518663956528,0.0013190699272680462,-0.0014158423635546313,6.630142111738735e-4,7.143936120215244e-4,-0.004623812772718061,0.009596489038736777,0.0023443109079686053,0.004523666729042475,0.001156733255291087,-0.004934340679924709,0.09929616338422331,0.06390853307877808,-0.03848121424448614,0.009305035377841442,-0.0169610418895898,0.010859365289063838,-0.0028912029619423407,0.006268490251815528,0.0016406344957058394,0.002947388542785312,8.651433741366787e-4,-0.0029785456990047976,0.26693252373598364,-0.048172491517878946,0.019410769651135418,-0.04196523463915014,0.0762325617097197,-0.12421808321479233,-0.04000000000000001,-0.23,-0.18999999999999995,0.020000000000000018,-0.3700000000000001,-0.25,-0.09,-0.16,-0.5900000000000001,0.13000000000000012,-0.8600000000000001,-0.27,-0.050000000000000266,-1.1099999999999999,-0.20000000000000018,0.21999999999999975,-0.23000000000000043,-0.05000000000000071,0.23000000000000043,-1.0700000000000003,0.010000000000000675,0.10999999999999943,-0.020000000000000462,0.04999999999999982,0.33999999999999986,-0.7800000000000011,0.15999999999999925,0.14000000000000057,0.0699999999999994,0.25,-0.06159298168708016,-0.0062251706203309,-0.051660127954593626,-0.04516758070712523,-0.02839464513284362,0.01075925977866099,45.2124,51.1192,30.7233,23.1914,29.009,23.0965,1,4.800000000000004,7.299999999999997,-3.3999999999999986,-1.2999999999999972,-0.5999999999999943,2.61,2.39,2.56,2.2399999999999993,2.25,1.0999999999999996,2.92,3.38,1.6599999999999993,1.3900000000000006,1.38,1.1600000000000001
2009 Q2,-0.017208540474429768,-0.0024178520593807207,-0.00646779416843124,6.951693123795621e-4,-0.02432054567191777,0.001189591882308605,2.758968163414366e-4,-0.004140049467579843,-0.002910550406759249,-0.006664721863145928,-0.0018499659871116236,0.0024916858794759023,-0.003775936043751038,-0.015779695625957935,-0.028604196853907915,-0.04504760056956236,-0.0023354873224965544,-0.003050488801082274,-0.0015821230926231777,-0.020849622358856124,-0.005446870837385376,-0.02490385622480673,-0.0013377731630122014,-0.013341918986307988,0.01582466074080635,-0.017640739485923262,-0.02352584289965165,-0.015533713302676944,0.0018204489407889213,0.0028466061537208986,0.09999999999999964,0.3999999999999986,0.5,0,0.1999999999999993,0.1999999999999993,-0.022723555723842992,0.023404099129042066,0.08161012929066835,0.0691468242237665,0.04387077736961409,0.04690009676713025,-0.003512719108719864,-0.006207484691135079,-0.005148130753267921,-0.0032776981817814743,-0.001110510404492615,-5.061753499440158e-4,39.6,39.3,39.8,40.5,41,41.3,6.371611847231857,6.22455842927536,6.327936783729195,6.709304340258298,6.952728644624869,6.912742820493176,6.398594934535208,6.240275845170769,6.317164686747284,6.680854678790215,7.07326971745971,6.874198495453294,0.02155842893930693,0.017342657278449636,0.028606909147705473,0.04774851984264217,0.006569392022423237,0.004036875308191412,-0.005705476436281387,0.0043844474091816465,0.015384551910770483,0.006623768905482663,7.724010666496639e-4,-0.0027985979926548055,-0.06527707649310788,0.14524991866702397,-0.09394714125213355,0.0699979166917819,0.0011618366408390202,0.005535754102496959,-0.00815310228793642,-0.006181641153204076,-0.004237064411350744,0.011126692905823354,0.003640532494355142,0.009277747351217336,-0.013968119026525727,-7.226125825905427e-4,0.0012539518663956528,0.0013190699272680462,-0.0014158423635546313,6.630142111738735e-4,0.006794947522793748,-0.004623812772718061,0.009596489038736777,0.0023443109079686053,0.004523666729042475,0.001156733255291087,-0.013839527593476397,0.09929616338422331,0.06390853307877808,-0.03848121424448614,0.009305035377841442,-0.0169610418895898,0.00488079739093461,-0.0028912029619423407,0.006268490251815528,0.0016406344957058394,0.002947388542785312,8.651433741366787e-4,-0.00876378248685894,0.26693252373598364,-0.048172491517878946,0.019410769651135418,-0.04196523463915014,0.0762325617097197,0.03,-0.04000000000000001,-0.23,-0.18999999999999995,0.020000000000000018,-0.3700000000000001,0,-0.09,-0.16,-0.5900000000000001,0.13000000000000012,-0.8600000000000001,0.43000000000000016,-0.050000000000000266,-1.1099999999999999,-0.20000000000000018,0.21999999999999975,-0.23000000000000043,0.07000000000000028,0.23000000000000043,-1.0700000000000003,0.010000000000000675,0.10999999999999943,-0.020000000000000462,-0.5600000000000005,0.33999999999999986,-0.7800000000000011,0.15999999999999925,0.14000000000000057,0.0699999999999994,0.025934853640319666,-0.06159298168708016,-0.0062251706203309,-0.051660127954593626,-0.04516758070712523,-0.02839464513284362,28.8608,45.2124,51.1192,30.7233,23.1914,29.009,2.0999999999999943,1,4.800000000000004,7.299999999999997,-3.3999999999999986,-1.2999999999999972,3.54,2.61,2.39,2.56,2.2399999999999993,2.25,1.8899999999999997,2.92,3.38,1.6599999999999993,1.3900000000000006,1.38
2009 Q3,0.0025300434209292177,-0.017208540474429768,-0.0024178520593807207,-0.00646779416843124,6.951693123795621e-4,-0.02432054567191777,-0.009272054667150087,2.758968163414366e-4,-0.004140049467579843,-0.002910550406759249,-0.006664721863145928,-0.0018499659871116236,0.008775750967465079,-0.003775936043751038,-0.015779695625957935,-0.028604196853907915,-0.04504760056956236,-0.0023354873224965544,0.0011827333410536767,-0.0015821230926231777,-0.020849622358856124,-0.005446870837385376,-0.02490385622480673,-0.0013377731630122014,-0.025614895554131323,0.01582466074080635,-0.017640739485923262,-0.02352584289965165,-0.015533713302676944,0.0018204489407889213,0.20000000000000107,0.09999999999999964,0.3999999999999986,0.5,0,0.1999999999999993,-0.02114472922894528,-0.022723555723842992,0.023404099129042066,0.08161012929066835,0.0691468242237665,0.04387077736961409,-0.001725996615954628,-0.003512719108719864,-0.006207484691135079,-0.005148130753267921,-0.0032776981817814743,-0.001110510404492615,40.1,39.6,39.3,39.8,40.5,41,6.371611847231857,6.371611847231857,6.22455842927536,6.327936783729195,6.709304340258298,6.952728644624869,6.411818267709897,6.398594934535208,6.240275845170769,6.317164686747284,6.680854678790215,7.07326971745971,0.004452350379638759,0.02155842893930693,0.017342657278449636,0.028606909147705473,0.04774851984264217,0.006569392022423237,-1.0636069721670083e-4,-0.005705476436281387,0.0043844474091816465,0.015384551910770483,0.006623768905482663,7.724010666496639e-4,0.02950790959251215,-0.06527707649310788,0.14524991866702397,-0.09394714125213355,0.0699979166917819,0.0011618366408390202,0.004655849674063184,-0.00815310228793642,-0.006181641153204076,-0.004237064411350744,0.011126692905823354,0.003640532494355142,-5.238421104980517e-4,-0.013968119026525727,-7.226125825905427e-4,0.0012539518663956528,0.0013190699272680462,-0.0014158423635546313,-0.0014138343240430729,0.006794947522793748,-0.004623812772718061,0.009596489038736777,0.0023443109079686053,0.004523666729042475,-0.01693780376129439,-0.013839527593476397,0.09929616338422331,0.06390853307877808,-0.03848121424448614,0.009305035377841442,-0.0012838086552129369,0.00488079739093461,-0.0028912029619423407,0.006268490251815528,0.0016406344957058394,0.002947388542785312,-0.12600978835369858,-0.00876378248685894,0.26693252373598364,-0.048172491517878946,0.019410769651135418,-0.04196523463915014,-0.010000000000000009,0.03,-0.04000000000000001,-0.23,-0.18999999999999995,0.020000000000000018,-0.05000000000000002,0,-0.09,-0.16,-0.5900000000000001,0.13000000000000012,-0.18999999999999995,0.43000000000000016,-0.050000000000000266,-1.1099999999999999,-0.20000000000000018,0.21999999999999975,-0.1299999999999999,0.07000000000000028,0.23000000000000043,-1.0700000000000003,0.010000000000000675,0.10999999999999943,-0.27000000000000046,-0.5600000000000005,0.33999999999999986,-0.7800000000000011,0.15999999999999925,0.14000000000000057,0.03390320228058652,0.025934853640319666,-0.06159298168708016,-0.0062251706203309,-0.051660127954593626,-0.04516758070712523,24.9017,28.8608,45.2124,51.1192,30.7233,23.1914,7.799999999999997,2.0999999999999943,1,4.800000000000004,7.299999999999997,-3.3999999999999986,3.28,3.54,2.61,2.39,2.56,2.2399999999999993,1.1799999999999997,1.8899999999999997,2.92,3.38,1.6599999999999993,1.3900000000000006
2009 Q4,0.00424627455305604,0.0025300434209292177,-0.017208540474429768,-0.0024178520593807207,-0.00646779416843124,6.951693123795621e-4,0.006094707183936343,-0.009272054667150087,2.758968163414366e-4,-0.004140049467579843,-0.002910550406759249,-0.006664721863145928,0.00404986001487373,0.008775750967465079,-0.003775936043751038,-0.015779695625957935,-0.028604196853907915,-0.04504760056956236,0.0033555368676143615,0.0011827333410536767,-0.0015821230926231777,-0.020849622358856124,-0.005446870837385376,-0.02490385622480673,0.00418604368048392,-0.025614895554131323,0.01582466074080635,-0.017640739485923262,-0.02352584289965165,-0.015533713302676944,0,0.20000000000000107,0.09999999999999964,0.3999999999999986,0.5,0,-0.017356229456542138,-0.02114472922894528,-0.022723555723842992,0.023404099129042066,0.08161012929066835,0.0691468242237665,-0.0019240691519932795,-0.001725996615954628,-0.003512719108719864,-0.006207484691135079,-0.005148130753267921,-0.0032776981817814743,40.6,40.1,39.6,39.3,39.8,40.5,6.364750756851911,6.371611847231857,6.371611847231857,6.22455842927536,6.327936783729195,6.709304340258298,6.498282149476434,6.411818267709897,6.398594934535208,6.240275845170769,6.317164686747284,6.680854678790215,0.00265194005872349,0.004452350379638759,0.02155842893930693,0.017342657278449636,0.028606909147705473,0.04774851984264217,-0.003986283850107242,-1.0636069721670083e-4,-0.005705476436281387,0.0043844474091816465,0.015384551910770483,0.006623768905482663,-0.04380324720037265,0.02950790959251215,-0.06527707649310788,0.14524991866702397,-0.09394714125213355,0.0699979166917819,-0.006168414253187038,0.004655849674063184,-0.00815310228793642,-0.006181641153204076,-0.004237064411350744,0.011126692905823354,0.005178525073297635,-5.238421104980517e-4,-0.013968119026525727,-7.226125825905427e-4,0.0012539518663956528,0.0013190699272680462,-0.0028229553901333304,-0.0014138343240430729,0.006794947522793748,-0.004623812772718061,0.009596489038736777,0.0023443109079686053,0.012446919926774491,-0.01693780376129439,-0.013839527593476397,0.09929616338422331,0.06390853307877808,-0.03848121424448614,-0.001916791147298369,-0.0012838086552129369,0.00488079739093461,-0.0028912029619423407,0.006268490251815528,0.0016406344957058394,-0.07899482239777278,-0.12600978835369858,-0.00876378248685894,0.26693252373598364,-0.048172491517878946,0.019410769651135418,0,-0.010000000000000009,0.03,-0.04000000000000001,-0.23,-0.18999999999999995,0,-0.05000000000000002,0,-0.09,-0.16,-0.5900000000000001,0.18999999999999995,-0.18999999999999995,0.43000000000000016,-0.050000000000000266,-1.1099999999999999,-0.20000000000000018,0.0699999999999994,-0.1299999999999999,0.07000000000000028,0.23000000000000043,-1.0700000000000003,0.010000000000000675,0.04999999999999982,-0.27000000000000046,-0.5600000000000005,0.33999999999999986,-0.7800000000000011,0.15999999999999925,0.020296814481387315,0.03390320228058652,0.025934853640319666,-0.06159298168708016,-0.0062251706203309,-0.051660127954593626,20.9744,24.9017,28.8608,45.2124,51.1192,30.7233,5.099999999999994,7.799999999999997,2.0999999999999943,1,4.800000000000004,7.299999999999997,3.54,3.28,3.54,2.61,2.39,2.56,1.1100000000000003,1.1799999999999997,1.8899999999999997,2.92,3.38,1.6599999999999993
2010 Q1,0.003737055793731514,0.00424627455305604,0.0025300434209292177,-0.017208540474429768,-0.0024178520593807207,-0.00646779416843124,0.004771470268220668,0.006094707183936343,-0.009272054667150087,2.758968163414366e-4,-0.004140049467579843,-0.002910550406759249,0.006833361127325688,0.00404986001487373,0.008775750967465079,-0.003775936043751038,-0.015779695625957935,-0.028604196853907915,0.012599641245886417,0.0033555368676143615,0.0011827333410536767,-0.0015821230926231777,-0.020849622358856124,-0.005446870837385376,0.02154028929786378,0.00418604368048392,-0.025614895554131323,0.01582466074080635,-0.017640739485923262,-0.02352584289965165,0.09999999999999964,0,0.20000000000000107,0.09999999999999964,0.3999999999999986,0.5,-0.03242962007641026,-0.017356229456542138,-0.02114472922894528,-0.022723555723842992,0.023404099129042066,0.08161012929066835,0.0012328082618502378,-0.0019240691519932795,-0.001725996615954628,-0.003512719108719864,-0.006207484691135079,-0.005148130753267921,41,40.6,40.1,39.6,39.3,39.8,6.455198563340122,6.364750756851911,6.371611847231857,6.371611847231857,6.22455842927536,6.327936783729195,6.532334292222349,6.498282149476434,6.411818267709897,6.398594934535208,6.240275845170769,6.317164686747284,-0.007783284607886465,0.00265194005872349,0.004452350379638759,0.02155842893930693,0.017342657278449636,0.028606909147705473,-0.006279321796849757,-0.003986283850107242,-1.0636069721670083e-4,-0.005705476436281387,0.0043844474091816465,0.015384551910770483,-0.07547912348120889,-0.04380324720037265,0.02950790959251215,-0.06527707649310788,0.14524991866702397,-0.09394714125213355,0.0011121580631607841,-0.006168414253187038,0.004655849674063184,-0.00815310228793642,-0.006181641153204076,-0.004237064411350744,0.010574572299677953,0.005178525073297635,-5.238421104980517e-4,-0.013968119026525727,-7.226125825905427e-4,0.0012539518663956528,0.0012835431226418947,-0.0028229553901333304,-0.0014138343240430729,0.006794947522793748,-0.004623812772718061,0.009596489038736777,0.14172371249738358,0.012446919926774491,-0.01693780376129439,-0.013839527593476397,0.09929616338422331,0.06390853307877808,0.0014302104580545816,-0.001916791147298369,-0.0012838086552129369,0.00488079739093461,-0.0028912029619423407,0.006268490251815528,0.08444422200204471,-0.07899482239777278,-0.12600978835369858,-0.00876378248685894,0.26693252373598364,-0.048172491517878946,0.03,0,-0.010000000000000009,0.03,-0.04000000000000001,-0.23,0.039999999999999994,0,-0.05000000000000002,0,-0.09,-0.16,0.040000000000000036,0.18999999999999995,-0.18999999999999995,0.43000000000000016,-0.050000000000000266,-1.1099999999999999,-0.08000000000000007,0.0699999999999994,-0.1299999999999999,0.07000000000000028,0.23000000000000043,-1.0700000000000003,-0.07000000000000028,0.04999999999999982,-0.27000000000000046,-0.5600000000000005,0.33999999999999986,-0.7800000000000011,0.05613620716773493,0.020296814481387315,0.03390320228058652,0.025934853640319666,-0.06159298168708016,-0.0062251706203309,17.6603,20.9744,24.9017,28.8608,45.2124,51.1192,0,5.099999999999994,7.799999999999997,2.0999999999999943,1,4.800000000000004,3.58,3.54,3.28,3.54,2.61,2.39,1,1.1100000000000003,1.1799999999999997,1.8899999999999997,2.92,3.38
2010 Q2,9.804263926600498e-4,0.003737055793731514,0.00424627455305604,0.0025300434209292177,-0.017208540474429768,-0.0024178520593807207,0.0024310195825574255,0.004771470268220668,0.006094707183936343,-0.009272054667150087,2.758968163414366e-4,-0.004140049467579843,0.0018475022092525606,0.006833361127325688,0.00404986001487373,0.008775750967465079,-0.003775936043751038,-0.015779695625957935,0.009589505215798155,0.012599641245886417,0.0033555368676143615,0.0011827333410536767,-0.0015821230926231777,-0.020849622358856124,-9.864806806554327e-4,0.02154028929786378,0.00418604368048392,-0.025614895554131323,0.01582466074080635,-0.017640739485923262,-0.1999999999999993,0.09999999999999964,0,0.20000000000000107,0.09999999999999964,0.3999999999999986,0.0023915654403641184,-0.03242962007641026,-0.017356229456542138,-0.02114472922894528,-0.022723555723842992,0.023404099129042066,-0.0010262223667432124,0.0012328082618502378,-0.0019240691519932795,-0.001725996615954628,-0.003512719108719864,-0.006207484691135079,41,41,40.6,40.1,39.6,39.3,6.284134161070802,6.455198563340122,6.364750756851911,6.371611847231857,6.371611847231857,6.22455842927536,6.375024819828097,6.532334292222349,6.498282149476434,6.411818267709897,6.398594934535208,6.240275845170769,0.005981982601741542,-0.007783284607886465,0.00265194005872349,0.004452350379638759,0.02155842893930693,0.017342657278449636,-0.004099487790911738,-0.006279321796849757,-0.003986283850107242,-1.0636069721670083e-4,-0.005705476436281387,0.0043844474091816465,-0.00388884753699692,-0.07547912348120889,-0.04380324720037265,0.02950790959251215,-0.06527707649310788,0.14524991866702397,0.0031597003617482855,0.0011121580631607841,-0.006168414253187038,0.004655849674063184,-0.00815310228793642,-0.006181641153204076,-3.9902471411856766e-4,0.010574572299677953,0.005178525073297635,-5.238421104980517e-4,-0.013968119026525727,-7.226125825905427e-4,1.0102428684710674e-4,0.0012835431226418947,-0.0028229553901333304,-0.0014138343240430729,0.006794947522793748,-0.004623812772718061,0.02553964754131588,0.14172371249738358,0.012446919926774491,-0.01693780376129439,-0.013839527593476397,0.09929616338422331,-7.417909213787155e-4,0.0014302104580545816,-0.001916791147298369,-0.0012838086552129369,0.00488079739093461,-0.0028912029619423407,0.15485756464126155,0.08444422200204471,-0.07899482239777278,-0.12600978835369858,-0.00876378248685894,0.26693252373598364,-0.020000000000000018,0.03,0,-0.010000000000000009,0.03,-0.04000000000000001,-0.04000000000000001,0.039999999999999994,0,-0.05000000000000002,0,-0.09,-0.21999999999999975,0.040000000000000036,0.18999999999999995,-0.18999999999999995,0.43000000000000016,-0.050000000000000266,-0.08000000000000007,-0.08000000000000007,0.0699999999999994,-0.1299999999999999,0.07000000000000028,0.23000000000000043,0.1800000000000006,-0.07000000000000028,0.04999999999999982,-0.27000000000000046,-0.5600000000000005,0.33999999999999986,-0.037769044812346664,0.05613620716773493,0.020296814481387315,0.03390320228058652,0.025934853640319666,-0.06159298168708016,29.7614,17.6603,20.9744,24.9017,28.8608,45.2124,2.4000000000000057,0,5.099999999999994,7.799999999999997,2.0999999999999943,1,3.08,3.58,3.54,3.28,3.54,2.61,1.3500000000000005,1,1.1100000000000003,1.1799999999999997,1.8899999999999997,2.92
2010 Q3,6.273805844507763e-4,9.804263926600498e-4,0.003737055793731514,0.00424627455305604,0.0025300434209292177,-0.017208540474429768,9.447882802549046e-4,0.0024310195825574255,0.004771470268220668,0.006094707183936343,-0.009272054667150087,2.758968163414366e-4,0.00294342526586977,0.0018475022092525606,0.006833361127325688,0.00404986001487373,0.008775750967465079,-0.003775936043751038,-1.5525823924811277e-4,0.009589505215798155,0.012599641245886417,0.0033555368676143615,0.0011827333410536767,-0.0015821230926231777,0.008529109957690295,-9.864806806554327e-4,0.02154028929786378,0.00418604368048392,-0.025614895554131323,0.01582466074080635,0,-0.1999999999999993,0.09999999999999964,0,0.20000000000000107,0.09999999999999964,-0.04631953447944959,0.0023915654403641184,-0.03242962007641026,-0.017356229456542138,-0.02114472922894528,-0.022723555723842992,-5.675760819343623e-4,-0.0010262223667432124,0.0012328082618502378,-0.0019240691519932795,-0.001725996615954628,-0.003512719108719864,41.4,41,41,40.6,40.1,39.6,6.386879319362645,6.284134161070802,6.455198563340122,6.364750756851911,6.371611847231857,6.371611847231857,6.333279628139691,6.375024819828097,6.532334292222349,6.498282149476434,6.411818267709897,6.398594934535208,-0.004267791180886604,0.005981982601741542,-0.007783284607886465,0.00265194005872349,0.004452350379638759,0.02155842893930693,-0.0020476509836395707,-0.004099487790911738,-0.006279321796849757,-0.003986283850107242,-1.0636069721670083e-4,-0.005705476436281387,-0.016134775361307696,-0.00388884753699692,-0.07547912348120889,-0.04380324720037265,0.02950790959251215,-0.06527707649310788,-1.5747796059173425e-4,0.0031597003617482855,0.0011121580631607841,-0.006168414253187038,0.004655849674063184,-0.00815310228793642,3.5582561146974e-4,-3.9902471411856766e-4,0.010574572299677953,0.005178525073297635,-5.238421104980517e-4,-0.013968119026525727,1.536495834182361e-4,1.0102428684710674e-4,0.0012835431226418947,-0.0028229553901333304,-0.0014138343240430729,0.006794947522793748,-0.04733427330441131,0.02553964754131588,0.14172371249738358,0.012446919926774491,-0.01693780376129439,-0.013839527593476397,-3.7711594018752237e-4,-7.417909213787155e-4,0.0014302104580545816,-0.001916791147298369,-0.0012838086552129369,0.00488079739093461,-0.02572716882196424,0.15485756464126155,0.08444422200204471,-0.07899482239777278,-0.12600978835369858,-0.00876378248685894,0,-0.020000000000000018,0.03,0,-0.010000000000000009,0.03,-0.010000000000000009,-0.04000000000000001,0.039999999999999994,0,-0.05000000000000002,0,-0.050000000000000266,-0.21999999999999975,0.040000000000000036,0.18999999999999995,-0.18999999999999995,0.43000000000000016,0.040000000000000036,-0.08000000000000007,-0.08000000000000007,0.0699999999999994,-0.1299999999999999,0.07000000000000028,0,0.1800000000000006,-0.07000000000000028,0.04999999999999982,-0.27000000000000046,-0.5600000000000005,0.0315049411415087,-0.037769044812346664,0.05613620716773493,0.020296814481387315,0.03390320228058652,0.025934853640319666,22.2046,29.7614,17.6603,20.9744,24.9017,28.8608,-0.7000000000000028,2.4000000000000057,0,5.099999999999994,7.799999999999997,2.0999999999999943,2.5,3.08,3.58,3.54,3.28,3.54,1.13,1.3500000000000005,1,1.1100000000000003,1.1799999999999997,1.8899999999999997
2010 Q4,0.006134513659825203,6.273805844507763e-4,9.804263926600498e-4,0.003737055793731514,0.00424627455305604,0.0025300434209292177,0.001321463539081691,9.447882802549046e-4,0.0024310195825574255,0.004771470268220668,0.006094707183936343,-0.009272054667150087,0.009737829134778053,0.00294342526586977,0.0018475022092525606,0.006833361127325688,0.00404986001487373,0.008775750967465079,0.0017767253711511444,-1.5525823924811277e-4,0.009589505215798155,0.012599641245886417,0.0033555368676143615,0.0011827333410536767,0.007011113663461188,0.008529109957690295,-9.864806806554327e-4,0.02154028929786378,0.00418604368048392,-0.025614895554131323,-0.5,0,-0.1999999999999993,0.09999999999999964,0,0.20000000000000107,-0.014176256309001545,-0.04631953447944959,0.0023915654403641184,-0.03242962007641026,-0.017356229456542138,-0.02114472922894528,6.193157905567404e-4,-5.675760819343623e-4,-0.0010262223667432124,0.0012328082618502378,-0.0019240691519932795,-0.001725996615954628,41.3,41.4,41,41,40.6,40.1,6.289715570908998,6.386879319362645,6.284134161070802,6.455198563340122,6.364750756851911,6.371611847231857,6.448889394146858,6.333279628139691,6.375024819828097,6.532334292222349,6.498282149476434,6.411818267709897,-0.022073993638989542,-0.004267791180886604,0.005981982601741542,-0.007783284607886465,0.00265194005872349,0.004452350379638759,0.00148041605978122,-0.0020476509836395707,-0.004099487790911738,-0.006279321796849757,-0.003986283850107242,-1.0636069721670083e-4,0.01621088323872044,-0.016134775361307696,-0.00388884753699692,-0.07547912348120889,-0.04380324720037265,0.02950790959251215,0.002421236999229137,-1.5747796059173425e-4,0.0031597003617482855,0.0011121580631607841,-0.006168414253187038,0.004655849674063184,0.06987355068013024,3.5582561146974e-4,-3.9902471411856766e-4,0.010574572299677953,0.005178525073297635,-5.238421104980517e-4,0.0014778945796152243,1.536495834182361e-4,1.0102428684710674e-4,0.0012835431226418947,-0.0028229553901333304,-0.0014138343240430729,-0.013742227333357171,-0.04733427330441131,0.02553964754131588,0.14172371249738358,0.012446919926774491,-0.01693780376129439,2.7000530482634844e-4,-3.7711594018752237e-4,-7.417909213787155e-4,0.0014302104580545816,-0.001916791147298369,-0.0012838086552129369,0.029620541501564013,-0.02572716882196424,0.15485756464126155,0.08444422200204471,-0.07899482239777278,-0.12600978835369858,-0.010000000000000009,0,-0.020000000000000018,0.03,0,-0.010000000000000009,0,-0.010000000000000009,-0.04000000000000001,0.039999999999999994,0,-0.05000000000000002,0.5300000000000002,-0.050000000000000266,-0.21999999999999975,0.040000000000000036,0.18999999999999995,-0.18999999999999995,0.14999999999999947,0.040000000000000036,-0.08000000000000007,-0.08000000000000007,0.0699999999999994,-0.1299999999999999,0.17999999999999972,0,0.1800000000000006,-0.07000000000000028,0.04999999999999982,-0.27000000000000046,0.034948361274036444,0.0315049411415087,-0.037769044812346664,0.05613620716773493,0.020296814481387315,0.03390320228058652,17.4159,22.2046,29.7614,17.6603,20.9744,24.9017,2.9000000000000057,-0.7000000000000028,2.4000000000000057,0,5.099999999999994,7.799999999999997,3.15,2.5,3.08,3.58,3.54,3.28,1.08,1.13,1.3500000000000005,1,1.1100000000000003,1.1799999999999997
2011 Q1,-0.002296093878547012,0.006134513659825203,6.273805844507763e-4,9.804263926600498e-4,0.003737055793731514,0.00424627455305604,0.003454753717766934,0.001321463539081691,9.447882802549046e-4,0.0024310195825574255,0.004771470268220668,0.006094707183936343,0.010348991071804647,0.009737829134778053,0.00294342526586977,0.0018475022092525606,0.006833361127325688,0.00404986001487373,0.01138975555805466,0.0017767253711511444,-1.5525823924811277e-4,0.009589505215798155,0.012599641245886417,0.0033555368676143615,0.00894012049997528,0.007011113663461188,0.008529109957690295,-9.864806806554327e-4,0.02154028929786378,0.00418604368048392,0,-0.5,0,-0.1999999999999993,0.09999999999999964,0,0.011145626214917215,-0.014176256309001545,-0.04631953447944959,0.0023915654403641184,-0.03242962007641026,-0.017356229456542138,0.001722968505584177,6.193157905567404e-4,-5.675760819343623e-4,-0.0010262223667432124,0.0012328082618502378,-0.0019240691519932795,41.4,41.3,41.4,41,41,40.6,6.396929655216146,6.289715570908998,6.386879319362645,6.284134161070802,6.455198563340122,6.364750756851911,6.368187186350492,6.448889394146858,6.333279628139691,6.375024819828097,6.532334292222349,6.498282149476434,0.0012099078213019254,-0.022073993638989542,-0.004267791180886604,0.005981982601741542,-0.007783284607886465,0.00265194005872349,-6.979092263552644e-4,0.00148041605978122,-0.0020476509836395707,-0.004099487790911738,-0.006279321796849757,-0.003986283850107242,0.0028908908755616025,0.01621088323872044,-0.016134775361307696,-0.00388884753699692,-0.07547912348120889,-0.04380324720037265,0.002715287453689541,0.002421236999229137,-1.5747796059173425e-4,0.0031597003617482855,0.0011121580631607841,-0.006168414253187038,-9.800062084259764e-4,0.06987355068013024,3.5582561146974e-4,-3.9902471411856766e-4,0.010574572299677953,0.005178525073297635,0.0019508921342312746,0.0014778945796152243,1.536495834182361e-4,1.0102428684710674e-4,0.0012835431226418947,-0.0028229553901333304,-0.035522432058514575,-0.013742227333357171,-0.04733427330441131,0.02553964754131588,0.14172371249738358,0.012446919926774491,0.001229947646407048,2.7000530482634844e-4,-3.7711594018752237e-4,-7.417909213787155e-4,0.0014302104580545816,-0.001916791147298369,0.13722650347213516,0.029620541501564013,-0.02572716882196424,0.15485756464126155,0.08444422200204471,-0.07899482239777278,-0.01999999999999999,-0.010000000000000009,0,-0.020000000000000018,0.03,0,-0.03,0,-0.010000000000000009,-0.04000000000000001,0.039999999999999994,0,-0.16999999999999993,0.5300000000000002,-0.050000000000000266,-0.21999999999999975,0.040000000000000036,0.18999999999999995,-0.08999999999999986,0.14999999999999947,0.040000000000000036,-0.08000000000000007,-0.08000000000000007,0.0699999999999994,-0.1200000000000001,0.17999999999999972,0,0.1800000000000006,-0.07000000000000028,0.04999999999999982,-0.012667701894043759,0.034948361274036444,0.0315049411415087,-0.037769044812346664,0.05613620716773493,0.020296814481387315,20.5593,17.4159,22.2046,29.7614,17.6603,20.9744,-10,2.9000000000000057,-0.7000000000000028,2.4000000000000057,0,5.099999999999994,3.31,3.15,2.5,3.08,3.58,3.54,0.9000000000000004,1.08,1.13,1.3500000000000005,1,1.1100000000000003
2011 Q2,0.004473709697702333,-0.002296093878547012,0.006134513659825203,6.273805844507763e-4,9.804263926600498e-4,0.003737055793731514,0.0023211646264567065,0.003454753717766934,0.001321463539081691,9.447882802549046e-4,0.0024310195825574255,0.004771470268220668,0.0030203149621863545,0.010348991071804647,0.009737829134778053,0.00294342526586977,0.0018475022092525606,0.006833361127325688,0.010054163057127141,0.01138975555805466,0.0017767253711511444,-1.5525823924811277e-4,0.009589505215798155,0.012599641245886417,0.008239674898197435,0.00894012049997528,0.007011113663461188,0.008529109957690295,-9.864806806554327e-4,0.02154028929786378,0.09999999999999964,0,-0.5,0,-0.1999999999999993,0.09999999999999964,-0.010110106930294904,0.011145626214917215,-0.014176256309001545,-0.04631953447944959,0.0023915654403641184,-0.03242962007641026,0.0017220782983926597,0.001722968505584177,6.193157905567404e-4,-5.675760819343623e-4,-0.0010262223667432124,0.0012328082618502378,41.4,41.4,41.3,41.4,41,41,6.410174881966167,6.396929655216146,6.289715570908998,6.386879319362645,6.284134161070802,6.455198563340122,6.455198563340122,6.368187186350492,6.448889394146858,6.333279628139691,6.375024819828097,6.532334292222349,-0.012073395631347239,0.0012099078213019254,-0.022073993638989542,-0.004267791180886604,0.005981982601741542,-0.007783284607886465,1.2218175935174713e-4,-6.979092263552644e-4,0.00148041605978122,-0.0020476509836395707,-0.004099487790911738,-0.006279321796849757,0.0032916266102382963,0.0028908908755616025,0.01621088323872044,-0.016134775361307696,-0.00388884753699692,-0.07547912348120889,-0.007867380636609411,0.002715287453689541,0.002421236999229137,-1.5747796059173425e-4,0.0031597003617482855,0.0011121580631607841,-2.0430089775835825e-4,-9.800062084259764e-4,0.06987355068013024,3.5582561146974e-4,-3.9902471411856766e-4,0.010574572299677953,-0.0031766637911196938,0.0019508921342312746,0.0014778945796152243,1.536495834182361e-4,1.0102428684710674e-4,0.0012835431226418947,0.01970050933923151,-0.035522432058514575,-0.013742227333357171,-0.04733427330441131,0.02553964754131588,0.14172371249738358,-0.0032360463050276067,0.001229947646407048,2.7000530482634844e-4,-3.7711594018752237e-4,-7.417909213787155e-4,0.0014302104580545816,0.031443372388113566,0.13722650347213516,0.029620541501564013,-0.02572716882196424,0.15485756464126155,0.08444422200204471,0,-0.01999999999999999,-0.010000000000000009,0,-0.020000000000000018,0.03,0,-0.03,0,-0.010000000000000009,-0.04000000000000001,0.039999999999999994,-0.16999999999999993,-0.16999999999999993,0.5300000000000002,-0.050000000000000266,-0.21999999999999975,0.040000000000000036,0.03000000000000025,-0.08999999999999986,0.14999999999999947,0.040000000000000036,-0.08000000000000007,-0.08000000000000007,-0.03000000000000025,-0.1200000000000001,0.17999999999999972,0,0.1800000000000006,-0.07000000000000028,-0.03886839050217805,-0.012667701894043759,0.034948361274036444,0.0315049411415087,-0.037769044812346664,0.05613620716773493,19.4515,20.5593,17.4159,22.2046,29.7614,17.6603,-2.799999999999997,-10,2.9000000000000057,-0.7000000000000028,2.4000000000000057,0,2.96,3.31,3.15,2.5,3.08,3.58,0.7599999999999998,0.9000000000000004,1.08,1.13,1.3500000000000005,1
2011 Q3,-0.0013157298682564544,0.004473709697702333,-0.002296093878547012,0.006134513659825203,6.273805844507763e-4,9.804263926600498e-4,0.001646242507532314,0.0023211646264567065,0.003454753717766934,0.001321463539081691,9.447882802549046e-4,0.0024310195825574255,-8.274225944706615e-4,0.0030203149621863545,0.010348991071804647,0.009737829134778053,0.00294342526586977,0.0018475022092525606,-0.00651818001164628,0.010054163057127141,0.01138975555805466,0.0017767253711511444,-1.5525823924811277e-4,0.009589505215798155,0.011065039300182988,0.008239674898197435,0.00894012049997528,0.007011113663461188,0.008529109957690295,-9.864806806554327e-4,0,0.09999999999999964,0,-0.5,0,-0.1999999999999993,0.019946264182378215,-0.010110106930294904,0.011145626214917215,-0.014176256309001545,-0.04631953447944959,0.0023915654403641184,0.001656149114312555,0.0017220782983926597,0.001722968505584177,6.193157905567404e-4,-5.675760819343623e-4,-0.0010262223667432124,41.4,41.4,41.4,41.3,41.4,41,6.476972362889683,6.410174881966167,6.396929655216146,6.289715570908998,6.386879319362645,6.284134161070802,6.413458957167357,6.455198563340122,6.368187186350492,6.448889394146858,6.333279628139691,6.375024819828097,-0.055926573250437706,-0.012073395631347239,0.0012099078213019254,-0.022073993638989542,-0.004267791180886604,0.005981982601741542,-0.017655979371465236,1.2218175935174713e-4,-6.979092263552644e-4,0.00148041605978122,-0.0020476509836395707,-0.004099487790911738,0.0025913883940003046,0.0032916266102382963,0.0028908908755616025,0.01621088323872044,-0.016134775361307696,-0.00388884753699692,-0.009813958940072531,-0.007867380636609411,0.002715287453689541,0.002421236999229137,-1.5747796059173425e-4,0.0031597003617482855,0.009033526283317883,-2.0430089775835825e-4,-9.800062084259764e-4,0.06987355068013024,3.5582561146974e-4,-3.9902471411856766e-4,-9.80303833027385e-4,-0.0031766637911196938,0.0019508921342312746,0.0014778945796152243,1.536495834182361e-4,1.0102428684710674e-4,-0.015418311456041778,0.01970050933923151,-0.035522432058514575,-0.013742227333357171,-0.04733427330441131,0.02553964754131588,-9.47998836605457e-4,-0.0032360463050276067,0.001229947646407048,2.7000530482634844e-4,-3.7711594018752237e-4,-7.417909213787155e-4,0.11011559977491014,0.031443372388113566,0.13722650347213516,0.029620541501564013,-0.02572716882196424,0.15485756464126155,-0.020000000000000004,0,-0.01999999999999999,-0.010000000000000009,0,-0.020000000000000018,-0.01,0,-0.03,0,-0.010000000000000009,-0.04000000000000001,-0.31999999999999984,-0.16999999999999993,-0.16999999999999993,0.5300000000000002,-0.050000000000000266,-0.21999999999999975,-0.28000000000000025,0.03000000000000025,-0.08999999999999986,0.14999999999999947,0.040000000000000036,-0.08000000000000007,-0.09000000000000075,-0.03000000000000025,-0.1200000000000001,0.17999999999999972,0,0.1800000000000006,-0.009689842219560596,-0.03886839050217805,-0.012667701894043759,0.034948361274036444,0.0315049411415087,-0.037769044812346664,37.1545,19.4515,20.5593,17.4159,22.2046,29.7614,3.700000000000003,-2.799999999999997,-10,2.9000000000000057,-0.7000000000000028,2.4000000000000057,1.97,2.96,3.31,3.15,2.5,3.08,1.1799999999999997,0.7599999999999998,0.9000000000000004,1.08,1.13,1.3500000000000005
2011 Q4,0.009001232618862431,-0.0013157298682564544,0.004473709697702333,-0.002296093878547012,0.006134513659825203,6.273805844507763e-4,4.4845370467161416e-4,0.001646242507532314,0.0023211646264567065,0.003454753717766934,0.001321463539081691,9.447882802549046e-4,0.0052922619015616235,-8.274225944706615e-4,0.0030203149621863545,0.010348991071804647,0.009737829134778053,0.00294342526586977,0.008725641116141603,-0.00651818001164628,0.010054163057127141,0.01138975555805466,0.0017767253711511444,-1.5525823924811277e-4,0.001467279034482516,0.011065039300182988,0.008239674898197435,0.00894012049997528,0.007011113663461188,0.008529109957690295,-0.09999999999999964,0,0.09999999999999964,0,-0.5,0,-0.03197662326609674,0.019946264182378215,-0.010110106930294904,0.011145626214917215,-0.014176256309001545,-0.04631953447944959,0.0014910876404314877,0.001656149114312555,0.0017220782983926597,0.001722968505584177,6.193157905567404e-4,-5.675760819343623e-4,41.6,41.4,41.4,41.4,41.3,41.4,6.542471960506805,6.476972362889683,6.410174881966167,6.396929655216146,6.289715570908998,6.386879319362645,6.546785410760524,6.413458957167357,6.455198563340122,6.368187186350492,6.448889394146858,6.333279628139691,-0.032322633704599646,-0.055926573250437706,-0.012073395631347239,0.0012099078213019254,-0.022073993638989542,-0.004267791180886604,-4.419758648257499e-4,-0.017655979371465236,1.2218175935174713e-4,-6.979092263552644e-4,0.00148041605978122,-0.0020476509836395707,0.017794442208755257,0.0025913883940003046,0.0032916266102382963,0.0028908908755616025,0.01621088323872044,-0.016134775361307696,-0.001657019183459063,-0.009813958940072531,-0.007867380636609411,0.002715287453689541,0.002421236999229137,-1.5747796059173425e-4,-0.001976198082649816,0.009033526283317883,-2.0430089775835825e-4,-9.800062084259764e-4,0.06987355068013024,3.5582561146974e-4,-0.0016084646385259305,-9.80303833027385e-4,-0.0031766637911196938,0.0019508921342312746,0.0014778945796152243,1.536495834182361e-4,-0.009472104109184976,-0.015418311456041778,0.01970050933923151,-0.035522432058514575,-0.013742227333357171,-0.04733427330441131,-0.00146718235737886,-9.47998836605457e-4,-0.0032360463050276067,0.001229947646407048,2.7000530482634844e-4,-3.7711594018752237e-4,-0.10387680813530054,0.11011559977491014,0.031443372388113566,0.13722650347213516,0.029620541501564013,-0.02572716882196424,-0.009999999999999995,-0.020000000000000004,0,-0.01999999999999999,-0.010000000000000009,0,0,-0.01,0,-0.03,0,-0.010000000000000009,-0.029999999999999805,-0.31999999999999984,-0.16999999999999993,-0.16999999999999993,0.5300000000000002,-0.050000000000000266,0.06000000000000005,-0.28000000000000025,0.03000000000000025,-0.08999999999999986,0.14999999999999947,0.040000000000000036,0.11000000000000032,-0.09000000000000075,-0.03000000000000025,-0.1200000000000001,0.17999999999999972,0,0.01368586473400768,-0.009689842219560596,-0.03886839050217805,-0.012667701894043759,0.034948361274036444,0.0315049411415087,24.6171,37.1545,19.4515,20.5593,17.4159,22.2046,6.200000000000003,3.700000000000003,-2.799999999999997,-10,2.9000000000000057,-0.7000000000000028,1.97,1.97,2.96,3.31,3.15,2.5,1.3199999999999998,1.1799999999999997,0.7599999999999998,0.9000000000000004,1.08,1.13
2012 Q1,0.0029857265333284033,0.009001232618862431,-0.0013157298682564544,0.004473709697702333,-0.002296093878547012,0.006134513659825203,-0.0013099070700075544,4.4845370467161416e-4,0.001646242507532314,0.0023211646264567065,0.003454753717766934,0.001321463539081691,-0.0051911748236843636,0.0052922619015616235,-8.274225944706615e-4,0.0030203149621863545,0.010348991071804647,0.009737829134778053,-9.264602164442692e-4,0.008725641116141603,-0.00651818001164628,0.010054163057127141,0.01138975555805466,0.0017767253711511444,0.0035317743401073187,0.001467279034482516,0.011065039300182988,0.008239674898197435,0.00894012049997528,0.007011113663461188,-0.10000000000000142,-0.09999999999999964,0,0.09999999999999964,0,-0.5,0.009180032955212525,-0.03197662326609674,0.019946264182378215,-0.010110106930294904,0.011145626214917215,-0.014176256309001545,0.0017960312547860013,0.0014910876404314877,0.001656149114312555,0.0017220782983926597,0.001722968505584177,6.193157905567404e-4,41.6,41.6,41.4,41.4,41.4,41.3,6.543911845564792,6.542471960506805,6.476972362889683,6.410174881966167,6.396929655216146,6.289715570908998,6.692083742506628,6.546785410760524,6.413458957167357,6.455198563340122,6.368187186350492,6.448889394146858,0.006930885834735889,-0.032322633704599646,-0.055926573250437706,-0.012073395631347239,0.0012099078213019254,-0.022073993638989542,-8.095578715412444e-4,-4.419758648257499e-4,-0.017655979371465236,1.2218175935174713e-4,-6.979092263552644e-4,0.00148041605978122,-0.034749207151266504,0.017794442208755257,0.0025913883940003046,0.0032916266102382963,0.0028908908755616025,0.01621088323872044,-0.012466431924341492,-0.001657019183459063,-0.009813958940072531,-0.007867380636609411,0.002715287453689541,0.002421236999229137,0.00441921143789159,-0.001976198082649816,0.009033526283317883,-2.0430089775835825e-4,-9.800062084259764e-4,0.06987355068013024,-4.3882905469416755e-5,-0.0016084646385259305,-9.80303833027385e-4,-0.0031766637911196938,0.0019508921342312746,0.0014778945796152243,-0.032992526260247956,-0.009472104109184976,-0.015418311456041778,0.01970050933923151,-0.035522432058514575,-0.013742227333357171,-3.2311692550557325e-4,-0.00146718235737886,-9.47998836605457e-4,-0.0032360463050276067,0.001229947646407048,2.7000530482634844e-4,0.01795566315774444,-0.10387680813530054,0.11011559977491014,0.031443372388113566,0.13722650347213516,0.029620541501564013,0.03,-0.009999999999999995,-0.020000000000000004,0,-0.01999999999999999,-0.010000000000000009,-0.009999999999999995,0,-0.01,0,-0.03,0,0.19999999999999996,-0.029999999999999805,-0.31999999999999984,-0.16999999999999993,-0.16999999999999993,0.5300000000000002,0.14000000000000012,0.06000000000000005,-0.28000000000000025,0.03000000000000025,-0.08999999999999986,0.14999999999999947,0.09000000000000075,0.11000000000000032,-0.09000000000000075,-0.03000000000000025,-0.1200000000000001,0.17999999999999972,0.026809497027675988,0.01368586473400768,-0.009689842219560596,-0.03886839050217805,-0.012667701894043759,0.034948361274036444,15.8857,24.6171,37.1545,19.4515,20.5593,17.4159,0.9000000000000057,6.200000000000003,3.700000000000003,-2.799999999999997,-10,2.9000000000000057,2.09,1.97,1.97,2.96,3.31,3.15,1.2400000000000002,1.3199999999999998,1.1799999999999997,0.7599999999999998,0.9000000000000004,1.08
2012 Q2,-4.456568114576953e-4,0.0029857265333284033,0.009001232618862431,-0.0013157298682564544,0.004473709697702333,-0.002296093878547012,-0.0010481225895730972,-0.0013099070700075544,4.4845370467161416e-4,0.001646242507532314,0.0023211646264567065,0.003454753717766934,5.529183852992503e-5,-0.0051911748236843636,0.0052922619015616235,-8.274225944706615e-4,0.0030203149621863545,0.010348991071804647,-0.00279107582990612,-9.264602164442692e-4,0.008725641116141603,-0.00651818001164628,0.010054163057127141,0.01138975555805466,-0.00891858231091014,0.0035317743401073187,0.001467279034482516,0.011065039300182988,0.008239674898197435,0.00894012049997528,0,-0.10000000000000142,-0.09999999999999964,0,0.09999999999999964,0,0.015145765807993428,0.009180032955212525,-0.03197662326609674,0.019946264182378215,-0.010110106930294904,0.011145626214917215,5.896732709249619e-4,0.0017960312547860013,0.0014910876404314877,0.001656149114312555,0.0017220782983926597,0.001722968505584177,41.7,41.6,41.6,41.4,41.4,41.4,6.6293632534374485,6.543911845564792,6.542471960506805,6.476972362889683,6.410174881966167,6.396929655216146,6.677083461247136,6.692083742506628,6.546785410760524,6.413458957167357,6.455198563340122,6.368187186350492,1.7729160472157446e-5,0.006930885834735889,-0.032322633704599646,-0.055926573250437706,-0.012073395631347239,0.0012099078213019254,0.0026511830228237443,-8.095578715412444e-4,-4.419758648257499e-4,-0.017655979371465236,1.2218175935174713e-4,-6.979092263552644e-4,0.009744260637265079,-0.034749207151266504,0.017794442208755257,0.0025913883940003046,0.0032916266102382963,0.0028908908755616025,0.006033731670845199,-0.012466431924341492,-0.001657019183459063,-0.009813958940072531,-0.007867380636609411,0.002715287453689541,-5.224489707327251e-4,0.00441921143789159,-0.001976198082649816,0.009033526283317883,-2.0430089775835825e-4,-9.800062084259764e-4,0.0012436169727081392,-4.3882905469416755e-5,-0.0016084646385259305,-9.80303833027385e-4,-0.0031766637911196938,0.0019508921342312746,0.0023185233443090425,-0.032992526260247956,-0.009472104109184976,-0.015418311456041778,0.01970050933923151,-0.035522432058514575,6.142844248104851e-4,-3.2311692550557325e-4,-0.00146718235737886,-9.47998836605457e-4,-0.0032360463050276067,0.001229947646407048,-0.051793461382509065,0.01795566315774444,-0.10387680813530054,0.11011559977491014,0.031443372388113566,0.13722650347213516,0,0.03,-0.009999999999999995,-0.020000000000000004,0,-0.01999999999999999,0,-0.009999999999999995,0,-0.01,0,-0.03,-0.17999999999999994,0.19999999999999996,-0.029999999999999805,-0.31999999999999984,-0.16999999999999993,-0.16999999999999993,-0.1599999999999997,0.14000000000000012,0.06000000000000005,-0.28000000000000025,0.03000000000000025,-0.08999999999999986,-0.05000000000000071,0.09000000000000075,0.11000000000000032,-0.09000000000000075,-0.03000000000000025,-0.1200000000000001,-0.013352295190864893,0.026809497027675988,0.01368586473400768,-0.009689842219560596,-0.03886839050217805,-0.012667701894043759,21.0661,15.8857,24.6171,37.1545,19.4515,20.5593,-6.099999999999994,0.9000000000000057,6.200000000000003,3.700000000000003,-2.799999999999997,-10,1.53,2.09,1.97,1.97,2.96,3.31,1.3799999999999994,1.2400000000000002,1.3199999999999998,1.1799999999999997,0.7599999999999998,0.9000000000000004
2012 Q3,0.007479549683454323,-4.456568114576953e-4,0.0029857265333284033,0.009001232618862431,-0.0013157298682564544,0.004473709697702333,0.00140918722321981,-0.0010481225895730972,-0.0013099070700075544,4.4845370467161416e-4,0.001646242507532314,0.0023211646264567065,-7.33960055224081e-4,5.529183852992503e-5,-0.0051911748236843636,0.0052922619015616235,-8.274225944706615e-4,0.0030203149621863545,0.0015053226149106536,-0.00279107582990612,-9.264602164442692e-4,0.008725641116141603,-0.00651818001164628,0.010054163057127141,0.007970201430481438,-0.00891858231091014,0.0035317743401073187,0.001467279034482516,0.011065039300182988,0.008239674898197435,-0.2999999999999998,0,-0.10000000000000142,-0.09999999999999964,0,0.09999999999999964,0.02264847487234789,0.015145765807993428,0.009180032955212525,-0.03197662326609674,0.019946264182378215,-0.010110106930294904,0.0013315729776177676,5.896732709249619e-4,0.0017960312547860013,0.0014910876404314877,0.001656149114312555,0.0017220782983926597,41.5,41.7,41.6,41.6,41.4,41.4,6.741700694652055,6.6293632534374485,6.543911845564792,6.542471960506805,6.476972362889683,6.410174881966167,6.835184586147301,6.677083461247136,6.692083742506628,6.546785410760524,6.413458957167357,6.455198563340122,-0.0030375311471848576,1.7729160472157446e-5,0.006930885834735889,-0.032322633704599646,-0.055926573250437706,-0.012073395631347239,8.916013667743528e-4,0.0026511830228237443,-8.095578715412444e-4,-4.419758648257499e-4,-0.017655979371465236,1.2218175935174713e-4,-0.022370425368335667,0.009744260637265079,-0.034749207151266504,0.017794442208755257,0.0025913883940003046,0.0032916266102382963,-0.002249433126966238,0.006033731670845199,-0.012466431924341492,-0.001657019183459063,-0.009813958940072531,-0.007867380636609411,-0.0023148706358480098,-5.224489707327251e-4,0.00441921143789159,-0.001976198082649816,0.009033526283317883,-2.0430089775835825e-4,-0.0010327978796649262,0.0012436169727081392,-4.3882905469416755e-5,-0.0016084646385259305,-9.80303833027385e-4,-0.0031766637911196938,0.0752224949003848,0.0023185233443090425,-0.032992526260247956,-0.009472104109184976,-0.015418311456041778,0.01970050933923151,-3.1678843113081e-4,6.142844248104851e-4,-3.2311692550557325e-4,-0.00146718235737886,-9.47998836605457e-4,-0.0032360463050276067,-0.06252471137743587,-0.051793461382509065,0.01795566315774444,-0.10387680813530054,0.11011559977491014,0.031443372388113566,0.010000000000000009,0,0.03,-0.009999999999999995,-0.020000000000000004,0,0.009999999999999995,0,-0.009999999999999995,0,-0.01,0,0.040000000000000036,-0.17999999999999994,0.19999999999999996,-0.029999999999999805,-0.31999999999999984,-0.16999999999999993,0.010000000000000231,-0.1599999999999997,0.14000000000000012,0.06000000000000005,-0.28000000000000025,0.03000000000000025,-0.07000000000000028,-0.05000000000000071,0.09000000000000075,0.11000000000000032,-0.09000000000000075,-0.03000000000000025,0.028081806770415163,-0.013352295190864893,0.026809497027675988,0.01368586473400768,-0.009689842219560596,-0.03886839050217805,15.4389,21.0661,15.8857,24.6171,37.1545,19.4515,4,-6.099999999999994,0.9000000000000057,6.200000000000003,3.700000000000003,-2.799999999999997,1.6099999999999999,1.53,2.09,1.97,1.97,2.96,1.3499999999999996,1.3799999999999994,1.2400000000000002,1.3199999999999998,1.1799999999999997,0.7599999999999998
2012 Q4,0.02450443143005998,0.007479549683454323,-4.456568114576953e-4,0.0029857265333284033,0.009001232618862431,-0.0013157298682564544,4.070004126184301e-4,0.00140918722321981,-0.0010481225895730972,-0.0013099070700075544,4.4845370467161416e-4,0.001646242507532314,0.0023667469005932418,-7.33960055224081e-4,5.529183852992503e-5,-0.0051911748236843636,0.0052922619015616235,-8.274225944706615e-4,0.00369666068906227,0.0015053226149106536,-0.00279107582990612,-9.264602164442692e-4,0.008725641116141603,-0.00651818001164628,0.0034590400884990657,0.007970201430481438,-0.00891858231091014,0.0035317743401073187,0.001467279034482516,0.011065039300182988,0.20000000000000018,-0.2999999999999998,0,-0.10000000000000142,-0.09999999999999964,0,-0.1112622859559469,0.02264847487234789,0.015145765807993428,0.009180032955212525,-0.03197662326609674,0.019946264182378215,0.0018451351849684272,0.0013315729776177676,5.896732709249619e-4,0.0017960312547860013,0.0014910876404314877,0.001656149114312555,41.7,41.5,41.7,41.6,41.6,41.4,6.883462586413092,6.741700694652055,6.6293632534374485,6.543911845564792,6.542471960506805,6.476972362889683,6.846943139585379,6.835184586147301,6.677083461247136,6.692083742506628,6.546785410760524,6.413458957167357,-7.247194351860387e-4,-0.0030375311471848576,1.7729160472157446e-5,0.006930885834735889,-0.032322633704599646,-0.055926573250437706,0.005076495327761776,8.916013667743528e-4,0.0026511830228237443,-8.095578715412444e-4,-4.419758648257499e-4,-0.017655979371465236,-0.002377315147401582,-0.022370425368335667,0.009744260637265079,-0.034749207151266504,0.017794442208755257,0.0025913883940003046,0.0061045740471854515,-0.002249433126966238,0.006033731670845199,-0.012466431924341492,-0.001657019183459063,-0.009813958940072531,-0.00189140581876579,-0.0023148706358480098,-5.224489707327251e-4,0.00441921143789159,-0.001976198082649816,0.009033526283317883,0.0015596672384310395,-0.0010327978796649262,0.0012436169727081392,-4.3882905469416755e-5,-0.0016084646385259305,-9.80303833027385e-4,0.046119402497653894,0.0752224949003848,0.0023185233443090425,-0.032992526260247956,-0.009472104109184976,-0.015418311456041778,5.254667358443044e-4,-3.1678843113081e-4,6.142844248104851e-4,-3.2311692550557325e-4,-0.00146718235737886,-9.47998836605457e-4,0.05120930567698334,-0.06252471137743587,-0.051793461382509065,0.01795566315774444,-0.10387680813530054,0.11011559977491014,0,0.010000000000000009,0,0.03,-0.009999999999999995,-0.020000000000000004,-0.01999999999999999,0.009999999999999995,0,-0.009999999999999995,0,-0.01,0.07000000000000006,0.040000000000000036,-0.17999999999999994,0.19999999999999996,-0.029999999999999805,-0.31999999999999984,0.1499999999999999,0.010000000000000231,-0.1599999999999997,0.14000000000000012,0.06000000000000005,-0.28000000000000025,0.1200000000000001,-0.07000000000000028,-0.05000000000000071,0.09000000000000075,0.11000000000000032,-0.09000000000000075,0.019725149615092086,0.028081806770415163,-0.013352295190864893,0.026809497027675988,0.01368586473400768,-0.009689842219560596,17.5331,15.4389,21.0661,15.8857,24.6171,37.1545,-9.799999999999997,4,-6.099999999999994,0.9000000000000057,6.200000000000003,3.700000000000003,1.65,1.6099999999999999,1.53,2.09,1.97,1.97,0.98,1.3499999999999996,1.3799999999999994,1.2400000000000002,1.3199999999999998,1.1799999999999997
2013 Q1,0.003489425286923975,0.02450443143005998,0.007479549683454323,-4.456568114576953e-4,0.0029857265333284033,0.009001232618862431,0.001282253341953421,4.070004126184301e-4,0.00140918722321981,-0.0010481225895730972,-0.0013099070700075544,4.4845370467161416e-4,0.004020487651326121,0.0023667469005932418,-7.33960055224081e-4,5.529183852992503e-5,-0.0051911748236843636,0.0052922619015616235,-0.00539819784006923,0.00369666068906227,0.0015053226149106536,-0.00279107582990612,-9.264602164442692e-4,0.008725641116141603,-0.007101353092847873,0.0034590400884990657,0.007970201430481438,-0.00891858231091014,0.0035317743401073187,0.001467279034482516,-0.20000000000000018,0.20000000000000018,-0.2999999999999998,0,-0.10000000000000142,-0.09999999999999964,-0.0034052246298390543,-0.1112622859559469,0.02264847487234789,0.015145765807993428,0.009180032955212525,-0.03197662326609674,0.0010618138841689273,0.0018451351849684272,0.0013315729776177676,5.896732709249619e-4,0.0017960312547860013,0.0014910876404314877,41.9,41.7,41.5,41.7,41.6,41.6,6.917705609835305,6.883462586413092,6.741700694652055,6.6293632534374485,6.543911845564792,6.542471960506805,6.841615476477592,6.846943139585379,6.835184586147301,6.677083461247136,6.692083742506628,6.546785410760524,0.006147124939908544,-7.247194351860387e-4,-0.0030375311471848576,1.7729160472157446e-5,0.006930885834735889,-0.032322633704599646,0.003521469432268276,0.005076495327761776,8.916013667743528e-4,0.0026511830228237443,-8.095578715412444e-4,-4.419758648257499e-4,-0.0060514011031829185,-0.002377315147401582,-0.022370425368335667,0.009744260637265079,-0.034749207151266504,0.017794442208755257,0.0011527561592989954,0.0061045740471854515,-0.002249433126966238,0.006033731670845199,-0.012466431924341492,-0.001657019183459063,-0.0028860122092009277,-0.00189140581876579,-0.0023148706358480098,-5.224489707327251e-4,0.00441921143789159,-0.001976198082649816,-0.008231117822907308,0.0015596672384310395,-0.0010327978796649262,0.0012436169727081392,-4.3882905469416755e-5,-0.0016084646385259305,-0.040361017062647164,0.046119402497653894,0.0752224949003848,0.0023185233443090425,-0.032992526260247956,-0.009472104109184976,-0.004870473799226005,5.254667358443044e-4,-3.1678843113081e-4,6.142844248104851e-4,-3.2311692550557325e-4,-0.00146718235737886,-0.030733923377415096,0.05120930567698334,-0.06252471137743587,-0.051793461382509065,0.01795566315774444,-0.10387680813530054,-0.009999999999999981,0,0.010000000000000009,0,0.03,-0.009999999999999995,-0.010000000000000009,-0.01999999999999999,0.009999999999999995,0,-0.009999999999999995,0,-0.020000000000000018,0.07000000000000006,0.040000000000000036,-0.17999999999999994,0.19999999999999996,-0.029999999999999805,0.03000000000000025,0.1499999999999999,0.010000000000000231,-0.1599999999999997,0.14000000000000012,0.06000000000000005,0,0.1200000000000001,-0.07000000000000028,-0.05000000000000071,0.09000000000000075,0.11000000000000032,0.025151988284480176,0.019725149615092086,0.028081806770415163,-0.013352295190864893,0.026809497027675988,0.01368586473400768,13.0279,17.5331,15.4389,21.0661,15.8857,24.6171,1,-9.799999999999997,4,-6.099999999999994,0.9000000000000057,6.200000000000003,1.8699999999999999,1.65,1.6099999999999999,1.53,2.09,1.97,0.9199999999999995,0.98,1.3499999999999996,1.3799999999999994,1.2400000000000002,1.3199999999999998
2013 Q2,8.15175303436888e-6,0.003489425286923975,0.02450443143005998,0.007479549683454323,-4.456568114576953e-4,0.0029857265333284033,-2.017303992136732e-4,0.001282253341953421,4.070004126184301e-4,0.00140918722321981,-0.0010481225895730972,-0.0013099070700075544,0.0020727838311218605,0.004020487651326121,0.0023667469005932418,-7.33960055224081e-4,5.529183852992503e-5,-0.0051911748236843636,-0.0031094861898832704,-0.00539819784006923,0.00369666068906227,0.0015053226149106536,-0.00279107582990612,-9.264602164442692e-4,0.0030542696325319696,-0.007101353092847873,0.0034590400884990657,0.007970201430481438,-0.00891858231091014,0.0035317743401073187,0,-0.20000000000000018,0.20000000000000018,-0.2999999999999998,0,-0.10000000000000142,-0.00909950670972215,-0.0034052246298390543,-0.1112622859559469,0.02264847487234789,0.015145765807993428,0.009180032955212525,0.0013510836422714334,0.0010618138841689273,0.0018451351849684272,0.0013315729776177676,5.896732709249619e-4,0.0017960312547860013,41.8,41.9,41.7,41.5,41.7,41.6,6.732210706467206,6.917705609835305,6.883462586413092,6.741700694652055,6.6293632534374485,6.543911845564792,6.848005274576363,6.841615476477592,6.846943139585379,6.835184586147301,6.677083461247136,6.692083742506628,-0.00838919181026121,0.006147124939908544,-7.247194351860387e-4,-0.0030375311471848576,1.7729160472157446e-5,0.006930885834735889,0.00213388273444437,0.003521469432268276,0.005076495327761776,8.916013667743528e-4,0.0026511830228237443,-8.095578715412444e-4,-0.007553682920434568,-0.0060514011031829185,-0.002377315147401582,-0.022370425368335667,0.009744260637265079,-0.034749207151266504,0.00550441803544377,0.0011527561592989954,0.0061045740471854515,-0.002249433126966238,0.006033731670845199,-0.012466431924341492,5.939440200428692e-4,-0.0028860122092009277,-0.00189140581876579,-0.0023148706358480098,-5.224489707327251e-4,0.00441921143789159,0.0019635097711665495,-0.008231117822907308,0.0015596672384310395,-0.0010327978796649262,0.0012436169727081392,-4.3882905469416755e-5,0.024105261638451836,-0.040361017062647164,0.046119402497653894,0.0752224949003848,0.0023185233443090425,-0.032992526260247956,0.0014847871426741932,-0.004870473799226005,5.254667358443044e-4,-3.1678843113081e-4,6.142844248104851e-4,-3.2311692550557325e-4,-0.018726976245384108,-0.030733923377415096,0.05120930567698334,-0.06252471137743587,-0.051793461382509065,0.01795566315774444,-0.020000000000000004,-0.009999999999999981,0,0.010000000000000009,0,0.03,0.010000000000000002,-0.010000000000000009,-0.01999999999999999,0.009999999999999995,0,-0.009999999999999995,0.3699999999999999,-0.020000000000000018,0.07000000000000006,0.040000000000000036,-0.17999999999999994,0.19999999999999996,0.37999999999999945,0.03000000000000025,0.1499999999999999,0.010000000000000231,-0.1599999999999997,0.14000000000000012,0.45999999999999996,0,0.1200000000000001,-0.07000000000000028,-0.05000000000000071,0.09000000000000075,-0.012932074499374835,0.025151988284480176,0.019725149615092086,0.028081806770415163,-0.013352295190864893,0.026809497027675988,17.1448,13.0279,17.5331,15.4389,21.0661,15.8857,-0.4000000000000057,1,-9.799999999999997,4,-6.099999999999994,0.9000000000000057,2.25,1.8699999999999999,1.65,1.6099999999999999,1.53,2.09,0.9200000000000008,0.9199999999999995,0.98,1.3499999999999996,1.3799999999999994,1.2400000000000002
2013 Q3,0.004112458405774788,8.15175303436888e-6,0.003489425286923975,0.02450443143005998,0.007479549683454323,-4.456568114576953e-4,0.0030022846594235375,-2.017303992136732e-4,0.001282253341953421,4.070004126184301e-4,0.00140918722321981,-0.0010481225895730972,0.005071694571082475,0.0020727838311218605,0.004020487651326121,0.0023667469005932418,-7.33960055224081e-4,5.529183852992503e-5,0.0034686674429007525,-0.0031094861898832704,-0.00539819784006923,0.00369666068906227,0.0015053226149106536,-0.00279107582990612,8.612539950583198e-4,0.0030542696325319696,-0.007101353092847873,0.0034590400884990657,0.007970201430481438,-0.00891858231091014,0,0,-0.20000000000000018,0.20000000000000018,-0.2999999999999998,0,-0.05994998440844057,-0.00909950670972215,-0.0034052246298390543,-0.1112622859559469,0.02264847487234789,0.015145765807993428,0.0012798620958882623,0.0013510836422714334,0.0010618138841689273,0.0018451351849684272,0.0013315729776177676,5.896732709249619e-4,41.8,41.8,41.9,41.7,41.5,41.7,6.745236349484363,6.732210706467206,6.917705609835305,6.883462586413092,6.741700694652055,6.6293632534374485,6.911747300251674,6.848005274576363,6.841615476477592,6.846943139585379,6.835184586147301,6.677083461247136,0.009782029595045927,-0.00838919181026121,0.006147124939908544,-7.247194351860387e-4,-0.0030375311471848576,1.7729160472157446e-5,1.9234224323128046e-4,0.00213388273444437,0.003521469432268276,0.005076495327761776,8.916013667743528e-4,0.0026511830228237443,-0.006729526792602414,-0.007553682920434568,-0.0060514011031829185,-0.002377315147401582,-0.022370425368335667,0.009744260637265079,0.00370916852173675,0.00550441803544377,0.0011527561592989954,0.0061045740471854515,-0.002249433126966238,0.006033731670845199,2.5924702454638293e-4,5.939440200428692e-4,-0.0028860122092009277,-0.00189140581876579,-0.0023148706358480098,-5.224489707327251e-4,-0.0020075719652394852,0.0019635097711665495,-0.008231117822907308,0.0015596672384310395,-0.0010327978796649262,0.0012436169727081392,-0.03535735389634542,0.024105261638451836,-0.040361017062647164,0.046119402497653894,0.0752224949003848,0.0023185233443090425,-0.0010435756670537089,0.0014847871426741932,-0.004870473799226005,5.254667358443044e-4,-3.1678843113081e-4,6.142844248104851e-4,-0.021193735564570382,-0.018726976245384108,-0.030733923377415096,0.05120930567698334,-0.06252471137743587,-0.051793461382509065,0,-0.020000000000000004,-0.009999999999999981,0,0.010000000000000009,0,-0.02,0.010000000000000002,-0.010000000000000009,-0.01999999999999999,0.009999999999999995,0,0.06999999999999984,0.3699999999999999,-0.020000000000000018,0.07000000000000006,0.040000000000000036,-0.17999999999999994,0.09999999999999964,0.37999999999999945,0.03000000000000025,0.1499999999999999,0.010000000000000231,-0.1599999999999997,0.04999999999999982,0.45999999999999996,0,0.1200000000000001,-0.07000000000000028,-0.05000000000000071,0.010175051893412501,-0.012932074499374835,0.025151988284480176,0.019725149615092086,0.028081806770415163,-0.013352295190864893,14.9695,17.1448,13.0279,17.5331,15.4389,21.0661,-4.599999999999994,-0.4000000000000057,1,-9.799999999999997,4,-6.099999999999994,2.79,2.25,1.8699999999999999,1.65,1.6099999999999999,1.53,0.8300000000000001,0.9200000000000008,0.9199999999999995,0.98,1.3499999999999996,1.3799999999999994
2013 Q4,0.0022489105920087127,0.004112458405774788,8.15175303436888e-6,0.003489425286923975,0.02450443143005998,0.007479549683454323,9.067386781316245e-4,0.0030022846594235375,-2.017303992136732e-4,0.001282253341953421,4.070004126184301e-4,0.00140918722321981,0.0020086317141130294,0.005071694571082475,0.0020727838311218605,0.004020487651326121,0.0023667469005932418,-7.33960055224081e-4,-0.0038103511302036708,0.0034686674429007525,-0.0031094861898832704,-0.00539819784006923,0.00369666068906227,0.0015053226149106536,0.005441331911924863,8.612539950583198e-4,0.0030542696325319696,-0.007101353092847873,0.0034590400884990657,0.007970201430481438,-0.20000000000000018,0,0,-0.20000000000000018,0.20000000000000018,-0.2999999999999998,0.05281559640173228,-0.05994998440844057,-0.00909950670972215,-0.0034052246298390543,-0.1112622859559469,0.02264847487234789,4.150148045098945e-4,0.0012798620958882623,0.0013510836422714334,0.0010618138841689273,0.0018451351849684272,0.0013315729776177676,41.9,41.8,41.8,41.9,41.7,41.5,6.90975328164481,6.745236349484363,6.732210706467206,6.917705609835305,6.883462586413092,6.741700694652055,6.912742820493176,6.911747300251674,6.848005274576363,6.841615476477592,6.846943139585379,6.835184586147301,0.010441749357979369,0.009782029595045927,-0.00838919181026121,0.006147124939908544,-7.247194351860387e-4,-0.0030375311471848576,0.0051088560050107645,1.9234224323128046e-4,0.00213388273444437,0.003521469432268276,0.005076495327761776,8.916013667743528e-4,-0.017259626775967263,-0.006729526792602414,-0.007553682920434568,-0.0060514011031829185,-0.002377315147401582,-0.022370425368335667,0.003953439261513481,0.00370916852173675,0.00550441803544377,0.0011527561592989954,0.0061045740471854515,-0.002249433126966238,-0.001902594803308233,2.5924702454638293e-4,5.939440200428692e-4,-0.0028860122092009277,-0.00189140581876579,-0.0023148706358480098,7.97889047788658e-4,-0.0020075719652394852,0.0019635097711665495,-0.008231117822907308,0.0015596672384310395,-0.0010327978796649262,0.02371979152865311,-0.03535735389634542,0.024105261638451836,-0.040361017062647164,0.046119402497653894,0.0752224949003848,2.571245329345828e-4,-0.0010435756670537089,0.0014847871426741932,-0.004870473799226005,5.254667358443044e-4,-3.1678843113081e-4,0.10813186076946657,-0.021193735564570382,-0.018726976245384108,-0.030733923377415096,0.05120930567698334,-0.06252471137743587,0.009999999999999995,0,-0.020000000000000004,-0.009999999999999981,0,0.010000000000000009,0,-0.02,0.010000000000000002,-0.010000000000000009,-0.01999999999999999,0.009999999999999995,0.17999999999999972,0.06999999999999984,0.3699999999999999,-0.020000000000000018,0.07000000000000006,0.040000000000000036,-0.009999999999999787,0.09999999999999964,0.37999999999999945,0.03000000000000025,0.1499999999999999,0.010000000000000231,0,0.04999999999999982,0.45999999999999996,0,0.1200000000000001,-0.07000000000000028,0.013499419774476884,0.010175051893412501,-0.012932074499374835,0.025151988284480176,0.019725149615092086,0.028081806770415163,14.0258,14.9695,17.1448,13.0279,17.5331,15.4389,7.400000000000006,-4.599999999999994,-0.4000000000000057,1,-9.799999999999997,4,2.83,2.79,2.25,1.8699999999999999,1.65,1.6099999999999999,0.7599999999999998,0.8300000000000001,0.9200000000000008,0.9199999999999995,0.98,1.3499999999999996
2014 Q1,0.005198986293775576,0.0022489105920087127,0.004112458405774788,8.15175303436888e-6,0.003489425286923975,0.02450443143005998,0.005702035373285064,9.067386781316245e-4,0.0030022846594235375,-2.017303992136732e-4,0.001282253341953421,4.070004126184301e-4,0.009638605074811402,0.0020086317141130294,0.005071694571082475,0.0020727838311218605,0.004020487651326121,0.0023667469005932418,0.008073119151754682,-0.0038103511302036708,0.0034686674429007525,-0.0031094861898832704,-0.00539819784006923,0.00369666068906227,0.01072607500936762,0.005441331911924863,8.612539950583198e-4,0.0030542696325319696,-0.007101353092847873,0.0034590400884990657,0,-0.20000000000000018,0,0,-0.20000000000000018,0.20000000000000018,-0.04343539903177174,0.05281559640173228,-0.05994998440844057,-0.00909950670972215,-0.0034052246298390543,-0.1112622859559469,0.001980435690111193,4.150148045098945e-4,0.0012798620958882623,0.0013510836422714334,0.0010618138841689273,0.0018451351849684272,42,41.9,41.8,41.8,41.9,41.7,6.877296071497429,6.90975328164481,6.745236349484363,6.732210706467206,6.917705609835305,6.883462586413092,6.9726062513017535,6.912742820493176,6.911747300251674,6.848005274576363,6.841615476477592,6.846943139585379,0.0010570073659303958,0.010441749357979369,0.009782029595045927,-0.00838919181026121,0.006147124939908544,-7.247194351860387e-4,-0.002687396062048819,0.0051088560050107645,1.9234224323128046e-4,0.00213388273444437,0.003521469432268276,0.005076495327761776,-0.014143650484534476,-0.017259626775967263,-0.006729526792602414,-0.007553682920434568,-0.0060514011031829185,-0.002377315147401582,-0.012163953345549317,0.003953439261513481,0.00370916852173675,0.00550441803544377,0.0011527561592989954,0.0061045740471854515,-1.9250535692094672e-4,-0.001902594803308233,2.5924702454638293e-4,5.939440200428692e-4,-0.0028860122092009277,-0.00189140581876579,9.397999325484463e-4,7.97889047788658e-4,-0.0020075719652394852,0.0019635097711665495,-0.008231117822907308,0.0015596672384310395,0.002046001940594344,0.02371979152865311,-0.03535735389634542,0.024105261638451836,-0.040361017062647164,0.046119402497653894,0.0011262663752100721,2.571245329345828e-4,-0.0010435756670537089,0.0014847871426741932,-0.004870473799226005,5.254667358443044e-4,-0.06366627146869863,0.10813186076946657,-0.021193735564570382,-0.018726976245384108,-0.030733923377415096,0.05120930567698334,0.009999999999999995,0.009999999999999995,0,-0.020000000000000004,-0.009999999999999981,0,0,0,-0.02,0.010000000000000002,-0.010000000000000009,-0.01999999999999999,0.010000000000000231,0.17999999999999972,0.06999999999999984,0.3699999999999999,-0.020000000000000018,0.07000000000000006,-0.07000000000000028,-0.009999999999999787,0.09999999999999964,0.37999999999999945,0.03000000000000025,0.1499999999999999,-0.040000000000000036,0,0.04999999999999982,0.45999999999999996,0,0.1200000000000001,0.025258368891180716,0.013499419774476884,0.010175051893412501,-0.012932074499374835,0.025151988284480176,0.019725149615092086,15.0074,14.0258,14.9695,17.1448,13.0279,17.5331,-1.5999999999999943,7.400000000000006,-4.599999999999994,-0.4000000000000057,1,-9.799999999999997,2.6700000000000004,2.83,2.79,2.25,1.8699999999999999,1.65,0.6799999999999997,0.7599999999999998,0.8300000000000001,0.9200000000000008,0.9199999999999995,0.98
2014 Q2,0.0037101605488807365,0.005198986293775576,0.0022489105920087127,0.004112458405774788,8.15175303436888e-6,0.003489425286923975,0.0035039304937027893,0.005702035373285064,9.067386781316245e-4,0.0030022846594235375,-2.017303992136732e-4,0.001282253341953421,0.0034263137889523065,0.009638605074811402,0.0020086317141130294,0.005071694571082475,0.0020727838311218605,0.004020487651326121,-1.3474805833268988e-4,0.008073119151754682,-0.0038103511302036708,0.0034686674429007525,-0.0031094861898832704,-0.00539819784006923,0.002464977266155799,0.01072607500936762,0.005441331911924863,8.612539950583198e-4,0.0030542696325319696,-0.007101353092847873,-0.20000000000000018,0,-0.20000000000000018,0,0,-0.20000000000000018,-9.564802259554028e-4,-0.04343539903177174,0.05281559640173228,-0.05994998440844057,-0.00909950670972215,-0.0034052246298390543,0.0024300472368903314,0.001980435690111193,4.150148045098945e-4,0.0012798620958882623,0.0013510836422714334,0.0010618138841689273,42.1,42,41.9,41.8,41.8,41.9,6.814542897259958,6.877296071497429,6.90975328164481,6.745236349484363,6.732210706467206,6.917705609835305,6.917705609835305,6.9726062513017535,6.912742820493176,6.911747300251674,6.848005274576363,6.841615476477592,0.00739472622405124,0.0010570073659303958,0.010441749357979369,0.009782029595045927,-0.00838919181026121,0.006147124939908544,-8.491114035305003e-4,-0.002687396062048819,0.0051088560050107645,1.9234224323128046e-4,0.00213388273444437,0.003521469432268276,0.014362073601668968,-0.014143650484534476,-0.017259626775967263,-0.006729526792602414,-0.007553682920434568,-0.0060514011031829185,3.0750630814413427e-4,-0.012163953345549317,0.003953439261513481,0.00370916852173675,0.00550441803544377,0.0011527561592989954,6.612788357376331e-4,-1.9250535692094672e-4,-0.001902594803308233,2.5924702454638293e-4,5.939440200428692e-4,-0.0028860122092009277,-5.80937202943943e-4,9.397999325484463e-4,7.97889047788658e-4,-0.0020075719652394852,0.0019635097711665495,-0.008231117822907308,0.009150009721015984,0.002046001940594344,0.02371979152865311,-0.03535735389634542,0.024105261638451836,-0.040361017062647164,-5.578112735404872e-4,0.0011262663752100721,2.571245329345828e-4,-0.0010435756670537089,0.0014847871426741932,-0.004870473799226005,0.033642921608786125,-0.06366627146869863,0.10813186076946657,-0.021193735564570382,-0.018726976245384108,-0.030733923377415096,0.010000000000000009,0.009999999999999995,0.009999999999999995,0,-0.020000000000000004,-0.009999999999999981,0.010000000000000002,0,0,-0.02,0.010000000000000002,-0.010000000000000009,0.040000000000000036,0.010000000000000231,0.17999999999999972,0.06999999999999984,0.3699999999999999,-0.020000000000000018,0.08999999999999986,-0.07000000000000028,-0.009999999999999787,0.09999999999999964,0.37999999999999945,0.03000000000000025,0.040000000000000036,-0.040000000000000036,0,0.04999999999999982,0.45999999999999996,0,0.02988082173855222,0.025258368891180716,0.013499419774476884,0.010175051893412501,-0.012932074499374835,0.025151988284480176,11.4496,15.0074,14.0258,14.9695,17.1448,13.0279,0.5999999999999943,-1.5999999999999943,7.400000000000006,-4.599999999999994,-0.4000000000000057,1,2.56,2.6700000000000004,2.83,2.79,2.25,1.8699999999999999,0.5499999999999998,0.6799999999999997,0.7599999999999998,0.8300000000000001,0.9200000000000008,0.9199999999999995
2014 Q3,0.003471154923483155,0.0037101605488807365,0.005198986293775576,0.0022489105920087127,0.004112458405774788,8.15175303436888e-6,2.915467656263715e-4,0.0035039304937027893,0.005702035373285064,9.067386781316245e-4,0.0030022846594235375,-2.017303992136732e-4,0.0028693197501494794,0.0034263137889523065,0.009638605074811402,0.0020086317141130294,0.005071694571082475,0.0020727838311218605,-2.1097935069569473e-4,-1.3474805833268988e-4,0.008073119151754682,-0.0038103511302036708,0.0034686674429007525,-0.0031094861898832704,-0.002762407045596049,0.002464977266155799,0.01072607500936762,0.005441331911924863,8.612539950583198e-4,0.0030542696325319696,-0.1999999999999993,-0.20000000000000018,0,-0.20000000000000018,0,0,-0.023451661035050364,-9.564802259554028e-4,-0.04343539903177174,0.05281559640173228,-0.05994998440844057,-0.00909950670972215,0.0021087974762732387,0.0024300472368903314,0.001980435690111193,4.150148045098945e-4,0.0012798620958882623,0.0013510836422714334,42.1,42.1,42,41.9,41.8,41.8,6.930494765951626,6.814542897259958,6.877296071497429,6.90975328164481,6.745236349484363,6.732210706467206,6.981934677156389,6.917705609835305,6.9726062513017535,6.912742820493176,6.911747300251674,6.848005274576363,0.04416251599433796,0.00739472622405124,0.0010570073659303958,0.010441749357979369,0.009782029595045927,-0.00838919181026121,0.0014832794016399475,-8.491114035305003e-4,-0.002687396062048819,0.0051088560050107645,1.9234224323128046e-4,0.00213388273444437,-0.027656521094558073,0.014362073601668968,-0.014143650484534476,-0.017259626775967263,-0.006729526792602414,-0.007553682920434568,-0.0017540855151514378,3.0750630814413427e-4,-0.012163953345549317,0.003953439261513481,0.00370916852173675,0.00550441803544377,9.144130491023361e-6,6.612788357376331e-4,-1.9250535692094672e-4,-0.001902594803308233,2.5924702454638293e-4,5.939440200428692e-4,2.3160259124743732e-4,-5.80937202943943e-4,9.397999325484463e-4,7.97889047788658e-4,-0.0020075719652394852,0.0019635097711665495,-0.019287141962839982,0.009150009721015984,0.002046001940594344,0.02371979152865311,-0.03535735389634542,0.024105261638451836,4.7231257757474054e-4,-5.578112735404872e-4,0.0011262663752100721,2.571245329345828e-4,-0.0010435756670537089,0.0014847871426741932,0.03538095167838229,0.033642921608786125,-0.06366627146869863,0.10813186076946657,-0.021193735564570382,-0.018726976245384108,0,0.010000000000000009,0.009999999999999995,0.009999999999999995,0,-0.020000000000000004,-0.009999999999999998,0.010000000000000002,0,0,-0.02,0.010000000000000002,0.10999999999999988,0.040000000000000036,0.010000000000000231,0.17999999999999972,0.06999999999999984,0.3699999999999999,0.03000000000000025,0.08999999999999986,-0.07000000000000028,-0.009999999999999787,0.09999999999999964,0.37999999999999945,0.10999999999999943,0.040000000000000036,-0.040000000000000036,0,0.04999999999999982,0.45999999999999996,0.01603165751778679,0.02988082173855222,0.025258368891180716,0.013499419774476884,0.010175051893412501,-0.012932074499374835,13.4618,11.4496,15.0074,14.0258,14.9695,17.1448,2.0999999999999943,0.5999999999999943,-1.5999999999999943,7.400000000000006,-4.599999999999994,-0.4000000000000057,2.51,2.56,2.6700000000000004,2.83,2.79,2.25,0.6899999999999995,0.5499999999999998,0.6799999999999997,0.7599999999999998,0.8300000000000001,0.9200000000000008
2014 Q4,0.006836247823734709,0.003471154923483155,0.0037101605488807365,0.005198986293775576,0.0022489105920087127,0.004112458405774788,0.0027675836586356084,2.915467656263715e-4,0.0035039304937027893,0.005702035373285064,9.067386781316245e-4,0.0030022846594235375,-7.906777172816959e-5,0.0028693197501494794,0.0034263137889523065,0.009638605074811402,0.0020086317141130294,0.005071694571082475,0.00571289315603174,-2.1097935069569473e-4,-1.3474805833268988e-4,0.008073119151754682,-0.0038103511302036708,0.0034686674429007525,-0.006957674006367043,-0.002762407045596049,0.002464977266155799,0.01072607500936762,0.005441331911924863,8.612539950583198e-4,-0.20000000000000018,-0.1999999999999993,-0.20000000000000018,0,-0.20000000000000018,0,-0.024649746568117692,-0.023451661035050364,-9.564802259554028e-4,-0.04343539903177174,0.05281559640173228,-0.05994998440844057,0.001953975248547124,0.0021087974762732387,0.0024300472368903314,0.001980435690111193,4.150148045098945e-4,0.0012798620958882623,42.1,42.1,42.1,42,41.9,41.8,6.9782137426306985,6.930494765951626,6.814542897259958,6.877296071497429,6.90975328164481,6.745236349484363,6.977281341630747,6.981934677156389,6.917705609835305,6.9726062513017535,6.912742820493176,6.911747300251674,0.02043157377025473,0.04416251599433796,0.00739472622405124,0.0010570073659303958,0.010441749357979369,0.009782029595045927,0.0036693947560220153,0.0014832794016399475,-8.491114035305003e-4,-0.002687396062048819,0.0051088560050107645,1.9234224323128046e-4,0.07051462705483047,-0.027656521094558073,0.014362073601668968,-0.014143650484534476,-0.017259626775967263,-0.006729526792602414,2.2847935166137034e-4,-0.0017540855151514378,3.0750630814413427e-4,-0.012163953345549317,0.003953439261513481,0.00370916852173675,0.002460192873332545,9.144130491023361e-6,6.612788357376331e-4,-1.9250535692094672e-4,-0.001902594803308233,2.5924702454638293e-4,-0.001204942073582238,2.3160259124743732e-4,-5.80937202943943e-4,9.397999325484463e-4,7.97889047788658e-4,-0.0020075719652394852,-0.0061770912848553294,-0.019287141962839982,0.009150009721015984,0.002046001940594344,0.02371979152865311,-0.03535735389634542,-8.037215478786663e-4,4.7231257757474054e-4,-5.578112735404872e-4,0.0011262663752100721,2.571245329345828e-4,-0.0010435756670537089,-0.13792465632668716,0.03538095167838229,0.033642921608786125,-0.06366627146869863,0.10813186076946657,-0.021193735564570382,0.03,0,0.010000000000000009,0.009999999999999995,0.009999999999999995,0,0.009999999999999998,-0.009999999999999998,0.010000000000000002,0,0,-0.02,-0.1200000000000001,0.10999999999999988,0.040000000000000036,0.010000000000000231,0.17999999999999972,0.06999999999999984,-0.1299999999999999,0.03000000000000025,0.08999999999999986,-0.07000000000000028,-0.009999999999999787,0.09999999999999964,-0.04999999999999982,0.10999999999999943,0.040000000000000036,-0.040000000000000036,0,0.04999999999999982,0.004733055258622443,0.01603165751778679,0.02988082173855222,0.025258368891180716,0.013499419774476884,0.010175051893412501,16.1928,13.4618,11.4496,15.0074,14.0258,14.9695,4.799999999999997,2.0999999999999943,0.5999999999999943,-1.5999999999999943,7.400000000000006,-4.599999999999994,2.18,2.51,2.56,2.6700000000000004,2.83,2.79,0.9500000000000002,0.6899999999999995,0.5499999999999998,0.6799999999999997,0.7599999999999998,0.8300000000000001
2015 Q1,-0.0018345066915586017,0.006836247823734709,0.003471154923483155,0.0037101605488807365,0.005198986293775576,0.0022489105920087127,0.0030010786102012688,0.0027675836586356084,2.915467656263715e-4,0.0035039304937027893,0.005702035373285064,9.067386781316245e-4,-0.0033518725083752088,-7.906777172816959e-5,0.0028693197501494794,0.0034263137889523065,0.009638605074811402,0.0020086317141130294,0.0055356713949628045,0.00571289315603174,-2.1097935069569473e-4,-1.3474805833268988e-4,0.008073119151754682,-0.0038103511302036708,0.015168176158306679,-0.006957674006367043,-0.002762407045596049,0.002464977266155799,0.01072607500936762,0.005441331911924863,-0.09999999999999964,-0.20000000000000018,-0.1999999999999993,-0.20000000000000018,0,-0.20000000000000018,-0.05896624664365824,-0.024649746568117692,-0.023451661035050364,-9.564802259554028e-4,-0.04343539903177174,0.05281559640173228,6.814552171441335e-4,0.001953975248547124,0.0021087974762732387,0.0024300472368903314,0.001980435690111193,4.150148045098945e-4,41.8,42.1,42.1,42.1,42,41.9,6.866933284461882,6.9782137426306985,6.930494765951626,6.814542897259958,6.877296071497429,6.90975328164481,6.977281341630747,6.977281341630747,6.981934677156389,6.917705609835305,6.9726062513017535,6.912742820493176,-0.031240525377680406,0.02043157377025473,0.04416251599433796,0.00739472622405124,0.0010570073659303958,0.010441749357979369,-0.01002779536779208,0.0036693947560220153,0.0014832794016399475,-8.491114035305003e-4,-0.002687396062048819,0.0051088560050107645,0.09327036460499372,0.07051462705483047,-0.027656521094558073,0.014362073601668968,-0.014143650484534476,-0.017259626775967263,0.004930420717473183,2.2847935166137034e-4,-0.0017540855151514378,3.0750630814413427e-4,-0.012163953345549317,0.003953439261513481,9.831939312014981e-4,0.002460192873332545,9.144130491023361e-6,6.612788357376331e-4,-1.9250535692094672e-4,-0.001902594803308233,1.5889270808333578e-4,-0.001204942073582238,2.3160259124743732e-4,-5.80937202943943e-4,9.397999325484463e-4,7.97889047788658e-4,-0.025538039924185796,-0.0061770912848553294,-0.019287141962839982,0.009150009721015984,0.002046001940594344,0.02371979152865311,1.205897716269888e-4,-8.037215478786663e-4,4.7231257757474054e-4,-5.578112735404872e-4,0.0011262663752100721,2.571245329345828e-4,-0.12485098879609247,-0.13792465632668716,0.03538095167838229,0.033642921608786125,-0.06366627146869863,0.10813186076946657,0,0.03,0,0.010000000000000009,0.009999999999999995,0.009999999999999995,0.009999999999999998,0.009999999999999998,-0.009999999999999998,0.010000000000000002,0,0,0.06000000000000005,-0.1200000000000001,0.10999999999999988,0.040000000000000036,0.010000000000000231,0.17999999999999972,0.03000000000000025,-0.1299999999999999,0.03000000000000025,0.08999999999999986,-0.07000000000000028,-0.009999999999999787,0.03000000000000025,-0.04999999999999982,0.10999999999999943,0.040000000000000036,-0.040000000000000036,0,-0.001061941049154136,0.004733055258622443,0.01603165751778679,0.02988082173855222,0.025258368891180716,0.013499419774476884,14.7123,16.1928,13.4618,11.4496,15.0074,14.0258,-2.4000000000000057,4.799999999999997,2.0999999999999943,0.5999999999999943,-1.5999999999999943,7.400000000000006,2.0100000000000002,2.18,2.51,2.56,2.6700000000000004,2.83,0.8999999999999999,0.9500000000000002,0.6899999999999995,0.5499999999999998,0.6799999999999997,0.7599999999999998
2015 Q2,4.1329400854905884e-4,-0.0018345066915586017,0.006836247823734709,0.003471154923483155,0.0037101605488807365,0.005198986293775576,7.057646515269411e-4,0.0030010786102012688,0.0027675836586356084,2.915467656263715e-4,0.0035039304937027893,0.005702035373285064,-0.0031500185136206227,-0.0033518725083752088,-7.906777172816959e-5,0.0028693197501494794,0.0034263137889523065,0.009638605074811402,0.0017223123888658876,0.0055356713949628045,0.00571289315603174,-2.1097935069569473e-4,-1.3474805833268988e-4,0.008073119151754682,1.9638828310242218e-4,0.015168176158306679,-0.006957674006367043,-0.002762407045596049,0.002464977266155799,0.01072607500936762,-0.2999999999999998,-0.09999999999999964,-0.20000000000000018,-0.1999999999999993,-0.20000000000000018,0,-9.12825257358918e-4,-0.05896624664365824,-0.024649746568117692,-0.023451661035050364,-9.564802259554028e-4,-0.04343539903177174,0.001207426880247553,6.814552171441335e-4,0.001953975248547124,0.0021087974762732387,0.0024300472368903314,0.001980435690111193,41.8,41.8,42.1,42.1,42.1,42,7.094234845924755,6.866933284461882,6.9782137426306985,6.930494765951626,6.814542897259958,6.877296071497429,7.229113877793302,6.977281341630747,6.977281341630747,6.981934677156389,6.917705609835305,6.9726062513017535,0.020340041020425303,-0.031240525377680406,0.02043157377025473,0.04416251599433796,0.00739472622405124,0.0010570073659303958,0.0010698826320822974,-0.01002779536779208,0.0036693947560220153,0.0014832794016399475,-8.491114035305003e-4,-0.002687396062048819,0.019897449938772738,0.09327036460499372,0.07051462705483047,-0.027656521094558073,0.014362073601668968,-0.014143650484534476,4.799338572736289e-4,0.004930420717473183,2.2847935166137034e-4,-0.0017540855151514378,3.0750630814413427e-4,-0.012163953345549317,0.0022491292850901345,9.831939312014981e-4,0.002460192873332545,9.144130491023361e-6,6.612788357376331e-4,-1.9250535692094672e-4,-5.282225323384182e-4,1.5889270808333578e-4,-0.001204942073582238,2.3160259124743732e-4,-5.80937202943943e-4,9.397999325484463e-4,-0.05464856937267104,-0.025538039924185796,-0.0061770912848553294,-0.019287141962839982,0.009150009721015984,0.002046001940594344,-4.56837454366088e-4,1.205897716269888e-4,-8.037215478786663e-4,4.7231257757474054e-4,-5.578112735404872e-4,0.0011262663752100721,-0.07558364901872183,-0.12485098879609247,-0.13792465632668716,0.03538095167838229,0.033642921608786125,-0.06366627146869863,0.010000000000000009,0,0.03,0,0.010000000000000009,0.009999999999999995,0,0.009999999999999998,0.009999999999999998,-0.009999999999999998,0.010000000000000002,0,0.1599999999999997,0.06000000000000005,-0.1200000000000001,0.10999999999999988,0.040000000000000036,0.010000000000000231,0.2100000000000004,0.03000000000000025,-0.1299999999999999,0.03000000000000025,0.08999999999999986,-0.07000000000000028,0.2400000000000002,0.03000000000000025,-0.04999999999999982,0.10999999999999943,0.040000000000000036,-0.040000000000000036,-0.006007764025358853,-0.001061941049154136,0.004733055258622443,0.01603165751778679,0.02988082173855222,0.025258368891180716,14.5708,14.7123,16.1928,13.4618,11.4496,15.0074,5.3999999999999915,-2.4000000000000057,4.799999999999997,2.0999999999999943,0.5999999999999943,-1.5999999999999943,2.34,2.0100000000000002,2.18,2.51,2.56,2.6700000000000004,0.9399999999999995,0.8999999999999999,0.9500000000000002,0.6899999999999995,0.5499999999999998,0.6799999999999997
2015 Q3,0.0026647701598516704,4.1329400854905884e-4,-0.0018345066915586017,0.006836247823734709,0.003471154923483155,0.0037101605488807365,5.858843882942111e-4,7.057646515269411e-4,0.0030010786102012688,0.0027675836586356084,2.915467656263715e-4,0.0035039304937027893,-0.002794967313555219,-0.0031500185136206227,-0.0033518725083752088,-7.906777172816959e-5,0.0028693197501494794,0.0034263137889523065,0.009743476678540475,0.0017223123888658876,0.0055356713949628045,0.00571289315603174,-2.1097935069569473e-4,-1.3474805833268988e-4,-0.004495786258528867,1.9638828310242218e-4,0.015168176158306679,-0.006957674006367043,-0.002762407045596049,0.002464977266155799,-0.09999999999999964,-0.2999999999999998,-0.09999999999999964,-0.20000000000000018,-0.1999999999999993,-0.20000000000000018,-0.02092971571013713,-9.12825257358918e-4,-0.05896624664365824,-0.024649746568117692,-0.023451661035050364,-9.564802259554028e-4,0.001054852418487684,0.001207426880247553,6.814552171441335e-4,0.001953975248547124,0.0021087974762732387,0.0024300472368903314,41.8,41.8,41.8,42.1,42.1,42.1,7.1098794630722715,7.094234845924755,6.866933284461882,6.9782137426306985,6.930494765951626,6.814542897259958,7.042286171939743,7.229113877793302,6.977281341630747,6.977281341630747,6.981934677156389,6.917705609835305,0.01470851556745778,0.020340041020425303,-0.031240525377680406,0.02043157377025473,0.04416251599433796,0.00739472622405124,0.001336503755087648,0.0010698826320822974,-0.01002779536779208,0.0036693947560220153,0.0014832794016399475,-8.491114035305003e-4,0.005368428455419405,0.019897449938772738,0.09327036460499372,0.07051462705483047,-0.027656521094558073,0.014362073601668968,-0.0010805480454436633,4.799338572736289e-4,0.004930420717473183,2.2847935166137034e-4,-0.0017540855151514378,3.0750630814413427e-4,0.0033188655572615744,0.0022491292850901345,9.831939312014981e-4,0.002460192873332545,9.144130491023361e-6,6.612788357376331e-4,-0.002245916045929164,-5.282225323384182e-4,1.5889270808333578e-4,-0.001204942073582238,2.3160259124743732e-4,-5.80937202943943e-4,0.05329692493968352,-0.05464856937267104,-0.025538039924185796,-0.0061770912848553294,-0.019287141962839982,0.009150009721015984,-0.001455699006989164,-4.56837454366088e-4,1.205897716269888e-4,-8.037215478786663e-4,4.7231257757474054e-4,-5.578112735404872e-4,0.2307910312190411,-0.07558364901872183,-0.12485098879609247,-0.13792465632668716,0.03538095167838229,0.033642921608786125,0,0.010000000000000009,0,0.03,0,0.010000000000000009,-0.05,0,0.009999999999999998,0.009999999999999998,-0.009999999999999998,0.010000000000000002,0,0.1599999999999997,0.06000000000000005,-0.1200000000000001,0.10999999999999988,0.040000000000000036,0.03000000000000025,0.2100000000000004,0.03000000000000025,-0.1299999999999999,0.03000000000000025,0.08999999999999986,0.14999999999999947,0.2400000000000002,0.03000000000000025,-0.04999999999999982,0.10999999999999943,0.040000000000000036,-0.047413328564345214,-0.006007764025358853,-0.001061941049154136,0.004733055258622443,0.01603165751778679,0.02988082173855222,24.2515,14.5708,14.7123,16.1928,13.4618,11.4496,-4.700000000000003,5.3999999999999915,-2.4000000000000057,4.799999999999997,2.0999999999999943,0.5999999999999943,2.15,2.34,2.0100000000000002,2.18,2.51,2.56,1.2699999999999996,0.9399999999999995,0.8999999999999999,0.9500000000000002,0.6899999999999995,0.5499999999999998
2015 Q4,0.004232817610194672,0.0026647701598516704,4.1329400854905884e-4,-0.0018345066915586017,0.006836247823734709,0.003471154923483155,0.0031566965313816198,5.858843882942111e-4,7.057646515269411e-4,0.0030010786102012688,0.0027675836586356084,2.915467656263715e-4,-0.004916123240685799,-0.002794967313555219,-0.0031500185136206227,-0.0033518725083752088,-7.906777172816959e-5,0.0028693197501494794,-0.0014414801386859466,0.009743476678540475,0.0017223123888658876,0.0055356713949628045,0.00571289315603174,-2.1097935069569473e-4,0.004183803068563918,-0.004495786258528867,1.9638828310242218e-4,0.015168176158306679,-0.006957674006367043,-0.002762407045596049,-0.09999999999999964,-0.09999999999999964,-0.2999999999999998,-0.09999999999999964,-0.20000000000000018,-0.1999999999999993,0.009267906930780612,-0.02092971571013713,-9.12825257358918e-4,-0.05896624664365824,-0.024649746568117692,-0.023451661035050364,0.001881876134723015,0.001054852418487684,0.001207426880247553,6.814552171441335e-4,0.001953975248547124,0.0021087974762732387,41.8,41.8,41.8,41.8,42.1,42.1,7.044032897274685,7.1098794630722715,7.094234845924755,6.866933284461882,6.9782137426306985,6.930494765951626,7.099201743553092,7.042286171939743,7.229113877793302,6.977281341630747,6.977281341630747,6.981934677156389,-0.008356090409472827,0.01470851556745778,0.020340041020425303,-0.031240525377680406,0.02043157377025473,0.04416251599433796,-0.0016708708905888159,0.001336503755087648,0.0010698826320822974,-0.01002779536779208,0.0036693947560220153,0.0014832794016399475,-0.030251782984869635,0.005368428455419405,0.019897449938772738,0.09327036460499372,0.07051462705483047,-0.027656521094558073,-0.005030895196161289,-0.0010805480454436633,4.799338572736289e-4,0.004930420717473183,2.2847935166137034e-4,-0.0017540855151514378,-0.04013221897311681,0.0033188655572615744,0.0022491292850901345,9.831939312014981e-4,0.002460192873332545,9.144130491023361e-6,-0.0022700367528676324,-0.002245916045929164,-5.282225323384182e-4,1.5889270808333578e-4,-0.001204942073582238,2.3160259124743732e-4,0.04098106048128969,0.05329692493968352,-0.05464856937267104,-0.025538039924185796,-0.0061770912848553294,-0.019287141962839982,-0.0014666444926252353,-0.001455699006989164,-4.56837454366088e-4,1.205897716269888e-4,-8.037215478786663e-4,4.7231257757474054e-4,-0.04673011470835142,0.2307910312190411,-0.07558364901872183,-0.12485098879609247,-0.13792465632668716,0.03538095167838229,0.12,0,0.010000000000000009,0,0.03,0,0.11000000000000001,-0.05,0,0.009999999999999998,0.009999999999999998,-0.009999999999999998,-0.019999999999999574,0,0.1599999999999997,0.06000000000000005,-0.1200000000000001,0.10999999999999988,-0.08999999999999941,0.03000000000000025,0.2100000000000004,0.03000000000000025,-0.1299999999999999,0.03000000000000025,0,0.14999999999999947,0.2400000000000002,0.03000000000000025,-0.04999999999999982,0.10999999999999943,-0.01283786707892709,-0.047413328564345214,-0.006007764025358853,-0.001061941049154136,0.004733055258622443,0.01603165751778679,18.3855,24.2515,14.5708,14.7123,16.1928,13.4618,1.2999999999999972,-4.700000000000003,5.3999999999999915,-2.4000000000000057,4.799999999999997,2.0999999999999943,2.0100000000000002,2.15,2.34,2.0100000000000002,2.18,2.51,1.4899999999999998,1.2699999999999996,0.9399999999999995,0.8999999999999999,0.9500000000000002,0.6899999999999995
2016 Q1,-6.245761141698836e-5,0.004232817610194672,0.0026647701598516704,4.1329400854905884e-4,-0.0018345066915586017,0.006836247823734709,-0.003730865577798781,0.0031566965313816198,5.858843882942111e-4,7.057646515269411e-4,0.0030010786102012688,0.0027675836586356084,-0.007447561483016507,-0.004916123240685799,-0.002794967313555219,-0.0031500185136206227,-0.0033518725083752088,-7.906777172816959e-5,4.007970962103258e-4,-0.0014414801386859466,0.009743476678540475,0.0017223123888658876,0.0055356713949628045,0.00571289315603174,-0.0028498063860098455,0.004183803068563918,-0.004495786258528867,1.9638828310242218e-4,0.015168176158306679,-0.006957674006367043,0.09999999999999964,-0.09999999999999964,-0.09999999999999964,-0.2999999999999998,-0.09999999999999964,-0.20000000000000018,-0.013207739167777177,0.009267906930780612,-0.02092971571013713,-9.12825257358918e-4,-0.05896624664365824,-0.024649746568117692,0.001776576830446075,0.001881876134723015,0.001054852418487684,0.001207426880247553,6.814552171441335e-4,0.001953975248547124,41.8,41.8,41.8,41.8,41.8,42.1,7.01301578963963,7.044032897274685,7.1098794630722715,7.094234845924755,6.866933284461882,6.9782137426306985,7.0192966537150445,7.099201743553092,7.042286171939743,7.229113877793302,6.977281341630747,6.977281341630747,-0.006439741244008701,-0.008356090409472827,0.01470851556745778,0.020340041020425303,-0.031240525377680406,0.02043157377025473,-0.001718178770518719,-0.0016708708905888159,0.001336503755087648,0.0010698826320822974,-0.01002779536779208,0.0036693947560220153,-0.014156207558050582,-0.030251782984869635,0.005368428455419405,0.019897449938772738,0.09327036460499372,0.07051462705483047,0.003425357091571435,-0.005030895196161289,-0.0010805480454436633,4.799338572736289e-4,0.004930420717473183,2.2847935166137034e-4,4.8615137252383533e-4,-0.04013221897311681,0.0033188655572615744,0.0022491292850901345,9.831939312014981e-4,0.002460192873332545,0.0044604531351639665,-0.0022700367528676324,-0.002245916045929164,-5.282225323384182e-4,1.5889270808333578e-4,-0.001204942073582238,-0.01043725750796387,0.04098106048128969,0.05329692493968352,-0.05464856937267104,-0.025538039924185796,-0.0061770912848553294,0.0028602836361271144,-0.0014666444926252353,-0.001455699006989164,-4.56837454366088e-4,1.205897716269888e-4,-8.037215478786663e-4,0.2577438236080263,-0.04673011470835142,0.2307910312190411,-0.07558364901872183,-0.12485098879609247,-0.13792465632668716,-0.020000000000000018,0.12,0,0.010000000000000009,0,0.03,-0.020000000000000018,0.11000000000000001,-0.05,0,0.009999999999999998,0.009999999999999998,0.10999999999999988,-0.019999999999999574,0,0.1599999999999997,0.06000000000000005,-0.1200000000000001,-0.14000000000000012,-0.08999999999999941,0.03000000000000025,0.2100000000000004,0.03000000000000025,-0.1299999999999999,-0.20999999999999996,0,0.14999999999999947,0.2400000000000002,0.03000000000000025,-0.04999999999999982,0.060615039528459924,-0.01283786707892709,-0.047413328564345214,-0.006007764025358853,-0.001061941049154136,0.004733055258622443,15.6595,18.3855,24.2515,14.5708,14.7123,16.1928,-0.7000000000000028,1.2999999999999972,-4.700000000000003,5.3999999999999915,-2.4000000000000057,4.799999999999997,1.5999999999999999,2.0100000000000002,2.15,2.34,2.0100000000000002,2.18,1.31,1.4899999999999998,1.2699999999999996,0.9399999999999995,0.8999999999999999,0.9500000000000002
2016 Q2,0.0010482839873660055,-6.245761141698836e-5,0.004232817610194672,0.0026647701598516704,4.1329400854905884e-4,-0.0018345066915586017,0.00443368469490224,-0.003730865577798781,0.0031566965313816198,5.858843882942111e-4,7.057646515269411e-4,0.0030010786102012688,0.004712588491569747,-0.007447561483016507,-0.004916123240685799,-0.002794967313555219,-0.0031500185136206227,-0.0033518725083752088,0.005976452441919022,4.007970962103258e-4,-0.0014414801386859466,0.009743476678540475,0.0017223123888658876,0.0055356713949628045,0.010599310821000074,-0.0028498063860098455,0.004183803068563918,-0.004495786258528867,1.9638828310242218e-4,0.015168176158306679,0.10000000000000053,0.09999999999999964,-0.09999999999999964,-0.09999999999999964,-0.2999999999999998,-0.09999999999999964,-0.034278483455493,-0.013207739167777177,0.009267906930780612,-0.02092971571013713,-9.12825257358918e-4,-0.05896624664365824,0.0017080609333799401,0.001776576830446075,0.001881876134723015,0.001054852418487684,0.001207426880247553,6.814552171441335e-4,41.8,41.8,41.8,41.8,41.8,41.8,7.0925737159746784,7.01301578963963,7.044032897274685,7.1098794630722715,7.094234845924755,6.866933284461882,7.0967213784947605,7.0192966537150445,7.099201743553092,7.042286171939743,7.229113877793302,6.977281341630747,-0.009643678336814787,-0.006439741244008701,-0.008356090409472827,0.01470851556745778,0.020340041020425303,-0.031240525377680406,-5.338037247870631e-4,-0.001718178770518719,-0.0016708708905888159,0.001336503755087648,0.0010698826320822974,-0.01002779536779208,0.006571772839931711,-0.014156207558050582,-0.030251782984869635,0.005368428455419405,0.019897449938772738,0.09327036460499372,-0.005892500541463619,0.003425357091571435,-0.005030895196161289,-0.0010805480454436633,4.799338572736289e-4,0.004930420717473183,-8.302845100480738e-4,4.8615137252383533e-4,-0.04013221897311681,0.0033188655572615744,0.0022491292850901345,9.831939312014981e-4,4.1080564287998556e-4,0.0044604531351639665,-0.0022700367528676324,-0.002245916045929164,-5.282225323384182e-4,1.5889270808333578e-4,0.003503031068535556,-0.01043725750796387,0.04098106048128969,0.05329692493968352,-0.05464856937267104,-0.025538039924185796,1.193944331054908e-4,0.0028602836361271144,-0.0014666444926252353,-0.001455699006989164,-4.56837454366088e-4,1.205897716269888e-4,-0.09355040472809106,0.2577438236080263,-0.04673011470835142,0.2307910312190411,-0.07558364901872183,-0.12485098879609247,0.010000000000000009,-0.020000000000000018,0.12,0,0.010000000000000009,0,0,-0.020000000000000018,0.11000000000000001,-0.05,0,0.009999999999999998,-0.17000000000000015,0.10999999999999988,-0.019999999999999574,0,0.1599999999999997,0.06000000000000005,-0.1499999999999999,-0.14000000000000012,-0.08999999999999941,0.03000000000000025,0.2100000000000004,0.03000000000000025,-0.14999999999999947,-0.20999999999999996,0,0.14999999999999947,0.2400000000000002,0.03000000000000025,0.008839804613195668,0.060615039528459924,-0.01283786707892709,-0.047413328564345214,-0.006007764025358853,-0.001061941049154136,18.5502,15.6595,18.3855,24.2515,14.5708,14.7123,-1.2000000000000028,-0.7000000000000028,1.2999999999999972,-4.700000000000003,5.3999999999999915,-2.4000000000000057,1.3699999999999999,1.5999999999999999,2.0100000000000002,2.15,2.34,2.0100000000000002,1.0300000000000002,1.31,1.4899999999999998,1.2699999999999996,0.9399999999999995,0.8999999999999999
2016 Q3,0.0023537347415807375,0.0010482839873660055,-6.245761141698836e-5,0.004232817610194672,0.0026647701598516704,4.1329400854905884e-4,0.002667635819674885,0.00443368469490224,-0.003730865577798781,0.0031566965313816198,5.858843882942111e-4,7.057646515269411e-4,-0.0010556910872727698,0.004712588491569747,-0.007447561483016507,-0.004916123240685799,-0.002794967313555219,-0.0031500185136206227,0.0014181466242124685,0.005976452441919022,4.007970962103258e-4,-0.0014414801386859466,0.009743476678540475,0.0017223123888658876,0.006888162587934232,0.010599310821000074,-0.0028498063860098455,0.004183803068563918,-0.004495786258528867,1.9638828310242218e-4,0.09999999999999964,0.10000000000000053,0.09999999999999964,-0.09999999999999964,-0.09999999999999964,-0.2999999999999998,-0.0466103784416223,-0.034278483455493,-0.013207739167777177,0.009267906930780612,-0.02092971571013713,-9.12825257358918e-4,0.002106143464530419,0.0017080609333799401,0.001776576830446075,0.001881876134723015,0.001054852418487684,0.001207426880247553,41.9,41.8,41.8,41.8,41.8,41.8,6.97354301952014,7.0925737159746784,7.01301578963963,7.044032897274685,7.1098794630722715,7.094234845924755,7.172424577124845,7.0967213784947605,7.0192966537150445,7.099201743553092,7.042286171939743,7.229113877793302,-0.01831414232095696,-0.009643678336814787,-0.006439741244008701,-0.008356090409472827,0.01470851556745778,0.020340041020425303,-0.0018895537240659621,-5.338037247870631e-4,-0.001718178770518719,-0.0016708708905888159,0.001336503755087648,0.0010698826320822974,-0.03304568476396952,0.006571772839931711,-0.014156207558050582,-0.030251782984869635,0.005368428455419405,0.019897449938772738,0.012318828656036729,-0.005892500541463619,0.003425357091571435,-0.005030895196161289,-0.0010805480454436633,4.799338572736289e-4,-3.0690198149407877e-4,-8.302845100480738e-4,4.8615137252383533e-4,-0.04013221897311681,0.0033188655572615744,0.0022491292850901345,7.722611045837269e-4,4.1080564287998556e-4,0.0044604531351639665,-0.0022700367528676324,-0.002245916045929164,-5.282225323384182e-4,-0.005768965230544154,0.003503031068535556,-0.01043725750796387,0.04098106048128969,0.05329692493968352,-0.05464856937267104,5.049533004202189e-4,1.193944331054908e-4,0.0028602836361271144,-0.0014666444926252353,-0.001455699006989164,-4.56837454366088e-4,0.008667160668677898,-0.09355040472809106,0.2577438236080263,-0.04673011470835142,0.2307910312190411,-0.07558364901872183,0,0.010000000000000009,-0.020000000000000018,0.12,0,0.010000000000000009,-0.010000000000000009,0,-0.020000000000000018,0.11000000000000001,-0.05,0,0.06999999999999984,-0.17000000000000015,0.10999999999999988,-0.019999999999999574,0,0.1599999999999997,0.0900000000000003,-0.1499999999999999,-0.14000000000000012,-0.08999999999999941,0.03000000000000025,0.2100000000000004,0.0699999999999994,-0.14999999999999947,-0.20999999999999996,0,0.14999999999999947,0.2400000000000002,-0.009130039869454265,0.008839804613195668,0.060615039528459924,-0.01283786707892709,-0.047413328564345214,-0.006007764025358853,14.1336,18.5502,15.6595,18.3855,24.2515,14.5708,1.4000000000000057,-1.2000000000000028,-0.7000000000000028,1.2999999999999972,-4.700000000000003,5.3999999999999915,1.3399999999999999,1.3699999999999999,1.5999999999999999,2.0100000000000002,2.15,2.34,0.8999999999999995,1.0300000000000002,1.31,1.4899999999999998,1.2699999999999996,0.9399999999999995
2016 Q4,0.0029248240444506024,0.0023537347415807375,0.0010482839873660055,-6.245761141698836e-5,0.004232817610194672,0.0026647701598516704,0.007009730536254644,0.002667635819674885,0.00443368469490224,-0.003730865577798781,0.0031566965313816198,5.858843882942111e-4,0.0068125945893555695,-0.0010556910872727698,0.004712588491569747,-0.007447561483016507,-0.004916123240685799,-0.002794967313555219,0.012117947661518969,0.0014181466242124685,0.005976452441919022,4.007970962103258e-4,-0.0014414801386859466,0.009743476678540475,0.011855193124004515,0.006888162587934232,0.010599310821000074,-0.0028498063860098455,0.004183803068563918,-0.004495786258528867,0,0.09999999999999964,0.10000000000000053,0.09999999999999964,-0.09999999999999964,-0.09999999999999964,0.02590766450354387,-0.0466103784416223,-0.034278483455493,-0.013207739167777177,0.009267906930780612,-0.02092971571013713,0.0015485685720744158,0.002106143464530419,0.0017080609333799401,0.001776576830446075,0.001881876134723015,0.001054852418487684,41.9,41.9,41.8,41.8,41.8,41.8,7.132497551660044,6.97354301952014,7.0925737159746784,7.01301578963963,7.044032897274685,7.1098794630722715,7.129297548929373,7.172424577124845,7.0967213784947605,7.0192966537150445,7.099201743553092,7.042286171939743,-0.00502960636984362,-0.01831414232095696,-0.009643678336814787,-0.006439741244008701,-0.008356090409472827,0.01470851556745778,-0.0021685675899032475,-0.0018895537240659621,-5.338037247870631e-4,-0.001718178770518719,-0.0016708708905888159,0.001336503755087648,-0.04345041649193426,-0.03304568476396952,0.006571772839931711,-0.014156207558050582,-0.030251782984869635,0.005368428455419405,-0.004301382009637145,0.012318828656036729,-0.005892500541463619,0.003425357091571435,-0.005030895196161289,-0.0010805480454436633,7.299118327530607e-5,-3.0690198149407877e-4,-8.302845100480738e-4,4.8615137252383533e-4,-0.04013221897311681,0.0033188655572615744,0.0013430876020397164,7.722611045837269e-4,4.1080564287998556e-4,0.0044604531351639665,-0.0022700367528676324,-0.002245916045929164,-0.042467859717473466,-0.005768965230544154,0.003503031068535556,-0.01043725750796387,0.04098106048128969,0.05329692493968352,0.0013836923264562984,5.049533004202189e-4,1.193944331054908e-4,0.0028602836361271144,-0.0014666444926252353,-0.001455699006989164,0.21583464375649797,0.008667160668677898,-0.09355040472809106,0.2577438236080263,-0.04673011470835142,0.2307910312190411,0.13000000000000006,0,0.010000000000000009,-0.020000000000000018,0.12,0,0.06,-0.010000000000000009,0,-0.020000000000000018,0.11000000000000001,-0.05,0.3500000000000001,0.06999999999999984,-0.17000000000000015,0.10999999999999988,-0.019999999999999574,0,0.19999999999999973,0.0900000000000003,-0.1499999999999999,-0.14000000000000012,-0.08999999999999941,0.03000000000000025,0.1200000000000001,0.0699999999999994,-0.14999999999999947,-0.20999999999999996,0,0.14999999999999947,0.037015573142006986,-0.009130039869454265,0.008839804613195668,0.060615039528459924,-0.01283786707892709,-0.047413328564345214,12.3985,14.1336,18.5502,15.6595,18.3855,24.2515,4.400000000000006,1.4000000000000057,-1.2000000000000028,-0.7000000000000028,1.2999999999999972,-4.700000000000003,1.9800000000000002,1.3399999999999999,1.3699999999999999,1.5999999999999999,2.0100000000000002,2.15,0.7700000000000005,0.8999999999999995,1.0300000000000002,1.31,1.4899999999999998,1.2699999999999996
2017 Q1,0.0036590533893789967,0.0029248240444506024,0.0023537347415807375,0.0010482839873660055,-6.245761141698836e-5,0.004232817610194672,0.0044293620592696925,0.007009730536254644,0.002667635819674885,0.00443368469490224,-0.003730865577798781,0.0031566965313816198,0.006577241165916625,0.0068125945893555695,-0.0010556910872727698,0.004712588491569747,-0.007447561483016507,-0.004916123240685799,-0.002097537705445518,0.012117947661518969,0.0014181466242124685,0.005976452441919022,4.007970962103258e-4,-0.0014414801386859466,-0.0013147148639571782,0.011855193124004515,0.006888162587934232,0.010599310821000074,-0.0028498063860098455,0.004183803068563918,-0.1999999999999993,0,0.09999999999999964,0.10000000000000053,0.09999999999999964,-0.09999999999999964,0.015086493033379611,0.02590766450354387,-0.0466103784416223,-0.034278483455493,-0.013207739167777177,0.009267906930780612,8.29286895106307e-4,0.0015485685720744158,0.002106143464530419,0.0017080609333799401,0.001776576830446075,0.001881876134723015,41.8,41.9,41.9,41.8,41.8,41.8,7.081708586105575,7.132497551660044,6.97354301952014,7.0925737159746784,7.01301578963963,7.044032897274685,7.148345743900068,7.129297548929373,7.172424577124845,7.0967213784947605,7.0192966537150445,7.099201743553092,0.010198738891403991,-0.00502960636984362,-0.01831414232095696,-0.009643678336814787,-0.006439741244008701,-0.008356090409472827,-4.195074386217357e-4,-0.0021685675899032475,-0.0018895537240659621,-5.338037247870631e-4,-0.001718178770518719,-0.0016708708905888159,-0.012199519662130953,-0.04345041649193426,-0.03304568476396952,0.006571772839931711,-0.014156207558050582,-0.030251782984869635,-0.008736582526283065,-0.004301382009637145,0.012318828656036729,-0.005892500541463619,0.003425357091571435,-0.005030895196161289,-2.765783402836064e-5,7.299118327530607e-5,-3.0690198149407877e-4,-8.302845100480738e-4,4.8615137252383533e-4,-0.04013221897311681,-0.002058701222171777,0.0013430876020397164,7.722611045837269e-4,4.1080564287998556e-4,0.0044604531351639665,-0.0022700367528676324,-0.03743696363815552,-0.042467859717473466,-0.005768965230544154,0.003503031068535556,-0.01043725750796387,0.04098106048128969,-0.0018687832640189583,0.0013836923264562984,5.049533004202189e-4,1.193944331054908e-4,0.0028602836361271144,-0.0014666444926252353,-0.09889591307805556,0.21583464375649797,0.008667160668677898,-0.09355040472809106,0.2577438236080263,-0.04673011470835142,0.13,0.13000000000000006,0,0.010000000000000009,-0.020000000000000018,0.12,0.21999999999999997,0.06,-0.010000000000000009,0,-0.020000000000000018,0.11000000000000001,0.06000000000000005,0.3500000000000001,0.06999999999999984,-0.17000000000000015,0.10999999999999988,-0.019999999999999574,0.05999999999999961,0.19999999999999973,0.0900000000000003,-0.1499999999999999,-0.14000000000000012,-0.08999999999999941,0.040000000000000036,0.1200000000000001,0.0699999999999994,-0.14999999999999947,-0.20999999999999996,0,0.006865059565405396,0.037015573142006986,-0.009130039869454265,0.008839804613195668,0.060615039528459924,-0.01283786707892709,11.7747,12.3985,14.1336,18.5502,15.6595,18.3855,0.6000000000000085,4.400000000000006,1.4000000000000057,-1.2000000000000028,-0.7000000000000028,1.2999999999999972,1.74,1.9800000000000002,1.3399999999999999,1.3699999999999999,1.5999999999999999,2.0100000000000002,0.6699999999999999,0.7700000000000005,0.8999999999999995,1.0300000000000002,1.31,1.4899999999999998
2017 Q2,0.0010136154217175175,0.0036590533893789967,0.0029248240444506024,0.0023537347415807375,0.0010482839873660055,-6.245761141698836e-5,0.003193222643862903,0.0044293620592696925,0.007009730536254644,0.002667635819674885,0.00443368469490224,-0.003730865577798781,0.0020579802852100926,0.006577241165916625,0.0068125945893555695,-0.0010556910872727698,0.004712588491569747,-0.007447561483016507,0.0033100709989550836,-0.002097537705445518,0.012117947661518969,0.0014181466242124685,0.005976452441919022,4.007970962103258e-4,0.0051213410149717475,-0.0013147148639571782,0.011855193124004515,0.006888162587934232,0.010599310821000074,-0.0028498063860098455,-0.10000000000000053,-0.1999999999999993,0,0.09999999999999964,0.10000000000000053,0.09999999999999964,0.036965194233470555,0.015086493033379611,0.02590766450354387,-0.0466103784416223,-0.034278483455493,-0.013207739167777177,0.0013858407545637164,8.29286895106307e-4,0.0015485685720744158,0.002106143464530419,0.0017080609333799401,0.001776576830446075,42,41.8,41.9,41.9,41.8,41.8,7.130098510125578,7.081708586105575,7.132497551660044,6.97354301952014,7.0925737159746784,7.01301578963963,7.210079628170788,7.148345743900068,7.129297548929373,7.172424577124845,7.0967213784947605,7.0192966537150445,-0.01597158930850462,0.010198738891403991,-0.00502960636984362,-0.01831414232095696,-0.009643678336814787,-0.006439741244008701,-0.002247090088921766,-4.195074386217357e-4,-0.0021685675899032475,-0.0018895537240659621,-5.338037247870631e-4,-0.001718178770518719,0.00937585157482701,-0.012199519662130953,-0.04345041649193426,-0.03304568476396952,0.006571772839931711,-0.014156207558050582,-0.0014720216403043551,-0.008736582526283065,-0.004301382009637145,0.012318828656036729,-0.005892500541463619,0.003425357091571435,6.631315832077433e-4,-2.765783402836064e-5,7.299118327530607e-5,-3.0690198149407877e-4,-8.302845100480738e-4,4.8615137252383533e-4,0.0014256940796917306,-0.002058701222171777,0.0013430876020397164,7.722611045837269e-4,4.1080564287998556e-4,0.0044604531351639665,0.019831260625249314,-0.03743696363815552,-0.042467859717473466,-0.005768965230544154,0.003503031068535556,-0.01043725750796387,0.0012736036144485041,-0.0018687832640189583,0.0013836923264562984,5.049533004202189e-4,1.193944331054908e-4,0.0028602836361271144,-0.018646760668923346,-0.09889591307805556,0.21583464375649797,0.008667160668677898,-0.09355040472809106,0.2577438236080263,0.13,0.13,0.13000000000000006,0,0.010000000000000009,-0.020000000000000018,0.08999999999999997,0.21999999999999997,0.06,-0.010000000000000009,0,-0.020000000000000018,-0.10999999999999988,0.06000000000000005,0.3500000000000001,0.06999999999999984,-0.17000000000000015,0.10999999999999988,-0.16999999999999993,0.05999999999999961,0.19999999999999973,0.0900000000000003,-0.1499999999999999,-0.14000000000000012,-0.17999999999999972,0.040000000000000036,0.1200000000000001,0.0699999999999994,-0.14999999999999947,-0.20999999999999996,0.016002528120612425,0.006865059565405396,0.037015573142006986,-0.009130039869454265,0.008839804613195668,0.060615039528459924,10.4414,11.7747,12.3985,14.1336,18.5502,15.6595,-2.0999999999999943,0.6000000000000085,4.400000000000006,1.4000000000000057,-1.2000000000000028,-0.7000000000000028,1.21,1.74,1.9800000000000002,1.3399999999999999,1.3699999999999999,1.5999999999999999,0.69,0.6699999999999999,0.7700000000000005,0.8999999999999995,1.0300000000000002,1.31
2017 Q3,0.002720869854007546,0.0010136154217175175,0.0036590533893789967,0.0029248240444506024,0.0023537347415807375,0.0010482839873660055,0.005454658698304193,0.003193222643862903,0.0044293620592696925,0.007009730536254644,0.002667635819674885,0.00443368469490224,0.001031641609603895,0.0020579802852100926,0.006577241165916625,0.0068125945893555695,-0.0010556910872727698,0.004712588491569747,0.004839165576218107,0.0033100709989550836,-0.002097537705445518,0.012117947661518969,0.0014181466242124685,0.005976452441919022,0.02060930247149173,0.0051213410149717475,-0.0013147148639571782,0.011855193124004515,0.006888162587934232,0.010599310821000074,-0.10000000000000053,-0.10000000000000053,-0.1999999999999993,0,0.09999999999999964,0.10000000000000053,0.09485140106525947,0.036965194233470555,0.015086493033379611,0.02590766450354387,-0.0466103784416223,-0.034278483455493,5.98790189567211e-4,0.0013858407545637164,8.29286895106307e-4,0.0015485685720744158,0.002106143464530419,0.0017080609333799401,41.9,42,41.8,41.9,41.9,41.8,7.074116816197362,7.130098510125578,7.081708586105575,7.132497551660044,6.97354301952014,7.0925737159746784,7.149131598557407,7.210079628170788,7.148345743900068,7.129297548929373,7.172424577124845,7.0967213784947605,-0.01505485839435039,-0.01597158930850462,0.010198738891403991,-0.00502960636984362,-0.01831414232095696,-0.009643678336814787,-8.054505176726678e-4,-0.002247090088921766,-4.195074386217357e-4,-0.0021685675899032475,-0.0018895537240659621,-5.338037247870631e-4,-0.038868318634941446,0.00937585157482701,-0.012199519662130953,-0.04345041649193426,-0.03304568476396952,0.006571772839931711,0.005131614879896773,-0.0014720216403043551,-0.008736582526283065,-0.004301382009637145,0.012318828656036729,-0.005892500541463619,-1.2301734964026423e-5,6.631315832077433e-4,-2.765783402836064e-5,7.299118327530607e-5,-3.0690198149407877e-4,-8.302845100480738e-4,0.0012521573773192074,0.0014256940796917306,-0.002058701222171777,0.0013430876020397164,7.722611045837269e-4,4.1080564287998556e-4,-0.0262064828685169,0.019831260625249314,-0.03743696363815552,-0.042467859717473466,-0.005768965230544154,0.003503031068535556,0.0014801511541895351,0.0012736036144485041,-0.0018687832640189583,0.0013836923264562984,5.049533004202189e-4,1.193944331054908e-4,0.0065926262306978956,-0.018646760668923346,-0.09889591307805556,0.21583464375649797,0.008667160668677898,-0.09355040472809106,-0.010000000000000009,0.13,0.13,0.13000000000000006,0,0.010000000000000009,0.020000000000000018,0.08999999999999997,0.21999999999999997,0.06,-0.010000000000000009,0,-0.009999999999999787,-0.10999999999999988,0.06000000000000005,0.3500000000000001,0.06999999999999984,-0.17000000000000015,0,-0.16999999999999993,0.05999999999999961,0.19999999999999973,0.0900000000000003,-0.1499999999999999,-0.009999999999999787,-0.17999999999999972,0.040000000000000036,0.1200000000000001,0.0699999999999994,-0.14999999999999947,0.01479903995825893,0.016002528120612425,0.006865059565405396,0.037015573142006986,-0.009130039869454265,0.008839804613195668,10.4955,10.4414,11.7747,12.3985,14.1336,18.5502,-1.7000000000000028,-2.0999999999999943,0.6000000000000085,4.400000000000006,1.4000000000000057,-1.2000000000000028,1.1700000000000002,1.21,1.74,1.9800000000000002,1.3399999999999999,1.3699999999999999,0.6699999999999999,0.69,0.6699999999999999,0.7700000000000005,0.8999999999999995,1.0300000000000002
2017 Q4,0.002111895466393676,0.002720869854007546,0.0010136154217175175,0.0036590533893789967,0.0029248240444506024,0.0023537347415807375,0.007775859331887958,0.005454658698304193,0.003193222643862903,0.0044293620592696925,0.007009730536254644,0.002667635819674885,0.0019533298635989738,0.001031641609603895,0.0020579802852100926,0.006577241165916625,0.0068125945893555695,-0.0010556910872727698,0.006585444475172508,0.004839165576218107,0.0033100709989550836,-0.002097537705445518,0.012117947661518969,0.0014181466242124685,0.005467933398263014,0.02060930247149173,0.0051213410149717475,-0.0013147148639571782,0.011855193124004515,0.006888162587934232,-0.10000000000000053,-0.10000000000000053,-0.10000000000000053,-0.1999999999999993,0,0.09999999999999964,-0.021006176700147705,0.09485140106525947,0.036965194233470555,0.015086493033379611,0.02590766450354387,-0.0466103784416223,0.001017307884382035,5.98790189567211e-4,0.0013858407545637164,8.29286895106307e-4,0.0015485685720744158,0.002106143464530419,41.8,41.9,42,41.8,41.9,41.9,7.0707241072602764,7.074116816197362,7.130098510125578,7.081708586105575,7.132497551660044,6.97354301952014,7.1785454837637,7.149131598557407,7.210079628170788,7.148345743900068,7.129297548929373,7.172424577124845,-0.007608391792821578,-0.01505485839435039,-0.01597158930850462,0.010198738891403991,-0.00502960636984362,-0.01831414232095696,0.00189193077383365,-8.054505176726678e-4,-0.002247090088921766,-4.195074386217357e-4,-0.0021685675899032475,-0.0018895537240659621,-0.03472638322590704,-0.038868318634941446,0.00937585157482701,-0.012199519662130953,-0.04345041649193426,-0.03304568476396952,0.0027674786404503493,0.005131614879896773,-0.0014720216403043551,-0.008736582526283065,-0.004301382009637145,0.012318828656036729,-0.0011594728902686313,-1.2301734964026423e-5,6.631315832077433e-4,-2.765783402836064e-5,7.299118327530607e-5,-3.0690198149407877e-4,-5.597817481461931e-4,0.0012521573773192074,0.0014256940796917306,-0.002058701222171777,0.0013430876020397164,7.722611045837269e-4,-0.005787275369137923,-0.0262064828685169,0.019831260625249314,-0.03743696363815552,-0.042467859717473466,-0.005768965230544154,1.7791444464343442e-5,0.0014801511541895351,0.0012736036144485041,-0.0018687832640189583,0.0013836923264562984,5.049533004202189e-4,-0.07192499655444662,0.0065926262306978956,-0.018646760668923346,-0.09889591307805556,0.21583464375649797,0.008667160668677898,0.14000000000000012,-0.010000000000000009,0.13,0.13,0.13000000000000006,0,0.09000000000000008,0.020000000000000018,0.08999999999999997,0.21999999999999997,0.06,-0.010000000000000009,0.04999999999999982,-0.009999999999999787,-0.10999999999999988,0.06000000000000005,0.3500000000000001,0.06999999999999984,-0.06000000000000005,0,-0.16999999999999993,0.05999999999999961,0.19999999999999973,0.0900000000000003,-0.04999999999999982,-0.009999999999999787,-0.17999999999999972,0.040000000000000036,0.1200000000000001,0.0699999999999994,0.02690564452555222,0.01479903995825893,0.016002528120612425,0.006865059565405396,0.037015573142006986,-0.009130039869454265,10.234,10.4955,10.4414,11.7747,12.3985,14.1336,-2.5999999999999943,-1.7000000000000028,-2.0999999999999943,0.6000000000000085,4.400000000000006,1.4000000000000057,1.0799999999999998,1.1700000000000002,1.21,1.74,1.9800000000000002,1.3399999999999999,0.71,0.6699999999999999,0.69,0.6699999999999999,0.7700000000000005,0.8999999999999995
2018 Q1,0.002654003677886152,0.002111895466393676,0.002720869854007546,0.0010136154217175175,0.0036590533893789967,0.0029248240444506024,0.002889934759162216,0.007775859331887958,0.005454658698304193,0.003193222643862903,0.0044293620592696925,0.007009730536254644,0.004886354634384027,0.0019533298635989738,0.001031641609603895,0.0020579802852100926,0.006577241165916625,0.0068125945893555695,-0.002214183605758535,0.006585444475172508,0.004839165576218107,0.0033100709989550836,-0.002097537705445518,0.012117947661518969,1.63199369049849e-4,0.005467933398263014,0.02060930247149173,0.0051213410149717475,-0.0013147148639571782,0.011855193124004515,-0.09999999999999964,-0.10000000000000053,-0.10000000000000053,-0.10000000000000053,-0.1999999999999993,0,0.021486950197807886,-0.021006176700147705,0.09485140106525947,0.036965194233470555,0.015086493033379611,0.02590766450354387,0.0015253062005484708,0.001017307884382035,5.98790189567211e-4,0.0013858407545637164,8.29286895106307e-4,0.0015485685720744158,42.2,41.8,41.9,42,41.8,41.9,7.183870715062453,7.0707241072602764,7.074116816197362,7.130098510125578,7.081708586105575,7.132497551660044,7.233455418621439,7.1785454837637,7.149131598557407,7.210079628170788,7.148345743900068,7.129297548929373,0.023034024881981807,-0.007608391792821578,-0.01505485839435039,-0.01597158930850462,0.010198738891403991,-0.00502960636984362,0.00147550296532728,0.00189193077383365,-8.054505176726678e-4,-0.002247090088921766,-4.195074386217357e-4,-0.0021685675899032475,-0.022128766697269597,-0.03472638322590704,-0.038868318634941446,0.00937585157482701,-0.012199519662130953,-0.04345041649193426,0.00412981829431569,0.0027674786404503493,0.005131614879896773,-0.0014720216403043551,-0.008736582526283065,-0.004301382009637145,-0.0018791129800650452,-0.0011594728902686313,-1.2301734964026423e-5,6.631315832077433e-4,-2.765783402836064e-5,7.299118327530607e-5,-0.0024963259746719757,-5.597817481461931e-4,0.0012521573773192074,0.0014256940796917306,-0.002058701222171777,0.0013430876020397164,-0.013717209621471937,-0.005787275369137923,-0.0262064828685169,0.019831260625249314,-0.03743696363815552,-0.042467859717473466,-0.001077640158072768,1.7791444464343442e-5,0.0014801511541895351,0.0012736036144485041,-0.0018687832640189583,0.0013836923264562984,0.03134996752451613,-0.07192499655444662,0.0065926262306978956,-0.018646760668923346,-0.09889591307805556,0.21583464375649797,0.09000000000000008,0.14000000000000012,-0.010000000000000009,0.13,0.13,0.13000000000000006,0.1299999999999999,0.09000000000000008,0.020000000000000018,0.08999999999999997,0.21999999999999997,0.06,-0.020000000000000018,0.04999999999999982,-0.009999999999999787,-0.10999999999999988,0.06000000000000005,0.3500000000000001,0.050000000000000266,-0.06000000000000005,0,-0.16999999999999993,0.05999999999999961,0.19999999999999973,0.1299999999999999,-0.04999999999999982,-0.009999999999999787,-0.17999999999999972,0.040000000000000036,0.1200000000000001,-8.838872380376728e-4,0.02690564452555222,0.01479903995825893,0.016002528120612425,0.006865059565405396,0.037015573142006986,18.8985,10.234,10.4955,10.4414,11.7747,12.3985,1.7000000000000028,-2.5999999999999943,-1.7000000000000028,-2.0999999999999943,0.6000000000000085,4.400000000000006,1.14,1.0799999999999998,1.1700000000000002,1.21,1.74,1.9800000000000002,0.7699999999999996,0.71,0.6699999999999999,0.69,0.6699999999999999,0.7700000000000005
2018 Q2,0.003957200116875725,0.002654003677886152,0.002111895466393676,0.002720869854007546,0.0010136154217175175,0.0036590533893789967,9.641370990083331e-4,0.002889934759162216,0.007775859331887958,0.005454658698304193,0.003193222643862903,0.0044293620592696925,0.007739323183955982,0.004886354634384027,0.0019533298635989738,0.001031641609603895,0.0020579802852100926,0.006577241165916625,-0.004682196174471187,-0.002214183605758535,0.006585444475172508,0.004839165576218107,0.0033100709989550836,-0.002097537705445518,-0.0035268233684124795,1.63199369049849e-4,0.005467933398263014,0.02060930247149173,0.0051213410149717475,-0.0013147148639571782,0.20000000000000018,-0.09999999999999964,-0.10000000000000053,-0.10000000000000053,-0.10000000000000053,-0.1999999999999993,0.006083154953406833,0.021486950197807886,-0.021006176700147705,0.09485140106525947,0.036965194233470555,0.015086493033379611,0.0014712850194680271,0.0015253062005484708,0.001017307884382035,5.98790189567211e-4,0.0013858407545637164,8.29286895106307e-4,42.2,42.2,41.8,41.9,42,41.8,7.083387847625295,7.183870715062453,7.0707241072602764,7.074116816197362,7.130098510125578,7.081708586105575,7.20414929203594,7.233455418621439,7.1785454837637,7.149131598557407,7.210079628170788,7.148345743900068,0.0023225610675670083,0.023034024881981807,-0.007608391792821578,-0.01505485839435039,-0.01597158930850462,0.010198738891403991,3.1035197380724355e-4,0.00147550296532728,0.00189193077383365,-8.054505176726678e-4,-0.002247090088921766,-4.195074386217357e-4,0.007497177052378845,-0.022128766697269597,-0.03472638322590704,-0.038868318634941446,0.00937585157482701,-0.012199519662130953,0.004969931832261132,0.00412981829431569,0.0027674786404503493,0.005131614879896773,-0.0014720216403043551,-0.008736582526283065,-0.003360917633079552,-0.0018791129800650452,-0.0011594728902686313,-1.2301734964026423e-5,6.631315832077433e-4,-2.765783402836064e-5,-0.0013546650592184406,-0.0024963259746719757,-5.597817481461931e-4,0.0012521573773192074,0.0014256940796917306,-0.002058701222171777,-0.0010064021671167822,-0.013717209621471937,-0.005787275369137923,-0.0262064828685169,0.019831260625249314,-0.03743696363815552,-8.552823934833143e-4,-0.001077640158072768,1.7791444464343442e-5,0.0014801511541895351,0.0012736036144485041,-0.0018687832640189583,-0.08538939829708614,0.03134996752451613,-0.07192499655444662,0.0065926262306978956,-0.018646760668923346,-0.09889591307805556,0.1200000000000001,0.09000000000000008,0.14000000000000012,-0.010000000000000009,0.13,0.13,0.039999999999999813,0.1299999999999999,0.09000000000000008,0.020000000000000018,0.08999999999999997,0.21999999999999997,-0.06999999999999984,-0.020000000000000018,0.04999999999999982,-0.009999999999999787,-0.10999999999999988,0.06000000000000005,-0.040000000000000036,0.050000000000000266,-0.06000000000000005,0,-0.16999999999999993,0.05999999999999961,0,0.1299999999999999,-0.04999999999999982,-0.009999999999999787,-0.17999999999999972,0.040000000000000036,0.019378007455770785,-8.838872380376728e-4,0.02690564452555222,0.01479903995825893,0.016002528120612425,0.006865059565405396,13.5986,18.8985,10.234,10.4955,10.4414,11.7747,0.20000000000000284,1.7000000000000028,-2.5999999999999943,-1.7000000000000028,-2.0999999999999943,0.6000000000000085,1.0100000000000002,1.14,1.0799999999999998,1.1700000000000002,1.21,1.74,0.8700000000000001,0.7699999999999996,0.71,0.6699999999999999,0.69,0.6699999999999999
2018 Q3,-3.828335627371615e-4,0.003957200116875725,0.002654003677886152,0.002111895466393676,0.002720869854007546,0.0010136154217175175,-0.0017851084051550004,9.641370990083331e-4,0.002889934759162216,0.007775859331887958,0.005454658698304193,0.003193222643862903,6.505452749951957e-4,0.007739323183955982,0.004886354634384027,0.0019533298635989738,0.001031641609603895,0.0020579802852100926,-3.4212311453174493e-4,-0.004682196174471187,-0.002214183605758535,0.006585444475172508,0.004839165576218107,0.0033100709989550836,-0.003935222226024493,-0.0035268233684124795,1.63199369049849e-4,0.005467933398263014,0.02060930247149173,0.0051213410149717475,-0.09999999999999964,0.20000000000000018,-0.09999999999999964,-0.10000000000000053,-0.10000000000000053,-0.10000000000000053,-0.01595392794224182,0.006083154953406833,0.021486950197807886,-0.021006176700147705,0.09485140106525947,0.036965194233470555,5.290704222371545e-4,0.0014712850194680271,0.0015253062005484708,0.001017307884382035,5.98790189567211e-4,0.0013858407545637164,42,42.2,42.2,41.8,41.9,42,7.1308988302963465,7.083387847625295,7.183870715062453,7.0707241072602764,7.074116816197362,7.130098510125578,7.1808311990445555,7.20414929203594,7.233455418621439,7.1785454837637,7.149131598557407,7.210079628170788,4.568091701671051e-4,0.0023225610675670083,0.023034024881981807,-0.007608391792821578,-0.01505485839435039,-0.01597158930850462,-0.0010097183942008314,3.1035197380724355e-4,0.00147550296532728,0.00189193077383365,-8.054505176726678e-4,-0.002247090088921766,0.0024706771641067604,0.007497177052378845,-0.022128766697269597,-0.03472638322590704,-0.038868318634941446,0.00937585157482701,0.004887721413354029,0.004969931832261132,0.00412981829431569,0.0027674786404503493,0.005131614879896773,-0.0014720216403043551,-0.0016036109023129796,-0.003360917633079552,-0.0018791129800650452,-0.0011594728902686313,-1.2301734964026423e-5,6.631315832077433e-4,2.7443270509319717e-4,-0.0013546650592184406,-0.0024963259746719757,-5.597817481461931e-4,0.0012521573773192074,0.0014256940796917306,0.02622932572433445,-0.0010064021671167822,-0.013717209621471937,-0.005787275369137923,-0.0262064828685169,0.019831260625249314,0.0013576225597979885,-8.552823934833143e-4,-0.001077640158072768,1.7791444464343442e-5,0.0014801511541895351,0.0012736036144485041,0.07339437924376035,-0.08538939829708614,0.03134996752451613,-0.07192499655444662,0.0065926262306978956,-0.018646760668923346,0.040000000000000036,0.1200000000000001,0.09000000000000008,0.14000000000000012,-0.010000000000000009,0.13,0.10000000000000009,0.039999999999999813,0.1299999999999999,0.09000000000000008,0.020000000000000018,0.08999999999999997,0.10999999999999988,-0.06999999999999984,-0.020000000000000018,0.04999999999999982,-0.009999999999999787,-0.10999999999999988,0.10000000000000009,-0.040000000000000036,0.050000000000000266,-0.06000000000000005,0,-0.16999999999999993,0.11000000000000032,0,0.1299999999999999,-0.04999999999999982,-0.009999999999999787,-0.17999999999999972,0.015168748229911877,0.019378007455770785,-8.838872380376728e-4,0.02690564452555222,0.01479903995825893,0.016002528120612425,12.845,13.5986,18.8985,10.234,10.4955,10.4414,3.8999999999999915,0.20000000000000284,1.7000000000000028,-2.5999999999999943,-1.7000000000000028,-2.0999999999999943,0.8700000000000001,1.0100000000000002,1.14,1.0799999999999998,1.1700000000000002,1.21,0.8999999999999999,0.8700000000000001,0.7699999999999996,0.71,0.6699999999999999,0.69
2018 Q4,0.011411689852202755,-3.828335627371615e-4,0.003957200116875725,0.002654003677886152,0.002111895466393676,0.002720869854007546,-0.008588808105129964,-0.0017851084051550004,9.641370990083331e-4,0.002889934759162216,0.007775859331887958,0.005454658698304193,2.450018435427026e-4,6.505452749951957e-4,0.007739323183955982,0.004886354634384027,0.0019533298635989738,0.001031641609603895,-0.002221153061388037,-3.4212311453174493e-4,-0.004682196174471187,-0.002214183605758535,0.006585444475172508,0.004839165576218107,-0.019719921146091224,-0.003935222226024493,-0.0035268233684124795,1.63199369049849e-4,0.005467933398263014,0.02060930247149173,0.10000000000000009,-0.09999999999999964,0.20000000000000018,-0.09999999999999964,-0.10000000000000053,-0.10000000000000053,-0.002889854184104479,-0.01595392794224182,0.006083154953406833,0.021486950197807886,-0.021006176700147705,0.09485140106525947,0.0012824539372999766,5.290704222371545e-4,0.0014712850194680271,0.0015253062005484708,0.001017307884382035,5.98790189567211e-4,42.1,42,42.2,42.2,41.8,41.9,6.9985096422506015,7.1308988302963465,7.083387847625295,7.183870715062453,7.0707241072602764,7.074116816197362,7.183111701743281,7.1808311990445555,7.20414929203594,7.233455418621439,7.1785454837637,7.149131598557407,0.023982166882726474,4.568091701671051e-4,0.0023225610675670083,0.023034024881981807,-0.007608391792821578,-0.01505485839435039,0.00714347909165447,-0.0010097183942008314,3.1035197380724355e-4,0.00147550296532728,0.00189193077383365,-8.054505176726678e-4,-0.009239088024550313,0.0024706771641067604,0.007497177052378845,-0.022128766697269597,-0.03472638322590704,-0.038868318634941446,0.0025472179411245577,0.004887721413354029,0.004969931832261132,0.00412981829431569,0.0027674786404503493,0.005131614879896773,2.447247649275397e-4,-0.0016036109023129796,-0.003360917633079552,-0.0018791129800650452,-0.0011594728902686313,-1.2301734964026423e-5,0.001389099091614554,2.7443270509319717e-4,-0.0013546650592184406,-0.0024963259746719757,-5.597817481461931e-4,0.0012521573773192074,0.017433297897937905,0.02622932572433445,-0.0010064021671167822,-0.013717209621471937,-0.005787275369137923,-0.0262064828685169,3.504772759166386e-4,0.0013576225597979885,-8.552823934833143e-4,-0.001077640158072768,1.7791444464343442e-5,0.0014801511541895351,0.07683063069224705,0.07339437924376035,-0.08538939829708614,0.03134996752451613,-0.07192499655444662,0.0065926262306978956,0.06999999999999984,0.040000000000000036,0.1200000000000001,0.09000000000000008,0.14000000000000012,-0.010000000000000009,0.040000000000000036,0.10000000000000009,0.039999999999999813,0.1299999999999999,0.09000000000000008,0.020000000000000018,-0.29000000000000004,0.10999999999999988,-0.06999999999999984,-0.020000000000000018,0.04999999999999982,-0.009999999999999787,-0.20000000000000018,0.10000000000000009,-0.040000000000000036,0.050000000000000266,-0.06000000000000005,0,-0.08999999999999986,0.11000000000000032,0,0.1299999999999999,-0.04999999999999982,-0.009999999999999787,-0.058960017652593955,0.015168748229911877,0.019378007455770785,-8.838872380376728e-4,0.02690564452555222,0.01479903995825893,25.1541,12.845,13.5986,18.8985,10.234,10.4955,0.7999999999999972,3.8999999999999915,0.20000000000000284,1.7000000000000028,-2.5999999999999943,-1.7000000000000028,0.45999999999999996,0.8700000000000001,1.0100000000000002,1.14,1.0799999999999998,1.1700000000000002,1.1100000000000003,0.8999999999999999,0.8700000000000001,0.7699999999999996,0.71,0.6699999999999999
2019 Q1,0.0017871213028683997,0.011411689852202755,-3.828335627371615e-4,0.003957200116875725,0.002654003677886152,0.002111895466393676,0.006994283576824856,-0.008588808105129964,-0.0017851084051550004,9.641370990083331e-4,0.002889934759162216,0.007775859331887958,3.752804925412079e-4,2.450018435427026e-4,6.505452749951957e-4,0.007739323183955982,0.004886354634384027,0.0019533298635989738,-0.002222848491028273,-0.002221153061388037,-3.4212311453174493e-4,-0.004682196174471187,-0.002214183605758535,0.006585444475172508,0.015218604126063795,-0.019719921146091224,-0.003935222226024493,-0.0035268233684124795,1.63199369049849e-4,0.005467933398263014,0,0.10000000000000009,-0.09999999999999964,0.20000000000000018,-0.09999999999999964,-0.10000000000000053,-0.0492846684389896,-0.002889854184104479,-0.01595392794224182,0.006083154953406833,0.021486950197807886,-0.021006176700147705,0.0015314958380265864,0.0012824539372999766,5.290704222371545e-4,0.0014712850194680271,0.0015253062005484708,0.001017307884382035,41.7,42.1,42,42.2,42.2,41.8,7.0825485693553,6.9985096422506015,7.1308988302963465,7.083387847625295,7.183870715062453,7.0707241072602764,7.166265974133638,7.183111701743281,7.1808311990445555,7.20414929203594,7.233455418621439,7.1785454837637,-0.008554656565818775,0.023982166882726474,4.568091701671051e-4,0.0023225610675670083,0.023034024881981807,-0.007608391792821578,6.827872709322946e-4,0.00714347909165447,-0.0010097183942008314,3.1035197380724355e-4,0.00147550296532728,0.00189193077383365,0.0063447891981560645,-0.009239088024550313,0.0024706771641067604,0.007497177052378845,-0.022128766697269597,-0.03472638322590704,-5.135987931081942e-4,0.0025472179411245577,0.004887721413354029,0.004969931832261132,0.00412981829431569,0.0027674786404503493,3.4113938559521273e-4,2.447247649275397e-4,-0.0016036109023129796,-0.003360917633079552,-0.0018791129800650452,-0.0011594728902686313,7.778995492548901e-4,0.001389099091614554,2.7443270509319717e-4,-0.0013546650592184406,-0.0024963259746719757,-5.597817481461931e-4,-0.022708001445896464,0.017433297897937905,0.02622932572433445,-0.0010064021671167822,-0.013717209621471937,-0.005787275369137923,4.333539105916273e-4,3.504772759166386e-4,0.0013576225597979885,-8.552823934833143e-4,-0.001077640158072768,1.7791444464343442e-5,-0.01057249105285063,0.07683063069224705,0.07339437924376035,-0.08538939829708614,0.03134996752451613,-0.07192499655444662,0.010000000000000231,0.06999999999999984,0.040000000000000036,0.1200000000000001,0.09000000000000008,0.14000000000000012,0.009999999999999787,0.040000000000000036,0.10000000000000009,0.039999999999999813,0.1299999999999999,0.09000000000000008,-0.11000000000000032,-0.29000000000000004,0.10999999999999988,-0.06999999999999984,-0.020000000000000018,0.04999999999999982,-0.020000000000000018,-0.20000000000000018,0.10000000000000009,-0.040000000000000036,0.050000000000000266,-0.06000000000000005,-0.11000000000000032,-0.08999999999999986,0.11000000000000032,0,0.1299999999999999,-0.04999999999999982,0.017673211862536675,-0.058960017652593955,0.015168748229911877,0.019378007455770785,-8.838872380376728e-4,0.02690564452555222,14.5147,25.1541,12.845,13.5986,18.8985,10.234,4.6000000000000085,0.7999999999999972,3.8999999999999915,0.20000000000000284,1.7000000000000028,-2.5999999999999943,0.16999999999999993,0.45999999999999996,0.8700000000000001,1.0100000000000002,1.14,1.0799999999999998,1.0699999999999998,1.1100000000000003,0.8999999999999999,0.8700000000000001,0.7699999999999996,0.71
2019 Q2,0.0015701831486971685,0.0017871213028683997,0.011411689852202755,-3.828335627371615e-4,0.003957200116875725,0.002654003677886152,0.0033751029988158265,0.006994283576824856,-0.008588808105129964,-0.0017851084051550004,9.641370990083331e-4,0.002889934759162216,4.4427195055796176e-4,3.752804925412079e-4,2.450018435427026e-4,6.505452749951957e-4,0.007739323183955982,0.004886354634384027,0.0011855289968671912,-0.002222848491028273,-0.002221153061388037,-3.4212311453174493e-4,-0.004682196174471187,-0.002214183605758535,0.0010099090752131445,0.015218604126063795,-0.019719921146091224,-0.003935222226024493,-0.0035268233684124795,1.63199369049849e-4,0,0,0.10000000000000009,-0.09999999999999964,0.20000000000000018,-0.09999999999999964,0.03020288172989183,-0.0492846684389896,-0.002889854184104479,-0.01595392794224182,0.006083154953406833,0.021486950197807886,0.0014462949512417111,0.0015314958380265864,0.0012824539372999766,5.290704222371545e-4,0.0014712850194680271,0.0015253062005484708,41.7,41.7,42.1,42,42.2,42.2,7.1252830915107115,7.0825485693553,6.9985096422506015,7.1308988302963465,7.083387847625295,7.183870715062453,7.1693500166706,7.166265974133638,7.183111701743281,7.1808311990445555,7.20414929203594,7.233455418621439,0.01144275928500349,-0.008554656565818775,0.023982166882726474,4.568091701671051e-4,0.0023225610675670083,0.023034024881981807,0.0013917209824203525,6.827872709322946e-4,0.00714347909165447,-0.0010097183942008314,3.1035197380724355e-4,0.00147550296532728,0.02221831024481702,0.0063447891981560645,-0.009239088024550313,0.0024706771641067604,0.007497177052378845,-0.022128766697269597,8.152080956946861e-7,-5.135987931081942e-4,0.0025472179411245577,0.004887721413354029,0.004969931832261132,0.00412981829431569,3.614814735453109e-4,3.4113938559521273e-4,2.447247649275397e-4,-0.0016036109023129796,-0.003360917633079552,-0.0018791129800650452,-5.719684981952966e-4,7.778995492548901e-4,0.001389099091614554,2.7443270509319717e-4,-0.0013546650592184406,-0.0024963259746719757,0.028512732646543526,-0.022708001445896464,0.017433297897937905,0.02622932572433445,-0.0010064021671167822,-0.013717209621471937,-2.5174077245804227e-4,4.333539105916273e-4,3.504772759166386e-4,0.0013576225597979885,-8.552823934833143e-4,-0.001077640158072768,-0.0583408088786701,-0.01057249105285063,0.07683063069224705,0.07339437924376035,-0.08538939829708614,0.03134996752451613,-0.010000000000000231,0.010000000000000231,0.06999999999999984,0.040000000000000036,0.1200000000000001,0.09000000000000008,-0.18000000000000016,0.009999999999999787,0.040000000000000036,0.10000000000000009,0.039999999999999813,0.1299999999999999,-0.33000000000000007,-0.11000000000000032,-0.29000000000000004,0.10999999999999988,-0.06999999999999984,-0.020000000000000018,-0.25,-0.020000000000000018,-0.20000000000000018,0.10000000000000009,-0.040000000000000036,0.050000000000000266,-0.16999999999999993,-0.11000000000000032,-0.08999999999999986,0.11000000000000032,0,0.1299999999999999,0.012345062157089082,0.017673211862536675,-0.058960017652593955,0.015168748229911877,0.019378007455770785,-8.838872380376728e-4,15.8726,14.5147,25.1541,12.845,13.5986,18.8985,-1.7999999999999972,4.6000000000000085,0.7999999999999972,3.8999999999999915,0.20000000000000284,1.7000000000000028,-0.10000000000000009,0.16999999999999993,0.45999999999999996,0.8700000000000001,1.0100000000000002,1.14,1.04,1.0699999999999998,1.1100000000000003,0.8999999999999999,0.8700000000000001,0.7699999999999996
2019 Q3,0.0018257942093633517,0.0015701831486971685,0.0017871213028683997,0.011411689852202755,-3.828335627371615e-4,0.003957200116875725,0.001617013983479687,0.0033751029988158265,0.006994283576824856,-0.008588808105129964,-0.0017851084051550004,9.641370990083331e-4,-0.0033894417233817364,4.4427195055796176e-4,3.752804925412079e-4,2.450018435427026e-4,6.505452749951957e-4,0.007739323183955982,-0.0031983454421382618,0.0011855289968671912,-0.002222848491028273,-0.002221153061388037,-3.4212311453174493e-4,-0.004682196174471187,-0.0064178376811074855,0.0010099090752131445,0.015218604126063795,-0.019719921146091224,-0.003935222226024493,-0.0035268233684124795,-0.10000000000000009,0,0,0.10000000000000009,-0.09999999999999964,0.20000000000000018,-0.00713439411387462,0.03020288172989183,-0.0492846684389896,-0.002889854184104479,-0.01595392794224182,0.006083154953406833,0.001282492176738259,0.0014462949512417111,0.0015314958380265864,0.0012824539372999766,5.290704222371545e-4,0.0014712850194680271,41.5,41.7,41.7,42.1,42,42.2,7.1785454837637,7.1252830915107115,7.0825485693553,6.9985096422506015,7.1308988302963465,7.083387847625295,7.292337176173877,7.1693500166706,7.166265974133638,7.183111701743281,7.1808311990445555,7.20414929203594,0.016112313746729612,0.01144275928500349,-0.008554656565818775,0.023982166882726474,4.568091701671051e-4,0.0023225610675670083,0.001002171221118786,0.0013917209824203525,6.827872709322946e-4,0.00714347909165447,-0.0010097183942008314,3.1035197380724355e-4,-0.02462263595133507,0.02221831024481702,0.0063447891981560645,-0.009239088024550313,0.0024706771641067604,0.007497177052378845,-0.005022199081441414,8.152080956946861e-7,-5.135987931081942e-4,0.0025472179411245577,0.004887721413354029,0.004969931832261132,-0.001083922448408714,3.614814735453109e-4,3.4113938559521273e-4,2.447247649275397e-4,-0.0016036109023129796,-0.003360917633079552,6.233114190656863e-4,-5.719684981952966e-4,7.778995492548901e-4,0.001389099091614554,2.7443270509319717e-4,-0.0013546650592184406,0.018589494395828687,0.028512732646543526,-0.022708001445896464,0.017433297897937905,0.02622932572433445,-0.0010064021671167822,1.4439808687427558e-4,-2.5174077245804227e-4,4.333539105916273e-4,3.504772759166386e-4,0.0013576225597979885,-8.552823934833143e-4,0.08360121535252052,-0.0583408088786701,-0.01057249105285063,0.07683063069224705,0.07339437924376035,-0.08538939829708614,-0.08999999999999986,-0.010000000000000231,0.010000000000000231,0.06999999999999984,0.040000000000000036,0.1200000000000001,-0.06000000000000005,-0.18000000000000016,0.009999999999999787,0.040000000000000036,0.10000000000000009,0.039999999999999813,0.07000000000000006,-0.33000000000000007,-0.11000000000000032,-0.29000000000000004,0.10999999999999988,-0.06999999999999984,0.04999999999999982,-0.25,-0.020000000000000018,-0.20000000000000018,0.10000000000000009,-0.040000000000000036,0.040000000000000036,-0.16999999999999993,-0.11000000000000032,-0.08999999999999986,0.11000000000000032,0,0.02879957393630761,0.012345062157089082,0.017673211862536675,-0.058960017652593955,0.015168748229911877,0.019378007455770785,15.7324,15.8726,14.5147,25.1541,12.845,13.5986,3.4000000000000057,-1.7999999999999972,4.6000000000000085,0.7999999999999972,3.8999999999999915,0.20000000000000284,-0.18999999999999995,-0.10000000000000009,0.16999999999999993,0.45999999999999996,0.8700000000000001,1.0100000000000002,0.8800000000000003,1.04,1.0699999999999998,1.1100000000000003,0.8999999999999999,0.8700000000000001
2019 Q4,-0.004623594931599584,0.0018257942093633517,0.0015701831486971685,0.0017871213028683997,0.011411689852202755,-3.828335627371615e-4,0.001615054154886053,0.001617013983479687,0.0033751029988158265,0.006994283576824856,-0.008588808105129964,-0.0017851084051550004,-0.0023266844944638265,-0.0033894417233817364,4.4427195055796176e-4,3.752804925412079e-4,2.450018435427026e-4,6.505452749951957e-4,-0.00421359871095639,-0.0031983454421382618,0.0011855289968671912,-0.002222848491028273,-0.002221153061388037,-3.4212311453174493e-4,0.003205575898919122,-0.0064178376811074855,0.0010099090752131445,0.015218604126063795,-0.019719921146091224,-0.003935222226024493,0,-0.10000000000000009,0,0,0.10000000000000009,-0.09999999999999964,0.05040163137706877,-0.00713439411387462,0.03020288172989183,-0.0492846684389896,-0.002889854184104479,-0.01595392794224182,8.370048896537696e-4,0.001282492176738259,0.0014462949512417111,0.0015314958380265864,0.0012824539372999766,5.290704222371545e-4,41.4,41.5,41.7,41.7,42.1,42,7.344719054149673,7.1785454837637,7.1252830915107115,7.0825485693553,6.9985096422506015,7.1308988302963465,7.274479558773871,7.292337176173877,7.1693500166706,7.166265974133638,7.183111701743281,7.1808311990445555,0.011210654650716023,0.016112313746729612,0.01144275928500349,-0.008554656565818775,0.023982166882726474,4.568091701671051e-4,-0.0025437759679007854,0.001002171221118786,0.0013917209824203525,6.827872709322946e-4,0.00714347909165447,-0.0010097183942008314,0.013778290465216614,-0.02462263595133507,0.02221831024481702,0.0063447891981560645,-0.009239088024550313,0.0024706771641067604,-0.004098874782158646,-0.005022199081441414,8.152080956946861e-7,-5.135987931081942e-4,0.0025472179411245577,0.004887721413354029,5.975323488165429e-4,-0.001083922448408714,3.614814735453109e-4,3.4113938559521273e-4,2.447247649275397e-4,-0.0016036109023129796,9.651950158673372e-5,6.233114190656863e-4,-5.719684981952966e-4,7.778995492548901e-4,0.001389099091614554,2.7443270509319717e-4,-0.005367195677851377,0.018589494395828687,0.028512732646543526,-0.022708001445896464,0.017433297897937905,0.02622932572433445,0.001687693935966017,1.4439808687427558e-4,-2.5174077245804227e-4,4.333539105916273e-4,3.504772759166386e-4,0.0013576225597979885,-0.00656929944591278,0.08360121535252052,-0.0583408088786701,-0.01057249105285063,0.07683063069224705,0.07339437924376035,0,-0.08999999999999986,-0.010000000000000231,0.010000000000000231,0.06999999999999984,0.040000000000000036,0,-0.06000000000000005,-0.18000000000000016,0.009999999999999787,0.040000000000000036,0.10000000000000009,0.050000000000000044,0.07000000000000006,-0.33000000000000007,-0.11000000000000032,-0.29000000000000004,0.10999999999999988,-0.050000000000000266,0.04999999999999982,-0.25,-0.020000000000000018,-0.20000000000000018,0.10000000000000009,-0.06000000000000005,0.040000000000000036,-0.16999999999999993,-0.11000000000000032,-0.08999999999999986,0.11000000000000032,0.022877152854855254,0.02879957393630761,0.012345062157089082,0.017673211862536675,-0.058960017652593955,0.015168748229911877,13.6104,15.7324,15.8726,14.5147,25.1541,12.845,2.5,3.4000000000000057,-1.7999999999999972,4.6000000000000085,0.7999999999999972,3.8999999999999915,0.32000000000000006,-0.18999999999999995,-0.10000000000000009,0.16999999999999993,0.45999999999999996,0.8700000000000001,0.8700000000000001,0.8800000000000003,1.04,1.0699999999999998,1.1100000000000003,0.8999999999999999
