quarter,target_quarter,horizon,y,gdp_growth_current,RPI_m0,RPI_m1,RPI_m2,RPI_m3,RPI_m4,RPI_m5,DPCERA3M086SBEA_m0,DPCERA3M086SBEA_m1,DPCERA3M086SBEA_m2,DPCERA3M086SBEA_m3,DPCERA3M086SBEA_m4,DPCERA3M086SBEA_m5,INDPRO_m0,INDPRO_m1,INDPRO_m2,INDPRO_m3,INDPRO_m4,INDPRO_m5,CMRMTSPLx_m0,CMRMTSPLx_m1,CMRMTSPLx_m2,CMRMTSPLx_m3,CMRMTSPLx_m4,CMRMTSPLx_m5,RETAILx_m0,RETAILx_m1,RETAILx_m2,RETAILx_m3,RETAILx_m4,RETAILx_m5,UNRATE_m0,UNRATE_m1,UNRATE_m2,UNRATE_m3,UNRATE_m4,UNRATE_m5,CLAIMSx_m0,CLAIMSx_m1,CLAIMSx_m2,CLAIMSx_m3,CLAIMSx_m4,CLAIMSx_m5,PAYEMS_m0,PAYEMS_m1,PAYEMS_m2,PAYEMS_m3,PAYEMS_m4,PAYEMS_m5,AWHMAN_m0,AWHMAN_m1,AWHMAN_m2,AWHMAN_m3,AWHMAN_m4,AWHMAN_m5,HOUST_m0,HOUST_m1,HOUST_m2,HOUST_m3,HOUST_m4,HOUST_m5,PERMIT_m0,PERMIT_m1,PERMIT_m2,PERMIT_m3,PERMIT_m4,PERMIT_m5,M1SL_m0,M1SL_m1,M1SL_m2,M1SL_m3,M1SL_m4,M1SL_m5,M2SL_m0,M2SL_m1,M2SL_m2,M2SL_m3,M2SL_m4,M2SL_m5,BOGMBASE_m0,BOGMBASE_m1,BOGMBASE_m2,BOGMBASE_m3,BOGMBASE_m4,BOGMBASE_m5,BUSLOANS_m0,BUSLOANS_m1,BUSLOANS_m2,BUSLOANS_m3,BUSLOANS_m4,BUSLOANS_m5,NONREVSL_m0,NONREVSL_m1,NONREVSL_m2,NONREVSL_m3,NONREVSL_m4,NONREVSL_m5,CPIAUCSL_m0,CPIAUCSL_m1,CPIAUCSL_m2,CPIAUCSL_m3,CPIAUCSL_m4,CPIAUCSL_m5,PPICMM_m0,PPICMM_m1,PPICMM_m2,PPICMM_m3,PPICMM_m4,PPICMM_m5,PCEPI_m0,PCEPI_m1,PCEPI_m2,PCEPI_m3,PCEPI_m4,PCEPI_m5,OILPRICEx_m0,OILPRICEx_m1,OILPRICEx_m2,OILPRICEx_m3,OILPRICEx_m4,OILPRICEx_m5,FEDFUNDS_m0,FEDFUNDS_m1,FEDFUNDS_m2,FEDFUNDS_m3,FEDFUNDS_m4,FEDFUNDS_m5,TB3MS_m0,TB3MS_m1,TB3MS_m2,TB3MS_m3,TB3MS_m4,TB3MS_m5,GS10_m0,GS10_m1,GS10_m2,GS10_m3,GS10_m4,GS10_m5,AAA_m0,AAA_m1,AAA_m2,AAA_m3,AAA_m4,AAA_m5,BAA_m0,BAA_m1,BAA_m2,BAA_m3,BAA_m4,BAA_m5,S&P 500_m0,S&P 500_m1,S&P 500_m2,S&P 500_m3,S&P 500_m4,S&P 500_m5,VIXCLSx_m0,VIXCLSx_m1,VIXCLSx_m2,VIXCLSx_m3,VIXCLSx_m4,VIXCLSx_m5,UMCSENTx_m0,UMCSENTx_m1,UMCSENTx_m2,UMCSENTx_m3,UMCSENTx_m4,UMCSENTx_m5,TERM_SPREAD_m0,TERM_SPREAD_m1,TERM_SPREAD_m2,TERM_SPREAD_m3,TERM_SPREAD_m4,TERM_SPREAD_m5,CREDIT_SPREAD_m0,CREDIT_SPREAD_m1,CREDIT_SPREAD_m2,CREDIT_SPREAD_m3,CREDIT_SPREAD_m4,CREDIT_SPREAD_m5
1985 Q2,1985 Q3,1,1.5157260373827697,0.8766200074861175,0.00353703538409,0.0021772144147949,-0.00185214348866757,0.00423657229043961,7.873974836734021e-4,-0.00108712701091384,-0.0053057068138278,0.01141115613796195,0.00271722362400117,-9.980040748511776e-4,0.00372263112440585,0.00892560013055687,-4.852934296026845e-4,0.00145293414162939,-0.00217861034686439,0.00151029050721973,0.00274734737722948,-1.7204490048339238e-4,-0.01667828793697623,0.01151847037806774,-0.00102565081055416,0.00871531838694927,0.00339958774320692,-0.00250099597346675,-0.00559091565953906,0.00625021231684996,0.01284150940107409,0.00507211910839799,0.01066535186635953,0.00752033456547351,0.20000000000000015,-0.09999999999999964,0.09999999999999964,0,-0.09999999999999964,0,-8.915494445229655e-4,-0.01390667165442849,0.04480564587294822,-0.02834957831892026,0.05509590021808996,-0.03927258171835035,0.00150946524802364,0.00281965712925824,0.0020218698862191,0.00350668853486091,0.00135839295029072,0.00275354887999768,40.5,40.4,40.5,40.4,40.1,40.3,7.424165281042028,7.426549072397305,7.507141079727608,7.495541943884256,7.397561535524052,7.444833273892193,7.447751280047908,7.443663683115591,7.416979621381154,7.454141078146678,7.415776975415394,7.414572881350589,0.00423577050374301,0.00152178791595236,0.00137547433177953,-0.00647073272535081,0.00203744608910394,0.00228140977964663,0.00370257043499844,0.00203774315749516,-0.00124625249744791,-0.00413390443551175,-0.0019492045702707,3.113352934125402e-4,0.01096855900369497,-0.00789654772690262,0.00130879390150173,0.02728403540004098,-0.00703067136218127,-0.02856419509854291,-0.00115507406717707,0.00733338609152767,-0.01097406575510007,0.00114437664093625,0.00766154522531525,-0.00583581779298469,-0.00299591328805171,-3.0826211448697904e-4,-0.00302411927284396,0.00148516778133256,0.00394833884698542,-0.00163393787449273,9.271847562200008e-4,-3.493761015604946e-6,-0.00282173324238144,-9.677512935173382e-4,0.00376645251163942,-3.5938161211390707e-6,-0.01900688534457106,-0.02641340816949622,0.03142575490993682,-0.00721386445827665,0.02055955084478,-2.036865188399517e-4,3.5394219998963194e-4,9.194597369290848e-4,-0.00246098004874539,-7.246394192206296e-4,-3.474924041602101e-4,0.00216369201776478,0.02437065137957095,-0.06178061875436302,-0.0149643274714637,-0.0267865115983894,0.05332885584220559,0.10811052222678974,-0.4399999999999995,-0.2999999999999998,-0.3100000000000005,0.08000000000000007,0.15000000000000036,-0.03000000000000113,-0.5300000000000002,-0.46999999999999975,-0.5699999999999994,0.25,0.5099999999999998,-0.3000000000000007,-0.6899999999999995,-0.5800000000000001,-0.4299999999999997,0.34999999999999964,0.129999999999999,-0.11999999999999922,-0.7800000000000011,-0.5099999999999998,-0.33000000000000007,0.4299999999999997,0.05000000000000071,-0.05000000000000071,-0.75,-0.35999999999999943,-0.17999999999999972,0.4599999999999991,-0.02999999999999936,-0.14000000000000057,0.02140263611438531,0.02353049741019397,0.00666669135818942,-0.00832644277655436,0.05277820534738797,0.04225561684843537,15.8821,15.6305,14.0315,16.2834,16.7049,19.2737,4.700000000000003,-2.799999999999997,0.8999999999999915,0,-2.299999999999997,3.0999999999999943,3.21,3.369999999999999,3.4799999999999995,3.34,3.24,3.620000000000001,1.4600000000000009,1.4299999999999995,1.2799999999999994,1.129999999999999,1.0999999999999996,1.1799999999999995
1985 Q3,1985 Q4,1,0.7406991828691645,1.5157260373827697,0.00458147302728839,-3.8433053113351434e-5,0.00145137441295162,0.00353703538409,0.0021772144147949,-0.00185214348866757,0.01364673071566757,0.01002085863202184,0.00727275932908,-0.0053057068138278,0.01141115613796195,0.00271722362400117,0.00337786063552147,0.00303720949554042,-0.00474307743599533,-4.852934296026845e-4,0.00145293414162939,-0.00217861034686439,0.00267928221678026,0.01801111711733405,0.00191770771167476,-0.01667828793697623,0.01151847037806774,-0.00102565081055416,0.02779508388349327,0.01424097468883012,0.00174723148653477,-0.00559091565953906,0.00625021231684996,0.01284150940107409,0,-0.3000000000000007,0,0.20000000000000015,-0.09999999999999964,0.09999999999999964,0.01008742715374211,0.06684913447785057,-0.03672637502274156,-8.915494445229655e-4,-0.01390667165442849,0.04480564587294822,0.00209306557256283,0.00196431557677811,0.00193739905916068,0.00150946524802364,0.00281965712925824,0.0020218698862191,40.6,40.6,40.4,40.5,40.4,40.5,7.424165281042028,7.463363045520021,7.428927194802272,7.424165281042028,7.426549072397305,7.507141079727608,7.557994958530806,7.4999765409521215,7.436617265234227,7.447751280047908,7.443663683115591,7.416979621381154,-1.4182851358413018e-4,3.7006303176134736e-4,-8.316704387976159e-4,0.00423577050374301,0.00152178791595236,0.00137547433177953,-8.897442817694667e-4,-0.00102990426914573,-0.00264039439839702,0.00370257043499844,0.00203774315749516,-0.00124625249744791,0.00653655865896674,-0.00758852150808042,-0.00685008148876864,0.01096855900369497,-0.00789654772690262,0.00130879390150173,0.00348016038965948,-0.00378850692403798,0.00624154456236691,-0.00115507406717707,0.00733338609152767,-0.01097406575510007,0.00581247860026756,-0.00211893365887227,0.00120011722925816,-0.00299591328805171,-3.0826211448697904e-4,-0.00302411927284396,-3.435720672406717e-6,-3.448492879698506e-6,-9.35862336389981e-4,9.271847562200008e-4,-3.493761015604946e-6,-0.00282173324238144,0.01128989051824458,-0.00222064939204624,0.00283992453021841,-0.01900688534457106,-0.02641340816949622,0.03142575490993682,-0.00161515801471701,8.481451581880961e-4,-2.6631721488090676e-4,3.5394219998963194e-4,9.194597369290848e-4,-0.00246098004874539,0.00358943766742081,0.00863837150629232,0.0243587959710867,0.02437065137957095,-0.06178061875436302,-0.0149643274714637,0.01999999999999957,0.02000000000000046,0.34999999999999964,-0.4399999999999995,-0.2999999999999998,-0.3100000000000005,-0.04000000000000003,0.05999999999999961,0.1299999999999999,-0.5300000000000002,-0.46999999999999975,-0.5699999999999994,0.03999999999999915,0.01999999999999957,0.15000000000000036,-0.6899999999999995,-0.5800000000000001,-0.4299999999999997,0.01999999999999957,0.08000000000000007,0.03000000000000113,-0.7800000000000011,-0.5099999999999998,-0.33000000000000007,-0.01999999999999957,0.07000000000000028,0.02999999999999936,-0.75,-0.35999999999999943,-0.17999999999999972,-0.02255734742407433,-0.02205971806473261,0.01887837922037505,0.02140263611438531,0.02353049741019397,0.00666669135818942,16.7649,14.8626,15.5221,15.8821,15.6305,14.0315,-0.30000000000001137,-1.5999999999999943,-2.5,4.700000000000003,-2.799999999999997,0.8999999999999915,3.2699999999999996,3.1900000000000004,3.2300000000000004,3.21,3.369999999999999,3.4799999999999995,1.41,1.4499999999999993,1.459999999999999,1.4600000000000009,1.4299999999999995,1.2799999999999994
1985 Q4,1986 Q1,1,0.9294151553612906,0.7406991828691645,0.00609321925614203,0.00153733802276256,0.0047923003426149,0.00458147302728839,-3.8433053113351434e-5,0.00145137441295162,0.0109974883877979,0.00265261827662222,-0.01566725308716021,0.01364673071566757,0.01002085863202184,0.00727275932908,0.00958381144779263,0.00351174239400542,-0.00311466762762524,0.00337786063552147,0.00303720949554042,-0.00474307743599533,-0.00535702806602955,0.0072919078343556196,-0.00926268457586765,0.00267928221678026,0.01801111711733405,0.00191770771167476,0.01242283960613299,0.00481341428072035,-0.02943095948522867,0.02779508388349327,0.01424097468883012,0.00174723148653477,0,-0.09999999999999964,0,0,-0.3000000000000007,0,-0.02093443175473375,-0.03091030043974108,-0.00675470790535825,0.01008742715374211,0.06684913447785057,-0.03672637502274156,0.00168483485849613,0.00213549268650758,0.00191565083699885,0.00209306557256283,0.00196431557677811,0.00193739905916068,40.9,40.7,40.7,40.6,40.6,40.4,7.571473648851271,7.437206366871292,7.51425465281641,7.424165281042028,7.463363045520021,7.428927194802272,7.492203042618741,7.433666540166168,7.463363045520021,7.557994958530806,7.4999765409521215,7.436617265234227,0.0051246728137162,-2.181490073569492e-4,-0.00440710916676856,-1.4182851358413018e-4,3.7006303176134736e-4,-8.316704387976159e-4,0.00179169517513777,-7.482789136750156e-4,-3.4957959372405867e-4,-8.897442817694667e-4,-0.00102990426914573,-0.00264039439839702,0.00734012184499643,0.01003712203163065,-0.00285224461781563,0.00653655865896674,-0.00758852150808042,-0.00685008148876864,-0.00442511196090134,0.01022147170409226,-0.0113268435524132,0.00348016038965948,-0.00378850692403798,0.00624154456236691,-0.00121476171202239,-9.284154554709544e-4,-0.00498684056654319,0.00581247860026756,-0.00211893365887227,0.00120011722925816,-2.1042221217015825e-5,9.042609132769996e-4,0.00184159595427857,-3.435720672406717e-6,-3.448492879698506e-6,-9.35862336389981e-4,0.02989810144952986,-0.01303528387728736,-0.00943881539784019,0.01128989051824458,-0.00222064939204624,0.00283992453021841,4.4399980103015935e-4,0.00124110402588106,-2.2627643443406953e-5,-0.00161515801471701,8.481451581880961e-4,-2.6631721488090676e-4,-0.16594993211373055,-9.454246473143968e-4,0.02414750112795216,0.00358943766742081,0.00863837150629232,0.0243587959710867,0.2199999999999989,0.0600000000000005,0.07000000000000028,0.01999999999999957,0.02000000000000046,0.34999999999999964,-0.14000000000000057,0.08000000000000007,0.0600000000000005,-0.04000000000000003,0.05999999999999961,0.1299999999999999,-0.5199999999999996,-0.46000000000000085,-0.129999999999999,0.03999999999999915,0.01999999999999957,0.15000000000000036,-0.39000000000000057,-0.46999999999999886,-0.05000000000000071,0.01999999999999957,0.08000000000000007,0.03000000000000113,-0.41000000000000014,-0.3699999999999992,-0.120000000000001,-0.01999999999999957,0.07000000000000028,0.02999999999999936,0.04842843510055772,0.05891721949820994,0.01134227660393438,-0.02255734742407433,-0.02205971806473261,0.01887837922037505,18.3427,16.1135,16.1499,16.7649,14.8626,15.5221,3,2.5,-3.6999999999999886,-0.30000000000001137,-1.5999999999999943,-2.5,2.16,2.539999999999999,3.08,3.2699999999999996,3.1900000000000004,3.2300000000000004,1.42,1.4399999999999995,1.34,1.41,1.4499999999999993,1.459999999999999
1986 Q1,1986 Q2,1,0.44928555450756136,0.9294151553612906,0.00939556177122291,0.00492516697260825,-6.469057559641556e-4,0.00609321925614203,0.00153733802276256,0.0047923003426149,0.00341256249083299,-0.00247646881311602,0.00100908182124515,0.0109974883877979,0.00265261827662222,-0.01566725308716021,-0.00714837166359227,-0.00704382287145755,0.00552032937293578,0.00958381144779263,0.00351174239400542,-0.00311466762762524,9.753769686309256e-4,-0.00570461182188175,0.01491879897921144,-0.00535702806602955,0.0072919078343556196,-0.00926268457586765,-0.00696152651847192,-0.00936189659657316,0.00964283500021068,0.01242283960613299,0.00481341428072035,-0.02943095948522867,0,0.5,-0.2999999999999998,0,-0.09999999999999964,0,0.03117343139179063,0.00747032336516539,-0.04921205717713484,-0.02093443175473375,-0.03091030043974108,-0.00675470790535825,8.797610044588566e-4,0.00116409145694973,0.00124657335199529,0.00168483485849613,0.00213549268650758,0.00191565083699885,40.7,40.7,40.7,40.9,40.7,40.7,7.53689712956617,7.521859252201629,7.586803535162581,7.571473648851271,7.437206366871292,7.51425465281641,7.484368643286131,7.477038472319696,7.52131798019924,7.492203042618741,7.433666540166168,7.463363045520021,0.00709179962549733,0.00351844998307626,-0.00975966723703702,0.0051246728137162,-2.181490073569492e-4,-0.00440710916676856,0.00369929900329601,3.024346814859413e-4,-0.0017500080908972,0.00179169517513777,-7.482789136750156e-4,-3.4957959372405867e-4,0.03414171589908221,-0.00430684355438781,-0.03685500924507501,0.00734012184499643,0.01003712203163065,-0.00285224461781563,0.00562879428670104,-0.00108744777275049,-6.503940752313753e-4,-0.00442511196090134,0.01022147170409226,-0.0113268435524132,-0.00406954876284615,-2.638203326519317e-4,6.666753210105014e-5,-0.00121476171202239,-9.284154554709544e-4,-0.00498684056654319,-0.0036629803137691,-0.00546780628141174,-9.303548743915258e-4,-2.1042221217015825e-5,9.042609132769996e-4,0.00184159595427857,0.00631797707672632,-0.01069979685992272,0.00851033692793823,0.02989810144952986,-0.01303528387728736,-0.00943881539784019,-0.00219487428398279,-0.00459121413944663,0.00124244709781562,4.4399980103015935e-4,0.00124110402588106,-2.2627643443406953e-5,0.1940422740221668,-0.22486317022126512,-0.0474549844728358,-0.16594993211373055,-9.454246473143968e-4,0.02414750112795216,-0.3799999999999999,-0.28000000000000025,-0.129999999999999,0.2199999999999989,0.0600000000000005,0.07000000000000028,-0.5,-0.01000000000000067,-0.02999999999999936,-0.14000000000000057,0.08000000000000007,0.0600000000000005,-0.919999999999999,-0.4900000000000002,-0.07000000000000028,-0.5199999999999996,-0.46000000000000085,-0.129999999999999,-0.6699999999999999,-0.3800000000000008,-0.10999999999999945,-0.39000000000000057,-0.46999999999999886,-0.05000000000000071,-0.6099999999999994,-0.33000000000000007,-0.14000000000000057,-0.41000000000000014,-0.3699999999999992,-0.120000000000001,0.05713309193523397,0.05239739166026069,0.00433213673913446,0.04842843510055772,0.05891721949820994,0.01134227660393438,23.564,20.6242,18.1213,18.3427,16.1135,16.1499,-0.8000000000000114,0.30000000000001137,1.6999999999999886,3,2.5,-3.6999999999999886,1.2200000000000006,1.6399999999999997,2.119999999999999,2.16,2.539999999999999,3.08,1.5,1.4399999999999995,1.3899999999999988,1.42,1.4399999999999995,1.34
1986 Q2,1986 Q3,1,0.9521209453502877,0.44928555450756136,2.852922388942858e-4,0.00108501851875431,0.00329347319716788,0.00939556177122291,0.00492516697260825,-6.469057559641556e-4,-0.00225420385653851,0.00599074655103981,0.00614680066463657,0.00341256249083299,-0.00247646881311602,0.00100908182124515,-0.00403733946212714,0.00147598287205763,0.00143267802527713,-0.00714837166359227,-0.00704382287145755,0.00552032937293578,0.00639456683980554,-0.00963666392197915,0.01993578965659814,9.753769686309256e-4,-0.00570461182188175,0.01491879897921144,0.00105725095422926,0.01441745212413003,0.00635698558861719,-0.00696152651847192,-0.00936189659657316,0.00964283500021068,0,0.10000000000000052,-0.10000000000000052,0,0.5,-0.2999999999999998,-0.04098392472868895,6.478782215602052e-4,0.01186531946322411,0.03117343139179063,0.00747032336516539,-0.04921205717713484,-9.374858929689368e-4,0.00128044217949252,0.00188836490438326,8.797610044588566e-4,0.00116409145694973,0.00124657335199529,40.7,40.7,40.5,40.7,40.7,40.7,7.52131798019924,7.5251007461258,7.566828479208331,7.53689712956617,7.521859252201629,7.586803535162581,7.489970898834801,7.493873886783559,7.527255919373784,7.484368643286131,7.477038472319696,7.52131798019924,-0.0039111539759471,0.00524564784650749,-0.00141894405439657,0.00709179962549733,0.00351844998307626,-0.00975966723703702,-0.00271608183389027,7.969566130530126e-4,0.00169728047263362,0.00369929900329601,3.024346814859413e-4,-0.0017500080908972,0.01045205229595058,-0.01081512922180838,1.799178624732889e-4,0.03414171589908221,-0.00430684355438781,-0.03685500924507501,0.00533015249592594,-0.00297317700784027,-0.00334966576813844,0.00562879428670104,-0.00108744777275049,-6.503940752313753e-4,-0.00246120574792918,2.9322735567482994e-4,0.00637205353645953,-0.00406954876284615,-2.638203326519317e-4,6.666753210105014e-5,9.069196567574878e-4,0.00642918681384063,0.00181137573029932,-0.0036629803137691,-0.00546780628141174,-9.303548743915258e-4,0.01157186813372401,0.00420941747108738,-0.01370481025115211,0.00631797707672632,-0.01069979685992272,0.00851033692793823,0.00189481609659392,0.00386901233831604,1.5245409245023822e-4,-0.00219487428398279,-0.00459121413944663,0.00124244709781562,-0.3209400871378296,0.16612430225166275,0.21995265903886096,0.1940422740221668,-0.22486317022126512,-0.0474549844728358,0.07000000000000028,-0.14000000000000057,-0.4900000000000002,-0.3799999999999999,-0.28000000000000025,-0.129999999999999,0.05999999999999961,0.09000000000000075,-0.5,-0.5,-0.01000000000000067,-0.02999999999999936,0.08999999999999986,0.41000000000000014,-0.4800000000000004,-0.919999999999999,-0.4900000000000002,-0.07000000000000028,0.04000000000000092,0.3000000000000007,-0.21000000000000085,-0.6699999999999999,-0.3800000000000008,-0.10999999999999945,0.05000000000000071,0.09999999999999964,-0.3100000000000005,-0.6099999999999994,-0.33000000000000007,-0.14000000000000057,0.02811264093604748,0.00209863665692111,0.02424103389511156,0.05713309193523397,0.05239739166026069,0.00433213673913446,18.598,18.8928,23.0154,23.564,20.6242,18.1213,4.5,-1.4000000000000057,1.1000000000000083,-0.8000000000000114,0.30000000000001137,1.6999999999999886,1.59,1.5599999999999996,1.2400000000000002,1.2200000000000006,1.6399999999999997,2.119999999999999,1.209999999999999,1.1999999999999993,1.4000000000000004,1.5,1.4399999999999995,1.3899999999999988
1986 Q3,1986 Q4,1,0.5349594167116223,0.9521209453502877,9.117325212422144e-4,0.00210558763222223,0.00473690976226315,2.852922388942858e-4,0.00108501851875431,0.00329347319716788,0.02167709901088921,0.00477934728868101,0.00655864264871564,-0.00225420385653851,0.00599074655103981,0.00614680066463657,0.00254947437516239,-0.00185661719812735,0.00651238643060647,-0.00403733946212714,0.00147598287205763,0.00143267802527713,0.02344634765626629,0.00142026041581111,0.00589152285617267,0.00639456683980554,-0.00963666392197915,0.01993578965659814,0.0570954431992785,0.01017812002975482,0.00340747236776195,0.00105725095422926,0.01441745212413003,0.00635698558861719,0.09999999999999964,-0.09999999999999964,-0.20000000000000015,0,0.10000000000000052,-0.10000000000000052,-0.0296447165849969,0.1181512919669352,-0.02320923291037147,-0.04098392472868895,6.478782215602052e-4,0.01186531946322411,0.00346829268790216,0.001155424847596,0.00320196821892082,-9.374858929689368e-4,0.00128044217949252,0.00188836490438326,40.7,40.7,40.6,40.7,40.7,40.5,7.430707082545968,7.499423290592229,7.485491608030754,7.52131798019924,7.5251007461258,7.566828479208331,7.430114138561801,7.453561871643373,7.484368643286131,7.489970898834801,7.493873886783559,7.527255919373784,2.8333036021965796e-4,-0.00212303006142189,0.00147290937718658,-0.0039111539759471,0.00524564784650749,-0.00141894405439657,4.683722619196473e-4,-7.097808166101061e-4,4.73019286413745e-4,-0.00271608183389027,7.969566130530126e-4,0.00169728047263362,0.0072565001590501,-0.01166645561374313,-0.00368619418791205,0.01045205229595058,-0.01081512922180838,1.799178624732889e-4,0.00107383422201756,8.431098984917895e-4,-0.00340383890525064,0.00533015249592594,-0.00297317700784027,-0.00334966576813844,0.0082119851161071,-0.00262053573228016,7.893373375900126e-4,-0.00246120574792918,2.9322735567482994e-4,0.00637205353645953,0.0027301660211414,-8.340113151206197e-7,-0.00274934849006225,9.069196567574878e-4,0.00642918681384063,0.00181137573029932,0.00833226482669768,-0.00834312691832295,-0.00529884808063307,0.01157186813372401,0.00420941747108738,-0.01370481025115211,0.00202399303073042,9.959806381929504e-4,-0.00346729105489185,0.00189481609659392,0.00386901233831604,1.5245409245023822e-4,-0.2772486884511851,0.4168603507741464,-0.01471331885906801,-0.3209400871378296,0.16612430225166275,0.21995265903886096,-0.28000000000000025,-0.3899999999999997,-0.3600000000000003,0.07000000000000028,-0.14000000000000057,-0.4900000000000002,-0.3200000000000003,-0.2999999999999998,-0.3799999999999999,0.05999999999999961,0.09000000000000075,-0.5,0.28000000000000025,-0.1299999999999999,-0.5,0.08999999999999986,0.41000000000000014,-0.4800000000000004,0.16999999999999993,-0.16000000000000014,-0.25,0.04000000000000092,0.3000000000000007,-0.21000000000000085,0.01999999999999957,0.01999999999999957,-0.17999999999999972,0.05000000000000071,0.09999999999999964,-0.3100000000000005,-0.02772782644003069,0.01978630089884436,-0.02101004161856057,0.02811264093604748,0.00209863665692111,0.02424103389511156,22.7052,18.6381,19.639,18.598,18.8928,23.0154,-3,-2.799999999999997,-1.5999999999999943,4.5,-1.4000000000000057,1.1000000000000083,2.24,1.6399999999999997,1.4699999999999998,1.59,1.5599999999999996,1.2400000000000002,1.3099999999999987,1.459999999999999,1.2799999999999994,1.209999999999999,1.1999999999999993,1.4000000000000004
1986 Q4,1987 Q1,1,0.7391067993541611,0.5349594167116223,0.00351317863108135,0.00158660178389702,2.513850045460231e-4,9.117325212422144e-4,0.00210558763222223,0.00473690976226315,0.02181096394106507,-0.00331845786054474,-0.01498216073373859,0.02167709901088921,0.00477934728868101,0.00655864264871564,0.00943953913952455,0.00399860716495581,0.0042533405515881,0.00254947437516239,-0.00185661719812735,0.00651238643060647,0.02071903139240838,-0.00306912132321812,-0.01422367185709738,0.02344634765626629,0.00142026041581111,0.00589152285617267,0.04418027120671652,-0.00465126621635825,-0.04275362776549585,0.0570954431992785,0.01017812002975482,0.00340747236776195,-0.3000000000000007,-0.09999999999999964,0,0.09999999999999964,-0.09999999999999964,-0.20000000000000015,-0.0137225800188574,-0.05373387102478588,-0.03146326945578437,-0.0296447165849969,0.1181512919669352,-0.02320923291037147,0.00200182322335429,0.0018659979769442,0.00186948643586326,0.00346829268790216,0.001155424847596,0.00320196821892082,40.8,40.7,40.6,40.7,40.7,40.6,7.513709247839705,7.392031567514591,7.427144133408616,7.430707082545968,7.499423290592229,7.485491608030754,7.551186867296149,7.404887575616125,7.423568444259167,7.430114138561801,7.453561871643373,7.484368643286131,0.01199569083161566,0.00414548157712069,-0.00188557480147188,2.8333036021965796e-4,-0.00212303006142189,0.00147290937718658,0.00467664620688967,-0.00216106557678941,-6.961296745355838e-4,4.683722619196473e-4,-7.097808166101061e-4,4.73019286413745e-4,0.00602986789836901,0.01282839943244784,-6.531548057964187e-5,0.0072565001590501,-0.01166645561374313,-0.00368619418791205,0.0165815802873448,0.01234204428116747,-0.0050722630440374,0.00107383422201756,8.431098984917895e-4,-0.00340383890525064,0.00185543293624412,-0.01402099245548527,-0.0013881458134346,0.0082119851161071,-0.00262053573228016,7.893373375900126e-4,0.00180340334600703,-3.2938022167527947e-6,-0.00182646035210343,0.0027301660211414,-8.340113151206197e-7,-0.00274934849006225,-0.00308801068857622,-0.01033067038787916,0.00512503656061369,0.00833226482669768,-0.00834312691832295,-0.00529884808063307,-4.0967363397914625e-4,-3.1927455128588633e-6,-0.00148566846867037,0.00202399303073042,9.959806381929504e-4,-0.00346729105489185,0.03195031658514402,0.02772009130930053,0.00783270685560699,-0.2772486884511851,0.4168603507741464,-0.01471331885906801,0.8700000000000001,0.1900000000000004,-0.04000000000000003,-0.28000000000000025,-0.3899999999999997,-0.3600000000000003,0.1800000000000006,0.16999999999999993,-0.03000000000000025,-0.3200000000000003,-0.2999999999999998,-0.3799999999999999,-0.13999999999999968,-0.17999999999999972,-0.02000000000000046,0.28000000000000025,-0.1299999999999999,-0.5,-0.1899999999999995,-0.17999999999999972,-0.03000000000000113,0.16999999999999993,-0.16000000000000014,-0.25,-0.09999999999999964,-0.16999999999999993,0.04000000000000092,0.01999999999999957,0.01999999999999957,-0.17999999999999972,0.01417888854254378,0.0319198083584995,-0.00378390192912903,-0.02772782644003069,0.01978630089884436,-0.02101004161856057,19.7586,18.6315,22.5239,22.7052,18.6381,19.639,-2.3000000000000114,-4.199999999999989,3.6999999999999886,-3,-2.799999999999997,-1.5999999999999943,1.58,1.9000000000000004,2.25,2.24,1.6399999999999997,1.4699999999999998,1.4800000000000004,1.3900000000000006,1.3800000000000008,1.3099999999999987,1.459999999999999,1.2799999999999994
1987 Q1,1987 Q2,1,1.0724067520746061,0.7391067993541611,0.00224982382448502,0.00294947433596881,-0.00165044468484154,0.00351317863108135,0.00158660178389702,2.513850045460231e-4,0.00119815682536517,0.01880437070560292,-0.02542234605239235,0.02181096394106507,-0.00331845786054474,-0.01498216073373859,0.00144719479649868,0.01309491176805988,-0.00349373468240532,0.00943953913952455,0.00399860716495581,0.0042533405515881,9.592601378614064e-4,0.03543530263540973,-0.03207881748060437,0.02071903139240838,-0.00306912132321812,-0.01422367185709738,0.00676221119415387,0.04862733509693484,-0.0667186777347073,0.04418027120671652,-0.00465126621635825,-0.04275362776549585,0,0,0,-0.3000000000000007,-0.09999999999999964,0,-0.04546237407675768,0.00907329620567587,-0.0359490297783811,-0.0137225800188574,-0.05373387102478588,-0.03146326945578437,0.00242474745562759,0.00239090973382793,0.00168002942287692,0.00200182322335429,0.0018659979769442,0.00186948643586326,41,41.2,40.8,40.8,40.7,40.6,7.453561871643373,7.486613313139955,7.480992162869525,7.513709247839705,7.392031567514591,7.427144133408616,7.440733707389261,7.4318919168078,7.432483807917119,7.551186867296149,7.404887575616125,7.423568444259167,0.00354902354837438,-0.00687618353066454,-0.01943206520698481,0.01199569083161566,0.00414548157712069,-0.00188557480147188,9.429133706229108e-4,-0.00450038482491166,-0.00402407529479909,0.00467664620688967,-0.00216106557678941,-6.961296745355838e-4,0.02782646651107256,-0.01192978380180598,-0.03336429536855778,0.00602986789836901,0.01282839943244784,-6.531548057964187e-5,0.00423150190358256,-0.0203377684974173,-0.01130796279188661,0.0165815802873448,0.01234204428116747,-0.0050722630440374,6.029448669764293e-5,-0.00104492265558775,-0.00273057053779091,0.00185543293624412,-0.01402099245548527,-0.0013881458134346,-1.2800860217154764e-5,-0.00181631995218545,0.00178391270981226,0.00180340334600703,-3.2938022167527947e-6,-0.00182646035210343,0.03305492168925283,-0.00934207740066561,0.00205655108191393,-0.00308801068857622,-0.01033067038787916,0.00512503656061369,-8.545453545467652e-4,-0.00119260660726405,0.0033180640807382,-4.0967363397914625e-4,-3.1927455128588633e-6,-0.00148566846867037,0.08327708010786905,-0.19997565543300275,0.0932687051524943,0.03195031658514402,0.02772009130930053,0.00783270685560699,0.03000000000000025,-0.33000000000000007,-0.4800000000000004,0.8700000000000001,0.1900000000000004,-0.04000000000000003,0,0.16000000000000014,-0.10000000000000052,0.1800000000000006,0.16999999999999993,-0.03000000000000025,0,0.16999999999999993,-0.03000000000000025,-0.13999999999999968,-0.17999999999999972,-0.02000000000000046,-0.02000000000000135,0.02000000000000135,-0.13000000000000078,-0.1899999999999995,-0.17999999999999972,-0.03000000000000113,-0.04000000000000092,-0.07000000000000028,-0.25,-0.09999999999999964,-0.16999999999999993,0.04000000000000092,0.04046593256171338,0.06015748281184407,0.06199607222174297,0.01417888854254378,0.0319198083584995,-0.00378390192912903,21.8372,23.4463,20.7666,19.7586,18.6315,22.5239,0.5999999999999943,-0.20000000000000284,1.3000000000000114,-2.3000000000000114,-4.199999999999989,3.6999999999999886,1.66,1.66,1.6500000000000004,1.58,1.9000000000000004,2.25,1.25,1.2699999999999996,1.3600000000000012,1.4800000000000004,1.3900000000000006,1.3800000000000008
1987 Q2,1987 Q3,1,0.86343963330755,1.0724067520746061,-9.4774556435695e-4,0.00599273140875133,-7.287782202798354e-4,0.00224982382448502,0.00294947433596881,-0.00165044468484154,0.00418291104641843,5.957154489379946e-4,0.00473248603165243,0.00119815682536517,0.01880437070560292,-0.02542234605239235,0.00516602930283394,0.00630276676266916,0.00631111423113583,0.00144719479649868,0.01309491176805988,-0.00349373468240532,0.00497822078650855,-0.00167003833158574,-0.0028750935238726,9.592601378614064e-4,0.03543530263540973,-0.03207881748060437,0.01372543751829802,-1.808953498692034e-4,0.00815699364674849,0.00676221119415387,0.04862733509693484,-0.0667186777347073,-0.09999999999999964,0,-0.2999999999999998,0,0,0,-0.02679073355776573,-0.01573655553898589,0.00896197185723046,-0.04546237407675768,0.00907329620567587,-0.0359490297783811,0.00168935550028592,0.00225363851183324,0.0033059838758529,0.00242474745562759,0.00239090973382793,0.00168002942287692,40.9,41,40.8,41,41.2,40.8,7.374001859350161,7.395107546562485,7.3864708488298945,7.453561871643373,7.486613313139955,7.480992162869525,7.327780538421632,7.313220387090301,7.378383712996715,7.440733707389261,7.4318919168078,7.432483807917119,-0.00604313079251639,-0.011119254728688681,0.00943657215210347,0.00354902354837438,-0.00687618353066454,-0.01943206520698481,-0.00126416487008818,-0.00319413488994424,0.00281713385243698,9.429133706229108e-4,-0.00450038482491166,-0.00402407529479909,0.00513770524725654,-0.01541967989040671,0.00997824559646876,0.02782646651107256,-0.01192978380180598,-0.03336429536855778,0.00135230903897642,0.00185901558378631,6.649483633927034e-4,0.00423150190358256,-0.0203377684974173,-0.01130796279188661,0.00321349965775752,-0.00502536903013606,0.0094751859161537,6.029448669764293e-5,-0.00104492265558775,-0.00273057053779091,0.00175662054250658,-0.00178803029052421,8.749955895366313e-4,-1.2800860217154764e-5,-0.00181631995218545,0.00178391270981226,-0.0456270343161913,0.04812960301171198,-0.0165838048138065,0.03305492168925283,-0.00934207740066561,0.00205655108191393,0.00124577445342399,-0.00119315667625663,0.00108120601236327,-8.545453545467652e-4,-0.00119260660726405,0.0033180640807382,-0.00919035566436399,0.02227872872918057,-0.0138452643148681,0.08327708010786905,-0.19997565543300275,0.0932687051524943,-0.11999999999999922,0.47999999999999954,0.2400000000000002,0.03000000000000025,-0.33000000000000007,-0.4800000000000004,0.00999999999999978,0.02000000000000046,0.04999999999999982,0,0.16000000000000014,-0.10000000000000052,-0.20999999999999908,0.5899999999999999,0.7699999999999996,0,0.16999999999999993,-0.03000000000000025,-0.00999999999999978,0.4800000000000004,0.4900000000000002,-0.02000000000000135,0.02000000000000135,-0.13000000000000078,0.00999999999999978,0.47000000000000064,0.4299999999999997,-0.04000000000000092,-0.07000000000000028,-0.25,0.04166563717009453,-6.915629597887829e-4,-0.01100045468982191,0.04046593256171338,0.06015748281184407,0.06199607222174297,21.6245,25.4115,26.8814,21.8372,23.4463,20.7666,0.4000000000000057,-1.7000000000000028,2,0.5999999999999943,-0.20000000000000284,1.3000000000000114,2.7300000000000004,2.9499999999999993,2.38,1.66,1.66,1.6500000000000004,1.1999999999999993,1.1799999999999995,1.1899999999999995,1.25,1.2699999999999996,1.3600000000000012
1987 Q3,1987 Q4,1,1.702383733255708,0.86343963330755,8.821388009891962e-4,0.00526753189886264,0.00339089970492523,-9.4774556435695e-4,0.00599273140875133,-7.287782202798354e-4,-0.00471927986851383,0.00762059202654086,0.00484670156337685,0.00418291104641843,5.957154489379946e-4,0.00473248603165243,0.00393177401290678,0.00747808153783768,0.00679706547396641,0.00516602930283394,0.00630276676266916,0.00631111423113583,0.01096077938115946,-0.00441921517616528,0.00863518188916323,0.00497822078650855,-0.00167003833158574,-0.0028750935238726,-0.01326822888836964,0.01850342013248962,0.00657306988905759,0.01372543751829802,-1.808953498692034e-4,0.00815699364674849,-0.09999999999999964,-0.09999999999999964,-0.10000000000000052,-0.09999999999999964,0,-0.2999999999999998,-0.04990411361913338,0.01969513921573629,-0.00935314690664768,-0.02679073355776573,-0.01573655553898589,0.00896197185723046,0.00221391147984029,0.00169055139521745,0.00339951441050878,0.00168935550028592,0.00225363851183324,0.0033059838758529,40.8,40.9,41,40.9,41,40.8,7.43543801981455,7.380879035564116,7.362010551259734,7.374001859350161,7.395107546562485,7.3864708488298945,7.322510433997394,7.32052696227274,7.323830566202317,7.327780538421632,7.313220387090301,7.378383712996715,0.0010641579347066,0.00282307924634039,0.00322313746322233,-0.00604313079251639,-0.011119254728688681,0.00943657215210347,7.395278934767546e-4,0.00172051748060564,9.716693880950088e-4,-0.00126416487008818,-0.00319413488994424,0.00281713385243698,0.00744018482142117,-0.0082700075967903,-0.00165134119186305,0.00513770524725654,-0.01541967989040671,0.00997824559646876,0.01171805847745943,0.00347767731035908,-0.00764221378260288,0.00135230903897642,0.00185901558378631,6.649483633927034e-4,-0.00329192733989458,0.00170584529286621,5.657678192783067e-4,0.00321349965775752,-0.00502536903013606,0.0094751859161537,-8.905957739751003e-4,0.00174436433776214,-0.0017753334383439,0.00175662054250658,-0.00178803029052421,8.749955895366313e-4,0.01308356412688116,-0.01767935922222374,0.03514810262888535,-0.0456270343161913,0.04812960301171198,-0.0165838048138065,-5.787193987627504e-4,0.00163530138113721,-0.00146977234884815,0.00124577445342399,-0.00119315667625663,0.00108120601236327,0.01435426117649374,-0.11580170143707937,0.0324702070979157,-0.00919035566436399,0.02227872872918057,-0.0138452643148681,0.4899999999999993,0.15000000000000036,-0.15000000000000036,-0.11999999999999922,0.47999999999999954,0.2400000000000002,0.3600000000000003,0.34999999999999964,0.02000000000000046,0.00999999999999978,0.02000000000000046,0.04999999999999982,0.6600000000000001,0.3100000000000005,0.04999999999999893,-0.20999999999999908,0.5899999999999999,0.7699999999999996,0.5099999999999998,0.25,0.09999999999999964,-0.00999999999999978,0.4800000000000004,0.4900000000000002,0.5099999999999998,0.19000000000000128,0.08999999999999986,0.00999999999999978,0.47000000000000064,0.4299999999999997,-0.03302259632024906,0.06037799163713675,0.02845653991400798,0.04166563717009453,-6.915629597887829e-4,-0.01100045468982191,22.8938,20.849,17.8009,21.6245,25.4115,26.8814,-0.8000000000000114,0.7000000000000028,2.200000000000003,0.4000000000000057,-1.7000000000000028,2,3.0199999999999996,2.72,2.759999999999999,2.7300000000000004,2.9499999999999993,2.38,1.1300000000000008,1.1300000000000008,1.1899999999999995,1.1999999999999993,1.1799999999999995,1.1899999999999995
1987 Q4,1988 Q1,1,0.5155512880753221,1.702383733255708,0.01125160646557432,0.00487024134224789,0.00658923455956994,8.821388009891962e-4,0.00526753189886264,0.00339089970492523,0.00761676658760013,0.00117697666424154,-6.112953992274406e-4,-0.00471927986851383,0.00762059202654086,0.00484670156337685,0.00559254657894303,0.00486594604352852,0.01323349510920746,0.00393177401290678,0.00747808153783768,0.00679706547396641,0.00843775556375803,-0.00277465165380164,-0.00115339101490441,0.01096077938115946,-0.00441921517616528,0.00863518188916323,0.01240085076375052,0.00377813928165338,-0.00341783541629681,-0.01326822888836964,0.01850342013248962,0.00657306988905759,-0.09999999999999964,-0.20000000000000015,0.09999999999999964,-0.09999999999999964,-0.09999999999999964,-0.10000000000000052,0.03837401288161501,0.02225060893482045,-0.03198304585305145,-0.04990411361913338,0.01969513921573629,-0.00935314690664768,0.00279182727113713,0.00226623505058753,0.0047719798016903,0.00221391147984029,0.00169055139521745,0.00339951441050878,41,41,41.1,40.8,40.9,41,7.24422751560335,7.412160334945205,7.323170717943469,7.43543801981455,7.380879035564116,7.362010551259734,7.20414929203594,7.284134806195205,7.277247726631484,7.322510433997394,7.32052696227274,7.323830566202317,-1.5864461374803795e-5,-0.01541291054926041,0.00781972147624721,0.0010641579347066,0.00282307924634039,0.00322313746322233,0.00120155231188601,-0.00399485448311853,0.00140577783348572,7.395278934767546e-4,0.00172051748060564,9.716693880950088e-4,4.8104899517920074e-4,0.0095244769908227,3.435261078230667e-4,0.00744018482142117,-0.0082700075967903,-0.00165134119186305,0.00549069241415001,-0.0042416512501946,-0.00950960574048043,0.01171805847745943,0.00347767731035908,-0.00764221378260288,-0.00915308544646364,3.786056515497904e-4,0.00375345233618418,-0.00329192733989458,0.00170584529286621,5.657678192783067e-4,-0.00174062354647119,8.601214828241055e-4,-8.813491066348433e-4,-8.905957739751003e-4,0.00174436433776214,-0.0017753334383439,0.01924384373994936,-0.02631291736927465,0.01885883625928386,0.01308356412688116,-0.01767935922222374,0.03514810262888535,-4.0860008981180584e-5,-0.0012797313583972,-1.9847762534386248e-4,-5.787193987627504e-4,0.00163530138113721,-0.00146977234884815,-0.04504561266425133,-0.06424001835178705,0.05394870174274802,0.01435426117649374,-0.11580170143707937,0.0324702070979157,0.07999999999999918,-0.5999999999999996,0.07000000000000028,0.4899999999999993,0.15000000000000036,-0.15000000000000036,0.07999999999999918,-0.4399999999999995,-0.27000000000000046,0.3600000000000003,0.34999999999999964,0.02000000000000046,0.13000000000000078,-0.6600000000000001,0.09999999999999964,0.6600000000000001,0.3100000000000005,0.04999999999999893,0.09999999999999964,-0.5099999999999998,0.33999999999999986,0.5099999999999998,0.25,0.09999999999999964,0.05999999999999872,-0.3899999999999988,0.3099999999999987,0.5099999999999998,0.19000000000000128,0.08999999999999986,-0.01646127705407263,-0.13424542335817957,-0.12874658752038393,-0.03302259632024906,0.06037799163713675,0.02845653991400798,41.764,49.4365,40.7977,22.8938,20.849,17.8009,3.700000000000003,-6.200000000000003,-4.299999999999997,-0.8000000000000114,0.7000000000000028,2.200000000000003,3.2200000000000006,3.169999999999999,3.3899999999999997,3.0199999999999996,2.72,2.759999999999999,1.1799999999999995,1.2200000000000006,1.0999999999999996,1.1300000000000008,1.1300000000000008,1.1899999999999995
1988 Q1,1988 Q2,1,1.3054737675524564,0.5155512880753221,0.00265268907877569,0.00449682373685433,-8.278980192901741e-4,0.01125160646557432,0.00487024134224789,0.00658923455956994,0.00863524983265495,9.344131675699252e-4,0.00853903614827178,0.00761676658760013,0.00117697666424154,-6.112953992274406e-4,0.00246482242494661,0.00499927134064215,-1.9700828905744316e-4,0.00559254657894303,0.00486594604352852,0.01323349510920746,0.01589048274331794,0.01123883837930783,-0.00228525219474384,0.00843775556375803,-0.00277465165380164,-0.00115339101490441,0.01707487274401131,0.00672982901574492,0.00337061977958619,0.01240085076375052,0.00377813928165338,-0.00341783541629681,0,0,0,-0.09999999999999964,-0.20000000000000015,0.09999999999999964,-0.04245731786098616,-0.05151287812041438,0.05151287812041438,0.03837401288161501,0.02225060893482045,-0.03198304585305145,0.00263532540648547,0.00443340294452099,8.87114717748716e-4,0.00279182727113713,0.00226623505058753,0.0047719798016903,40.9,41.1,41.1,41,41,41.1,7.334329350300536,7.29505641646263,7.147559271189454,7.24422751560335,7.412160334945205,7.323170717943469,7.329749689041512,7.271008538280992,7.126087273299125,7.20414929203594,7.284134806195205,7.277247726631484,0.00341488762668085,-0.00598441632855095,0.0119570129442561,-1.5864461374803795e-5,-0.01541291054926041,0.00781972147624721,-9.97801239162932e-4,6.426155501220165e-4,0.00474540100249587,0.00120155231188601,-0.00399485448311853,0.00140577783348572,0.03155664025015525,-0.01900260828983935,-0.01925456293113558,4.8104899517920074e-4,0.0095244769908227,3.435261078230667e-4,0.00259246273430679,-0.00115789015645351,-0.00121732635201965,0.00549069241415001,-0.0042416512501946,-0.00950960574048043,-2.078975220705104e-4,0.00133587093563036,0.00636525805162335,-0.00915308544646364,3.786056515497904e-4,0.00375345233618418,8.557752764977167e-4,-0.00173158155664054,0.00172263270380934,-0.00174062354647119,8.601214828241055e-4,-8.813491066348433e-4,0.05116010633522094,-0.04339899411962733,-0.04429276681625449,0.01924384373994936,-0.02631291736927465,0.01885883625928386,0.00194078552781018,-0.00238653304386371,0.00202361251297311,-4.0860008981180584e-5,-0.0012797313583972,-1.9847762534386248e-4,-0.00994559103933046,-0.01857854000772674,0.08822012129612089,-0.04504561266425133,-0.06424001835178705,0.05394870174274802,0,-0.25,0.0600000000000005,0.07999999999999918,-0.5999999999999996,0.07000000000000028,0.04000000000000003,-0.14999999999999947,0.04000000000000003,0.07999999999999918,-0.4399999999999995,-0.27000000000000046,0.15999999999999837,-0.4599999999999991,-0.3200000000000003,0.13000000000000078,-0.6600000000000001,0.09999999999999964,-0.00999999999999978,-0.4800000000000004,-0.22999999999999865,0.09999999999999964,-0.5099999999999998,0.33999999999999986,-0.04999999999999893,-0.45000000000000107,-0.2199999999999989,0.05999999999999872,-0.3899999999999988,0.3099999999999987,0.02902074604119953,0.02988818619964917,0.03866198703426438,-0.01646127705407263,-0.13424542335817957,-0.12874658752038393,29.3569,33.674,38.3365,41.764,49.4365,40.7977,3,0.7999999999999972,4,3.700000000000003,-6.200000000000003,-4.299999999999997,2.669999999999999,2.5500000000000007,2.8600000000000003,3.2200000000000006,3.169999999999999,3.3899999999999997,1.1799999999999995,1.2199999999999989,1.1899999999999995,1.1799999999999995,1.2200000000000006,1.0999999999999996
1988 Q2,1988 Q3,1,0.5842595204775591,1.3054737675524564,0.00354907640598334,9.82304847850557e-4,0.00258640328285508,0.00265268907877569,0.00449682373685433,-8.278980192901741e-4,0.00327181592028313,0.00646523065339677,-0.00410905009734596,0.00863524983265495,9.344131675699252e-4,0.00853903614827178,0.00289692739416747,-0.00201827308318769,0.00578437901264194,0.00246482242494661,0.00499927134064215,-1.9700828905744316e-4,0.00975580288745625,0.00313440115233909,-0.00537740735852487,0.01589048274331794,0.01123883837930783,-0.00228525219474384,0.00478581864673088,0.00887093688580442,-0.00452634831357023,0.01707487274401131,0.00672982901574492,0.00337061977958619,-0.1999999999999993,0.1999999999999993,-0.2999999999999998,0,0,0,-0.01768534840154068,0.00495248236466139,0.02169422946968247,-0.04245731786098616,-0.05151287812041438,0.05151287812041438,0.00346192234975006,0.00219367356465838,0.00232290362121112,0.00263532540648547,0.00443340294452099,8.87114717748716e-4,41.1,41,41,40.9,41.1,41.1,7.298445101508147,7.259116128097101,7.360739903058278,7.334329350300536,7.29505641646263,7.147559271189454,7.3031700512368,7.275172319452771,7.264730177929867,7.329749689041512,7.271008538280992,7.126087273299125,0.0038402400428632,-0.00355993850121194,0.00283935385295741,0.00341488762668085,-0.00598441632855095,0.0119570129442561,-0.00101378758843573,-0.00165221424227635,-1.523796895686047e-4,-9.97801239162932e-4,6.426155501220165e-4,0.00474540100249587,0.01438121627919741,-0.01731541223687838,0.00850114741862118,0.03155664025015525,-0.01900260828983935,-0.01925456293113558,-0.00241003924339544,4.45967629518762e-4,0.00582196200647011,0.00259246273430679,-0.00115789015645351,-0.00121732635201965,-0.00295928555225621,-0.00205130114523477,0.0015707310388322,-2.078975220705104e-4,0.00133587093563036,0.00636525805162335,0.00168983444015058,-0.00343414769585592,0.00341217554921247,8.557752764977167e-4,-0.00173158155664054,0.00172263270380934,-0.02803391842642799,-0.02317425915879756,0.04763048852166829,0.05116010633522094,-0.04339899411962733,-0.04429276681625449,0.0013442108952919,-0.00194766923922395,0.00142431804048159,0.00194078552781018,-0.00238653304386371,0.00202361251297311,-0.02872346559824246,-0.1220943694172818,0.13057631902378874,-0.00994559103933046,-0.01857854000772674,0.08822012129612089,0.41999999999999993,0.21999999999999975,0.29000000000000004,0,-0.25,0.0600000000000005,0.20000000000000015,0.34999999999999964,0.20999999999999996,0.04000000000000003,-0.14999999999999947,0.04000000000000003,-0.16999999999999993,0.3699999999999992,0.3500000000000014,0.15999999999999837,-0.4599999999999991,-0.3200000000000003,-0.04000000000000092,0.23000000000000043,0.27999999999999936,-0.00999999999999978,-0.4800000000000004,-0.22999999999999865,-0.03999999999999915,0.1399999999999988,0.33000000000000007,-0.04999999999999893,-0.45000000000000107,-0.2199999999999989,0.05544320341477604,-0.02506396866321569,-0.01173589089707238,0.02902074604119953,0.02988818619964917,0.03866198703426438,25.2709,25.7166,27.405,29.3569,33.674,38.3365,-0.09999999999999432,3.5999999999999943,-3.3999999999999915,3,0.7999999999999972,4,2.46,2.83,2.8100000000000005,2.669999999999999,2.5500000000000007,2.8600000000000003,1.1400000000000006,1.1399999999999988,1.2300000000000004,1.1799999999999995,1.2199999999999989,1.1899999999999995
1988 Q3,1988 Q4,1,1.3236569374035057,0.5842595204775591,0.00195380661916644,0.00263909552373853,0.00447088661268146,0.00354907640598334,9.82304847850557e-4,0.00258640328285508,-0.00279049668759467,0.00456038931729407,0.00240858447949143,0.00327181592028313,0.00646523065339677,-0.00410905009734596,-0.00312963335887328,0.00500167927823724,1.469114322585341e-4,0.00289692739416747,-0.00201827308318769,0.00578437901264194,0.00394778117064476,5.783174909463895e-4,-0.00406357450957628,0.00975580288745625,0.00313440115233909,-0.00537740735852487,-0.00326971800040887,0.0057272221994431,0.00282850514051524,0.00478581864673088,0.00887093688580442,-0.00452634831357023,-0.1999999999999993,0.1999999999999993,0,-0.1999999999999993,0.1999999999999993,-0.2999999999999998,-0.03310758577450556,-0.02152986438035498,0.0423973952603589,-0.01768534840154068,0.00495248236466139,0.02169422946968247,0.00320284466967279,0.00117410913764359,0.00212447205229437,0.00346192234975006,0.00219367356465838,0.00232290362121112,41,40.9,41.1,41.1,41,41,7.307872780763706,7.30854279753919,7.290974778142981,7.298445101508147,7.259116128097101,7.360739903058278,7.269616749608169,7.286191714702382,7.271703706887368,7.3031700512368,7.275172319452771,7.264730177929867,-0.00191805206659623,-0.00154654690340549,-0.00454105184615638,0.0038402400428632,-0.00355993850121194,0.00283935385295741,3.1175842051922587e-5,-0.00136301189615473,-0.001238561369858,-0.00101378758843573,-0.00165221424227635,-1.523796895686047e-4,0.00508695072200193,-0.01347034189054952,-0.0060324829511229,0.01438121627919741,-0.01731541223687838,0.00850114741862118,5.4372683402093e-4,-0.00711331163425743,-6.136987264175886e-4,-0.00241003924339544,4.45967629518762e-4,0.00582196200647011,-0.00693424254935592,0.00311795159535321,0.00172888338422794,-0.00295928555225621,-0.00205130114523477,0.0015707310388322,-1.7654276307510486e-5,-1.7803573177488374e-5,-1.795477193056172e-5,0.00168983444015058,-0.00343414769585592,0.00341217554921247,-0.00280691353788942,0.00586333692279161,-0.00211676222255707,-0.02803391842642799,-0.02317425915879756,0.04763048852166829,0.00190494131796814,-0.00188842769520825,6.002793335690981e-4,0.0013442108952919,-0.00194766923922395,0.00142431804048159,-0.07219325002410804,0.06614215865607642,-0.01099110731848451,-0.02872346559824246,-0.1220943694172818,0.13057631902378874,0.17999999999999972,0.2599999999999998,0.2400000000000002,0.41999999999999993,0.21999999999999975,0.29000000000000004,0.1800000000000006,0.3299999999999992,0.27000000000000046,0.20000000000000015,0.34999999999999964,0.20999999999999996,-0.27999999999999936,0.1999999999999993,0.14000000000000057,-0.16999999999999993,0.3699999999999992,0.3500000000000014,-0.28999999999999915,0.14999999999999858,0.10000000000000142,-0.04000000000000092,0.23000000000000043,0.27999999999999936,-0.3100000000000005,0.10000000000000142,0.10999999999999945,-0.03999999999999915,0.1399999999999988,0.33000000000000007,0.01617488715161563,-0.02027096437361919,-0.00592813888739574,0.05544320341477604,-0.02506396866321569,-0.01173589089707238,19.5242,23.7073,23.644,25.2709,25.7166,27.405,-0.10000000000000853,4,-1.2999999999999972,-0.09999999999999432,3.5999999999999943,-3.3999999999999915,1.7400000000000002,2.2,2.33,2.46,2.83,2.8100000000000005,1.08,1.1000000000000014,1.1499999999999986,1.1400000000000006,1.1399999999999988,1.2300000000000004
1988 Q4,1989 Q1,1,1.0112643926211362,1.3236569374035057,0.0050407799669454,2.857442517214537e-4,0.00555642130316158,0.00195380661916644,0.00263909552373853,0.00447088661268146,0.00542824010816156,0.0025303055271757,0.00815337118110992,-0.00279049668759467,0.00456038931729407,0.00240858447949143,0.00451930917807708,0.00241575558772044,0.0043015363906127,-0.00312963335887328,0.00500167927823724,1.469114322585341e-4,0.01295050269858499,0.00385274985770678,0.0077331270877412,0.00394778117064476,5.783174909463895e-4,-0.00406357450957628,0.00713352489356644,0.00830074289951809,0.02084052498647537,-0.00326971800040887,0.0057272221994431,0.00282850514051524,0,-0.10000000000000052,0,-0.1999999999999993,0.1999999999999993,0,0.00925139372053074,-0.00309331746913876,-0.04397419338884667,-0.03310758577450556,-0.02152986438035498,0.0423973952603589,0.00263213509340154,0.00320348993740182,0.00247775564963248,0.00320284466967279,0.00117410913764359,0.00212447205229437,40.9,41.1,41.1,41,40.9,41.1,7.354362330421477,7.358193752733032,7.327780538421632,7.307872780763706,7.30854279753919,7.290974778142981,7.313886831633462,7.318539548567902,7.323830566202317,7.269616749608169,7.286191714702382,7.271703706887368,2.501034428536997e-4,0.00255108644520163,-0.00102105937125251,-0.00191805206659623,-0.00154654690340549,-0.00454105184615638,-0.00233141751385712,0.00217541905939278,0.00117827002866111,3.1175842051922587e-5,-0.00136301189615473,-0.001238561369858,0.00263760924406231,0.01297730435829613,-7.280654756280924e-4,0.00508695072200193,-0.01347034189054952,-0.0060324829511229,0.00269392447642502,-0.00276422773295248,0.00469344773384605,5.4372683402093e-4,-0.00711331163425743,-6.136987264175886e-4,5.475790909148515e-4,-7.881474491533424e-4,0.00184074985748949,-0.00693424254935592,0.00311795159535321,0.00172888338422794,-1.1055824312933282e-5,-1.1129714737379004e-5,-8.511875981334072e-4,-1.7654276307510486e-5,-1.7803573177488374e-5,-1.795477193056172e-5,0.00602341935651118,0.00634442538450574,0.02712302654309706,-0.00280691353788942,0.00586333692279161,-0.00211676222255707,7.995764054395949e-4,-9.42821976376962e-4,-0.00160431207300959,0.00190494131796814,-0.00188842769520825,6.002793335690981e-4,0.13877445086296092,0.0602360069023895,0.02317048033566982,-0.07219325002410804,0.06614215865607642,-0.01099110731848451,0.41000000000000014,0.04999999999999893,0.1100000000000012,0.17999999999999972,0.2599999999999998,0.2400000000000002,0.3100000000000005,0.41000000000000014,0.10999999999999945,0.1800000000000006,0.3299999999999992,0.27000000000000046,0.14999999999999858,0.16000000000000014,-0.17999999999999972,-0.27999999999999936,0.1999999999999993,0.14000000000000057,0.120000000000001,-0.0600000000000005,-0.3100000000000005,-0.28999999999999915,0.14999999999999858,0.10000000000000142,0.16999999999999993,0.07000000000000028,-0.4900000000000002,-0.3100000000000005,0.10000000000000142,0.10999999999999945,0.02009200008268852,-0.02334168700102967,0.03447352736987419,0.01617488715161563,-0.02027096437361919,-0.00592813888739574,17.7542,21.659,20.4819,19.5242,23.7073,23.644,-1.0999999999999943,-1.0999999999999943,-3.200000000000003,-0.10000000000000853,4,-1.2999999999999972,1.0399999999999991,1.200000000000001,1.450000000000001,1.7400000000000002,2.2,2.33,1.08,1.0300000000000011,0.9000000000000004,1.08,1.1000000000000014,1.1499999999999986
1989 Q1,1989 Q2,1,0.7602027800347244,1.0112643926211362,0.00519817047251791,0.00291460451084013,0.0089546417221431,0.0050407799669454,2.857442517214537e-4,0.00555642130316158,-6.448839432433573e-4,-0.00210372737727482,0.00178144129187263,0.00542824010816156,0.0025303055271757,0.00815337118110992,0.00249760842958135,-0.0044349968419306,0.0029453491324780102,0.00451930917807708,0.00241575558772044,0.0043015363906127,-0.00597035009230673,-0.01098907580912289,0.00114162844059073,0.01295050269858499,0.00385274985770678,0.0077331270877412,0.00571247373216543,-0.01347337820097038,0.00729158645278005,0.00713352489356644,0.00830074289951809,0.02084052498647537,-0.20000000000000015,-0.20000000000000015,0.10000000000000052,0,-0.10000000000000052,0,0.05834655088965057,0.04718651243489624,-0.01183648779263535,0.00925139372053074,-0.00309331746913876,-0.04397419338884667,0.00180424884330498,0.00247917065486014,0.00245726769102461,0.00263213509340154,0.00320348993740182,0.00247775564963248,41.1,41.2,41.1,40.9,41.1,41.1,7.259819610363186,7.261927092702751,7.390798521735676,7.354362330421477,7.358193752733032,7.327780538421632,7.101675971619444,7.232010331664759,7.290292882446597,7.313886831633462,7.318539548567902,7.323830566202317,0.00139996464151703,-0.00114921326282413,-0.00356260135585007,2.501034428536997e-4,0.00255108644520163,-0.00102105937125251,0.00233626577722745,-0.0010034731780415,-0.001510198805029,-0.00233141751385712,0.00217541905939278,0.00117827002866111,0.03738789400795905,-0.0191009019629238,-0.021995119144953,0.00263760924406231,0.01297730435829613,-7.280654756280924e-4,-0.01880065971349065,0.01510500653454016,-0.0036789078688324,0.00269392447642502,-0.00276422773295248,0.00469344773384605,0.00322242685257023,-0.02526460981459699,0.0275349870307302,5.475790909148515e-4,-7.881474491533424e-4,0.00184074985748949,0.0016271813085753,-8.39049634874911e-4,8.144404088756829e-4,-1.1055824312933282e-5,-1.1129714737379004e-5,-8.511875981334072e-4,0.0198404126081062,-0.03652498071491372,-0.04390835313606267,0.00602341935651118,0.00634442538450574,0.02712302654309706,3.953643369252191e-4,-0.00179748232556686,0.00200248342767928,7.995764054395949e-4,-9.42821976376962e-4,-0.00160431207300959,0.09570070337371916,-0.1091186289130106,-0.05131409080333737,0.13877445086296092,0.0602360069023895,0.02317048033566982,0.4900000000000002,0.2400000000000002,0.35999999999999943,0.41000000000000014,0.04999999999999893,0.1100000000000012,0.2900000000000009,0.2599999999999998,0.1999999999999993,0.3100000000000005,0.41000000000000014,0.10999999999999945,0.1899999999999995,0.08000000000000007,-0.01999999999999957,0.14999999999999858,0.16000000000000014,-0.17999999999999972,0.16000000000000014,0.02000000000000135,0.04999999999999893,0.120000000000001,-0.0600000000000005,-0.3100000000000005,0.0600000000000005,-0.04000000000000092,0,0.16999999999999993,0.07000000000000028,-0.4900000000000002,-0.0044315736408409,0.02968806229594545,0.03168088408034641,0.02009200008268852,-0.02334168700102967,0.03447352736987419,17.4754,18.3126,17.758,17.7542,21.659,20.4819,-1.1000000000000083,-2.5,6,-1.0999999999999943,-1.0999999999999943,-3.200000000000003,0.5399999999999991,0.6400000000000006,0.8200000000000003,1.0399999999999991,1.200000000000001,1.450000000000001,0.8699999999999992,0.9699999999999988,1.0300000000000011,1.08,1.0300000000000011,0.9000000000000004
1989 Q2,1989 Q3,1,0.7380056517089173,0.7602027800347244,0.0027962573914575,-0.00432808066612011,-0.00394592937563409,0.00519817047251791,0.00291460451084013,0.0089546417221431,0.00196698943091355,-0.00117638265248087,0.00591730388981615,-6.448839432433573e-4,-0.00210372737727482,0.00178144129187263,-7.60861911217603e-5,-0.00570129548713005,-1.4968072164389667e-4,0.00249760842958135,-0.0044349968419306,0.0029453491324780102,-0.00308856611197683,-0.00446813253769384,0.00907900537875683,-0.00597035009230673,-0.01098907580912289,0.00114162844059073,3.005713862176407e-4,0.00664927960536765,0.01852733981564291,0.00571247373216543,-0.01347337820097038,0.00729158645278005,0.09999999999999964,0,0.20000000000000015,-0.20000000000000015,-0.20000000000000015,0.10000000000000052,0.02585695383629982,0.0399235795204671,-0.03218958892073154,0.05834655088965057,0.04718651243489624,-0.01183648779263535,0.00105584894499166,0.00113117988548161,0.00157837107768266,0.00180424884330498,0.00247917065486014,0.00245726769102461,40.9,41,41.1,41.1,41.2,41.1,7.242082359256962,7.193685818395112,7.199678345691172,7.259819610363186,7.261927092702751,7.390798521735676,7.186901020411631,7.2305631534092925,7.226936018493289,7.101675971619444,7.232010331664759,7.290292882446597,0.0034673636347513,-5.39779312500599e-4,-0.00384375388774937,0.00139996464151703,-0.00114921326282413,-0.00356260135585007,0.0035366032739077,-2.367999999588477e-4,-4.053732067745841e-4,0.00233626577722745,-0.0010034731780415,-0.001510198805029,0.01454463076197143,-0.01355040201304458,-0.00264032134028902,0.03738789400795905,-0.0191009019629238,-0.021995119144953,-0.00856995501517321,0.00383889856655894,0.00570600942750765,-0.01880065971349065,0.01510500653454016,-0.0036789078688324,-0.00197322343995587,1.071127767691138e-4,-0.00238567687357083,0.00322242685257023,-0.02526460981459699,0.0275349870307302,-0.00163383339591582,-0.00247574024487828,0.00241590924748447,0.0016271813085753,-8.39049634874911e-4,8.144404088756829e-4,0.00268289916160924,-0.04247267425249923,0.00286460729089643,0.0198404126081062,-0.03652498071491372,-0.04390835313606267,-0.00146013797429134,-0.00299410718032344,0.00292093187990971,3.953643369252191e-4,-0.00179748232556686,0.00200248342767928,0.04774564034333117,-0.12792981321361951,-0.00809648163738652,0.09570070337371916,-0.1091186289130106,-0.05131409080333737,-0.28000000000000114,-0.02999999999999936,-0.00999999999999978,0.4900000000000002,0.2400000000000002,0.35999999999999943,-0.27999999999999936,-0.22000000000000064,-0.16999999999999993,0.2900000000000009,0.2599999999999998,0.1999999999999993,-0.5800000000000001,-0.3200000000000003,-0.17999999999999972,0.1899999999999995,0.08000000000000007,-0.01999999999999957,-0.47000000000000064,-0.2199999999999989,-0.01000000000000156,0.16000000000000014,0.02000000000000135,0.04999999999999893,-0.4300000000000015,-0.14999999999999858,-0.0600000000000005,0.0600000000000005,-0.04000000000000092,0,0.03074269708429078,0.03765456206249507,0.03227170808757229,-0.0044315736408409,0.02968806229594545,0.03168088408034641,16.7322,17.435,16.8875,17.4754,18.3126,17.758,-0.10000000000000853,-0.7999999999999972,-2.799999999999997,-1.1000000000000083,-2.5,6,0.129999999999999,0.4299999999999997,0.5299999999999994,0.5399999999999991,0.6400000000000006,0.8200000000000003,0.9299999999999996,0.8900000000000006,0.8200000000000003,0.8699999999999992,0.9699999999999988,1.0300000000000011
1989 Q3,1989 Q4,1,0.19678730209609085,0.7380056517089173,0.00276533437495984,0.00218017074220355,0.00330055484360336,0.0027962573914575,-0.00432808066612011,-0.00394592937563409,-0.00187908465776276,0.00955870150877702,0.00296454495975329,0.00196698943091355,-0.00117638265248087,0.00591730388981615,-0.00313896658954693,0.00975062016915284,-0.00969395968925557,-7.60861911217603e-5,-0.00570129548713005,-1.4968072164389667e-4,-0.00703109203725915,0.02506798560354184,-0.01030965164584785,-0.00308856611197683,-0.00446813253769384,0.00907900537875683,-9.774323855946676e-4,0.01552363379376764,0.00498720185940193,3.005713862176407e-4,0.00664927960536765,0.01852733981564291,0.09999999999999964,0,-0.09999999999999964,0.09999999999999964,0,0.20000000000000015,0.00447428039492159,-0.02100358234613253,0.02549797193397118,0.02585695383629982,0.0399235795204671,-0.03218958892073154,0.00230034883805352,4.7180939775870456e-4,3.887161310611731e-4,0.00105584894499166,0.00113117988548161,0.00157837107768266,40.8,40.9,40.9,40.9,41,41.1,7.153833801578843,7.194436851100335,7.2633296174768365,7.242082359256962,7.193685818395112,7.199678345691172,7.1808311990445555,7.195937226475569,7.1569563646156364,7.186901020411631,7.2305631534092925,7.226936018493289,-4.214247885769851e-6,-0.00348878052556322,0.0074811110487527,0.0034673636347513,-5.39779312500599e-4,-0.00384375388774937,-0.00131152881914431,-8.772626674016237e-4,0.00266104556560087,0.0035366032739077,-2.367999999588477e-4,-4.053732067745841e-4,0.00667242044008187,-0.01334521317972292,-0.00396220672452329,0.01454463076197143,-0.01355040201304458,-0.00264032134028902,-0.00372020504343684,-0.00388007166251114,0.01082737944912715,-0.00856995501517321,0.00383889856655894,0.00570600942750765,0.00233304498722652,-0.00157223087805391,-4.140918999873122e-4,-0.00197322343995587,1.071127767691138e-4,-0.00238567687357083,0.0024067400305654,-0.00321802369420076,-1.0389117917952715e-5,-0.00163383339591582,-0.00247574024487828,0.00241590924748447,0.02459111469462804,0.05257419461705304,-0.01044606639458756,0.00268289916160924,-0.04247267425249923,0.00286460729089643,0.00210310846585315,-0.002265337224574,2.041110733657092e-4,-0.00146013797429134,-0.00299410718032344,0.00292093187990971,0.11507691560329424,-0.04060243929672058,-0.01686154152371033,0.04774564034333117,-0.12792981321361951,-0.00809648163738652,0.02999999999999936,-0.25,-0.28999999999999915,-0.28000000000000114,-0.02999999999999936,-0.00999999999999978,-0.15000000000000036,0.02000000000000046,-0.27000000000000046,-0.27999999999999936,-0.22000000000000064,-0.16999999999999993,0.08000000000000007,0.08999999999999986,-0.2599999999999998,-0.5800000000000001,-0.3200000000000003,-0.17999999999999972,0.04999999999999893,0.03000000000000113,-0.16999999999999993,-0.47000000000000064,-0.2199999999999989,-0.01000000000000156,0.02999999999999936,0.01000000000000156,-0.16000000000000014,-0.4300000000000015,-0.14999999999999858,-0.0600000000000005,0.00201758246852268,0.04333765855557647,0.02501655779373024,0.03074269708429078,0.03765456206249507,0.03227170808757229,16.7465,19.3234,18.0565,16.7322,17.435,16.8875,6.200000000000003,-2.4000000000000057,1.4000000000000057,-0.10000000000000853,-0.7999999999999972,-2.799999999999997,0.4399999999999995,0.20999999999999908,0.13999999999999968,0.129999999999999,0.4299999999999997,0.5299999999999994,0.9000000000000004,0.92,0.9399999999999996,0.9299999999999996,0.8900000000000006,0.8200000000000003
1989 Q4,1990 Q1,1,1.0869532462091769,0.19678730209609085,8.295165960650053e-4,0.00101263069035084,0.00479294983794176,0.00276533437495984,0.00218017074220355,0.00330055484360336,0.0082516360934286,4.8627335863127286e-4,-6.764898890212478e-4,-0.00187908465776276,0.00955870150877702,0.00296454495975329,0.0054692282901092,0.00337335244121472,-0.00134875812841794,-0.00313896658954693,0.00975062016915284,-0.00969395968925557,0.00329971426896946,0.00890398978432394,-0.00970123655186405,-0.00703109203725915,0.02506798560354184,-0.01030965164584785,0.0025816153808158,0.00870576388796529,-0.01111324606138808,-9.774323855946676e-4,0.01552363379376764,0.00498720185940193,0,0.10000000000000052,0,0.09999999999999964,0,-0.09999999999999964,0.05334019582754124,-0.07575048715991883,0.07798014248718843,0.00447428039492159,-0.02100358234613253,0.02549797193397118,7.721014410062566e-4,0.00254111024837122,9.868801096111213e-4,0.00230034883805352,4.7180939775870456e-4,3.887161310611731e-4,40.5,40.7,40.8,40.8,40.9,40.9,7.1316985104669115,7.208600337960199,7.251344983372214,7.153833801578843,7.194436851100335,7.2633296174768365,7.259819610363186,7.203405521083095,7.21890970761906,7.1808311990445555,7.195937226475569,7.1569563646156364,0.00467461377277711,-0.00549339190409003,0.00509395322294636,-4.214247885769851e-6,-0.00348878052556322,0.0074811110487527,-3.7549715754536805e-5,-8.137843302780112e-4,0.00109029563357054,-0.00131152881914431,-8.772626674016237e-4,0.00266104556560087,0.00974628199589311,0.01188360128847332,3.518028195133027e-4,0.00667242044008187,-0.01334521317972292,-0.00396220672452329,-0.00333375893067255,-0.00308083573034601,6.443973602028308e-4,-0.00372020504343684,-0.00388007166251114,0.01082737944912715,-0.00230974743620393,1.21415689132931e-4,5.837856694483889e-4,0.00233304498722652,-0.00157223087805391,-4.140918999873122e-4,-8.072245453369931e-4,-8.168594120121497e-4,0.00238943223292764,0.0024067400305654,-0.00321802369420076,-1.0389117917952715e-5,-0.02519612376236946,-0.05745122064538055,-0.00438919846843433,0.02459111469462804,0.05257419461705304,-0.01044606639458756,7.182627928647989e-4,-0.00172220237423825,0.00167411873223155,0.00210310846585315,-0.002265337224574,2.041110733657092e-4,0.07559305411243589,-0.03862898136775294,-0.03121562550080137,0.11507691560329424,-0.04060243929672058,-0.01686154152371033,-0.10000000000000142,-0.28999999999999915,-0.17999999999999972,0.02999999999999936,-0.25,-0.28999999999999915,-0.0600000000000005,0.05000000000000071,-0.11000000000000032,-0.15000000000000036,0.02000000000000046,-0.27000000000000046,-0.03000000000000025,-0.13999999999999968,-0.17999999999999972,0.08000000000000007,0.08999999999999986,-0.2599999999999998,-0.03000000000000113,-0.02999999999999936,-0.08999999999999986,0.04999999999999893,0.03000000000000113,-0.16999999999999993,0.00999999999999978,0,-0.09999999999999964,0.02999999999999936,0.01000000000000156,-0.16000000000000014,0.02439145312415913,-0.02094317384524302,2.878940569761568e-4,0.00201758246852268,0.04333765855557647,0.02501655779373024,18.235,20.9323,21.9509,16.7465,19.3234,18.0565,-0.4000000000000057,-3,-1.8999999999999917,6.200000000000003,-2.4000000000000057,1.4000000000000057,0.20999999999999996,0.17999999999999972,0.3700000000000001,0.4399999999999995,0.20999999999999908,0.13999999999999968,0.9600000000000009,0.92,0.8900000000000006,0.9000000000000004,0.92,0.9399999999999996
1990 Q1,1990 Q2,1,0.3623128836839129,1.0869532462091769,9.683675118417056e-4,0.00310105354894574,0.00256570520906684,8.295165960650053e-4,0.00101263069035084,0.00479294983794176,0.00336971969288191,-0.00506076071215,0.00497690326975286,0.0082516360934286,4.8627335863127286e-4,-6.764898890212478e-4,0.00496920299174874,0.00904064097315959,-0.00507063276692498,0.0054692282901092,0.00337335244121472,-0.00134875812841794,0.00581042054818325,0.01474848350135893,-0.00784194367841628,0.00329971426896946,0.00890398978432394,-0.00970123655186405,0.00382097376591339,-0.00777026920425605,0.03084714738897354,0.0025816153808158,0.00870576388796529,-0.01111324606138808,-0.09999999999999964,-0.10000000000000052,0,0,0.10000000000000052,0,-0.0371071074990077,-0.0076468916245993,0.01619694721486553,0.05334019582754124,-0.07575048715991883,0.07798014248718843,0.00186236793590488,0.00219547089540306,0.00330227055798815,7.721014410062566e-4,0.00254111024837122,9.868801096111213e-4,40.6,40.6,40.5,40.5,40.7,40.8,7.161622002939187,7.270312886079025,7.346655163176539,7.1316985104669115,7.208600337960199,7.251344983372214,7.1276936993473985,7.192182058713246,7.466227556215481,7.259819610363186,7.203405521083095,7.21890970761906,8.622990592721536e-4,2.4074761313563897e-4,-0.00317790953147323,0.00467461377277711,-0.00549339190409003,0.00509395322294636,-4.853070478887389e-4,-6.178469579314338e-4,-0.00158320114534404,-3.7549715754536805e-5,-8.137843302780112e-4,0.00109029563357054,0.03480003447746416,-0.01450976963676264,-0.02641966830874143,0.00974628199589311,0.01188360128847332,3.518028195133027e-4,0.00151613260385552,0.00455736032386422,-6.177735100498793e-4,-0.00333375893067255,-0.00308083573034601,6.443973602028308e-4,0.0011765497927314,-0.00425816894816932,-4.4815916112384e-5,-0.00230974743620393,1.21415689132931e-4,5.837856694483889e-4,7.626485627660884e-4,-0.00554243592090042,0.00628424693589213,-8.072245453369931e-4,-8.168594120121497e-4,0.00238943223292764,0.0803206956079503,-0.03386584151941463,0.05690288422054834,-0.02519612376236946,-0.05745122064538055,-0.00438919846843433,-6.288879100564415e-4,-0.0031463507592333,0.00464782981424605,7.182627928647989e-4,-0.00172220237423825,0.00167411873223155,-0.05569978122436891,-0.09488115165056854,0.00904563423248916,0.07559305411243589,-0.03862898136775294,-0.03121562550080137,0.03999999999999915,0.00999999999999978,-0.2199999999999989,-0.10000000000000142,-0.28999999999999915,-0.17999999999999972,0.16000000000000014,0.10000000000000052,0.00999999999999978,-0.0600000000000005,0.05000000000000071,-0.11000000000000032,0.11999999999999922,0.2599999999999998,0.370000000000001,-0.03000000000000025,-0.13999999999999968,-0.17999999999999972,0.14999999999999858,0.23000000000000043,0.13000000000000078,-0.03000000000000113,-0.02999999999999936,-0.08999999999999986,0.07000000000000028,0.2000000000000011,0.11999999999999922,0.00999999999999978,0,-0.09999999999999964,0.02395055506347798,-0.02840201650666518,-0.02506775466279354,0.02439145312415913,-0.02094317384524302,2.878940569761568e-4,18.8313,23.3268,23.499,18.235,20.9323,21.9509,1.7999999999999972,-3.5,2.5,-0.4000000000000057,-3,-1.8999999999999917,0.6899999999999995,0.7300000000000004,0.5700000000000012,0.20999999999999996,0.17999999999999972,0.3700000000000001,0.8400000000000016,0.92,0.9499999999999992,0.9600000000000009,0.92,0.8900000000000006
1990 Q2,1990 Q3,1,0.06655952356169337,0.3623128836839129,0.00165867154114707,-0.00107826770402219,0.00635642833463379,9.683675118417056e-4,0.00310105354894574,0.00256570520906684,0.00316719717996871,-7.093234603625653e-4,0.00189961334247712,0.00336971969288191,-0.00506076071215,0.00497690326975286,0.00338583502695044,0.00303690331972905,-0.00262325020588249,0.00496920299174874,0.00904064097315959,-0.00507063276692498,0.00258153741599365,0.00809265132359726,-0.01159087043935436,0.00581042054818325,0.01474848350135893,-0.00784194367841628,0.00881166846692416,-0.00201813795061944,-0.00733476368662344,0.00382097376591339,-0.00777026920425605,0.03084714738897354,-0.20000000000000015,0,0.20000000000000015,-0.09999999999999964,-0.10000000000000052,0,0.01992680719161299,-0.01813159853438328,0.04682940630232046,-0.0371071074990077,-0.0076468916245993,0.01619694721486553,2.0029315701819428e-4,0.00140317651107935,3.1005772793690767e-4,0.00186236793590488,0.00219547089540306,0.00330227055798815,40.7,40.6,40.4,40.6,40.6,40.5,7.0707241072602764,7.10002716662926,7.129297548929373,7.161622002939187,7.270312886079025,7.346655163176539,7.010311867307229,6.9726062513017535,7.035268599281097,7.1276936993473985,7.192182058713246,7.466227556215481,0.00806348306947057,-0.0080826420663298,0.00147176307230267,8.622990592721536e-4,2.4074761313563897e-4,-0.00317790953147323,0.00439702171617817,-0.00391081319711084,1.7574912714835025e-4,-4.853070478887389e-4,-6.178469579314338e-4,-0.00158320114534404,0.01502772018296472,-0.01729161017243363,7.508488323111351e-4,0.03480003447746416,-0.01450976963676264,-0.02641966830874143,0.00425086477758629,-0.00610412884306921,0.00159241691368805,0.00151613260385552,0.00455736032386422,-6.177735100498793e-4,0.00563721445965548,-5.712191100695208e-4,-0.00185251032253752,0.0011765497927314,-0.00425816894816932,-4.4815916112384e-5,0.00462723791650265,-7.797102341688955e-4,-0.00234644974227826,7.626485627660884e-4,-0.00554243592090042,0.00628424693589213,-0.00445794890217765,-0.05781737175377444,0.01239846779256126,0.0803206956079503,-0.03386584151941463,0.05690288422054834,0.00216349163894591,1.4741406130980297e-4,-0.00166938029884367,-6.288879100564415e-4,-0.0031463507592333,0.00464782981424605,-0.05911545302643128,0.07548262174327691,-0.01470082530350946,-0.05569978122436891,-0.09488115165056854,0.00904563423248916,0.10999999999999945,-0.08000000000000007,-0.01999999999999957,0.03999999999999915,0.00999999999999978,-0.2199999999999989,-0.00999999999999978,-0.02999999999999936,-0.13000000000000078,0.16000000000000014,0.10000000000000052,0.00999999999999978,-0.27999999999999936,-0.02999999999999936,0.1999999999999993,0.11999999999999922,0.2599999999999998,0.370000000000001,-0.21000000000000085,0.00999999999999978,0.09000000000000163,0.14999999999999858,0.23000000000000043,0.13000000000000078,-0.1899999999999995,0.10999999999999945,0.08999999999999986,0.07000000000000028,0.2000000000000011,0.11999999999999922,0.02853959318427712,0.0350688871068332,-8.276188696560993e-4,0.02395055506347798,-0.02840201650666518,-0.02506775466279354,17.5828,18.1518,20.4575,18.8313,23.3268,23.499,-2.299999999999997,-3.3000000000000114,2.6000000000000085,1.7999999999999972,-3.5,2.5,0.75,1.0199999999999996,1.0199999999999996,0.6899999999999995,0.7300000000000004,0.5700000000000012,0.9600000000000009,0.9399999999999996,0.8399999999999999,0.8400000000000016,0.92,0.9499999999999992
1990 Q3,1990 Q4,1,-0.9145740648071055,0.06655952356169337,-3.380569456581384e-4,-0.00627406640007244,0.00339489711835483,0.00165867154114707,-0.00107826770402219,0.00635642833463379,-4.774805724987452e-4,3.113745133984658e-4,0.00203670290908863,0.00316719717996871,-7.093234603625653e-4,0.00189961334247712,7.625111401843299e-5,0.0034867499970046,-0.00174887315553373,0.00338583502695044,0.00303690331972905,-0.00262325020588249,-0.01855757063847285,0.01000854918450855,-0.00537221625142336,0.00258153741599365,0.00809265132359726,-0.01159087043935436,0.00329995969806873,0.00492169474405201,0.00341203918233468,0.00881166846692416,-0.00201813795061944,-0.00733476368662344,0.20000000000000015,0.20000000000000015,0.2999999999999998,-0.20000000000000015,0,0.20000000000000015,0.02505752687922857,0.04593153436413644,0.01261327388574606,0.01992680719161299,-0.01813159853438328,0.04682940630232046,-7.57544678881672e-4,-0.00190501422567912,-3.1866706390459854e-4,2.0029315701819428e-4,0.00140317651107935,3.1005772793690767e-4,40.5,40.5,40.6,40.7,40.6,40.4,7.01211529430638,7.016609683894219,7.065613363597717,7.0707241072602764,7.10002716662926,7.129297548929373,6.883462586413092,6.974478911025045,6.982862751468942,7.010311867307229,6.9726062513017535,7.035268599281097,-0.0013873708186658,0.00528291433990624,-0.00409764411290503,0.00806348306947057,-0.0080826420663298,0.00147176307230267,-0.00153356691429529,0.00205754570524696,-7.296509586574018e-4,0.00439702171617817,-0.00391081319711084,1.7574912714835025e-4,0.00551929945107332,-0.00332466195785574,-0.00742586240323017,0.01502772018296472,-0.01729161017243363,7.508488323111351e-4,-0.00216222795612974,0.0031952398171029,-0.00487321141883168,0.00425086477758629,-0.00610412884306921,0.00159241691368805,5.621092418248708e-4,-0.00178710808471649,-0.0011784882764001,0.00563721445965548,-5.712191100695208e-4,-0.00185251032253752,-0.00157816559340862,0.00378548904227393,-0.00156932273776266,0.00462723791650265,-7.797102341688955e-4,-0.00234644974227826,-2.8666718809411407e-4,0.02796208562039925,0.02618219209375993,-0.00445794890217765,-0.05781737175377444,0.01239846779256126,-5.066120948500341e-4,0.00416262436662506,-0.00194383336089742,0.00216349163894591,1.4741406130980297e-4,-0.00166938029884367,-0.16220675398228843,0.2774517906990419,0.17746266155048307,-0.05911545302643128,0.07548262174327691,-0.01470082530350946,0.06999999999999851,-0.01999999999999957,-0.1399999999999988,0.10999999999999945,-0.08000000000000007,-0.01999999999999957,-0.08999999999999986,-0.16999999999999993,-0.11000000000000032,-0.00999999999999978,-0.02999999999999936,-0.13000000000000078,0.14000000000000057,0.27999999999999936,-0.00999999999999978,-0.27999999999999936,-0.02999999999999936,0.1999999999999993,0.15000000000000036,0.16999999999999993,-0.01999999999999957,-0.21000000000000085,0.00999999999999978,0.09000000000000163,0.23000000000000043,0.21000000000000085,-0.02000000000000135,-0.1899999999999995,0.10999999999999945,0.08999999999999986,-0.04748942319829385,-0.08482455831639424,-9.994170899343402e-4,0.02853959318427712,0.0350688871068332,-8.276188696560993e-4,28.8189,27.7752,18.9328,17.5828,18.1518,20.4575,-3.6000000000000085,-11.799999999999995,-0.09999999999999432,-2.299999999999997,-3.3000000000000114,2.6000000000000085,1.5300000000000002,1.2999999999999998,0.8500000000000005,0.75,1.0199999999999996,1.0199999999999996,1.08,1,0.9599999999999992,0.9600000000000009,0.9399999999999996,0.8399999999999999
1990 Q4,1991 Q1,1,-0.4690389148507279,-0.9145740648071055,0.00520337015488081,1.3431013675457848e-4,-0.00814490331699602,-3.380569456581384e-4,-0.00627406640007244,0.00339489711835483,-0.00366435001449216,-9.192137192255424e-4,-0.00560143894858988,-4.774805724987452e-4,3.113745133984658e-4,0.00203670290908863,-0.00736659658813376,-0.01279714376480623,-0.00585965314367697,7.625111401843299e-5,0.0034867499970046,-0.00174887315553373,-0.01046306717717548,-0.01189160568160829,-0.00429783745025957,-0.01855757063847285,0.01000854918450855,-0.00537221625142336,-0.00832494555145224,-0.00278534648410477,0.00364889913632282,0.00329995969806873,0.00492169474405201,0.00341203918233468,0.09999999999999964,0.2999999999999998,0,0.20000000000000015,0.20000000000000015,0.2999999999999998,0.01829826491141339,0.04932192276356595,0.07632632197803702,0.02505752687922857,0.04593153436413644,0.01261327388574606,-4.945281478132557e-4,-0.00141812200400082,-0.00133394263727204,-7.57544678881672e-4,-0.00190501422567912,-3.1866706390459854e-4,40.3,40.2,40.4,40.5,40.5,40.6,6.876264611890766,7.0431599159883405,6.921658184151129,7.01211529430638,7.016609683894219,7.065613363597717,6.7580945044277305,6.846943139585379,6.829793737512425,6.883462586413092,6.974478911025045,6.982862751468942,4.7798112526642456e-4,0.00304549191178171,-0.00586740400725016,-0.0013873708186658,0.00528291433990624,-0.00409764411290503,0.00180389353355536,-4.310930270641222e-4,-0.00243588877951772,-0.00153356691429529,0.00205754570524696,-7.296509586574018e-4,-0.01065584569162858,0.01314926186896414,-0.00686615607390272,0.00551929945107332,-0.00332466195785574,-0.00742586240323017,0.00181593240069677,0.00551644454517941,-0.00148431522584324,-0.00216222795612974,0.0031952398171029,-0.00487321141883168,-0.00468092129689878,-0.00501940970026559,0.00244025825153393,5.621092418248708e-4,-0.00178710808471649,-0.0011784882764001,0.00148638980331039,-0.00452313742887344,-4.613847981271846e-5,-0.00157816559340862,0.00378548904227393,-0.00156932273776266,-0.01669563466492984,-0.06930453763181532,-0.02753880838163347,-2.8666718809411407e-4,0.02796208562039925,0.02618219209375993,-3.2971016186689184e-4,-0.00444059111869776,-4.153932281667494e-4,-5.066120948500341e-4,0.00416262436662506,-0.00194383336089742,-0.06054344334516104,-0.17052060585541762,-0.15061345754362063,-0.16220675398228843,0.2774517906990419,0.17746266155048307,-0.5,-0.2999999999999998,-0.08999999999999986,0.06999999999999851,-0.01999999999999957,-0.1399999999999988,-0.3199999999999994,-0.11000000000000032,-0.1900000000000004,-0.08999999999999986,-0.16999999999999993,-0.11000000000000032,-0.3100000000000005,-0.33000000000000007,-0.16999999999999993,0.14000000000000057,0.27999999999999936,-0.00999999999999978,-0.25,-0.22999999999999865,-0.03000000000000113,0.15000000000000036,0.16999999999999993,-0.01999999999999957,-0.1899999999999995,-0.120000000000001,0.09999999999999964,0.23000000000000043,0.21000000000000085,-0.02000000000000135,0.04180473327011391,0.02625429952931846,-0.02663482910422932,-0.04748942319829385,-0.08482455831639424,-9.994170899343402e-4,22.5845,25.1066,30.1304,28.8189,27.7752,18.9328,-0.5,2.1000000000000014,-8.899999999999999,-3.6000000000000085,-11.799999999999995,-0.09999999999999432,1.34,1.330000000000001,1.5500000000000007,1.5300000000000002,1.2999999999999998,0.8500000000000005,1.379999999999999,1.3199999999999985,1.2100000000000009,1.08,1,0.9599999999999992
1991 Q1,1991 Q2,1,0.7766651894062448,-0.4690389148507279,0.0015279664597525,8.225970671578153e-4,-0.00652999887355321,0.00520337015488081,1.3431013675457848e-4,-0.00814490331699602,0.01169163644788628,0.00616204705839429,-0.00904010961035206,-0.00366435001449216,-9.192137192255424e-4,-0.00560143894858988,-0.00577103926629174,-0.0074159360650281,-0.00326119107656364,-0.00736659658813376,-0.01279714376480623,-0.00585965314367697,-0.00579815588530507,0.00590109703185426,-0.00661202541137484,-0.01046306717717548,-0.01189160568160829,-0.00429783745025957,0.00565151887271753,0.01623148022242304,-0.02259125815379548,-0.00832494555145224,-0.00278534648410477,0.00364889913632282,0.20000000000000015,0.1999999999999993,0.10000000000000052,0.09999999999999964,0.2999999999999998,0,0.0297192643728259,0.09587852309896404,-0.03409103533328306,0.01829826491141339,0.04932192276356595,0.07632632197803702,-0.00153702464188221,-0.00296612137956131,-0.00100812927255589,-4.945281478132557e-4,-0.00141812200400082,-0.00133394263727204,40,40.1,40.2,40.3,40.2,40.4,6.825460036255307,6.872128101338986,6.682108597449809,6.876264611890766,7.0431599159883405,6.921658184151129,6.814542897259958,6.748759547491679,6.666956792429207,6.7580945044277305,6.846943139585379,6.829793737512425,7.929082227802198e-4,0.00348001109185513,-1.3082176636647347e-4,4.7798112526642456e-4,0.00304549191178171,-0.00586740400725016,1.547886886132943e-4,2.490037956643931e-4,0.00203207131951899,0.00180389353355536,-4.310930270641222e-4,-0.00243588877951772,0.02235162236778354,0.00948424474556119,-0.0233308761898261,-0.01065584569162858,0.01314926186896414,-0.00686615607390272,-7.584632195003493e-4,0.00888778408123958,-0.01365958766889807,0.00181593240069677,0.00551644454517941,-0.00148431522584324,-1.874925484930401e-4,-0.0025574479920003,0.00536494973490242,-0.00468092129689878,-0.00501940970026559,0.00244025825153393,-7.421150618878158e-4,-0.00297674381684931,-1.3881550946948096e-5,0.00148638980331039,-0.00452313742887344,-4.613847981271846e-5,0.00680380954858605,0.00942313969570207,0.04472970402352505,-0.01669563466492984,-0.06930453763181532,-0.02753880838163347,-2.942300561317168e-4,-0.00329288573847286,0.002863776637402,-3.2971016186689184e-4,-0.00444059111869776,-4.153932281667494e-4,0.16284972031916034,-0.10468165280438856,0.07581951694310396,-0.06054344334516104,-0.17052060585541762,-0.15061345754362063,-0.1299999999999999,-0.6600000000000001,-0.39999999999999947,-0.5,-0.2999999999999998,-0.08999999999999986,-0.03000000000000025,-0.27999999999999936,-0.5200000000000005,-0.3199999999999994,-0.11000000000000032,-0.1900000000000004,0.2599999999999998,-0.2400000000000002,0.00999999999999978,-0.3100000000000005,-0.33000000000000007,-0.16999999999999993,0.09999999999999964,-0.20999999999999908,-0.01000000000000156,-0.25,-0.22999999999999865,-0.03000000000000113,0.01999999999999957,-0.379999999999999,0.01999999999999957,-0.1899999999999995,-0.120000000000001,0.09999999999999964,0.02728407325273973,0.10703044685428154,-0.00996584428148583,0.04180473327011391,0.02625429952931846,-0.02663482910422932,19.041,22.1126,26.9318,22.5845,25.1066,30.1304,17.299999999999997,3.6000000000000085,1.2999999999999972,-0.5,2.1000000000000014,-8.899999999999999,2.1999999999999993,1.9099999999999993,1.87,1.34,1.330000000000001,1.5500000000000007,1.16,1.2400000000000002,1.41,1.379999999999999,1.3199999999999985,1.2100000000000009
1991 Q2,1991 Q3,1,0.5040860353405563,0.7766651894062448,0.00520614459819412,1.461837990994752e-4,0.00386504480217908,0.0015279664597525,8.225970671578153e-4,-0.00652999887355321,1.6646205743908735e-4,0.00254198578351161,-0.00331164062092659,0.01169163644788628,0.00616204705839429,-0.00904010961035206,0.00807041324905455,0.00937015060119783,0.0026351435941132,-0.00577103926629174,-0.0074159360650281,-0.00326119107656364,-0.00448854848187529,0.0081688881091626,0.01951272995448505,-0.00579815588530507,0.00590109703185426,-0.00661202541137484,0.00215896779143243,3.538466731320966e-4,0.01010837978978074,0.00565151887271753,0.01623148022242304,-0.02259125815379548,0,0.20000000000000015,-0.09999999999999964,0.20000000000000015,0.1999999999999993,0.10000000000000052,-0.04203451157409255,-0.04430585172210399,-0.06493972475378484,0.0297192643728259,0.09587852309896404,-0.03409103533328306,7.11043833026892e-4,-8.956478579182914e-4,-0.00200997679670145,-0.00153702464188221,-0.00296612137956131,-0.00100812927255589,40.4,40.2,40.1,40,40.1,40.2,6.943122422819428,6.903747257584598,6.90875477931522,6.825460036255307,6.872128101338986,6.682108597449809,6.871091294610546,6.898714534329988,6.82001636467413,6.814542897259958,6.748759547491679,6.666956792429207,0.00252619929908171,0.00150551143287991,-0.00206723829122701,7.929082227802198e-4,0.00348001109185513,-1.3082176636647347e-4,-5.171005180404364e-4,1.998559076099582e-5,-0.00209587573308134,1.547886886132943e-4,2.490037956643931e-4,0.00203207131951899,0.01138131769265538,-0.0089604653820885,-0.00399543963689197,0.02235162236778354,0.00948424474556119,-0.0233308761898261,0.0029798522263027,4.642439394837438e-4,-0.00501943660569814,-7.584632195003493e-4,0.00888778408123958,-0.01365958766889807,-0.0017816287392236,4.5174740700559823e-4,0.00139030017750663,-1.874925484930401e-4,-0.0025574479920003,0.00536494973490242,-7.486203103841405e-4,0.00147108405219498,0.00222304648794668,-7.421150618878158e-4,-0.00297674381684931,-1.3881550946948096e-5,-0.02505547880447345,-0.02363951091632898,0.00465872472628969,0.00680380954858605,0.00942313969570207,0.04472970402352505,-0.00244557116799182,0.00232138074861421,0.00159909367357702,-2.942300561317168e-4,-0.00329288573847286,0.002863776637402,-0.07027919870654342,-0.02752243506034801,0.08018903623847384,0.16284972031916034,-0.10468165280438856,0.07581951694310396,0.1200000000000001,-0.1299999999999999,-0.20999999999999996,-0.1299999999999999,-0.6600000000000001,-0.39999999999999947,0.11000000000000032,-0.1900000000000004,-0.2599999999999998,-0.03000000000000025,-0.27999999999999936,-0.5200000000000005,0.20999999999999908,0.03000000000000113,-0.07000000000000028,0.2599999999999998,-0.2400000000000002,0.00999999999999978,0.15000000000000036,0,-0.07000000000000028,0.09999999999999964,-0.20999999999999908,-0.01000000000000156,0.10000000000000142,-0.08000000000000007,-0.15000000000000036,0.01999999999999957,-0.379999999999999,0.01999999999999957,7.93356999352568e-4,-0.00446105244426053,0.0196825333699433,0.02728407325273973,0.10703044685428154,-0.00996584428148583,17.575,17.1804,18.9272,19.041,22.1126,26.9318,3.799999999999997,-3.5,-5.900000000000006,17.299999999999997,3.6000000000000085,1.2999999999999972,2.709999999999999,2.6100000000000003,2.389999999999999,2.1999999999999993,1.9099999999999993,1.87,0.9500000000000012,1,1.08,1.16,1.2400000000000002,1.41
1991 Q3,1991 Q4,1,0.34793883481079035,0.5040860353405563,0.00302757237441753,0.00188343089001108,-0.00233431621460589,0.00520614459819412,1.461837990994752e-4,0.00386504480217908,4.76827242088973e-4,-0.00151262448418165,0.00485679659557991,1.6646205743908735e-4,0.00254198578351161,-0.00331164062092659,0.00790165895112249,-1.1339677612909329e-5,0.00279669186556841,0.00807041324905455,0.00937015060119783,0.0026351435941132,0.00426784341891206,-0.00422241047187199,0.01296824534960983,-0.00448854848187529,0.0081688881091626,0.01951272995448505,9.51670365516577e-4,-0.00556854313304988,0.0032809185429965,0.00215896779143243,3.538466731320966e-4,0.01010837978978074,0,0.10000000000000052,-0.10000000000000052,0,0.20000000000000015,-0.09999999999999964,-0.01658722763257891,0.03141989351704666,-0.02444474317254297,-0.04203451157409255,-0.04430585172210399,-0.06493972475378484,3.3235780469631493e-4,8.310671368505496e-5,-3.6931031718800966e-4,7.11043833026892e-4,-8.956478579182914e-4,-0.00200997679670145,40.6,40.6,40.5,40.4,40.2,40.1,6.922643891475888,6.955592608396297,6.968850378341948,6.943122422819428,6.903747257584598,6.90875477931522,6.881411303642535,6.8501261661455,6.880384082186005,6.871091294610546,6.898714534329988,6.82001636467413,-0.00267708888650997,3.138169478447139e-4,-0.00356088479804483,0.00252619929908171,0.00150551143287991,-0.00206723829122701,2.9800841168103887e-4,-0.00158005141480366,-0.00140650550171095,-5.171005180404364e-4,1.998559076099582e-5,-0.00209587573308134,0.00498433640041984,-0.00564274585662794,-0.00606265791290283,0.01138131769265538,-0.0089604653820885,-0.00399543963689197,0.01121904170348653,-0.00302049353893085,-0.0020563889533367,0.0029798522263027,4.642439394837438e-4,-0.00501943660569814,1.7402782690467689e-4,-0.00138805086363724,-5.556267054984687e-4,-0.0017816287392236,4.5174740700559823e-4,0.00139030017750663,-8.574729842614204e-6,0.00146304544191888,-0.00147600225039834,-7.486203103841405e-4,0.00147108405219498,0.00222304648794668,0.01752783455551743,-0.0044039548468282,0.05236471606547788,-0.02505547880447345,-0.02363951091632898,0.00465872472628969,0.00110553485223974,7.567326068587121e-4,-1.1612811258832068e-4,-0.00244557116799182,0.00232138074861421,0.00159909367357702,-0.00467192300507557,-0.04645596882746528,0.10934116336258848,-0.07027919870654342,-0.02752243506034801,0.08018903623847384,-0.20999999999999996,-0.16000000000000014,-0.08000000000000007,0.1200000000000001,-0.1299999999999999,-0.20999999999999996,-0.11000000000000032,-0.25,0.00999999999999978,0.11000000000000032,-0.1900000000000004,-0.2599999999999998,-0.25,-0.3699999999999992,-0.00999999999999978,0.20999999999999908,0.03000000000000113,-0.07000000000000028,-0.14000000000000057,-0.25,-0.00999999999999978,0.15000000000000036,0,-0.07000000000000028,-0.14000000000000057,-0.2400000000000002,-0.07000000000000028,0.10000000000000142,-0.08000000000000007,-0.15000000000000036,-0.00566573753567745,0.02383076015764018,0.00511523553791359,7.93356999352568e-4,-0.00446105244426053,0.0196825333699433,17.029,15.9327,17.6695,17.575,17.1804,18.9272,1,-0.9000000000000057,0.8000000000000114,3.799999999999997,-3.5,-5.900000000000006,2.4300000000000006,2.5700000000000003,2.6899999999999995,2.709999999999999,2.6100000000000003,2.389999999999999,0.9000000000000004,0.9000000000000004,0.8900000000000006,0.9500000000000012,1,1.08
1991 Q4,1992 Q1,1,1.1901418421425447,0.34793883481079035,0.00825743645473409,0.00155286370698704,0.00126443157293998,0.00302757237441753,0.00188343089001108,-0.00233431621460589,0.00171766233264047,0.00471282779843074,-0.00402908125527412,4.76827242088973e-4,-0.00151262448418165,0.00485679659557991,-0.00487438430952291,-0.00158361570554266,-5.466018382946913e-4,0.00790165895112249,-1.1339677612909329e-5,0.00279669186556841,-0.01281234402534181,-0.00324273788360329,0.00100907093435509,0.00426784341891206,-0.00422241047187199,0.01296824534960983,-8.369333727866746e-4,0.00522618944733999,-0.00648670419257513,9.51670365516577e-4,-0.00556854313304988,0.0032809185429965,0.2999999999999998,0,0.09999999999999964,0,0.10000000000000052,-0.10000000000000052,0.02516344043484864,0.05219176704457773,-0.00413101797271231,-0.01658722763257891,0.03141989351704666,-0.02444474317254297,2.769699505318357e-4,-5.630916649685958e-4,2.3996751324339985e-4,3.3235780469631493e-4,8.310671368505496e-5,-3.6931031718800966e-4,40.6,40.7,40.6,40.6,40.6,40.5,6.983789965258135,7.005789019253503,6.983789965258135,6.922643891475888,6.955592608396297,6.968850378341948,6.966967138613983,6.891625897052253,6.898714534329988,6.881411303642535,6.8501261661455,6.880384082186005,-3.3992642296443165e-4,0.00137632838392409,0.00615821410588246,-0.00267708888650997,3.138169478447139e-4,-0.00356088479804483,3.830048614776871e-4,5.703331475181983e-5,0.00157857842041231,2.9800841168103887e-4,-0.00158005141480366,-0.00140650550171095,0.00482096706301593,0.01223886647565031,-0.00126514931029575,0.00498433640041984,-0.00564274585662794,-0.00606265791290283,0.00478875685919266,-0.00485217541643567,-0.002723793857478,0.01121904170348653,-0.00302049353893085,-0.0020563889533367,9.886245865828869e-4,0.00560802301136043,-0.00146256396389254,1.7402782690467689e-4,-0.00138805086363724,-5.556267054984687e-4,-0.00146509053376231,0.00290485382411453,-0.00146518922777616,-8.574729842614204e-6,0.00146304544191888,-0.00147600225039834,-0.01552610055393444,-0.01230320130387863,-0.01050873770295979,0.01752783455551743,-0.0044039548468282,0.05236471606547788,2.9896781381033577e-4,3.331399385082534e-4,-0.00156851824161474,0.00110553485223974,7.567326068587121e-4,-1.1612811258832068e-4,-0.1072727568853784,-0.09423711612943332,0.05307508697006735,-0.00467192300507557,-0.04645596882746528,0.10934116336258848,-0.3799999999999999,-0.4000000000000003,-0.2400000000000002,-0.20999999999999996,-0.16000000000000014,-0.08000000000000007,-0.4899999999999993,-0.4300000000000006,-0.2299999999999995,-0.11000000000000032,-0.25,0.00999999999999978,-0.33000000000000007,-0.11000000000000032,-0.1200000000000001,-0.25,-0.3699999999999992,-0.00999999999999978,-0.16999999999999993,-0.07000000000000028,-0.05999999999999872,-0.14000000000000057,-0.25,-0.00999999999999978,-0.1899999999999995,-0.04000000000000092,-0.01999999999999957,-0.14000000000000057,-0.2400000000000002,-0.07000000000000028,0.0066888154034066,-0.00248447332766144,-8.267879759937813e-4,-0.00566573753567745,0.02383076015764018,0.00511523553791359,18.0185,17.6815,16.8463,17.029,15.9327,17.6695,-0.8999999999999915,-9.200000000000005,-4.700000000000003,1,-0.9000000000000057,0.8000000000000114,3.0199999999999996,2.8600000000000003,2.54,2.4300000000000006,2.5700000000000003,2.6899999999999995,0.9499999999999992,0.9699999999999988,0.9399999999999996,0.9000000000000004,0.9000000000000004,0.8900000000000006
1992 Q1,1992 Q2,1,1.07846685927111,1.1901418421425447,0.00146653912109506,0.00472863168547377,0.00470244583059731,0.00825743645473409,0.00155286370698704,0.00126443157293998,0.00183045934610648,0.00112026572195134,0.01447203260853458,0.00171766233264047,0.00471282779843074,-0.00402908125527412,0.00848952200049879,0.00703488959229048,-0.00525126402675546,-0.00487438430952291,-0.00158361570554266,-5.466018382946913e-4,0.0040168455455305,0.00251204570161256,0.0191851271056791,-0.01281234402534181,-0.00324273788360329,0.00100907093435509,-0.00341056724460031,7.538493435710336e-5,0.01886589580861653,-8.369333727866746e-4,0.00522618944733999,-0.00648670419257513,0,0.10000000000000052,0,0.2999999999999998,0,0.09999999999999964,-0.02914052699903635,0.00726285534817527,-0.03963678218294397,0.02516344043484864,0.05219176704457773,-0.00413101797271231,4.984308761120104e-4,-4.799749028361333e-4,3.230346828893005e-4,2.769699505318357e-4,-5.630916649685958e-4,2.3996751324339985e-4,40.7,40.7,40.6,40.6,40.7,40.6,7.167809184316444,7.1308988302963465,7.069874128458572,6.983789965258135,7.005789019253503,6.983789965258135,6.9865664594064265,7.044032897274685,6.981934677156389,6.966967138613983,6.891625897052253,6.898714534329988,-0.00377273712741654,0.001297665671947,0.00429353031291324,-3.3992642296443165e-4,0.00137632838392409,0.00615821410588246,-0.00439835409527589,0.00287942983858613,6.765158177817199e-4,3.830048614776871e-4,5.703331475181983e-5,0.00157857842041231,0.01891787477047568,0.00116078150094534,-0.02797257600031066,0.00482096706301593,0.01223886647565031,-0.00126514931029575,0.00254581283235921,0.0021643968287659,-0.00922238651777718,0.00478875685919266,-0.00485217541643567,-0.002723793857478,-6.425615648453231e-5,4.228611636705182e-4,0.00106920947233568,9.886245865828869e-4,0.00560802301136043,-0.00146256396389254,0.00143416408850427,0.00144352074794706,-0.00217522541686854,-0.00146509053376231,0.00290485382411453,-0.00146518922777616,-0.02670792743072869,0.09221635968050368,-0.01786182429482608,-0.01552610055393444,-0.01230320130387863,-0.01050873770295979,-1.1760583163233918e-4,0.00117725364071485,-0.00113907479779484,2.9896781381033577e-4,3.331399385082534e-4,-0.00156851824161474,-0.01342331434031507,0.04562139897418627,0.1043069153812275,-0.1072727568853784,-0.09423711612943332,0.05307508697006735,-0.07999999999999963,0.02999999999999936,-0.39999999999999947,-0.3799999999999999,-0.4000000000000003,-0.2400000000000002,0.20000000000000015,0.04000000000000003,-0.27000000000000046,-0.4899999999999993,-0.4300000000000006,-0.2299999999999995,0.20000000000000015,0.3099999999999996,-0.05999999999999961,-0.33000000000000007,-0.11000000000000032,-0.1200000000000001,0.0600000000000005,0.08999999999999986,-0.1100000000000012,-0.16999999999999993,-0.07000000000000028,-0.05999999999999872,0.01999999999999957,0.09999999999999964,-0.129999999999999,-0.1899999999999995,-0.04000000000000092,-0.01999999999999957,-0.01268433437366134,-0.00849589972211362,0.06855863996264411,0.0066888154034066,-0.00248447332766144,-8.267879759937813e-4,16.2227,17.0505,17.4995,18.0185,17.6815,16.8463,7.200000000000003,1.2999999999999972,-0.7000000000000028,-0.8999999999999915,-9.200000000000005,-4.700000000000003,3.5,3.5,3.2300000000000004,3.0199999999999996,2.8600000000000003,2.54,0.9000000000000004,0.9400000000000012,0.9300000000000016,0.9499999999999992,0.9699999999999988,0.9399999999999996
1992 Q2,1992 Q3,1,0.9832602998745443,1.07846685927111,0.00406898158179025,0.00518799510139444,0.0035874565796039,0.00146653912109506,0.00472863168547377,0.00470244583059731,0.00270292241369407,0.00516388863535643,8.327663556206844e-4,0.00183045934610648,0.00112026572195134,0.01447203260853458,5.117224959834132e-4,0.00328569116478316,0.00756146666679669,0.00848952200049879,0.00703488959229048,-0.00525126402675546,0.01048664390244447,-0.00873849639327595,0.00664200762876276,0.0040168455455305,0.00251204570161256,0.0191851271056791,0.00456360607497607,0.00343329758709209,0.00799833499806368,-0.00341056724460031,7.538493435710336e-5,0.01886589580861653,0.20000000000000015,0.1999999999999993,0,0,0.10000000000000052,0,0.00322908849617675,-0.00203434522383361,-0.02654240155737675,-0.02914052699903635,0.00726285534817527,-0.03963678218294397,5.520947534805032e-4,0.00119725198954334,0.00138322812117586,4.984308761120104e-4,-4.799749028361333e-4,3.230346828893005e-4,40.8,40.9,40.8,40.7,40.7,40.6,7.0431599159883405,7.101675971619444,7.002155954403621,7.167809184316444,7.1308988302963465,7.069874128458572,6.963189985870238,6.962243464266207,6.960347729101308,6.9865664594064265,7.044032897274685,6.981934677156389,-0.00329436164432284,-3.721341895799313e-4,-0.00480191078059899,-0.00377273712741654,0.001297665671947,0.00429353031291324,-0.0012076031739987,9.110303241168792e-4,-0.00238104209548772,-0.00439835409527589,0.00287942983858613,6.765158177817199e-4,0.00354860830308201,0.01167136376206645,-0.02067478147536317,0.01891787477047568,0.00116078150094534,-0.02797257600031066,0.00105948048283721,0.00123118898621488,-9.94852270964408e-4,0.00254581283235921,0.0021643968287659,-0.00922238651777718,-0.00272374264415731,0.00365447172495159,-0.00449339545485472,-6.425615648453231e-5,4.228611636705182e-4,0.00106920947233568,7.094191435532693e-4,-4.63146053419905e-6,-0.00144661277656776,0.00143416408850427,0.00144352074794706,-0.00217522541686854,0.01414384820991809,-0.0089000051291066,-0.0118212805145994,-0.02670792743072869,0.09221635968050368,-0.01786182429482608,4.405647143448377e-4,-0.00136702402484356,2.7938572420715957e-4,-1.1760583163233918e-4,0.00117725364071485,-0.00113907479779484,0.03243090805557713,-0.03394877933485985,0.07196859185577065,-0.01342331434031507,0.04562139897418627,0.1043069153812275,-0.06000000000000005,0.08999999999999986,-0.25,-0.07999999999999963,0.02999999999999936,-0.39999999999999947,0.03000000000000025,-0.1200000000000001,-0.29000000000000004,0.20000000000000015,0.04000000000000003,-0.27000000000000046,-0.1299999999999999,-0.09000000000000075,-0.05999999999999961,0.20000000000000015,0.3099999999999996,-0.05999999999999961,-0.05999999999999872,-0.05000000000000071,-0.01999999999999957,0.0600000000000005,0.08999999999999986,-0.1100000000000012,-0.08000000000000007,-0.08000000000000007,-0.03999999999999915,0.01999999999999957,0.09999999999999964,-0.129999999999999,-0.01589186382830032,0.0180005346763421,1.2273402325213567e-4,-0.01268433437366134,-0.00849589972211362,0.06855863996264411,14.7531,14.728,16.1885,16.2227,17.0505,17.4995,1.2000000000000028,2,1.2000000000000028,7.200000000000003,1.2999999999999972,-0.7000000000000028,3.5999999999999996,3.76,3.73,3.5,3.5,3.2300000000000004,0.8300000000000001,0.8500000000000014,0.8800000000000008,0.9000000000000004,0.9400000000000012,0.9300000000000016
1992 Q3,1992 Q4,1,1.037455372331486,0.9832602998745443,-0.00388430978706111,0.00379668009652434,-8.876647020645834e-4,0.00406898158179025,0.00518799510139444,0.0035874565796039,0.00648776093113845,0.00248646608955249,0.00331822005601756,0.00270292241369407,0.00516388863535643,8.327663556206844e-4,0.00329311517190156,-0.0056075545766312,0.0091649380729315,5.117224959834132e-4,0.00328569116478316,0.00756146666679669,0.01380783441588029,-0.01603560233933443,0.01330298437675026,0.01048664390244447,-0.00873849639327595,0.00664200762876276,0.01192891157876197,-0.00272391772858426,0.01018338739070046,0.00456360607497607,0.00343329758709209,0.00799833499806368,0,-0.10000000000000052,-0.09999999999999964,0.20000000000000015,0.1999999999999993,0,0.02378175656248871,-0.08370081142662933,0.05573119352366618,0.00322908849617675,-0.00203434522383361,-0.02654240155737675,3.304753366961677e-4,0.00113914062330167,7.816128288169466e-4,5.520947534805032e-4,0.00119725198954334,0.00138322812117586,40.7,40.8,40.8,40.8,40.9,40.8,7.078341579557671,7.111512116496157,7.037905963447182,7.0431599159883405,7.101675971619444,7.002155954403621,7.01571242048723,6.980075940561763,6.9930151229329605,6.963189985870238,6.962243464266207,6.960347729101308,0.00384109154202505,0.0013515558807633,0.00550207909707012,-0.00329436164432284,-3.721341895799313e-4,-0.00480191078059899,0.00193511028919957,0.00129539153716251,0.00167854748285911,-0.0012076031739987,9.110303241168792e-4,-0.00238104209548772,0.00544709291379774,-0.00300774227786071,0.00199903178747273,0.00354860830308201,0.01167136376206645,-0.02067478147536317,0.00515204068417141,-8.307975798933498e-4,7.366537642106152e-5,0.00105948048283721,0.00123118898621488,-9.94852270964408e-4,-0.00230190248469597,-3.600022928846869e-4,0.00574216079780853,-0.00272374264415731,0.00365447172495159,-0.00449339545485472,-4.539815315673934e-6,-7.180804806976582e-4,-8.151649206311617e-6,7.094191435532693e-4,-4.63146053419905e-6,-0.00144661277656776,-0.04313413346949435,0.00540864137499319,0.00934401603553869,0.01414384820991809,-0.0089000051291066,-0.0118212805145994,2.964711003015097e-4,-0.00195833682570523,0.0015250198239114,4.405647143448377e-4,-0.00136702402484356,2.7938572420715957e-4,0.04450194255368567,0.00894107373678254,-0.09419985783006224,0.03243090805557713,-0.03394877933485985,0.07196859185577065,-0.07999999999999963,0.04999999999999982,-0.5099999999999998,-0.06000000000000005,0.08999999999999986,-0.25,-0.21999999999999975,-0.08000000000000007,-0.4500000000000002,0.03000000000000025,-0.1200000000000001,-0.29000000000000004,-0.16999999999999993,-0.25,-0.41999999999999993,-0.1299999999999999,-0.09000000000000075,-0.05999999999999961,-0.03000000000000025,-0.1200000000000001,-0.15000000000000036,-0.05999999999999872,-0.05000000000000071,-0.01999999999999957,-0.03000000000000113,-0.1899999999999995,-0.21000000000000085,-0.08000000000000007,-0.08000000000000007,-0.03999999999999915,0.00131514467611193,0.00691495948519893,0.01647027466070838,-0.01589186382830032,0.0180005346763421,1.2273402325213567e-4,14.2585,14.4223,13.3036,14.7531,14.728,16.1885,-0.5,-0.5,-3.8000000000000114,1.2000000000000028,2,1.2000000000000028,3.51,3.46,3.63,3.5999999999999996,3.76,3.73,0.6999999999999993,0.7000000000000002,0.7699999999999996,0.8300000000000001,0.8500000000000014,0.8800000000000008
1992 Q4,1993 Q1,1,0.1668045262061213,1.037455372331486,0.03583596895600927,0.00215797341534695,-0.0049706383143846,-0.00388430978706111,0.00379668009652434,-8.876647020645834e-4,0.00657085742746499,0.00170401673917952,0.00335707435651322,0.00648776093113845,0.00248646608955249,0.00331822005601756,0.00168749636639997,0.00378504479829455,0.00672889068479865,0.00329311517190156,-0.0056075545766312,0.0091649380729315,0.01544629359127469,0.0017027096167439,0.00403926383527952,0.01380783441588029,-0.01603560233933443,0.01330298437675026,0.00938850267434432,3.672630216442485e-4,0.01030200622796151,0.01192891157876197,-0.00272391772858426,0.01018338739070046,0,0.10000000000000052,-0.2999999999999998,0,-0.10000000000000052,-0.09999999999999964,-0.06633447382034241,-0.04203037386661634,-0.0987212667313937,0.02378175656248871,-0.08370081142662933,0.05573119352366618,0.00200196606845715,0.0013277113583463,0.00170571823647946,3.304753366961677e-4,0.00113914062330167,7.816128288169466e-4,40.9,40.9,40.8,40.7,40.8,40.8,7.112327444710911,7.101675971619444,7.126087273299125,7.078341579557671,7.111512116496157,7.037905963447182,7.069874128458572,7.0192966537150445,7.0317412587631285,7.01571242048723,6.980075940561763,6.9930151229329605,-0.00286784123363847,-0.00388089494618615,0.00118630330872893,0.00384109154202505,0.0013515558807633,0.00550207909707012,-0.00131374209196621,-0.00316249470803597,5.729455751808388e-4,0.00193511028919957,0.00129539153716251,0.00167854748285911,-5.700918780950914e-4,0.00896322132284765,-0.00385611648634398,0.00544709291379774,-0.00300774227786071,0.00199903178747273,-6.199384267180363e-5,0.00272028323139128,-0.00447660507559444,0.00515204068417141,-8.307975798933498e-4,7.366537642106152e-5,-0.0046795068558243,0.01058218721690629,-0.0037181522905989,-0.00230190248469597,-3.600022928846869e-4,0.00574216079780853,-0.00141241841366834,-0.00142439943144623,0.00211487270304022,-4.539815315673934e-6,-7.180804806976582e-4,-8.151649206311617e-6,0.03851462416626905,-0.00664963393573625,-0.01768266532370077,-0.04313413346949435,0.00540864137499319,0.00934401603553869,-2.2199453969218297e-4,-0.00155652055453892,0.00189158680874879,2.964711003015097e-4,-0.00195833682570523,0.0015250198239114,0.0170175095195133,-0.05425255333575629,-0.0353450618361375,0.04450194255368567,0.00894107373678254,-0.09419985783006224,-0.16999999999999993,-0.01000000000000023,-0.1200000000000001,-0.07999999999999963,0.04999999999999982,-0.5099999999999998,0.0900000000000003,0.27,-0.05000000000000026,-0.21999999999999975,-0.08000000000000007,-0.4500000000000002,-0.10000000000000052,0.28000000000000025,0.16999999999999993,-0.16999999999999993,-0.25,-0.41999999999999993,-0.11999999999999922,0.10999999999999945,0.07000000000000028,-0.03000000000000025,-0.1200000000000001,-0.15000000000000036,-0.15000000000000036,0.120000000000001,0.22000000000000064,-0.03000000000000113,-0.1899999999999995,-0.21000000000000085,0.02982235730702331,0.02475765112572681,-0.01439289328761983,0.00131514467611193,0.00691495948519893,0.01647027466070838,12.7813,14.594,17.4786,14.2585,14.4223,13.3036,5.700000000000003,12,-2.299999999999997,-0.5,-0.5,-3.8000000000000114,3.5499999999999994,3.74,3.73,3.51,3.46,3.63,0.8300000000000001,0.8600000000000012,0.8499999999999996,0.6999999999999993,0.7000000000000002,0.7699999999999996
1993 Q1,1993 Q2,1,0.5804828773424475,0.1668045262061213,-0.00259728684094362,0.00461481398072116,-0.02789705134049391,0.03583596895600927,0.00215797341534695,-0.0049706383143846,-0.00271669753873471,0.00184970241053461,-0.00143676771717027,0.00657085742746499,0.00170401673917952,0.00335707435651322,-8.739137323683366e-4,0.00480439387932474,0.00383254248724451,0.00168749636639997,0.00378504479829455,0.00672889068479865,-0.00634225277116762,-0.00128277044439073,0.00250165088328557,0.01544629359127469,0.0017027096167439,0.00403926383527952,-0.00688219237183673,-0.00390140590620546,0.01072992669445049,0.00938850267434432,3.672630216442485e-4,0.01030200622796151,-0.09999999999999964,-0.20000000000000015,-0.10000000000000052,0,0.10000000000000052,-0.2999999999999998,0.03700095641496759,-0.02149676987900228,0.01928192954945018,-0.06633447382034241,-0.04203037386661634,-0.0987212667313937,-3.999054822170222e-4,0.00234718400321476,0.00262663631670179,0.00200196606845715,0.0013277113583463,0.00170571823647946,40.8,41.1,41.1,40.9,40.9,40.8,6.9874902470009905,7.098375638590786,7.098375638590786,7.112327444710911,7.101675971619444,7.126087273299125,6.962243464266207,7.045776576879511,7.0707241072602764,7.069874128458572,7.0192966537150445,7.0317412587631285,0.00172594305626905,-0.00234800574083848,-0.00366498737948983,-0.00286784123363847,-0.00388089494618615,0.00118630330872893,5.259205027616787e-4,2.902289606581121e-4,-0.00111106268254701,-0.00131374209196621,-0.00316249470803597,5.729455751808388e-4,0.01191700273587059,5.434861923641066e-4,-0.02031675785402953,-5.700918780950914e-4,0.00896322132284765,-0.00385611648634398,-1.1470569179028443e-4,-9.813140469905337e-4,-0.00250302454762341,-6.199384267180363e-5,0.00272028323139128,-0.00447660507559444,-0.00747622386658086,0.00289684100664011,4.3629553860569104e-4,-0.0046795068558243,0.01058218721690629,-0.0037181522905989,-7.019883851988595e-4,-0.00140890815275795,0.00210107481692656,-0.00141241841366834,-0.00142439943144623,0.00211487270304022,-0.00743475069576149,-0.00275946411942751,9.144917335870416e-4,0.03851462416626905,-0.00664963393573625,-0.01768266532370077,5.40003322411664e-4,-9.211979291618988e-4,6.811402707613823e-4,-2.2199453969218297e-4,-0.00155652055453892,0.00189158680874879,-0.03544547894550609,0.06725543988381322,0.02979863991400888,0.0170175095195133,-0.05425255333575629,-0.0353450618361375,0.04000000000000003,0.00999999999999978,0.10000000000000007,-0.16999999999999993,-0.01000000000000023,-0.1200000000000001,0.02000000000000001,-0.06999999999999984,-0.2200000000000002,0.0900000000000003,0.27,-0.05000000000000026,-0.27999999999999936,-0.33999999999999986,-0.16999999999999993,-0.10000000000000052,0.28000000000000025,0.16999999999999993,-0.1299999999999999,-0.20000000000000015,-0.07000000000000028,-0.11999999999999922,0.10999999999999945,0.07000000000000028,-0.2400000000000002,-0.27999999999999936,-0.14000000000000057,-0.15000000000000036,0.120000000000001,0.22000000000000064,0.01897215652254225,0.01475629161304592,-9.41587218050266e-4,0.02982235730702331,0.02475765112572681,-0.01439289328761983,13.693,13.6247,12.584,12.7813,14.594,17.4786,-0.6999999999999886,-2.700000000000003,-1.7000000000000028,5.700000000000003,12,-2.299999999999997,3.03,3.3299999999999996,3.5999999999999996,3.5499999999999994,3.74,3.73,0.5700000000000003,0.6800000000000006,0.7599999999999998,0.8300000000000001,0.8600000000000012,0.8499999999999996
1993 Q2,1993 Q3,1,0.47602004747613336,0.5804828773424475,-0.00123678812296645,-2.2605666471875452e-4,0.00750322615822085,-0.00259728684094362,0.00461481398072116,-0.02789705134049391,0.00362283951300002,0.00347935220724959,0.00671921426182198,-0.00271669753873471,0.00184970241053461,-0.00143676771717027,0.00225264734953345,-0.00379158034187998,0.002739405003636,-8.739137323683366e-4,0.00480439387932474,0.00383254248724451,0.0092024678542959,0.00158277075094837,0.00515374180553074,-0.00634225277116762,-0.00128277044439073,0.00250165088328557,3.352814372199475e-4,0.00497302959043644,0.02601799575800001,-0.00688219237183673,-0.00390140590620546,0.01072992669445049,-0.09999999999999964,0,0.09999999999999964,-0.09999999999999964,-0.20000000000000015,-0.10000000000000052,-0.0024768716676764,-0.03193512593005288,0.01062709257428728,0.03700095641496759,-0.02149676987900228,0.01928192954945018,0.00154532299529819,0.00245392229845364,0.00268719749181833,-3.999054822170222e-4,0.00234718400321476,0.00262663631670179,41,41.1,41.3,40.8,41.1,41.1,7.154615356913663,7.138866999945524,7.1372784372603855,6.9874902470009905,7.098375638590786,7.098375638590786,7.029972911706386,7.013915474810528,7.00669522683704,6.962243464266207,7.045776576879511,7.0707241072602764,-0.00872351126544312,0.00849691237780359,0.00409079985572802,0.00172594305626905,-0.00234800574083848,-0.00366498737948983,-0.00587745174772358,0.00759370246312762,7.031181494294714e-4,5.259205027616787e-4,2.902289606581121e-4,-0.00111106268254701,0.00798591127840442,-0.01127010338432121,0.0078165762658271,0.01191700273587059,5.434861923641066e-4,-0.02031675785402953,-9.035534813710556e-4,0.01385809824529804,-0.00616623982499042,-1.1470569179028443e-4,-9.813140469905337e-4,-0.00250302454762341,0.00761595693867711,-0.01036938307849766,0.01089067135767685,-0.00747622386658086,0.00289684100664011,4.3629553860569104e-4,-0.00208453863492597,-7.053308889179988e-4,0.00208646218109898,-7.019883851988595e-4,-0.00140890815275795,0.00210107481692656,0.03395486969099703,-0.01773349185452044,-0.01721928120115556,-0.00743475069576149,-0.00275946411942751,9.144917335870416e-4,-0.00274609782087864,4.242466752781837e-4,6.139335374211186e-4,5.40003322411664e-4,-9.211979291618988e-4,6.811402707613823e-4,-0.02819714899114833,-0.01262267552035867,-0.01834623278872715,-0.03544547894550609,0.06725543988381322,0.02979863991400888,0.04000000000000003,0.04000000000000003,-0.10999999999999988,0.04000000000000003,0.00999999999999978,0.10000000000000007,0.10999999999999988,0.08999999999999986,-0.08000000000000007,0.02000000000000001,-0.06999999999999984,-0.2200000000000002,-0.08000000000000007,0.07000000000000028,-0.01000000000000067,-0.27999999999999936,-0.33999999999999986,-0.16999999999999993,-0.09999999999999964,-0.03000000000000025,-0.1200000000000001,-0.1299999999999999,-0.20000000000000015,-0.07000000000000028,-0.14000000000000057,0.07000000000000028,-0.00999999999999978,-0.2400000000000002,-0.27999999999999936,-0.14000000000000057,0.00629122984901187,0.00488558152103912,-0.01585273447629109,0.01897215652254225,0.01475629161304592,-9.41587218050266e-4,13.0022,13.535,13.4566,13.693,13.6247,12.584,1.2000000000000028,-5.299999999999997,-0.30000000000001137,-0.6999999999999886,-2.700000000000003,-1.7000000000000028,2.89,3.08,3.0999999999999996,3.03,3.3299999999999996,3.5999999999999996,0.7400000000000002,0.7800000000000011,0.6800000000000006,0.5700000000000003,0.6800000000000006,0.7599999999999998
1993 Q3,1993 Q4,1,1.3509823020076084,0.47602004747613336,-0.00225217199938931,0.00215860372609277,0.00322210525699695,-0.00123678812296645,-2.2605666471875452e-4,0.00750322615822085,0.00572393757446842,0.0010055499464654,0.00490686683857655,0.00362283951300002,0.00347935220724959,0.00671921426182198,0.00529148831573511,-0.00120646835283011,0.00269311649731296,0.00225264734953345,-0.00379158034187998,0.002739405003636,0.00886551357316634,0.00511128286546735,-0.0048504079153897,0.0092024678542959,0.00158277075094837,0.00515374180553074,0.00781607032721254,-0.003355602698619,0.01607648430037933,3.352814372199475e-4,0.00497302959043644,0.02601799575800001,-0.09999999999999964,-0.10000000000000052,-0.09999999999999964,-0.09999999999999964,0,0.09999999999999964,-0.00588236990306789,-0.02833378321451007,0.02321494205560448,-0.0024768716676764,-0.03193512593005288,0.01062709257428728,0.00223670534167297,0.00131381231384786,0.00281339794942603,0.00154532299529819,0.00245392229845364,0.00268719749181833,41.3,41.1,41.1,41,41.1,41.3,7.202661196523238,7.170119543449628,7.134093721192866,7.154615356913663,7.138866999945524,7.1372784372603855,7.1316985104669115,7.114769448366463,7.068172000388042,7.029972911706386,7.013915474810528,7.00669522683704,2.853409974532539e-4,1.4672306988039452e-5,2.0340711968636072e-4,-0.00872351126544312,0.00849691237780359,0.00409079985572802,8.102530436069344e-4,0.00119058382165526,-0.00171520499184651,-0.00587745174772358,0.00759370246312762,7.031181494294714e-4,0.00519008531142262,-0.00400608458065487,-0.00465131774474159,0.00798591127840442,-0.01127010338432121,0.0078165762658271,-0.00383072058533429,0.00317446626610617,-0.0065969674583366,-9.035534813710556e-4,0.01385809824529804,-0.00616623982499042,8.976237657520869e-4,0.0023161982737534,-0.00212429555477733,0.00761595693867711,-0.01036938307849766,0.01089067135767685,-6.937099301715932e-4,6.889306264676875e-4,6.91800843685364e-4,-0.00208453863492597,-7.053308889179988e-4,0.00208646218109898,-0.02481477967178502,0.00877575414132003,0.02321474520225841,0.03395486969099703,-0.01773349185452044,-0.01721928120115556,-6.618089451295717e-4,1.0486179242352732e-4,0.00126107466131042,-0.00274609782087864,4.242466752781837e-4,6.139335374211186e-4,-0.03584323949595136,0.0731891219908487,-0.02060560941131584,-0.02819714899114833,-0.01262267552035867,-0.01834623278872715,0.06000000000000005,-0.03000000000000025,0.02000000000000001,0.04000000000000003,0.04000000000000003,-0.10999999999999988,-0.06999999999999984,-0.02000000000000001,-0.0299999999999998,0.10999999999999988,0.08999999999999986,-0.08000000000000007,-0.3199999999999994,-0.1299999999999999,-0.15000000000000036,-0.08000000000000007,0.07000000000000028,-0.01000000000000067,-0.1899999999999995,-0.3200000000000003,-0.16000000000000014,-0.09999999999999964,-0.03000000000000025,-0.1200000000000001,-0.2599999999999998,-0.33000000000000007,-0.14000000000000057,-0.14000000000000057,0.07000000000000028,-0.00999999999999978,0.01118944856043668,0.01517634683666369,-0.00171999819027224,0.00629122984901187,0.00488558152103912,-0.01585273447629109,12.6214,11.9522,11.9995,13.0022,13.535,13.4566,0.6000000000000085,0.29999999999999716,-4.5,1.2000000000000028,-5.299999999999997,-0.30000000000001137,2.41,2.6599999999999997,2.7699999999999996,2.89,3.08,3.0999999999999996,0.6799999999999997,0.75,0.7599999999999998,0.7400000000000002,0.7800000000000011,0.6800000000000006
1993 Q4,1994 Q1,1,0.9656852032588148,1.3509823020076084,0.034185936580581,0.00256220966000242,-0.00420084296983525,-0.00225217199938931,0.00215860372609277,0.00322210525699695,0.00351447214955324,0.00279747260422569,0.00155540438259382,0.00572393757446842,0.0010055499464654,0.00490686683857655,0.00590527084702952,0.00455900555324895,0.00730365242230313,0.00529148831573511,-0.00120646835283011,0.00269311649731296,0.00315698345752757,0.00511693160277992,0.00426226565275023,0.00886551357316634,0.00511128286546735,-0.0048504079153897,0.0073108532979571,0.01214524116176285,0.0055336734506195,0.00781607032721254,-0.003355602698619,0.01607648430037933,-0.09999999999999964,-0.20000000000000015,0.09999999999999964,-0.09999999999999964,-0.10000000000000052,-0.09999999999999964,-0.05423015406086051,-0.02547908530098475,0.03136145520405264,-0.00588236990306789,-0.02833378321451007,0.02321494205560448,0.00299582948125731,0.00227067618861553,0.00255395935097446,0.00223670534167297,0.00131381231384786,0.00281339794942603,41.4,41.3,41.3,41.3,41.1,41.1,7.334981878871814,7.226936018493289,7.238496840894365,7.202661196523238,7.170119543449628,7.134093721192866,7.2868764117507,7.213031659834869,7.160069207596127,7.1316985104669115,7.114769448366463,7.068172000388042,-0.00495292769734589,0.00180597531933646,-0.00106976357098353,2.853409974532539e-4,1.4672306988039452e-5,2.0340711968636072e-4,-0.00260186347403923,0.00256636750103211,-5.819643544331399e-4,8.102530436069344e-4,0.00119058382165526,-0.00171520499184651,0.00695539893267938,6.84308078892748e-4,-8.700752970316472e-4,0.00519008531142262,-0.00400608458065487,-0.00465131774474159,-3.366496983936429e-4,0.00289143750745779,0.00137158975647722,-0.00383072058533429,0.00317446626610617,-0.0065969674583366,0.00316657976658696,-0.00155051088130875,0.0029442013150227,8.976237657520869e-4,0.0023161982737534,-0.00212429555477733,-6.907996280087758e-4,-0.00138590739626032,0.00274913087305339,-6.937099301715932e-4,6.889306264676875e-4,6.91800843685364e-4,0.0322263543018968,0.00618389952949183,-0.02927515785973256,-0.02481477967178502,0.00877575414132003,0.02321474520225841,-0.00166423837739415,-0.00124442768724808,0.00209453262144609,-6.618089451295717e-4,1.0486179242352732e-4,0.00126107466131042,-0.05746456721946069,-0.11844068283973952,0.06326555140278423,-0.03584323949595136,0.0731891219908487,-0.02060560941131584,-0.06000000000000005,0.0299999999999998,-0.09999999999999964,0.06000000000000005,-0.03000000000000025,0.02000000000000001,-0.04000000000000003,0.08000000000000007,0.06999999999999984,-0.06999999999999984,-0.02000000000000001,-0.0299999999999998,0.04999999999999982,0.3899999999999997,-0.03000000000000025,-0.3199999999999994,-0.1299999999999999,-0.15000000000000036,0,0.2599999999999998,0.00999999999999978,-0.1899999999999995,-0.3200000000000003,-0.16000000000000014,0.03000000000000025,0.35000000000000053,-0.03000000000000025,-0.2599999999999998,-0.33000000000000007,-0.14000000000000057,0.006588887365786,-0.00217956689181875,0.01009606253208605,0.01118944856043668,0.01517634683666369,-0.00171999819027224,10.8645,13.37,11.3771,12.6214,11.9522,11.9995,7,-1.5,4.799999999999997,0.6000000000000085,0.29999999999999716,-4.5,2.7099999999999995,2.6199999999999997,2.31,2.41,2.6599999999999997,2.7699999999999996,0.7600000000000007,0.7300000000000004,0.6399999999999997,0.6799999999999997,0.75,0.7599999999999998
1994 Q1,1994 Q2,1,1.3460821575336013,0.9656852032588148,0.00266310837064942,9.648079611448424e-4,-0.02000671817249433,0.034185936580581,0.00256220966000242,-0.00420084296983525,1.3203685733742532e-4,0.00799231541717926,0.00272285172556774,0.00351447214955324,0.00279747260422569,0.00155540438259382,0.01014989060663129,5.827318302769058e-4,0.00287367946692818,0.00590527084702952,0.00455900555324895,0.00730365242230313,0.01651300613455753,0.00910537859784987,0.00113822214803427,0.00315698345752757,0.00511693160277992,0.00426226565275023,0.01957761097458643,0.01922224185045529,-0.00810668385588542,0.0073108532979571,0.01214524116176285,0.0055336734506195,-0.09999999999999964,0,0.09999999999999964,-0.09999999999999964,-0.20000000000000015,0.09999999999999964,-0.03727139479723185,-0.03024110622746612,0.10622701320538752,-0.05423015406086051,-0.02547908530098475,0.03136145520405264,0.00409686141561138,0.00160615520168683,0.00246304448182321,0.00299582948125731,0.00227067618861553,0.00255395935097446,41.7,40.9,41.4,41.4,41.3,41.3,7.355001921105257,7.198183577101943,7.148345743900068,7.334981878871814,7.226936018493289,7.238496840894365,7.201916317531627,7.1459844677143876,7.237059026124737,7.2868764117507,7.213031659834869,7.160069207596127,-8.062015808407708e-4,0.0023758368081177,-0.00311189958279189,-0.00495292769734589,0.00180597531933646,-0.00106976357098353,0.0010349354707877,1.1507810329547397e-4,-0.00115205393288775,-0.00260186347403923,0.00256636750103211,-5.819643544331399e-4,0.00701048132476067,0.00226039237183339,-0.01870560934705434,0.00695539893267938,6.84308078892748e-4,-8.700752970316472e-4,0.01075464211732146,-0.004989872738685,0.00594269825325799,-3.366496983936429e-4,0.00289143750745779,0.00137158975647722,0.00196987755541755,0.00293558227374646,-0.00372205952888826,0.00316657976658696,-0.00155051088130875,0.0029442013150227,-7.434664400562951e-6,0.00273037712285706,-0.00205268631774213,-6.907996280087758e-4,-0.00138590739626032,0.00274913087305339,0.00292466834256455,0.03213091740162888,0.00726274303699892,0.0322263543018968,0.00618389952949183,-0.02927515785973256,4.3456710958000855e-4,0.00197885029978905,1.06654190430433e-4,-0.00166423837739415,-0.00124442768724808,0.00209453262144609,0.0066230665206044,-0.04798741978826815,0.1737229047003126,-0.05746456721946069,-0.11844068283973952,0.06326555140278423,0.08999999999999986,0.20000000000000015,0.08999999999999986,-0.06000000000000005,0.0299999999999998,-0.09999999999999964,0.25,0.27,-0.08000000000000007,-0.04000000000000003,0.08000000000000007,0.06999999999999984,0.5100000000000007,0.21999999999999975,-0.01999999999999957,0.04999999999999982,0.3899999999999997,-0.03000000000000025,0.4000000000000003,0.16000000000000014,-0.00999999999999978,0,0.2599999999999998,0.00999999999999978,0.370000000000001,0.10999999999999945,-0.04000000000000003,0.03000000000000025,0.35000000000000053,-0.03000000000000025,-0.01661377333622571,-0.00298548767649453,0.01499591438773162,0.006588887365786,-0.00217956689181875,0.01009606253208605,14.2408,12.8852,10.6052,10.8645,13.37,11.3771,-1.7000000000000028,-1.0999999999999943,6.099999999999994,7,-1.5,4.799999999999997,2.9800000000000004,2.72,2.77,2.7099999999999995,2.6199999999999997,2.31,0.6500000000000004,0.6799999999999997,0.7300000000000004,0.7600000000000007,0.7300000000000004,0.6399999999999997
1994 Q2,1994 Q3,1,0.5828824899406726,1.3460821575336013,-0.00135208136845577,0.00202852804397402,0.00924553001565442,0.00266310837064942,9.648079611448424e-4,-0.02000671817249433,0.00596557504002737,-0.00180468138086276,0.00421600067368554,1.3203685733742532e-4,0.00799231541717926,0.00272285172556774,0.00672844968713626,0.00459049595854743,0.00589613804265276,0.01014989060663129,5.827318302769058e-4,0.00287367946692818,0.00913800458342173,0.00241724624200578,-0.00528072294060777,0.01651300613455753,0.00910537859784987,0.00113822214803427,0.01169754324111238,-0.0043382616643921,-0.00159723893914431,0.01957761097458643,0.01922224185045529,-0.00810668385588542,0,-0.3000000000000007,-0.09999999999999964,-0.09999999999999964,0,0.09999999999999964,-0.05437677087807202,0.04268073111488135,0.02427482197005126,-0.03727139479723185,-0.03024110622746612,0.10622701320538752,0.00277874136222777,0.00292733307662018,0.00303305733458891,0.00409686141561138,0.00160615520168683,0.00246304448182321,41.8,41.8,41.7,41.7,40.9,41.4,7.25063551189868,7.330405211844402,7.289610521451167,7.355001921105257,7.198183577101943,7.148345743900068,7.213031659834869,7.241366283322318,7.238496840894365,7.201916317531627,7.1459844677143876,7.237059026124737,-2.65631431254576e-4,0.00104937650633107,-0.00246187631475169,-8.062015808407708e-4,0.0023758368081177,-0.00311189958279189,-0.00596748006386427,0.00238039081791185,-9.203731844102948e-4,0.0010349354707877,1.1507810329547397e-4,-0.00115205393288775,0.01050174794967162,-0.01461350473570011,0.00784307289921759,0.00701048132476067,0.00226039237183339,-0.01870560934705434,-7.040032243867955e-4,-0.00218117125037586,-0.00221656055285723,0.01075464211732146,-0.004989872738685,0.00594269825325799,-0.00389585292255922,0.00573812390318551,-0.00394403281679167,0.00196987755541755,0.00293558227374646,-0.00372205952888826,6.722244517805009e-4,0.00135639079771454,-0.00204336377107239,-7.434664400562951e-6,0.00273037712285706,-0.00205268631774213,0.04855996201306123,0.00905179852096704,-0.03428456887605424,0.00292466834256455,0.03213091740162888,0.00726274303699892,9.79179072880143e-4,2.7091037664650486e-4,-0.00156657082806344,4.3456710958000855e-4,0.00197885029978905,1.06654190430433e-4,-0.02318804145348529,-0.02331669064597319,0.1190906010279682,0.0066230665206044,-0.04798741978826815,0.1737229047003126,0.2400000000000002,0.44999999999999973,0.2200000000000002,0.08999999999999986,0.20000000000000015,0.08999999999999986,0,0.4599999999999995,0.18000000000000016,0.25,0.27,-0.08000000000000007,-0.08000000000000007,0.20999999999999996,0.4899999999999993,0.5100000000000007,0.21999999999999975,-0.01999999999999957,-0.02000000000000046,0.11000000000000032,0.39999999999999947,0.4000000000000003,0.16000000000000014,-0.00999999999999978,0.03000000000000113,0.09999999999999964,0.3899999999999988,0.370000000000001,0.10999999999999945,-0.04000000000000003,0.00867813733456124,0.00817258175747337,-0.03640198193711086,-0.01661377333622571,-0.00298548767649453,0.01499591438773162,12.9459,13.39,15.3347,14.2408,12.8852,10.6052,-1.5999999999999943,0.20000000000000284,1.0999999999999943,-1.7000000000000028,-1.0999999999999943,6.099999999999994,2.96,3.04,3.2899999999999996,2.9800000000000004,2.72,2.77,0.6800000000000006,0.629999999999999,0.6399999999999997,0.6500000000000004,0.6799999999999997,0.7300000000000004
1994 Q3,1994 Q4,1,1.1390581866788096,0.5828824899406726,0.00437069416800284,0.00144822180789105,0.00172578874450124,-0.00135208136845577,0.00202852804397402,0.00924553001565442,0.00148638130743705,0.00656645272548939,-6.548482389399091e-4,0.00596557504002737,-0.00180468138086276,0.00421600067368554,0.00314054926155193,0.00668185751292682,0.00132950567949841,0.00672844968713626,0.00459049595854743,0.00589613804265276,-0.00433854821709367,0.02333947482429188,-0.00439314406949087,0.00913800458342173,0.00241724624200578,-0.00528072294060777,0.00946385886312306,0.01430206015190016,0.00139412892197121,0.01169754324111238,-0.0043382616643921,-0.00159723893914431,-0.09999999999999964,-0.09999999999999964,0,0,-0.3000000000000007,-0.09999999999999964,-0.01800498751361345,-0.01754043054204501,0.00644974384788632,-0.05437677087807202,0.04268073111488135,0.02427482197005126,0.00298935699476565,0.00257068430233786,0.00322486482053463,0.00277874136222777,0.00292733307662018,0.00303305733458891,41.6,41.7,41.8,41.8,41.8,41.7,7.295735072749282,7.27931883541462,7.271703706887368,7.25063551189868,7.330405211844402,7.289610521451167,7.252762418053187,7.227662498728654,7.19668657083435,7.213031659834869,7.241366283322318,7.238496840894365,0.00121611490348705,-0.00487806600567264,0.00313068192941745,-2.65631431254576e-4,0.00104937650633107,-0.00246187631475169,8.317069625078943e-4,-0.00321419752730633,0.0057395695539153,-0.00596748006386427,0.00238039081791185,-9.203731844102948e-4,0.00312260384403373,-0.00750388586479378,-0.00276663218015738,0.01050174794967162,-0.01461350473570011,0.00784307289921759,-0.00487141336584517,-0.00358469351572221,0.00633867535348642,-7.040032243867955e-4,-0.00218117125037586,-0.00221656055285723,0.00686745916983255,0.00690924143298765,-0.00644879128667774,-0.00389585292255922,0.00573812390318551,-0.00394403281679167,-0.00202357661249408,6.600141956534245e-4,6.667670796467462e-4,6.722244517805009e-4,0.00135639079771454,-0.00204336377107239,-0.01417571788537941,-0.00608939305551192,-0.03296121511593508,0.04855996201306123,0.00905179852096704,-0.03428456887605424,-0.00118883727006835,-8.499421001122442e-4,7.163696613723403e-4,9.79179072880143e-4,2.7091037664650486e-4,-0.00156657082806344,0.01546365487164447,-0.096775140090672,-0.03447273116401694,-0.02318804145348529,-0.02331669064597319,0.1190906010279682,0.2600000000000007,0.20999999999999996,0.00999999999999978,0.2400000000000002,0.44999999999999973,0.2200000000000002,0.13999999999999968,0.15000000000000036,0.1900000000000004,0,0.4599999999999995,0.18000000000000016,0.21999999999999975,-0.05999999999999961,0.20000000000000015,-0.08000000000000007,0.20999999999999996,0.4899999999999993,0.2699999999999996,-0.03999999999999915,0.13999999999999968,-0.02000000000000046,0.11000000000000032,0.39999999999999947,0.2400000000000002,-0.0600000000000005,0.15000000000000036,0.03000000000000113,0.09999999999999964,0.3899999999999988,0.00584194101318225,0.02804779549891734,-0.00756985837816426,0.00867813733456124,0.00817258175747337,-0.03640198193711086,12.6123,11.393,12.1635,12.9459,13.39,15.3347,-0.20000000000000284,2.700000000000003,-2.200000000000003,-1.5999999999999943,0.20000000000000284,1.0999999999999943,2.84,2.76,2.97,2.96,3.04,3.2899999999999996,0.6400000000000006,0.6699999999999999,0.6900000000000013,0.6800000000000006,0.629999999999999,0.6399999999999997
1994 Q4,1995 Q1,1,0.35415264608129604,1.1390581866788096,0.00472304879845353,-2.392058641191852e-4,0.00888083427809682,0.00437069416800284,0.00144822180789105,0.00172578874450124,0.00265149578090495,7.377760077904583e-4,0.00620033635758998,0.00148638130743705,0.00656645272548939,-6.548482389399091e-4,0.01016642592223249,0.00681262295668538,0.00801293123785829,0.00314054926155193,0.00668185751292682,0.00132950567949841,0.00748162631604287,0.00877159678228878,0.00760321311009448,-0.00433854821709367,0.02333947482429188,-0.00439314406949087,0.00264020453137625,0.00263172277278656,0.00687714709706277,0.00946385886312306,0.01430206015190016,0.00139412892197121,-0.09999999999999964,-0.20000000000000015,-0.10000000000000052,-0.09999999999999964,-0.09999999999999964,0,-0.01474228173720249,-0.01632936193255041,0.00949302691425835,-0.01800498751361345,-0.01754043054204501,0.00644974384788632,0.00262884727828627,0.00355344586598072,0.00182051510159908,0.00298935699476565,0.00257068430233786,0.00322486482053463,41.8,41.8,41.8,41.6,41.7,41.8,7.282761179605593,7.32052696227274,7.27931883541462,7.295735072749282,7.27931883541462,7.271703706887368,7.241366283322318,7.200424892944957,7.242082359256962,7.252762418053187,7.227662498728654,7.19668657083435,-7.821968398236123e-4,0.00208531734759809,-0.00260612015607453,0.00121611490348705,-0.00487806600567264,0.00313068192941745,-0.00106139547076011,0.0013484283914753,-6.312176394072111e-4,8.317069625078943e-4,-0.00321419752730633,0.0057395695539153,0.00222829561088833,0.00614559656257718,4.630538883034774e-4,0.00312260384403373,-0.00750388586479378,-0.00276663218015738,-0.00215722205166191,3.2253704554108253e-4,0.00605903609972102,-0.00487141336584517,-0.00358469351572221,0.00633867535348642,0.01553647166800864,-0.00864084492194372,-0.00313638664313486,0.00686745916983255,0.00690924143298765,-0.00644879128667774,-6.73130828106494e-4,0.00200423023083029,-0.0013418304461128,-0.00202357661249408,6.600141956534245e-4,6.667670796467462e-4,2.3008660085022117e-4,0.00598722016405872,0.03463316591352949,-0.01417571788537941,-0.00608939305551192,-0.03296121511593508,-0.00125671289709305,2.0627961913355364e-4,5.825886678261227e-4,-0.00118883727006835,-8.499421001122442e-4,7.163696613723403e-4,-0.0751133306890015,0.00756558509375127,0.0655674678993714,0.01546365487164447,-0.096775140090672,-0.03447273116401694,0.16000000000000014,0.5300000000000002,0.02999999999999936,0.2600000000000007,0.20999999999999996,0.00999999999999978,0.3099999999999996,0.33999999999999986,0.33000000000000007,0.13999999999999968,0.15000000000000036,0.1900000000000004,-0.15000000000000036,0.21999999999999975,0.28000000000000025,0.21999999999999975,-0.05999999999999961,0.20000000000000015,-0.2199999999999989,0.10999999999999945,0.23000000000000043,0.2699999999999996,-0.03999999999999915,0.13999999999999968,-0.22000000000000064,0.120000000000001,0.2199999999999989,0.2400000000000002,-0.0600000000000005,0.15000000000000036,-0.01270482053009125,-0.00605525087132541,-0.00676861528885908,0.00584194101318225,0.02804779549891734,-0.00756985837816426,13.8066,16.2495,15.0495,12.6123,11.393,12.1635,3.5,-1.1000000000000083,1.2000000000000028,-0.20000000000000284,2.700000000000003,-2.200000000000003,2.21,2.67,2.79,2.84,2.76,2.97,0.6399999999999988,0.6400000000000006,0.629999999999999,0.6400000000000006,0.6699999999999999,0.6900000000000013
1995 Q1,1995 Q2,1,0.2978787465089283,0.35415264608129604,0.0025291057125667,0.00223142301745937,0.00459200606532128,0.00472304879845353,-2.392058641191852e-4,0.00888083427809682,0.00525533632682284,-0.00185906161754711,-3.677822729386549e-5,0.00265149578090495,7.377760077904583e-4,0.00620033635758998,0.00166030115828696,-0.00112868730501158,0.00170053619793808,0.01016642592223249,0.00681262295668538,0.00801293123785829,-3.534470810819812e-4,-0.0056425370911235,0.00440861557891025,0.00748162631604287,0.00877159678228878,0.00760321311009448,0.01087462776752623,-0.01460270282160003,0.00495847216611444,0.00264020453137625,0.00263172277278656,0.00687714709706277,0,-0.1999999999999993,0.09999999999999964,-0.09999999999999964,-0.20000000000000015,-0.10000000000000052,0.00737466469126779,0.01266311148462939,0.0313715387087381,-0.01474228173720249,-0.01632936193255041,0.00949302691425835,0.00183217660691425,0.0016209335493027,0.00285373112465592,0.00262884727828627,0.00355344586598072,0.00182051510159908,41.5,41.7,41.8,41.8,41.8,41.8,7.130098510125578,7.182352111885263,7.249215057114389,7.282761179605593,7.32052696227274,7.27931883541462,7.111512116496157,7.134093721192866,7.156176637480615,7.241366283322318,7.200424892944957,7.242082359256962,0.0028698189504261502,-0.00408822048623491,7.81932557329057e-4,-7.821968398236123e-4,0.00208531734759809,-0.00260612015607453,0.00105988673713142,-0.00243559019211758,0.00194893048012367,-0.00106139547076011,0.0013484283914753,-6.312176394072111e-4,0.01905924594049324,-0.00239095681275536,-0.01806419868513042,0.00222829561088833,0.00614559656257718,4.630538883034774e-4,-0.00766885203712242,0.00238275506164509,0.00728429822373488,-0.00215722205166191,3.2253704554108253e-4,0.00605903609972102,0.00859434132908276,-0.00725905115949032,-0.01014272106762703,0.01553647166800864,-0.00864084492194372,-0.00313638664313486,-6.681836132438335e-4,-7.063964640785514e-6,6.606779932178952e-4,-6.73130828106494e-4,0.00200423023083029,-0.0013418304461128,-0.01568850676225608,-0.0398869022555246,-0.00627779854325183,2.3008660085022117e-4,0.00598722016405872,0.03463316591352949,7.108819788559373e-5,-2.5687591793666087e-4,0.00138598217505059,-0.00125671289709305,2.0627961913355364e-4,5.825886678261227e-4,-0.02849624357865066,-0.01765996156779881,0.1005657981145891,-0.0751133306890015,0.00756558509375127,0.0655674678993714,0.0600000000000005,0.3899999999999997,0.08000000000000007,0.16000000000000014,0.5300000000000002,0.02999999999999936,-0.03999999999999915,0.05999999999999961,0.11000000000000032,0.3099999999999996,0.33999999999999986,0.33000000000000007,-0.2699999999999996,-0.3100000000000005,-0.02999999999999936,-0.15000000000000036,0.21999999999999975,0.28000000000000025,-0.14000000000000057,-0.2000000000000011,0,-0.2199999999999989,0.10999999999999945,0.23000000000000043,-0.15000000000000036,-0.23000000000000043,-0.01999999999999957,-0.22000000000000064,0.120000000000001,0.2199999999999989,0.0230352622285288,0.03520322964911404,0.02185998131710054,-0.01270482053009125,-0.00605525087132541,-0.00676861528885908,11.9713,11.1973,11.7119,13.8066,16.2495,15.0495,-4.799999999999997,-2.5,2.5,3.5,-1.1000000000000083,1.2000000000000028,1.4699999999999998,1.7000000000000002,2.0700000000000003,2.21,2.67,2.79,0.5800000000000001,0.5899999999999999,0.6199999999999992,0.6399999999999988,0.6400000000000006,0.629999999999999
1995 Q2,1995 Q3,1,0.8471272260706542,0.2978787465089283,0.00368024722155446,7.667844304481974e-4,0.0011690995096476,0.0025291057125667,0.00223142301745937,0.00459200606532128,0.00796903751676936,0.00720664517891833,-0.00163244380019023,0.00525533632682284,-0.00185906161754711,-3.677822729386549e-5,0.00330885143220349,0.00489890698511885,-0.00172772579021618,0.00166030115828696,-0.00112868730501158,0.00170053619793808,0.00959263775013496,0.00733639631179627,-0.00751100248083247,-3.534470810819812e-4,-0.0056425370911235,0.00440861557891025,0.01166052017993557,0.01398197524435751,6.709536243754144e-4,0.01087462776752623,-0.01460270282160003,0.00495847216611444,0,-0.20000000000000015,0.39999999999999947,0,-0.1999999999999993,0.09999999999999964,-0.01086229281663087,0.05567403329615672,0.02882377832017546,0.00737466469126779,0.01266311148462939,0.0313715387087381,0.00208246283725621,-1.5377255361137543e-4,0.00134203539351851,0.00183217660691425,0.0016209335493027,0.00285373112465592,41.2,41.2,40.9,41.5,41.7,41.8,7.155396301896734,7.1808311990445555,7.144407180321139,7.130098510125578,7.182352111885263,7.249215057114389,7.173958319756794,7.147559271189454,7.138073034044347,7.111512116496157,7.134093721192866,7.156176637480615,0.00252554140180016,-0.00575125930149589,0.00287507045396573,0.0028698189504261502,-0.00408822048623491,7.81932557329057e-4,-1.348530484932553e-4,0.00480159107176447,0.00197370784905182,0.00105988673713142,-0.00243559019211758,0.00194893048012367,6.888832668412448e-4,-0.01231704310792558,0.00218351023331386,0.01905924594049324,-0.00239095681275536,-0.01806419868513042,-0.0063474487549433,0.00680828177841785,-0.00478486422160884,-0.00766885203712242,0.00238275506164509,0.00728429822373488,-0.00213179082095393,-8.755199739045594e-4,-0.00279078321899106,0.00859434132908276,-0.00725905115949032,-0.01014272106762703,-3.890316417454187e-6,-0.00198606691238012,0.00197430324446745,-6.681836132438335e-4,-7.063964640785514e-6,6.606779932178952e-4,0.02259046012838528,-0.0094998081767148,-0.01397890272935331,-0.01568850676225608,-0.0398869022555246,-0.00627779854325183,-5.633648495191323e-4,-0.00108535229985129,7.815590869117983e-4,7.108819788559373e-5,-2.5687591793666087e-4,0.00138598217505059,-0.06264598061978477,-0.07530529006867104,0.06766251875410534,-0.02849624357865066,-0.01765996156779881,0.1005657981145891,-0.00999999999999978,-0.04000000000000003,0.0699999999999994,0.0600000000000005,0.3899999999999997,0.08000000000000007,-0.20000000000000015,0.01999999999999957,-0.08000000000000007,-0.03999999999999915,0.05999999999999961,0.11000000000000032,-0.46,-0.4299999999999997,-0.14000000000000057,-0.2699999999999996,-0.3100000000000005,-0.02999999999999936,-0.35000000000000053,-0.379999999999999,-0.08999999999999986,-0.14000000000000057,-0.2000000000000011,0,-0.29999999999999893,-0.4000000000000003,-0.09999999999999964,-0.15000000000000036,-0.23000000000000043,-0.01999999999999957,0.0292356876738582,0.03082475661906425,0.02949087912851311,0.0230352622285288,0.03520322964911404,0.02185998131710054,13.179,12.4586,12.5168,11.9713,11.1973,11.7119,2.9000000000000057,-2.700000000000003,2.200000000000003,-4.799999999999997,-2.5,2.5,0.7000000000000002,0.96,1.4099999999999993,1.4699999999999998,1.7000000000000002,2.0700000000000003,0.6000000000000005,0.5499999999999989,0.5700000000000003,0.5800000000000001,0.5899999999999999,0.6199999999999992
1995 Q3,1995 Q4,1,0.6767866746930196,0.8471272260706542,0.00384162397647891,0.00144774712551054,0.00335311508219327,0.00368024722155446,7.667844304481974e-4,0.0011690995096476,0.00234263888153218,0.00488308712679597,-0.00271576941669859,0.00796903751676936,0.00720664517891833,-0.00163244380019023,0.00402517618747921,0.01316932299245099,-0.00418989274010606,0.00330885143220349,0.00489890698511885,-0.00172772579021618,-0.00122284943562789,0.02005538834883502,-0.0118927749591684,0.00959263775013496,0.00733639631179627,-0.00751100248083247,0.00128722853652263,0.00983545665893359,-0.00637309944714914,0.01166052017993557,0.01398197524435751,6.709536243754144e-4,-0.10000000000000052,0,0.10000000000000052,0,-0.20000000000000015,0.39999999999999947,0.01601148024290921,-0.04164691733574344,0.01396348858732743,-0.01086229281663087,0.05567403329615672,0.02882377832017546,0.00192765823812024,0.0022465417825348,7.755472897290616e-4,0.00208246283725621,-1.5377255361137543e-4,0.00134203539351851,41.3,41.2,41.1,41.2,41.2,40.9,7.221835825288449,7.255591274253665,7.2868764117507,7.155396301896734,7.1808311990445555,7.144407180321139,7.259116128097101,7.234177179749849,7.21081845347222,7.173958319756794,7.147559271189454,7.138073034044347,-0.00288550781000918,-0.00122282199291401,0.00209642862836378,0.00252554140180016,-0.00575125930149589,0.00287507045396573,-0.00239317646622794,8.372301974635121e-4,-0.00178489333769427,-1.348530484932553e-4,0.00480159107176447,0.00197370784905182,0.00275334678879524,-0.00344476694908113,6.850828506426154e-4,6.888832668412448e-4,-0.01231704310792558,0.00218351023331386,-0.00199841685514812,-0.00554452856038967,0.00563638164684476,-0.0063474487549433,0.00680828177841785,-0.00478486422160884,0.00308322312868192,-0.00283371939588583,0.00194258071607222,-0.00213179082095393,-8.755199739045594e-4,-0.00279078321899106,-6.568043560379877e-4,6.525184868495515e-4,-6.589683894890896e-4,-3.890316417454187e-6,-0.00198606691238012,0.00197430324446745,-0.013630732828938,-0.00923882393242969,0.02034741396543804,0.02259046012838528,-0.0094998081767148,-0.01397890272935331,-0.00145954741685461,8.965769089526177e-4,2.793170607162665e-4,-5.633648495191323e-4,-0.00108535229985129,7.815590869117983e-4,-0.03029898423614652,0.10406106503491984,0.00647947385474712,-0.06264598061978477,-0.07530529006867104,0.06766251875410534,0.05999999999999961,-0.10999999999999945,-0.15000000000000036,-0.00999999999999978,-0.04000000000000003,0.0699999999999994,-0.1200000000000001,-0.01999999999999957,-0.04999999999999982,-0.20000000000000015,0.01999999999999957,-0.08000000000000007,-0.29000000000000004,0.20999999999999996,0.11000000000000032,-0.46,-0.4299999999999997,-0.14000000000000057,-0.25,0.16000000000000014,0.11000000000000032,-0.35000000000000053,-0.379999999999999,-0.08999999999999986,-0.2599999999999998,0.15000000000000036,0.1399999999999988,-0.29999999999999893,-0.4000000000000003,-0.09999999999999964,0.03455892827809404,0.00311694147449514,0.03286458146475013,0.0292356876738582,0.03082475661906425,0.02949087912851311,12.237,13.3487,14.0765,13.179,12.4586,12.5168,-7.299999999999997,1.7999999999999972,1.7000000000000028,2.9000000000000057,-2.700000000000003,2.200000000000003,0.92,1.09,0.8600000000000003,0.7000000000000002,0.96,1.4099999999999993,0.6099999999999994,0.6199999999999992,0.629999999999999,0.6000000000000005,0.5499999999999989,0.5700000000000003
1995 Q4,1996 Q1,1,0.7462586731000087,0.6767866746930196,0.00180644659267414,0.00323982685887891,0.0014605448699072,0.00384162397647891,0.00144774712551054,0.00335311508219327,0.00634151516487779,0.00829551745311629,-0.00389540618819328,0.00234263888153218,0.00488308712679597,-0.00271576941669859,0.00346482442308371,0.00263200589463252,-0.00175910741090579,0.00402517618747921,0.01316932299245099,-0.00418989274010606,0.00472833952361106,0.00815283733042804,5.222345150244223e-4,-0.00122284943562789,0.02005538834883502,-0.0118927749591684,0.00238973362954553,0.01458919037668593,-0.00368220073998948,0.00128722853652263,0.00983545665893359,-0.00637309944714914,0,0.09999999999999964,-0.09999999999999964,-0.10000000000000052,0,0.10000000000000052,-0.03234783386551854,0.0146963232901971,0.0259046523320432,0.01601148024290921,-0.04164691733574344,0.01396348858732743,0.00135312296006162,0.00117701365460298,0.00129716549416158,0.00192765823812024,0.0022465417825348,7.755472897290616e-4,40.9,41.3,41.2,41.3,41.2,41.1,7.266128779556451,7.280697195384741,7.221835825288449,7.221835825288449,7.255591274253665,7.2868764117507,7.273786317844895,7.265429723253953,7.24422751560335,7.259116128097101,7.234177179749849,7.21081845347222,-0.00301894507533706,0.00130643165644261,-0.00115126928175524,-0.00288550781000918,-0.00122282199291401,0.00209642862836378,8.512528069886116e-4,-0.00133490484600429,-5.11247922130309e-4,-0.00239317646622794,8.372301974635121e-4,-0.00178489333769427,0.00943350993226932,0.00502236946554734,-0.00114791985072582,0.00275334678879524,-0.00344476694908113,6.850828506426154e-4,-0.00545915787740636,0.00851406542444266,-0.00408112371599322,-0.00199841685514812,-0.00554452856038967,0.00563638164684476,-0.02029108782890532,0.01862911409195788,-0.00453680199981221,0.00308322312868192,-0.00283371939588583,0.00194258071607222,-1.6932170154859705e-6,-0.00130718084631453,0.00130207463499143,-6.568043560379877e-4,6.525184868495515e-4,-6.589683894890896e-4,0.01558722339141205,0.01960374054625369,-0.02399850942933046,-0.013630732828938,-0.00923882393242969,0.02034741396543804,0.00194918893763418,-0.00261441983416954,0.00189361511165042,-0.00145954741685461,8.965769089526177e-4,2.793170607162665e-4,0.02567635191916961,0.07535179969134598,-0.05533372168508377,-0.03029898423614652,0.10406106503491984,0.00647947385474712,-0.20000000000000015,0.04000000000000003,-0.04000000000000003,0.05999999999999961,-0.10999999999999945,-0.15000000000000036,-0.22000000000000064,0.08000000000000007,0,-0.1200000000000001,-0.01999999999999957,-0.04999999999999982,-0.21999999999999975,-0.11000000000000032,-0.16000000000000014,-0.29000000000000004,0.20999999999999996,0.11000000000000032,-0.1999999999999993,-0.10000000000000052,-0.20000000000000015,-0.25,0.16000000000000014,0.11000000000000032,-0.1899999999999995,-0.07000000000000028,-0.17999999999999972,-0.2599999999999998,0.15000000000000036,0.1399999999999988,0.03147107090924006,0.02140180969469174,0.00714479362671838,0.03455892827809404,0.00311694147449514,0.03286458146475013,12.288,12.9719,14.2377,12.237,13.3487,14.0765,2.799999999999997,-2,1.2999999999999972,-7.299999999999997,1.7999999999999972,1.7000000000000028,0.5700000000000003,0.5699999999999994,0.7599999999999998,0.92,1.09,0.8600000000000003,0.6699999999999999,0.6600000000000001,0.6299999999999999,0.6099999999999994,0.6199999999999992,0.629999999999999
1996 Q1,1996 Q2,1,1.6541866808907457,0.7462586731000087,0.00348783900606619,0.00828815345081501,0.00337671275202566,0.00180644659267414,0.00323982685887891,0.0014605448699072,0.0048343919692213,0.00764443890513444,-0.0045153249484704,0.00634151516487779,0.00829551745311629,-0.00389540618819328,-0.00122504262904055,0.01452915992646541,-0.0057400787913675,0.00346482442308371,0.00263200589463252,-0.00175910741090579,4.976003650991601e-4,0.00899517042013009,-0.0100321418599858,0.00472833952361106,0.00815283733042804,5.222345150244223e-4,0.00373922394543413,0.01500997333200082,-0.00117207148831433,0.00238973362954553,0.01458919037668593,-0.00368220073998948,0,-0.09999999999999964,0,0,0.09999999999999964,-0.09999999999999964,0.02396500469040496,0.00865230023342711,0.024358443832039,-0.03234783386551854,0.0146963232901971,0.0259046523320432,0.00214530072308605,0.0035435001263302,-6.76126807839239e-5,0.00135312296006162,0.00117701365460298,0.00129716549416158,41.1,41.3,39.7,40.9,41.3,41.2,7.261225091971921,7.307202314764738,7.290974778142981,7.266128779556451,7.280697195384741,7.221835825288449,7.270312886079025,7.258412150595307,7.234898420314831,7.273786317844895,7.265429723253953,7.24422751560335,0.00811923227311339,-9.063309437493672e-4,0.00228261269300134,-0.00301894507533706,0.00130643165644261,-0.00115126928175524,0.00302799652544472,-0.00125359157219229,0.00240826521687154,8.512528069886116e-4,-0.00133490484600429,-5.11247922130309e-4,0.02463349773192202,-0.00443748312979686,-0.0243827457333845,0.00943350993226932,0.00502236946554734,-0.00114791985072582,0.00140598901118771,-0.0061635658574195,0.00586914650600167,-0.00545915787740636,0.00851406542444266,-0.00408112371599322,-0.00232122909856258,-0.00323195837486522,0.00719836035647425,-0.02029108782890532,0.01862911409195788,-0.00453680199981221,0.00128325535981499,-0.00324735739395976,0.00388432643390324,-1.6932170154859705e-6,-0.00130718084631453,0.00130207463499143,0.05305370939565179,-0.0175591025195354,-0.03232784419434864,0.01558722339141205,0.01960374054625369,-0.02399850942933046,0.001438199843248,-6.464985641416732e-4,3.0315261948743455e-4,0.00194918893763418,-0.00261441983416954,0.00189361511165042,0.10339033558469302,0.01845212754083824,-0.06516485004664263,0.02567635191916961,0.07535179969134598,-0.05533372168508377,0.08999999999999986,-0.33999999999999986,-0.04000000000000003,-0.20000000000000015,0.04000000000000003,-0.04000000000000003,0.1299999999999999,-0.16999999999999993,-0.13999999999999968,-0.22000000000000064,0.08000000000000007,0,0.46,0.15999999999999923,-0.05999999999999961,-0.21999999999999975,-0.11000000000000032,-0.16000000000000014,0.35999999999999943,0.1800000000000006,-0.01000000000000067,-0.1999999999999993,-0.10000000000000052,-0.20000000000000015,0.39999999999999947,0.16000000000000014,-0.02000000000000046,-0.1899999999999995,-0.07000000000000028,-0.17999999999999972,-0.00380993974718979,0.05558568666259411,-2.441028824398117e-4,0.03147107090924006,0.02140180969469174,0.00714479362671838,18.7075,16.5672,15.069,12.288,12.9719,14.2377,5.200000000000003,-0.7999999999999972,-1.7000000000000028,2.799999999999997,-2,1.2999999999999972,1.3099999999999996,0.9799999999999996,0.6500000000000004,0.5700000000000003,0.5699999999999994,0.7599999999999998,0.6799999999999997,0.6399999999999997,0.6600000000000001,0.6699999999999999,0.6600000000000001,0.6299999999999999
1996 Q2,1996 Q3,1,0.8930342932712776,1.6541866808907457,0.00662400293187204,0.00430744262565241,0.00262872410018566,0.00348783900606619,0.00828815345081501,0.00337671275202566,0.00115946115619181,0.00130160256182421,0.0036853237270451,0.0048343919692213,0.00764443890513444,-0.0045153249484704,0.00759337824118411,0.00744558362292391,0.00990121826052092,-0.00122504262904055,0.01452915992646541,-0.0057400787913675,-0.00472537085531499,0.00757968271740061,0.00890778411288373,4.976003650991601e-4,0.00899517042013009,-0.0100321418599858,-0.00800230596967743,0.00886197056241222,0.00788599197909789,0.00373922394543413,0.01500997333200082,-0.00117207148831433,-0.2999999999999998,0,0.09999999999999964,0,-0.09999999999999964,0,-0.00669872899561951,-0.04192443450542171,-0.0728545773792284,0.02396500469040496,0.00865230023342711,0.024358443832039,0.00229033895142372,0.00283255445952157,0.00139407958752535,0.00214530072308605,0.0035435001263302,-6.76126807839239e-5,41.5,41.4,41.1,41.1,41.3,39.7,7.290974778142981,7.315883504509785,7.323830566202317,7.261225091971921,7.307202314764738,7.290974778142981,7.264730177929867,7.284134806195205,7.288244401020124,7.270312886079025,7.258412150595307,7.234898420314831,0.00624141850223569,-0.00936426832449033,-0.00170110302961212,0.00811923227311339,-9.063309437493672e-4,0.00228261269300134,2.5838212753015455e-4,2.880411741710276e-4,-0.00390615858694154,0.00302799652544472,-0.00125359157219229,0.00240826521687154,0.00854816815904069,-0.00746437894305174,-0.0043946604468612,0.02463349773192202,-0.00443748312979686,-0.0243827457333845,0.00116768233810393,-8.23597639630691e-4,0.0020978359967092,0.00140598901118771,-0.0061635658574195,0.00586914650600167,0.00118635506069075,3.714610942324726e-4,0.0033950621387806,-0.00232122909856258,-0.00323195837486522,0.00719836035647425,-3.67933906009199e-6,-0.00193109531227353,6.304812020561101e-4,0.00128325535981499,-0.00324735739395976,0.00388432643390324,-0.00749092619823876,0.023006047013717,-0.00656696996993666,0.05305370939565179,-0.0175591025195354,-0.03232784419434864,-0.00173829972155292,-0.00126731880168851,-2.355945474974419e-5,0.001438199843248,-6.464985641416732e-4,3.0315261948743455e-4,0.06524380869599877,-0.20207252443365945,-0.01494889162362067,0.10339033558469302,0.01845212754083824,-0.06516485004664263,0.02999999999999936,0.02000000000000046,-0.08999999999999986,0.08999999999999986,-0.33999999999999986,-0.04000000000000003,0.07000000000000028,0.0699999999999994,-0.00999999999999978,0.1299999999999999,-0.16999999999999993,-0.13999999999999968,0.16999999999999993,0.23000000000000043,0.2400000000000002,0.46,0.15999999999999923,-0.05999999999999961,0.08999999999999986,0.1200000000000001,0.15000000000000036,0.35999999999999943,0.1800000000000006,-0.01000000000000067,0.09999999999999964,0.1100000000000012,0.16000000000000014,0.39999999999999947,0.16000000000000014,-0.02000000000000046,0.01093465957359285,0.02149272582134909,1.5453084466354738e-4,-0.00380993974718979,0.05558568666259411,-2.441028824398117e-4,17.6216,16.8627,16.7505,18.7075,16.5672,15.069,3,-3.299999999999997,-1,5.200000000000003,-0.7999999999999972,-1.7000000000000028,1.8200000000000005,1.7200000000000006,1.5599999999999996,1.3099999999999996,0.9799999999999996,0.6500000000000004,0.6900000000000004,0.6800000000000006,0.6899999999999995,0.6799999999999997,0.6399999999999997,0.6600000000000001
1996 Q3,1996 Q4,1,1.0330155049368628,0.8930342932712776,0.0028268288686668,0.00320046258004325,-0.00206070608423658,0.00662400293187204,0.00430744262565241,0.00262872410018566,0.00127378549577894,0.00342807506680209,0.00212219349508213,0.00115946115619181,0.00130160256182421,0.0036853237270451,0.00623963211821454,0.00510523528457529,1.5374603570972312e-4,0.00759337824118411,0.00744558362292391,0.00990121826052092,0.00305321702851735,0.00342663783915853,0.00786600792653224,-0.00472537085531499,0.00757968271740061,0.00890778411288373,0.01125745537371969,9.01172235963088e-5,0.00643826530808411,-0.00800230596967743,0.00886197056241222,0.00788599197909789,0.10000000000000052,-0.4000000000000003,0.20000000000000015,-0.2999999999999998,0,0.09999999999999964,0.03246894068607986,-0.015550552596018,-0.01531243110573221,-0.00669872899561951,-0.04192443450542171,-0.0728545773792284,0.00167914984715089,0.00149031944559041,0.0020768266225648,0.00229033895142372,0.00283255445952157,0.00139407958752535,41.6,41.5,41.4,41.5,41.4,41.1,7.29641326877392,7.350516171833998,7.294377299288821,7.290974778142981,7.315883504509785,7.323830566202317,7.238496840894365,7.253470382684528,7.27931883541462,7.264730177929867,7.284134806195205,7.288244401020124,0.00484216014293625,-0.00724225729891525,-0.0013488863724973,0.00624141850223569,-0.00936426832449033,-0.00170110302961212,6.628882223616017e-4,-0.00206977496466542,4.429925210800434e-4,2.5838212753015455e-4,2.880411741710276e-4,-0.00390615858694154,-5.951496630629549e-6,-0.00514508255629042,-5.8012563851406185e-5,0.00854816815904069,-0.00746437894305174,-0.0043946604468612,0.01008789782777519,-0.0012344847204595,-0.0016661029992786,0.00116768233810393,-8.23597639630691e-4,0.0020978359967092,-0.00382374359308279,-0.00191317037878846,-4.7077836412157126e-4,0.00118635506069075,3.714610942324726e-4,0.0033950621387806,0.00190253932708817,-6.395813395343453e-4,-3.665264431518267e-6,-3.67933906009199e-6,-0.00193109531227353,6.304812020561101e-4,0.04098560647696825,0.07196298605418505,-0.1342608310309581,-0.00749092619823876,0.023006047013717,-0.00656696996993666,0.00187137518671853,-0.0011581320532592,0.00212539910282671,-0.00173829972155292,-0.00126731880168851,-2.355945474974419e-5,0.05883744286658698,-0.01208569946514659,0.08003672969044784,0.06524380869599877,-0.20207252443365945,-0.01494889162362067,0.08000000000000007,-0.1800000000000006,0.13000000000000078,0.02999999999999936,0.02000000000000046,-0.08999999999999986,0.04000000000000003,-0.10000000000000052,0.0600000000000005,0.07000000000000028,0.0699999999999994,-0.00999999999999978,0.1900000000000004,-0.23000000000000043,-0.04000000000000003,0.16999999999999993,0.23000000000000043,0.2400000000000002,0.20000000000000015,-0.1900000000000004,-0.05999999999999961,0.08999999999999986,0.1200000000000001,0.15000000000000036,0.16999999999999993,-0.16999999999999993,-0.05000000000000071,0.09999999999999964,0.1100000000000012,0.16000000000000014,0.01824267822007286,0.02848480322075364,-0.03722898069241509,0.01093465957359285,0.02149272582134909,1.5453084466354738e-4,17.046,16.145,19.2709,17.6216,16.8627,16.7505,-0.5999999999999943,0.5999999999999943,2.299999999999997,3,-3.299999999999997,-1,1.7400000000000002,1.59,1.7199999999999998,1.8200000000000005,1.7200000000000006,1.5599999999999996,0.6899999999999995,0.7199999999999998,0.6999999999999993,0.6900000000000004,0.6800000000000006,0.6899999999999995
1996 Q4,1997 Q1,1,0.6433691338076031,1.0330155049368628,0.00384885174681492,0.00318213634343855,1.4460252560510867e-4,0.0028268288686668,0.00320046258004325,-0.00206070608423658,0.00396376019846034,0.00248317904893013,0.00296007598908332,0.00127378549577894,0.00342807506680209,0.00212219349508213,0.00638664809245614,0.00914478517206873,2.9609405001806977e-4,0.00623963211821454,0.00510523528457529,1.5374603570972312e-4,-0.00722816048402741,0.00737038504029463,0.00779775051898212,0.00305321702851735,0.00342663783915853,0.00786600792653224,0.00242772083021947,-0.00166708111412638,0.01069608736419525,0.01125745537371969,9.01172235963088e-5,0.00643826530808411,0,0.20000000000000015,0,0.10000000000000052,-0.4000000000000003,0.20000000000000015,0.04958255723783367,-0.00769917928165675,-0.01100121106197349,0.03246894068607986,-0.015550552596018,-0.01531243110573221,0.00161923287062215,0.00233432220297835,0.00219857803285528,0.00167914984715089,0.00149031944559041,0.0020768266225648,41.7,41.5,41.4,41.6,41.5,41.4,7.222566018822171,7.305860032684009,7.238496840894365,7.29641326877392,7.350516171833998,7.294377299288821,7.252053951852814,7.252762418053187,7.213768308118642,7.238496840894365,7.253470382684528,7.27931883541462,-4.122763529679219e-6,0.00759631511281622,-0.00471069857178019,0.00484216014293625,-0.00724225729891525,-0.0013488863724973,2.797727350252188e-4,7.379941147647173e-4,0.00264779822619054,6.628882223616017e-4,-0.00206977496466542,4.429925210800434e-4,0.00745838693892686,0.00879004444647435,-0.00133101109744337,-5.951496630629549e-6,-0.00514508255629042,-5.8012563851406185e-5,6.819528997912272e-4,-0.00223522908058892,-0.00430063822465598,0.01008789782777519,-0.0012344847204595,-0.0016661029992786,-0.00405069995776408,0.00282781876389925,1.7033074180261565e-4,-0.00382374359308279,-0.00191317037878846,-4.7077836412157126e-4,-6.38264387432308e-4,-9.989165751456142e-6,-1.005260932540608e-5,0.00190253932708817,-6.395813395343453e-4,-3.665264431518267e-6,0.03687562849282511,0.03441414850155588,-0.01349069198707741,0.04098560647696825,0.07196298605418505,-0.1342608310309581,-6.180052665456515e-4,-0.00123982711146908,1.929015973614057e-4,0.00187137518671853,-0.0011581320532592,0.00212539910282671,0.11742939903262072,-0.08620163001240666,-0.05118373359121442,0.05883744286658698,-0.01208569946514659,0.08003672969044784,-0.01999999999999957,0.0699999999999994,-0.05999999999999961,0.08000000000000007,-0.1800000000000006,0.13000000000000078,-0.1200000000000001,0.04000000000000003,-0.09999999999999964,0.04000000000000003,-0.10000000000000052,0.0600000000000005,0.09999999999999964,-0.33000000000000007,-0.2999999999999998,0.1900000000000004,-0.23000000000000043,-0.04000000000000003,0.10000000000000052,-0.29000000000000004,-0.27000000000000046,0.20000000000000015,-0.1900000000000004,-0.05999999999999961,0.09999999999999964,-0.28000000000000025,-0.27999999999999936,0.16999999999999993,-0.16999999999999993,-0.05000000000000071,0.01025081326223809,0.04761777136918699,0.03862897995637304,0.01824267822007286,0.02848480322075364,-0.03722898069241509,19.9415,17.1635,17.6269,17.046,16.145,19.2709,-2.299999999999997,2.700000000000003,1.7999999999999972,-0.5999999999999943,0.5999999999999943,2.299999999999997,1.3899999999999997,1.17,1.54,1.7400000000000002,1.59,1.7199999999999998,0.6899999999999995,0.6900000000000004,0.6800000000000006,0.6899999999999995,0.7199999999999998,0.6999999999999993
1997 Q1,1997 Q2,1,1.6515051002674142,0.6433691338076031,0.00469659237504949,0.00313475202309199,0.00573100195454223,0.00384885174681492,0.00318213634343855,1.4460252560510867e-4,0.00267292793172213,0.00211254984232045,0.00472211131658983,0.00396376019846034,0.00248317904893013,0.00296007598908332,0.00632608016011015,0.01186781679959647,0.0015838703738682,0.00638664809245614,0.00914478517206873,2.9609405001806977e-4,4.55751250575176e-4,0.02021365751513038,0.01281446026331067,-0.00722816048402741,0.00737038504029463,0.00779775051898212,0.0072690303191365,0.00668480092130607,0.01122151678467808,0.00242772083021947,-0.00166708111412638,0.01069608736419525,0,-0.09999999999999964,-0.10000000000000052,0,0.20000000000000015,0,-0.00421776771483273,-0.05533810388470428,-0.04188337795617691,0.04958255723783367,-0.00769917928165675,-0.01100121106197349,0.0026019344496948,0.00260872217763896,0.00176494891176659,0.00161923287062215,0.00233432220297835,0.00219857803285528,41.8,41.6,41.4,41.7,41.5,41.4,7.284134806195205,7.303843225277705,7.2115567333138015,7.222566018822171,7.305860032684009,7.238496840894365,7.269616749608169,7.275864600546533,7.231287004327616,7.252053951852814,7.252762418053187,7.213768308118642,-0.00363471732668507,-0.0021297375875191,0.00194003547572396,-4.122763529679219e-6,0.00759631511281622,-0.00471069857178019,8.198484052233113e-4,-0.00113474326245466,-0.00199183873074204,2.797727350252188e-4,7.379941147647173e-4,0.00264779822619054,0.01084243885490199,-2.4663377172462475e-4,-0.02274486332802716,0.00745838693892686,0.00879004444647435,-0.00133101109744337,-4.42679464375928e-4,0.00385777327286351,-0.00352390554308001,6.819528997912272e-4,-0.00223522908058892,-0.00430063822465598,-2.6050173230274254e-4,3.50015029139783e-4,0.00128849754920779,-0.00405069995776408,0.00282781876389925,1.7033074180261565e-4,-0.00125431075364446,-3.5421475219621357e-6,-6.334767990034962e-4,-6.38264387432308e-4,-9.989165751456142e-6,-1.005260932540608e-5,-3.523287415783116e-4,-0.0152974537976176,-0.01775737604924643,0.03687562849282511,0.03441414850155588,-0.01349069198707741,-0.00102908216853325,7.826407827966619e-4,1.415148664705157e-4,-6.180052665456515e-4,-0.00123982711146908,1.929015973614057e-4,0.06861366716709405,-0.116407584671526,-0.07716108220863527,0.11742939903262072,-0.08620163001240666,-0.05118373359121442,0.1999999999999993,-0.05999999999999961,-0.04000000000000003,-0.01999999999999957,0.0699999999999994,-0.05999999999999961,0.1299999999999999,-0.02000000000000046,0.1200000000000001,-0.1200000000000001,0.04000000000000003,-0.09999999999999964,0.27000000000000046,-0.16000000000000014,0.28000000000000025,0.09999999999999964,-0.33000000000000007,-0.2999999999999998,0.2400000000000002,-0.11000000000000032,0.21999999999999975,0.10000000000000052,-0.29000000000000004,-0.27000000000000046,0.23999999999999932,-0.14999999999999947,0.20000000000000015,0.09999999999999964,-0.28000000000000025,-0.27999999999999936,-0.00783380825560176,0.04112786509762944,0.03043687289287788,0.01025081326223809,0.04761777136918699,0.03862897995637304,22.3035,21.6478,21.0313,19.9415,17.1635,17.6269,0.29999999999999716,2.299999999999997,0.5,-2.299999999999997,2.700000000000003,1.7999999999999972,1.5500000000000007,1.41,1.5499999999999998,1.3899999999999997,1.17,1.54,0.6299999999999999,0.6300000000000008,0.6699999999999999,0.6899999999999995,0.6900000000000004,0.6800000000000006
1997 Q2,1997 Q3,1,1.2408386319378906,1.6515051002674142,0.00363038327280129,0.00454235204401776,7.373105845012162e-4,0.00469659237504949,0.00313475202309199,0.00573100195454223,0.00493019414329776,6.158478366256048e-4,-5.133514148258911e-5,0.00267292793172213,0.00211254984232045,0.00472211131658983,0.00458543654776377,0.00552436097756725,0.00117151451536834,0.00632608016011015,0.01186781679959647,0.0015838703738682,0.01337226278957182,-2.4556462602021156e-4,0.00333548208730505,4.55751250575176e-4,0.02021365751513038,0.01281446026331067,0.0112420248652949,-7.069149425884547e-4,-0.01486657276176473,0.0072690303191365,0.00668480092130607,0.01122151678467808,0.09999999999999964,-0.1999999999999993,-0.10000000000000052,0,-0.09999999999999964,-0.10000000000000052,0.00523642040508853,-0.00983412965371854,0.02351593511634142,-0.00421776771483273,-0.05533810388470428,-0.04188337795617691,0.00208659439295288,0.00222178749175405,0.00243164698025033,0.0026019344496948,0.00260872217763896,0.00176494891176659,41.6,41.7,41.8,41.8,41.6,41.4,7.309212365692763,7.273786317844895,7.307872780763706,7.284134806195205,7.303843225277705,7.2115567333138015,7.245655067594536,7.254177846456518,7.259116128097101,7.269616749608169,7.275864600546533,7.231287004327616,0.00225372486231556,0.00795697206574885,-0.00219402981644911,-0.00363471732668507,-0.0021297375875191,0.00194003547572396,0.00116852923654775,-9.418204318940582e-4,2.172739487722453e-4,8.198484052233113e-4,-0.00113474326245466,-0.00199183873074204,0.00276065360413912,-0.00368090477116656,0.00169310927464128,0.01084243885490199,-2.4663377172462475e-4,-0.02274486332802716,-9.558336907060648e-4,-0.00412740591342508,0.0024008966749669,-4.42679464375928e-4,0.00385777327286351,-0.00352390554308001,0.00145476062541938,-0.01066253008118067,0.0105165496911681,-2.6050173230274254e-4,3.50015029139783e-4,0.00128849754920779,0.00187441479435079,-6.255865077342548e-4,-3.916034732043272e-7,-0.00125431075364446,-3.5421475219621357e-6,-6.334767990034962e-4,0.01241796775660386,0.00961240089157833,-0.02450761236164833,-3.523287415783116e-4,-0.0152974537976176,-0.01775737604924643,0.00173543484353366,-0.00143740821397297,-7.223769842301664e-5,-0.00102908216853325,7.826407827966619e-4,1.415148664705157e-4,-0.13780860431371875,0.1171736907564438,-0.00591628058425808,0.06861366716709405,-0.116407584671526,-0.07716108220863527,0.05999999999999961,-0.00999999999999978,0.1200000000000001,0.1999999999999993,-0.05999999999999961,-0.04000000000000003,-0.1200000000000001,-0.11000000000000032,0.02000000000000046,0.1299999999999999,-0.02000000000000046,0.1200000000000001,-0.21999999999999975,-0.17999999999999972,0.1999999999999993,0.27000000000000046,-0.16000000000000014,0.28000000000000025,-0.16999999999999993,-0.15000000000000036,0.1800000000000006,0.2400000000000002,-0.11000000000000032,0.21999999999999975,-0.17999999999999972,-0.14000000000000057,0.16000000000000014,0.23999999999999932,-0.14999999999999947,0.20000000000000015,0.05055540683178439,0.086665517615657,-0.03628722968088827,-0.00783380825560176,0.04112786509762944,0.03043687289287788,22.7433,21.9276,21.5077,22.3035,21.6478,21.0313,1.2999999999999972,1.7999999999999972,1.4000000000000057,0.29999999999999716,2.299999999999997,0.5,1.5600000000000005,1.66,1.7299999999999995,1.5500000000000007,1.41,1.5499999999999998,0.6099999999999994,0.6199999999999992,0.6099999999999994,0.6299999999999999,0.6300000000000008,0.6699999999999999
1997 Q3,1997 Q4,1,0.8502355049371246,1.2408386319378906,0.00301892375909318,0.00592257231779491,0.00449530969097189,0.00363038327280129,0.00454235204401776,7.373105845012162e-4,2.0107912531308616e-4,0.00605125224448599,0.0092992412664179,0.00493019414329776,6.158478366256048e-4,-5.133514148258911e-5,0.00911757545657376,0.00995494609358527,0.00850594265971071,0.00458543654776377,0.00552436097756725,0.00117151451536834,0.00805157158019653,-0.00283827457728058,0.01007662750993709,0.01337226278957182,-2.4556462602021156e-4,0.00333548208730505,0.00620605214638914,6.052386954689126e-4,0.01241842780341961,0.0112420248652949,-7.069149425884547e-4,-0.01486657276176473,0.10000000000000052,-0.10000000000000052,-0.09999999999999964,0.09999999999999964,-0.1999999999999993,-0.10000000000000052,-0.04633255664099955,0.03059659070918385,-0.01626052087178031,0.00523642040508853,-0.00983412965371854,0.02351593511634142,0.00396496114608346,-2.274573527270007e-4,0.00242345501443175,0.00208659439295288,0.00222178749175405,0.00243164698025033,41.7,41.7,41.6,41.6,41.7,41.8,7.343426229147367,7.237059026124737,7.270312886079025,7.309212365692763,7.273786317844895,7.307872780763706,7.309212365692763,7.278628942320682,7.272398392570047,7.245655067594536,7.254177846456518,7.259116128097101,-0.01699796505687434,0.00971847727556696,-0.00272268406597042,0.00225372486231556,0.00795697206574885,-0.00219402981644911,-0.0045417843613027,0.00392896207350368,2.6187322298376614e-4,0.00116852923654775,-9.418204318940582e-4,2.172739487722453e-4,-2.1672820387497185e-4,-0.00446646016585727,0.00102189585637546,0.00276065360413912,-0.00368090477116656,0.00169310927464128,0.00139812837564345,0.00349954069010038,-0.00138814367954065,-9.558336907060648e-4,-0.00412740591342508,0.0024008966749669,0.0016116796040233,0.00168370312463927,-0.00326886926583647,0.00145476062541938,-0.01066253008118067,0.0105165496911681,-6.187984790351209e-6,0.00124300051429671,-6.267539961957169e-4,0.00187441479435079,-6.255865077342548e-4,-3.916034732043272e-7,-0.01427591298298391,0.04000725516338921,-0.05087152480111179,0.01241796775660386,0.00961240089157833,-0.02450761236164833,0.00161494607008005,1.9838626470569665e-4,-6.832804863154962e-4,0.00173543484353366,-0.00143740821397297,-7.223769842301664e-5,-0.02221650054656265,-0.0085453252944827,0.10676014944614388,-0.13780860431371875,0.1171736907564438,-0.00591628058425808,0,0.02000000000000046,-0.04000000000000003,0.05999999999999961,-0.00999999999999978,0.1200000000000001,-0.1899999999999995,0.08999999999999986,0.1200000000000001,-0.1200000000000001,-0.11000000000000032,0.02000000000000046,-0.08999999999999986,0.08000000000000007,-0.27000000000000046,-0.21999999999999975,-0.17999999999999972,0.1999999999999993,-0.0699999999999994,0.08000000000000007,-0.27000000000000046,-0.16999999999999993,-0.15000000000000036,0.1800000000000006,-0.1200000000000001,0.07000000000000028,-0.2699999999999996,-0.17999999999999972,-0.14000000000000057,0.16000000000000014,0.01049219499431686,0.00210522984264649,0.05441011551118002,0.05055540683178439,0.086665517615657,-0.03628722968088827,25.5928,25.1538,23.2477,22.7433,21.9276,21.5077,1.5999999999999943,-2.6999999999999886,2.5999999999999943,1.2999999999999972,1.7999999999999972,1.4000000000000057,1.2599999999999998,1.16,1.17,1.5600000000000005,1.66,1.7299999999999995,0.5499999999999998,0.6000000000000005,0.6100000000000003,0.6099999999999994,0.6199999999999992,0.6099999999999994
1997 Q4,1998 Q1,1,0.9987489886350787,0.8502355049371246,0.00611701192947578,0.00711902689952914,0.00523778038804678,0.00301892375909318,0.00592257231779491,0.00449530969097189,0.00569471964597934,0.00409236663765799,0.00509723430298247,2.0107912531308616e-4,0.00605125224448599,0.0092992412664179,0.00424944358291679,0.0078442888950283,0.00882784998199603,0.00911757545657376,0.00995494609358527,0.00850594265971071,-0.00252132054277254,0.01058106141403136,-0.00289974515820823,0.00805157158019653,-0.00283827457728058,0.01007662750993709,0.00676241122639176,-0.00259811135884646,-9.31353939460422e-4,0.00620605214638914,6.052386954689126e-4,0.01241842780341961,0.10000000000000052,-0.10000000000000052,-0.20000000000000015,0.10000000000000052,-0.10000000000000052,-0.09999999999999964,-0.00430039684800043,0.01472969314498584,-0.01679367736583614,-0.04633255664099955,0.03059659070918385,-0.01626052087178031,0.00259672540648203,0.0024340128881537,0.00282021528424536,0.00396496114608346,-2.274573527270007e-4,0.00242345501443175,42,41.8,41.8,41.7,41.7,41.6,7.356279876550748,7.31986492980897,7.326465613840322,7.343426229147367,7.237059026124737,7.270312886079025,7.283448228756631,7.292337176173877,7.312553498102598,7.309212365692763,7.278628942320682,7.272398392570047,-0.00365493780143477,0.00618062203199532,0.00662321878777483,-0.01699796505687434,0.00971847727556696,-0.00272268406597042,-0.00112183984266067,7.991675176644009e-4,8.61457077361294e-4,-0.0045417843613027,0.00392896207350368,2.6187322298376614e-4,0.0030472968611459,0.00951452251668616,0.00250984342726479,-2.1672820387497185e-4,-0.00446646016585727,0.00102189585637546,-6.326381962482586e-4,0.00153115513827462,-0.00399917029024532,0.00139812837564345,0.00349954069010038,-0.00138814367954065,0.00870035155534942,-0.0053271259260903,0.00165009681575512,0.0016116796040233,0.00168370312463927,-0.00326886926583647,-6.193858790188855e-4,-6.216886698338087e-4,-6.2516073747787e-4,-6.187984790351209e-6,0.00124300051429671,-6.267539961957169e-4,-0.01172671761795829,0.0187658759977598,-0.02712126286477634,-0.01427591298298391,0.04000725516338921,-0.05087152480111179,-2.687044548386197e-4,-0.00124533337327736,-0.00110825289714355,0.00161494607008005,1.9838626470569665e-4,-6.832804863154962e-4,-0.04357197177245497,-0.12428163424700855,0.07869998790955623,-0.02221650054656265,-0.0085453252944827,0.10676014944614388,-0.01999999999999957,0.01999999999999957,-0.04000000000000003,0,0.02000000000000046,-0.04000000000000003,0.02000000000000046,0.16999999999999993,0.01999999999999957,-0.1899999999999995,0.08999999999999986,0.1200000000000001,-0.07000000000000028,-0.15000000000000036,-0.17999999999999972,-0.08999999999999986,0.08000000000000007,-0.27000000000000046,-0.11000000000000032,-0.1299999999999999,-0.15000000000000036,-0.0699999999999994,0.08000000000000007,-0.27000000000000046,-0.09999999999999964,-0.15000000000000036,-0.1299999999999999,-0.1200000000000001,0.07000000000000028,-0.2699999999999996,0.02466871354409772,-0.01295201378701005,0.01497766561988722,0.01049219499431686,0.00210522984264649,0.05441011551118002,26.4731,31.5452,25.6252,25.5928,25.1538,23.2477,-5.1000000000000085,1.6000000000000083,-0.4000000000000057,1.5999999999999943,-2.6999999999999886,2.5999999999999943,0.6499999999999995,0.7400000000000002,1.0600000000000005,1.2599999999999998,1.16,1.17,0.5600000000000005,0.5499999999999998,0.5700000000000003,0.5499999999999998,0.6000000000000005,0.6100000000000003
1998 Q1,1998 Q2,1,0.9214296481921735,0.9987489886350787,0.00623539127754568,0.00696581151429498,0.00889975442496826,0.00611701192947578,0.00711902689952914,0.00523778038804678,0.00443873725413634,0.00647219472301863,-8.917955406726463e-4,0.00569471964597934,0.00409236663765799,0.00509723430298247,3.515910121256738e-4,0.00161748961826813,0.00437378427594659,0.00424944358291679,0.0078442888950283,0.00882784998199603,0.00493965182971933,0.01394213005882605,0.00193955738572348,-0.00252132054277254,0.01058106141403136,-0.00289974515820823,0.00505043767951285,-9.20965307511068e-4,0.00318269733852716,0.00676241122639176,-0.00259811135884646,-9.31353939460422e-4,0.10000000000000052,0,-0.10000000000000052,0.10000000000000052,-0.10000000000000052,-0.20000000000000015,-0.01261846395921217,-0.00687287928776214,0.02506238829642981,-0.00430039684800043,0.01472969314498584,-0.01679367736583614,0.00118313881305809,0.00168919635239461,0.00206131893084204,0.00259672540648203,0.0024340128881537,0.00282021528424536,41.5,41.7,41.9,42,41.8,41.8,7.356918242356021,7.367708572374371,7.329749689041512,7.356279876550748,7.31986492980897,7.326465613840322,7.380879035564116,7.40671073017764,7.349230824613334,7.283448228756631,7.292337176173877,7.312553498102598,-0.00436731359514652,0.00194780858787524,2.7766402344031604e-4,-0.00365493780143477,0.00618062203199532,0.00662321878777483,-0.00183668541188097,0.00226855589666818,0.00126266740304359,-0.00112183984266067,7.991675176644009e-4,8.61457077361294e-4,0.01102602015435394,-0.00185601819923508,-0.02124880124480288,0.0030472968611459,0.00951452251668616,0.00250984342726479,-0.00361286874556654,-0.00442908930896912,0.00646355893057926,-6.326381962482586e-4,0.00153115513827462,-0.00399917029024532,0.0033492095224954,0.0076530202617242004,-0.01247453119190389,0.00870035155534942,-0.0053271259260903,0.00165009681575512,0,-0.00123533060799196,6.170925666610927e-4,-6.193858790188855e-4,-6.216886698338087e-4,-6.2516073747787e-4,0.00494796993094937,0.01458947878443961,-0.00256459119929708,-0.01172671761795829,0.0187658759977598,-0.02712126286477634,6.787856381844648e-4,-0.00101812856278016,7.070585795281303e-4,-2.687044548386197e-4,-0.00124533337327736,-0.00110825289714355,-0.0272734280939404,0.05231038254999509,0.00421697608145432,-0.04357197177245497,-0.12428163424700855,0.07869998790955623,-0.01999999999999957,-0.04999999999999982,0.05999999999999961,-0.01999999999999957,0.01999999999999957,-0.04000000000000003,-0.05999999999999961,0.04999999999999982,-0.1200000000000001,0.02000000000000046,0.16999999999999993,0.01999999999999957,0.08000000000000007,0.03000000000000025,-0.2699999999999996,-0.07000000000000028,-0.15000000000000036,-0.17999999999999972,0.04999999999999982,0.05999999999999961,-0.14999999999999947,-0.11000000000000032,-0.1299999999999999,-0.15000000000000036,0.07000000000000028,0.05999999999999961,-0.1299999999999999,-0.09999999999999964,-0.15000000000000036,-0.1299999999999999,0.05055895171946201,0.06079069339366594,0.00102818161135331,0.02466871354409772,-0.01295201378701005,0.01497766561988722,20.5431,20.3863,24.4275,26.4731,31.5452,25.6252,-3.9000000000000057,3.8000000000000114,4.5,-5.1000000000000085,1.6000000000000083,-0.4000000000000057,0.6200000000000001,0.4800000000000004,0.5,0.6499999999999995,0.7400000000000002,1.0600000000000005,0.6000000000000005,0.5800000000000001,0.5800000000000001,0.5600000000000005,0.5499999999999998,0.5700000000000003
1998 Q2,1998 Q3,1,1.251081507693641,0.9214296481921735,0.00579034165416203,0.00464991013332749,0.00379391334335466,0.00623539127754568,0.00696581151429498,0.00889975442496826,0.00661130185940717,0.00720785128555423,0.00532986877639984,0.00443873725413634,0.00647219472301863,-8.917955406726463e-4,-0.00601665528614514,0.00656971253341165,0.00342538318061347,3.515910121256738e-4,0.00161748961826813,0.00437378427594659,-0.00400785689576999,0.00340966071687098,0.00135519070009593,0.00493965182971933,0.01394213005882605,0.00193955738572348,0.00953040591259757,0.00254007470707584,0.01539507945457963,0.00505043767951285,-9.20965307511068e-4,0.00318269733852716,0.09999999999999964,0.10000000000000052,-0.4000000000000003,0.10000000000000052,0,-0.10000000000000052,0.08261010317878359,6.428801250013549e-4,-0.01277972664639826,-0.01261846395921217,-0.00687287928776214,0.02506238829642981,0.00182596251144673,0.00318355011566495,0.0022425202226568,0.00118313881305809,0.00168919635239461,0.00206131893084204,41.4,41.5,41.2,41.5,41.7,41.9,7.403061091090091,7.336936913707618,7.339537695407675,7.356918242356021,7.367708572374371,7.329749689041512,7.346655163176539,7.348587530927593,7.344072850573066,7.380879035564116,7.40671073017764,7.349230824613334,-0.00501044966470587,0.00278382809568711,4.638776341439055e-4,-0.00436731359514652,0.00194780858787524,2.7766402344031604e-4,-0.00110869233718524,-4.472737769898316e-4,8.26604698325184e-5,-0.00183668541188097,0.00226855589666818,0.00126266740304359,0.00361534319016954,-0.00407000253850231,9.844124992133274e-4,0.01102602015435394,-0.00185601819923508,-0.02124880124480288,0.00449425915590673,0.01478491163805006,-0.0060201463438938,-0.00361286874556654,-0.00442908930896912,0.00646355893057926,0.00670733734507678,-0.00556064989461191,0.00255479975392525,0.0033492095224954,0.0076530202617242004,-0.01247453119190389,-0.00123379897766806,0.00122924898346887,0.001233806448929,0,-0.00123533060799196,6.170925666610927e-4,0.00631956184053095,-0.04607470316384532,0.02770311343895137,0.00494796993094937,0.01458947878443961,-0.00256459119929708,-0.00221583783462442,1.254113794626477e-4,0.00108816901173103,6.787856381844648e-4,-0.00101812856278016,7.070585795281303e-4,-0.04591267983995228,-0.0658674035676583,0.09452796044326872,-0.0272734280939404,0.05231038254999509,0.00421697608145432,0.0699999999999994,0.04000000000000003,-0.04000000000000003,-0.01999999999999957,-0.04999999999999982,0.05999999999999961,-0.01999999999999957,0.04999999999999982,-0.08000000000000007,-0.05999999999999961,0.04999999999999982,-0.1200000000000001,-0.15000000000000036,0.01000000000000067,-0.01000000000000067,0.08000000000000007,0.03000000000000025,-0.2699999999999996,-0.16000000000000014,0,-0.02999999999999936,0.04999999999999982,0.05999999999999961,-0.14999999999999947,-0.16999999999999993,-0.03000000000000025,0.00999999999999978,0.07000000000000028,0.05999999999999961,-0.1299999999999999,-2.7065919047331025e-5,-0.00340445790000476,0.03231849592419777,0.05055895171946201,0.06079069339366594,0.00102818161135331,22.2231,21.4485,22.5381,20.5431,20.3863,24.4275,-0.9000000000000057,-2.200000000000003,2.200000000000003,-3.9000000000000057,3.8000000000000114,4.5,0.5199999999999996,0.6500000000000004,0.6899999999999995,0.6200000000000001,0.4800000000000004,0.5,0.5999999999999996,0.6099999999999994,0.6399999999999997,0.6000000000000005,0.5800000000000001,0.5800000000000001
1998 Q3,1998 Q4,1,1.5963862490524505,1.251081507693641,0.00342153659708444,0.00377452972990965,0.00180407824250572,0.00579034165416203,0.00464991013332749,0.00379391334335466,0.00740508707192244,0.00455603502528845,6.411078562971184e-4,0.00661130185940717,0.00720785128555423,0.00532986877639984,-5.323279149607174e-4,0.02049190105827758,-0.00385298669351374,-0.00601665528614514,0.00656971253341165,0.00342538318061347,0.00948327996703213,0.01085046987211058,-0.00586003321621575,-0.00400785689576999,0.00340966071687098,0.00135519070009593,0.01088952548190569,-0.00762559971118648,-0.00712631953939713,0.00953040591259757,0.00254007470707584,0.01539507945457963,0.09999999999999964,0,0,0.09999999999999964,0.10000000000000052,-0.4000000000000003,-0.02789671658115544,-0.06321807199306662,-0.01490340550257585,0.08261010317878359,6.428801250013549e-4,-0.01277972664639826,0.00156342564121025,0.00265076888994997,0.00107020982361483,0.00182596251144673,0.00318355011566495,0.0022425202226568,41.3,41.4,41.4,41.4,41.5,41.2,7.366445148327599,7.3864708488298945,7.437206366871292,7.403061091090091,7.336936913707618,7.339537695407675,7.3632795869630385,7.4109518755836366,7.383989457978509,7.346655163176539,7.348587530927593,7.344072850573066,0.00296708353016939,0.00185939288775127,0.00148257432036569,-0.00501044966470587,0.00278382809568711,4.638776341439055e-4,0.00327468414280041,0.00120848798100858,-2.216833903823101e-5,-0.00110869233718524,-4.472737769898316e-4,8.26604698325184e-5,0.00233768841226833,-0.00363198036386958,0.00275661636589941,0.00361534319016954,-0.00407000253850231,9.844124992133274e-4,0.00211599048559474,-2.930223165167334e-4,-0.01004195845645661,0.00449425915590673,0.01478491163805006,-0.0060201463438938,0.00525541150822661,-0.00699324537640144,-0.00179583674027838,0.00670733734507678,-0.00556064989461191,0.00255479975392525,-6.129319844907499e-4,-0.00122924906566979,0.00122473250683619,-0.00123379897766806,0.00122924898346887,0.001233806448929,0.01960423427896263,0.00708645716049716,0.00311119331764686,0.00631956184053095,-0.04607470316384532,0.02770311343895137,-0.00195588988277695,-0.00108834749625064,0.0033141637208951,-0.00221583783462442,1.254113794626477e-4,0.00108816901173103,0.1649363143495921,-0.08277367920864842,0.1144846817342211,-0.04591267983995228,-0.0658674035676583,0.09452796044326872,-0.04000000000000003,0.00999999999999978,-0.01999999999999957,0.0699999999999994,0.04000000000000003,-0.04000000000000003,-0.29000000000000004,-0.05999999999999961,-0.02000000000000046,-0.01999999999999957,0.04999999999999982,-0.08000000000000007,-0.5300000000000002,-0.1200000000000001,-0.04000000000000003,-0.15000000000000036,0.01000000000000067,-0.01000000000000067,-0.11999999999999922,-0.03000000000000025,0.01999999999999957,-0.16000000000000014,0,-0.02999999999999936,-0.04999999999999982,-0.01000000000000067,0.02000000000000046,-0.16999999999999993,-0.03000000000000025,0.00999999999999978,-0.05153722920428283,-0.0735002638137372,0.04255886257725372,-2.7065919047331025e-5,-0.00340445790000476,0.03231849592419777,39.2471,31.4885,20.2518,22.2231,21.4485,22.5381,-3.5,-0.7999999999999972,-0.3999999999999915,-0.9000000000000057,-2.200000000000003,2.200000000000003,0.1999999999999993,0.4399999999999995,0.5,0.5199999999999996,0.6500000000000004,0.6899999999999995,0.6899999999999995,0.6200000000000001,0.6000000000000005,0.5999999999999996,0.6099999999999994,0.6399999999999997
1998 Q4,1999 Q1,1,0.9350485127447072,1.5963862490524505,0.00234999667283197,0.0047357508262209,0.00180705378852685,0.00342153659708444,0.00377452972990965,0.00180407824250572,0.00813388491040179,0.00271028497821568,0.00336655420341447,0.00740508707192244,0.00455603502528845,6.411078562971184e-4,0.00452014959345081,-7.584271645324492e-4,0.00681299909485133,-5.323279149607174e-4,0.02049190105827758,-0.00385298669351374,0.00767069376352935,0.00428449111500484,0.00844506801889366,0.00948327996703213,0.01085046987211058,-0.00586003321621575,0.01066716971460124,0.00598609539014383,0.0165047440880155,0.01088952548190569,-0.00762559971118648,-0.00712631953939713,0,-0.09999999999999964,-0.09999999999999964,0.09999999999999964,0,0,0,0.0172363028723268,0.02147820930836452,-0.02789671658115544,-0.06321807199306662,-0.01490340550257585,0.00291973301940906,0.00216389837791375,0.00160824971989548,0.00156342564121025,0.00265076888994997,0.00107020982361483,41.5,41.4,41.4,41.3,41.4,41.4,7.491087593534876,7.414572881350589,7.44716835960004,7.366445148327599,7.3864708488298945,7.437206366871292,7.462789157412448,7.421775793644647,7.449498005382849,7.3632795869630385,7.4109518755836366,7.383989457978509,-0.00807048501427676,0.0025290361303325,0.00192185361631569,0.00296708353016939,0.00185939288775127,0.00148257432036569,-0.0022936609183759,-4.3212206984222e-4,1.9508274532142875e-4,0.00327468414280041,0.00120848798100858,-2.216833903823101e-5,0.00444874354975777,0.00322445032373774,5.324978188019358e-4,0.00233768841226833,-0.00363198036386958,0.00275661636589941,-0.01446623878582897,-0.01009815664859914,0.01157667295726039,0.00211599048559474,-2.930223165167334e-4,-0.01004195845645661,-0.00214312717604237,-3.934053433773954e-4,-0.00245161197181076,0.00525541150822661,-0.00699324537640144,-0.00179583674027838,6.069721797734573e-4,-0.00122398306621462,0.00183168750107043,-6.129319844907499e-4,-0.00122924906566979,0.00122473250683619,-0.01131188975038988,-0.01249434102060131,-0.01405686095008729,0.01960423427896263,0.00708645716049716,0.00311119331764686,9.682358986804472e-4,-0.00215058557972991,0.002769459933881,-0.00195588988277695,-0.00108834749625064,0.0033141637208951,-0.01712285571326832,-0.0750119306206285,-0.15062391066561487,0.1649363143495921,-0.08277367920864842,0.1144846817342211,-0.15000000000000036,-0.2400000000000002,-0.4399999999999995,-0.04000000000000003,0.00999999999999978,-0.01999999999999957,-0.02000000000000046,0.4500000000000002,-0.6500000000000004,-0.29000000000000004,-0.05999999999999961,-0.02000000000000046,-0.17999999999999972,0.2999999999999998,-0.27999999999999936,-0.5300000000000002,-0.1200000000000001,-0.04000000000000003,-0.1900000000000004,0.04000000000000003,-0.03000000000000025,-0.11999999999999922,-0.03000000000000025,0.01999999999999957,-0.10999999999999945,0.16000000000000014,0.08999999999999986,-0.04999999999999982,-0.01000000000000067,0.02000000000000046,0.03908862658698275,0.10295270671964384,0.01152410822934513,-0.05153722920428283,-0.0735002638137372,0.04255886257725372,25.4768,25.038,37.454,39.2471,31.4885,20.2518,-2.200000000000003,5.299999999999997,-3.5,-3.5,-0.7999999999999972,-0.3999999999999915,0.2600000000000007,0.41999999999999993,0.5700000000000003,0.1999999999999993,0.4399999999999995,0.5,1.010000000000001,0.9299999999999996,0.8099999999999996,0.6899999999999995,0.6200000000000001,0.6000000000000005
1999 Q1,1999 Q2,1,0.8312781849570072,0.9350485127447072,0.00114557483928656,0.00412199332008,0.00389233752433604,0.00234999667283197,0.0047357508262209,0.00180705378852685,0.00477742493889188,0.00472224614958261,-8.432230355959192e-4,0.00813388491040179,0.00271028497821568,0.00336655420341447,0.00226605268944535,0.0060630796503478,0.00431124510497848,0.00452014959345081,-7.584271645324492e-4,0.00681299909485133,-0.00147168070520287,0.01534199144790093,-0.00134031829022696,0.00767069376352935,0.00428449111500484,0.00844506801889366,0.00549554384625849,0.01272516990343852,5.370424080322067e-4,0.01066716971460124,0.00598609539014383,0.0165047440880155,-0.20000000000000015,0.10000000000000052,-0.10000000000000052,0,-0.09999999999999964,-0.09999999999999964,0.00413736626595984,-0.07874067401967189,0.03176847659999993,0,0.0172363028723268,0.02147820930836452,9.05005679046056e-4,0.00327578209956236,8.147469643091654e-4,0.00291973301940906,0.00216389837791375,0.00160824971989548,41.3,41.4,41.3,41.5,41.4,41.4,7.444248649496705,7.4205789054108,7.466227556215481,7.491087593534876,7.414572881350589,7.44716835960004,7.417580402414544,7.450079569807499,7.4570320891223805,7.462789157412448,7.421775793644647,7.449498005382849,0.00118455604128886,-0.00410279319056972,0.00273572198184357,-0.00807048501427676,0.0025290361303325,0.00192185361631569,-0.00362966004220588,-0.00107754720410646,-4.07249463915349e-4,-0.0022936609183759,-4.3212206984222e-4,1.9508274532142875e-4,0.0115461330492943,-0.0056909836369261,-0.01266166299698401,0.00444874354975777,0.00322445032373774,5.324978188019358e-4,0.0110804218691447,-4.344231955064614e-4,0.00218650810547949,-0.01446623878582897,-0.01009815664859914,0.01157667295726039,-6.135619459968211e-5,0.00383081696759468,0.00488738467244509,-0.00214312717604237,-3.934053433773954e-4,-0.00245161197181076,6.069802917769707e-4,-0.0018231545615146,-3.3299645201267936e-6,6.069721797734573e-4,-0.00122398306621462,0.00183168750107043,0.00487900753841774,0.00261144458690321,0.01015584787038204,-0.01131188975038988,-0.01249434102060131,-0.01405686095008729,0.00131685825312466,-0.00196197798836461,3.912249763002862e-4,9.682358986804472e-4,-0.00215058557972991,0.002769459933881,0.2369691839666661,-0.13788063722208532,0.2306070788933483,-0.01712285571326832,-0.0750119306206285,-0.15062391066561487,0.04999999999999982,0.1299999999999999,-0.04999999999999982,-0.15000000000000036,-0.2400000000000002,-0.4399999999999995,0,0.10000000000000052,-0.04999999999999982,-0.02000000000000046,0.4500000000000002,-0.6500000000000004,0.23000000000000043,0.28000000000000025,0.0699999999999994,-0.17999999999999972,0.2999999999999998,-0.27999999999999936,0.21999999999999975,0.16000000000000014,0.02000000000000046,-0.1900000000000004,0.04000000000000003,-0.03000000000000025,0.14000000000000057,0.09999999999999964,0.05999999999999961,-0.10999999999999945,0.16000000000000014,0.08999999999999986,0.02775231109028642,-0.00175526524317248,0.04816374382090771,0.03908862658698275,0.10295270671964384,0.01152410822934513,26.3073,29.5663,28.6168,25.4768,25.038,37.454,-2.3999999999999915,4.199999999999989,3.4000000000000057,-2.200000000000003,5.299999999999997,-3.5,0.79,0.5599999999999996,0.3799999999999999,0.2600000000000007,0.41999999999999993,0.5700000000000003,0.91,0.9899999999999992,1.0499999999999998,1.010000000000001,0.9299999999999996,0.8099999999999996
1999 Q2,1999 Q3,1,1.3171703285781433,0.8312781849570072,0.0036069840759989,0.00227608895062125,-0.00288714143567148,0.00114557483928656,0.00412199332008,0.00389233752433604,0.00420178315153396,0.00460398904126257,0.00597062752589927,0.00477742493889188,0.00472224614958261,-8.432230355959192e-4,-7.846779120086467e-4,0.00630264725838536,0.00229598609150638,0.00226605268944535,0.0060630796503478,0.00431124510497848,0.00101972410499229,0.01456121997478199,-0.00166731883475712,-0.00147168070520287,0.01534199144790093,-0.00134031829022696,0.00386581848379208,0.00702636250667865,0.00790128572542236,0.00549554384625849,0.01272516990343852,5.370424080322067e-4,0.09999999999999964,-0.09999999999999964,0.09999999999999964,-0.20000000000000015,0.10000000000000052,-0.10000000000000052,-0.02552186879512064,-0.02262020721164148,0.01881446091224248,0.00413736626595984,-0.07874067401967189,0.03176847659999993,0.00210161498385552,0.00168603313330706,0.00281898718782791,9.05005679046056e-4,0.00327578209956236,8.147469643091654e-4,41.3,41.4,41.3,41.3,41.4,41.3,7.351799869057777,7.384610383176974,7.347943823148687,7.444248649496705,7.4205789054108,7.466227556215481,7.43955930913332,7.402451520818244,7.377758908227872,7.417580402414544,7.450079569807499,7.4570320891223805,-0.00562553052264291,-0.00255408085354069,0.00464037124071214,0.00118455604128886,-0.00410279319056972,0.00273572198184357,-6.512405486205353e-4,-9.551894743058398e-4,0.0049410325133028,-0.00362966004220588,-0.00107754720410646,-4.07249463915349e-4,-0.00376951201473296,0.00216063745624772,-8.221536587509348e-4,0.0115461330492943,-0.0056909836369261,-0.01266166299698401,0.01356883380017848,-0.0085258975836755,-0.00604984182071799,0.0110804218691447,-4.344231955064614e-4,0.00218650810547949,-0.00334858403718207,0.00179026339533372,-0.00430309320717015,-6.135619459968211e-5,0.00383081696759468,0.00488738467244509,-6.025911601446055e-4,-0.0060499885608829,0.00604559942925053,6.069802917769707e-4,-0.0018231545615146,-3.3299645201267936e-6,-0.08475801679170836,0.04347130625332163,0.03126585190636444,0.00487900753841774,0.00261144458690321,0.01015584787038204,-3.484312637827003e-4,-0.00416471445361565,0.00406302692830973,0.00131685825312466,-0.00196197798836461,3.912249763002862e-4,-0.01551316296982552,-0.14452373032486188,-0.03148978547272252,0.2369691839666661,-0.13788063722208532,0.2306070788933483,0.01999999999999957,0,-0.0699999999999994,0.04999999999999982,0.1299999999999999,-0.04999999999999982,0.07000000000000028,0.20999999999999996,-0.15000000000000036,0,0.10000000000000052,-0.04999999999999982,0.3600000000000003,0.3600000000000003,-0.05000000000000071,0.23000000000000043,0.28000000000000025,0.0699999999999994,0.3000000000000007,0.29000000000000004,0.01999999999999957,0.21999999999999975,0.16000000000000014,0.02000000000000046,0.2999999999999998,0.23999999999999932,-0.04999999999999982,0.14000000000000057,0.09999999999999964,0.05999999999999961,-0.00717243207090412,-0.00201737711988769,0.04059538769429949,0.02775231109028642,-0.00175526524317248,0.04816374382090771,24.1236,27.3765,24.6938,26.3073,29.5663,28.6168,0.5,2.200000000000003,-1.1000000000000083,-2.3999999999999915,4.199999999999989,3.4000000000000057,1.33,1.04,0.8899999999999997,0.79,0.5599999999999996,0.3799999999999999,0.7899999999999991,0.79,0.8400000000000007,0.91,0.9899999999999992,1.0499999999999998
1999 Q3,1999 Q4,1,1.6273535671066597,1.3171703285781433,-5.565043819579785e-4,0.00456939437835046,0.00246890271333555,0.0036069840759989,0.00227608895062125,-0.00288714143567148,0.00499951952528121,0.00522249892769721,0.00169100380781017,0.00420178315153396,0.00460398904126257,0.00597062752589927,-0.00404526104545244,0.00400724316362488,0.00576950231801109,-7.846779120086467e-4,0.00630264725838536,0.00229598609150638,-0.00181449961168844,0.00786289932405992,0.00129878682207618,0.00101972410499229,0.01456121997478199,-0.00166731883475712,0.00465735907381592,0.01021970578026909,0.0077268898520888,0.00386581848379208,0.00702636250667865,0.00790128572542236,0,-0.09999999999999964,0,0.09999999999999964,-0.09999999999999964,0.09999999999999964,-0.00430849438572522,-0.02462969510663093,0.01351371916672405,-0.02552186879512064,-0.02262020721164148,0.01881446091224248,0.00154235331951113,0.00116605481313669,0.00260730114242235,0.00210161498385552,0.00168603313330706,0.00281898718782791,41.4,41.5,41.4,41.3,41.4,41.3,7.399398083331354,7.4073177104694174,7.419979923661835,7.351799869057777,7.384610383176974,7.347943823148687,7.346655163176539,7.421177528595393,7.427738840532894,7.43955930913332,7.402451520818244,7.377758908227872,-0.00255033300337181,7.276613920890185e-4,0.00299374493282744,-0.00562553052264291,-0.00255408085354069,0.00464037124071214,-2.7705620782469964e-4,-0.00225250535037169,0.00118981761233527,-6.512405486205353e-4,-9.551894743058398e-4,0.0049410325133028,0.00501918825249259,-0.00405840737771168,0.00251521654213782,-0.00376951201473296,0.00216063745624772,-8.221536587509348e-4,-0.00470752885484238,0.00188401081056266,0.00109653892001482,0.01356883380017848,-0.0085258975836755,-0.00604984182071799,-0.00432389543404099,0.00176594883167169,0.00192503349741457,-0.00334858403718207,0.00179026339533372,-0.00430309320717015,0.00178371258715781,-0.00181135555560452,0.0042080014002046,-6.025911601446055e-4,-0.0060499885608829,0.00604559942925053,0.01814586424691189,-0.05628710169183293,0.08928279754719082,-0.08475801679170836,0.04347130625332163,0.03126585190636444,0.00176605244226024,-8.383122094084428e-4,0.0023493320715735,-3.484312637827003e-4,-0.00416471445361565,0.00406302692830973,0.05861270550504427,-0.05738305518206355,0.10712788368841553,-0.01551316296982552,-0.14452373032486188,-0.03148978547272252,0.14999999999999947,0.08000000000000007,0.23000000000000043,0.01999999999999957,0,-0.0699999999999994,-0.04000000000000003,0.16999999999999993,-0.02000000000000046,0.07000000000000028,0.20999999999999996,-0.15000000000000036,-0.02000000000000046,0.15000000000000036,-0.11000000000000032,0.3600000000000003,0.3600000000000003,-0.05000000000000071,-0.01000000000000067,0.20999999999999996,-0.04000000000000003,0.3000000000000007,0.29000000000000004,0.01999999999999957,0.04999999999999893,0.20000000000000015,-0.0699999999999994,0.2999999999999998,0.23999999999999932,-0.04999999999999982,-0.00704553007817221,-0.03951069212242242,0.04323894205231227,-0.00717243207090412,-0.00201737711988769,0.04059538769429949,26.0494,24.7277,21.4866,24.1236,27.3765,24.6938,2.700000000000003,-1.5,-1.2999999999999972,0.5,2.200000000000003,-1.1000000000000083,1.2400000000000002,1.2200000000000006,1.2400000000000002,1.33,1.04,0.8899999999999997,0.8099999999999996,0.75,0.7599999999999998,0.7899999999999991,0.79,0.8400000000000007
1999 Q4,2000 Q1,1,0.3621369008051545,1.6273535671066597,0.00814520400166962,0.00683108083433481,0.00590032754837466,-5.565043819579785e-4,0.00456939437835046,0.00246890271333555,0.01189693562023741,0.00490391870787476,0.00219730692666964,0.00499951952528121,0.00522249892769721,0.00169100380781017,0.00768353383514686,0.00483567610142454,0.01214888389879931,-0.00404526104545244,0.00400724316362488,0.00576950231801109,0.00432253782919112,0.00515549695244388,0.00874766949337235,-0.00181449961168844,0.00786289932405992,0.00129878682207618,0.01986088709868383,0.01293323989607486,-8.355481073341053e-4,0.00465735907381592,0.01021970578026909,0.0077268898520888,-0.09999999999999964,0,-0.10000000000000052,0,-0.09999999999999964,0,-0.01160209355254693,-0.03023913003075584,0.00310398593759231,-0.00430849438572522,-0.02462969510663093,0.01351371916672405,0.00241913993576226,0.00221757653845955,0.00312368017022102,0.00154235331951113,0.00116605481313669,0.00260730114242235,41.4,41.4,41.4,41.4,41.5,41.4,7.443078374348516,7.4073177104694174,7.382746449738912,7.399398083331354,7.4073177104694174,7.419979923661835,7.428333194190806,7.421775793644647,7.407924322559599,7.346655163176539,7.421177528595393,7.427738840532894,0.00361583873698378,5.023584984957807e-4,0.00864175351845997,-0.00255033300337181,7.276613920890185e-4,0.00299374493282744,0.00179510654820802,-0.00106734814741393,0.00168737324717049,-2.7705620782469964e-4,-0.00225250535037169,0.00118981761233527,0.01815541045557367,0.01746094998367731,0.00434289722806724,0.00501918825249259,-0.00405840737771168,0.00251521654213782,-0.02109793750280353,0.01788330568429597,-0.00289766676791902,-0.00470752885484238,0.00188401081056266,0.00109653892001482,-0.00103837384353333,0.00119977825854356,5.174485462120515e-4,-0.00432389543404099,0.00176594883167169,0.00192503349741457,5.894189599748856e-4,-3.184987807713924e-6,-0.00239411205029416,0.00178371258715781,-0.00181135555560452,0.0042080014002046,0.00506881245964496,-0.00373714728353569,-0.01129545471780346,0.01814586424691189,-0.05628710169183293,0.08928279754719082,0.00142951855294271,-7.87710175674583e-4,-0.00189991291177449,0.00176605244226024,-8.383122094084428e-4,0.0023493320715735,-0.05446321818992938,0.15127988614611887,-0.16953695080001863,0.05861270550504427,-0.05738305518206355,0.10712788368841553,-0.1200000000000001,0.21999999999999975,-0.01999999999999957,0.14999999999999947,0.08000000000000007,0.23000000000000043,0.1299999999999999,0.20999999999999996,0.1800000000000006,-0.04000000000000003,0.16999999999999993,-0.02000000000000046,0.25,-0.08000000000000007,0.1900000000000004,-0.02000000000000046,0.15000000000000036,-0.11000000000000032,0.1899999999999995,-0.1899999999999995,0.16000000000000014,-0.01000000000000067,0.20999999999999996,-0.04000000000000003,0.03999999999999915,-0.23000000000000043,0.1800000000000015,0.04999999999999893,0.20000000000000015,-0.0699999999999994,0.02672802810957275,0.06765095619570793,-0.01387245432512873,-0.00704553007817221,-0.03951069212242242,0.04323894205231227,23.2213,22.2295,25.37,26.0494,24.7277,21.4866,-1.7999999999999972,4,-4,2.700000000000003,-1.5,-1.2999999999999972,1.08,0.96,1.25,1.2400000000000002,1.2200000000000006,1.2400000000000002,0.6399999999999997,0.79,0.830000000000001,0.8099999999999996,0.75,0.7599999999999998
2000 Q1,2000 Q2,1,1.8049010344979521,0.3621369008051545,0.00277823456828052,0.00411199942272411,0.00894144176114331,0.00814520400166962,0.00683108083433481,0.00590032754837466,0.00490602666718498,0.00936605739070373,-0.00242736528166886,0.01189693562023741,0.00490391870787476,0.00219730692666964,0.00354941252967933,0.00311842571099063,-0.00136898538531404,0.00768353383514686,0.00483567610142454,0.01214888389879931,0.01175392671282971,-0.01815849511055312,0.00793131141553438,0.00432253782919112,0.00515549695244388,0.00874766949337235,0.01246684870512382,0.01570880754243298,-0.00672949023957158,0.01986088709868383,0.01293323989607486,-8.355481073341053e-4,-0.09999999999999964,0.09999999999999964,0,-0.09999999999999964,0,-0.10000000000000052,-0.06686747217463918,0.01838066004757443,0.03493034604345624,-0.01160209355254693,-0.03023913003075584,0.00310398593759231,0.00367685255799443,8.392718665160004e-4,0.00174182798417987,0.00241913993576226,0.00221757653845955,0.00312368017022102,41.4,41.5,41.5,41.4,41.4,41.4,7.38025578842646,7.459914766241105,7.400009517162692,7.443078374348516,7.4073177104694174,7.382746449738912,7.409136443920128,7.433666540166168,7.454141078146678,7.428333194190806,7.421775793644647,7.407924322559599,0.01111123661870294,-0.01201485703906435,-0.01038971178984926,0.00361583873698378,5.023584984957807e-4,0.00864175351845997,0.00371299977344108,-0.00323614997815013,1.3627170515739806e-4,0.00179510654820802,-0.00106734814741393,0.00168737324717049,0.03895914292589086,-0.02305982601619138,-0.06716249196298829,0.01815541045557367,0.01746094998367731,0.00434289722806724,-0.00317164804078284,0.0104449463988967,0.00219699769249448,-0.02109793750280353,0.01788330568429597,-0.00289766676791902,-0.00123949820130064,0.00527586609873864,-0.00210031302960622,-0.00103837384353333,0.00119977825854356,5.174485462120515e-4,0.0017389715412257,0.00116844093393986,5.852266236017201e-4,5.894189599748856e-4,-3.184987807713924e-6,-0.00239411205029416,-0.03077204159496993,-0.02153451729301103,0.01742986585689632,0.00506881245964496,-0.00373714728353569,-0.01129545471780346,0.0011335577513849,4.299432093031186e-4,3.9215710833762074e-4,0.00142951855294271,-7.87710175674583e-4,-0.00189991291177449,-0.05857970752936703,0.03549846588656269,-0.00218096110222498,-0.05446321818992938,0.15127988614611887,-0.16953695080001863,0.11999999999999922,0.28000000000000025,0.15000000000000036,-0.1200000000000001,0.21999999999999975,-0.01999999999999957,0.14000000000000057,0.2299999999999995,0.1200000000000001,0.1299999999999999,0.20999999999999996,0.1800000000000006,-0.2599999999999998,-0.14000000000000057,0.3799999999999999,0.25,-0.08000000000000007,0.1900000000000004,0,-0.10000000000000052,0.23000000000000043,0.1899999999999995,-0.1899999999999995,0.16000000000000014,0.08000000000000007,-0.04000000000000092,0.14000000000000057,0.03999999999999915,-0.23000000000000043,0.1800000000000015,0.03768619244798898,-0.02609529623990258,-0.00216517793142134,0.02672802810957275,0.06765095619570793,-0.01387245432512873,24.7678,25.456,24.843,23.2213,22.2295,25.37,-4.200000000000003,-0.7000000000000028,6.599999999999994,-1.7999999999999972,4,-4,0.5699999999999994,0.9699999999999998,1.34,1.08,0.96,1.25,0.6899999999999995,0.6099999999999994,0.5499999999999998,0.6399999999999997,0.79,0.830000000000001
2000 Q2,2000 Q3,1,0.10188067037173454,1.8049010344979521,0.00284522854084912,0.00358692970314322,0.00536214505510912,0.00277823456828052,0.00411199942272411,0.00894144176114331,0.00212329743389627,0.00374857315095145,-2.922225002901513e-4,0.00490602666718498,0.00936605739070373,-0.00242736528166886,3.9045672638238216e-4,0.00270403205340663,0.00593458141104719,0.00354941252967933,0.00311842571099063,-0.00136898538531404,0.00658897301518912,-0.00532131695944038,0.00827587310639899,0.01175392671282971,-0.01815849511055312,0.00793131141553438,0.00658747618639665,0.00726337431505363,-0.01857915025137124,0.01246684870512382,0.01570880754243298,-0.00672949023957158,0,0.20000000000000015,-0.20000000000000015,-0.09999999999999964,0.09999999999999964,0,0.0305300641417201,0.03846280734522978,-0.0115311975991883,-0.06686747217463918,0.01838066004757443,0.03493034604345624,-3.255516425575422e-4,0.00168189502804949,0.00211775233141153,0.00367685255799443,8.392718665160004e-4,0.00174182798417987,41.3,41.2,41.6,41.4,41.5,41.5,7.351799869057777,7.362010551259734,7.3938782901077555,7.38025578842646,7.459914766241105,7.400009517162692,7.360103972989152,7.341483852363161,7.3758821482150125,7.409136443920128,7.433666540166168,7.454141078146678,0.00755373767065936,-0.01692469746824798,0.00827988890045627,0.01111123661870294,-0.01201485703906435,-0.01038971178984926,0.00629792255622341,-0.01437728943722937,0.00527782752797456,0.00371299977344108,-0.00323614997815013,1.3627170515739806e-4,-0.00104226290758635,8.54828223380899e-4,0.00415413778057072,0.03895914292589086,-0.02305982601619138,-0.06716249196298829,-0.00551813903407349,0.00719532048167081,-0.00109709596779872,-0.00317164804078284,0.0104449463988967,0.00219699769249448,0.01226583322078589,0.00102024943705991,-0.00136318945053481,-0.00123949820130064,0.00527586609873864,-0.00210031302960622,0.00407025469989275,0.0023388399672104,-0.0064500858335128,0.0017389715412257,0.00116844093393986,5.852266236017201e-4,-0.0026188741764237,0.02638900790998821,-0.01066895634956832,-0.03077204159496993,-0.02153451729301103,0.01742986585689632,0.00255157986535703,0.00166044011197818,-0.0051111885833972,0.0011335577513849,4.299432093031186e-4,3.9215710833762074e-4,-0.01090595945646155,0.26111227341910714,-0.16770920414960688,-0.05857970752936703,0.03549846588656269,-0.00218096110222498,0.2600000000000007,0.25,0.16999999999999993,0.11999999999999922,0.28000000000000025,0.15000000000000036,-0.09999999999999964,0.1299999999999999,-0.03000000000000025,0.14000000000000057,0.2299999999999995,0.1200000000000001,-0.34000000000000075,0.4500000000000002,-0.2699999999999996,-0.2599999999999998,-0.14000000000000057,0.3799999999999999,-0.3200000000000003,0.35000000000000053,-0.04000000000000003,0,-0.10000000000000052,0.23000000000000043,-0.41999999999999993,0.5,0.03000000000000113,0.08000000000000007,-0.04000000000000092,0.14000000000000057,0.03019212540558324,-0.02978163321969518,0.01319084965874761,0.03768619244798898,-0.02609529623990258,-0.00216517793142134,24.3177,29.429,29.8331,24.7678,25.456,24.843,-4.299999999999997,1.5,2.1000000000000085,-4.200000000000003,-0.7000000000000028,6.599999999999994,0.40999999999999925,0.6500000000000004,0.33000000000000007,0.5699999999999994,0.9699999999999998,1.34,0.8100000000000005,0.91,0.7600000000000007,0.6899999999999995,0.6099999999999994,0.5499999999999998
2000 Q3,2000 Q4,1,0.5952635784890248,0.10188067037173454,9.196619732847466e-4,0.00545661735372959,0.00531368984699298,0.00284522854084912,0.00358692970314322,0.00536214505510912,0.00822765781710099,0.00512606286156813,6.970867864835029e-4,0.00212329743389627,0.00374857315095145,-2.922225002901513e-4,0.0046040830248808,-0.00272663339275514,-0.00195273245358862,3.9045672638238216e-4,0.00270403205340663,0.00593458141104719,0.01073138305904741,3.4703919640222125e-4,-0.00632157690284884,0.00658897301518912,-0.00532131695944038,0.00827587310639899,0.01353926839144215,0.00451398522254997,-0.00774984054353389,0.00658747618639665,0.00726337431505363,-0.01857915025137124,-0.19999999999999973,0.09999999999999964,0,0,0.20000000000000015,-0.20000000000000015,-0.04095523014765945,0.0584287930072005,0.01365208916832827,0.0305300641417201,0.03846280734522978,-0.0115311975991883,7.861754483204919e-4,4.537513896885059e-5,0.00125619601066517,-3.255516425575422e-4,0.00168189502804949,0.00211775233141153,41.1,41.1,41.5,41.3,41.2,41.6,7.317876198626496,7.340186835320115,7.288244401020124,7.351799869057777,7.362010551259734,7.3938782901077555,7.358830898342354,7.347299700743164,7.340835554123275,7.360103972989152,7.341483852363161,7.3758821482150125,0.00254039913096537,-0.00381088479664182,0.00289972550475337,0.00755373767065936,-0.01692469746824798,0.00827988890045627,0.00151169240397308,0.00216737877114781,-5.5802481201183696e-5,0.00629792255622341,-0.01437728943722937,0.00527782752797456,0.00205573350641241,-0.00514327474222131,0.00136454608129366,-0.00104226290758635,8.54828223380899e-4,0.00415413778057072,-0.00159149013354298,-0.00253360738417018,-0.00485530101862785,-0.00551813903407349,0.00719532048167081,-0.00109709596779872,-0.00151274078672791,1.755829999776637e-4,-0.00676641632126795,0.01226583322078589,0.00102024943705991,-0.00136318945053481,0.00519781707361755,-0.00289939315900245,-0.0029247351269861,0.00407025469989275,0.0023388399672104,-0.0064500858335128,0.01971677304609542,-0.01395734141747961,0.02933571258857625,-0.0026188741764237,0.02638900790998821,-0.01066895634956832,0.00435953560458823,-0.00257282349811216,-8.766020209005632e-4,0.00255157986535703,0.00166044011197818,-0.0051111885833972,0.03420821463696688,0.11446580632591764,-0.16763660610109632,-0.01090595945646155,0.26111227341910714,-0.16770920414960688,0.01999999999999957,-0.04000000000000003,0.00999999999999978,0.2600000000000007,0.25,0.16999999999999993,-0.08999999999999986,0.1299999999999999,0.2699999999999996,-0.09999999999999964,0.1299999999999999,-0.03000000000000025,-0.03000000000000025,-0.21999999999999975,-0.04999999999999982,-0.34000000000000075,0.4500000000000002,-0.2699999999999996,0.07000000000000028,-0.10000000000000052,-0.01999999999999957,-0.3200000000000003,0.35000000000000053,-0.04000000000000003,0.08999999999999986,-0.08999999999999986,-0.13000000000000078,-0.41999999999999993,0.5,0.03000000000000113,-0.01178949903956816,0.00842335111687564,0.00752313630831391,0.03019212540558324,-0.02978163321969518,0.01319084965874761,22.3365,20.4843,22.66,24.3177,29.429,29.8331,-0.5,-1,1.8999999999999917,-4.299999999999997,1.5,2.1000000000000085,-0.20000000000000015,-0.2599999999999998,0.08999999999999986,0.40999999999999925,0.6500000000000004,0.33000000000000007,0.7299999999999995,0.71,0.6999999999999993,0.8100000000000005,0.91,0.7600000000000007
2000 Q4,2001 Q1,1,-0.3283372449143229,0.5952635784890248,0.00233386184055994,6.242538893737049e-4,0.00256510000247622,9.196619732847466e-4,0.00545661735372959,0.00531368984699298,0.00457215501658669,9.169449186092749e-4,-6.161650370835048e-4,0.00822765781710099,0.00512606286156813,6.970867864835029e-4,-0.00326837072030716,2.7960447484520756e-4,-0.00389338471770717,0.0046040830248808,-0.00272663339275514,-0.00195273245358862,0.00780959718315266,-0.00730767899462492,-0.00766018221282571,0.01073138305904741,3.4703919640222125e-4,-0.00632157690284884,-0.00190622335211365,-0.00552312374750663,-6.80395395121991e-4,0.01353926839144215,0.00451398522254997,-0.00774984054353389,0,0,0,-0.19999999999999973,0.09999999999999964,0,0.03454955907567125,0.10477895123317715,0.00266134554951413,-0.04095523014765945,0.0584287930072005,0.01365208916832827,0.00120630914233288,0.00154015764208992,1.0578412492456836e-4,7.861754483204919e-4,4.537513896885059e-5,0.00125619601066517,40.3,41.1,41.1,41.1,41.1,41.5,7.334329350300536,7.346655163176539,7.3453648404168685,7.317876198626496,7.340186835320115,7.288244401020124,7.341483852363161,7.3864708488298945,7.3632795869630385,7.358830898342354,7.347299700743164,7.340835554123275,0.0022659085078347,-0.0048407994972317,-4.551864855848464e-4,0.00254039913096537,-0.00381088479664182,0.00289972550475337,0.00681620492694534,-9.730427570922018e-4,-0.0040695609131518,0.00151169240397308,0.00216737877114781,-5.5802481201183696e-5,0.00495507219987345,0.00594026807230818,0.00188067689076731,0.00205573350641241,-0.00514327474222131,0.00136454608129366,0.00239934646033468,-0.00351154894995708,0.00372075631235091,-0.00159149013354298,-0.00253360738417018,-0.00485530101862785,-0.00292459502218989,5.445170170474967e-4,-0.0018613398264069,-0.00151274078672791,1.755829999776637e-4,-0.00676641632126795,5.699359289339512e-4,-2.976075822225255e-6,-0.00347119793963024,0.00519781707361755,-0.00289939315900245,-0.0029247351269861,0.08668649556157249,-0.03599421258046575,-0.04221849826991608,0.01971677304609542,-0.01395734141747961,0.02933571258857625,1.321583853579611e-4,3.8447312213918394e-5,-0.00293260156438446,0.00435953560458823,-0.00257282349811216,-8.766020209005632e-4,-0.2286846659415085,0.06302369385222528,-0.10566195432493108,0.03420821463696688,0.11446580632591764,-0.16763660610109632,-0.10999999999999945,0,-0.00999999999999978,0.01999999999999957,-0.04000000000000003,0.00999999999999978,-0.4000000000000003,0.05999999999999961,0.11000000000000032,-0.08999999999999986,0.1299999999999999,0.2699999999999996,-0.47999999999999954,-0.02000000000000046,-0.05999999999999961,-0.03000000000000025,-0.21999999999999975,-0.04999999999999982,-0.2400000000000002,-0.09999999999999964,-0.07000000000000028,0.07000000000000028,-0.10000000000000052,-0.01999999999999957,-0.2599999999999998,-0.0600000000000005,-0.00999999999999978,0.08999999999999986,-0.08999999999999986,-0.13000000000000078,-0.03478425375247074,-0.00874226174882775,-0.0545305280626005,-0.01178949903956816,0.00842335111687564,0.00752313630831391,30.1045,29.2119,28.214,22.3365,20.4843,22.66,-9.199999999999989,1.7999999999999972,-1,-0.5,-1,1.8999999999999917,-0.5299999999999994,-0.4500000000000002,-0.3700000000000001,-0.20000000000000015,-0.2599999999999998,0.08999999999999986,0.8099999999999996,0.8299999999999992,0.79,0.7299999999999995,0.71,0.6999999999999993
2001 Q1,2001 Q2,1,0.6225609914771724,-0.3283372449143229,0.00364432845254647,0.00235056963022728,0.00606478038643487,0.00233386184055994,6.242538893737049e-4,0.00256510000247622,-8.265641057736417e-4,4.987069345254724e-4,2.1380770216783415e-4,0.00457215501658669,9.169449186092749e-4,-6.161650370835048e-4,-0.00205241175524228,-0.00653476513437034,-0.00477086935092341,-0.00326837072030716,2.7960447484520756e-4,-0.00389338471770717,-0.01205915517822298,0.00440259377186436,-0.00805542737224307,0.00780959718315266,-0.00730767899462492,-0.00766018221282571,-0.01034949056857925,-9.312421389093828e-4,0.01678842281458514,-0.00190622335211365,-0.00552312374750663,-6.80395395121991e-4,0.09999999999999964,0,0.30000000000000027,0,0,0,0.04206566528551114,0.08793007250670293,-0.01749315744751634,0.03454955907567125,0.10477895123317715,0.00266134554951413,-2.786784633475037e-4,6.403230460101383e-4,-9.79583225788616e-5,0.00120630914233288,0.00154015764208992,1.0578412492456836e-4,40.5,40.5,40.7,40.3,41.1,41.1,7.371489295214277,7.393263094763838,7.377758908227872,7.334329350300536,7.346655163176539,7.3453648404168685,7.413970290190444,7.412160334945205,7.4377951216719325,7.341483852363161,7.3864708488298945,7.3632795869630385,0.00287321518842809,-0.00331838026377351,0.01089784736551369,0.0022659085078347,-0.0048407994972317,-4.551864855848464e-4,0.00371129157633731,-0.00249273498472568,0.00108270463625537,0.00681620492694534,-9.730427570922018e-4,-0.0040695609131518,0.01004343151531905,-0.00535610771369388,-0.01279308061402151,0.00495507219987345,0.00594026807230818,0.00188067689076731,-0.00172599068520096,-0.0077901826013349,0.0040019240494189,0.00239934646033468,-0.00351154894995708,0.00372075631235091,-4.002787910746264e-4,-0.00115264690359317,0.00128579432387532,-0.00292459502218989,5.445170170474967e-4,-0.0018613398264069,-0.00170729337312636,-0.00343572395837998,0.00341745880841592,5.699359289339512e-4,-2.976075822225255e-6,-0.00347119793963024,-0.01705417239531659,0.02281583427186451,-0.05691745991123032,0.08668649556157249,-0.03599421258046575,-0.04221849826991608,-0.00145360393634774,-0.00328247068960063,0.00329942977432917,1.321583853579611e-4,3.8447312213918394e-5,-0.00293260156438446,-0.08443934566303524,-0.03758517979010056,0.2281558363385936,-0.2286846659415085,0.06302369385222528,-0.10566195432493108,-0.1800000000000006,-0.4900000000000002,-0.41999999999999993,-0.10999999999999945,0,-0.00999999999999978,-0.46,-0.27000000000000046,-0.6199999999999992,-0.4000000000000003,0.05999999999999961,0.11000000000000032,-0.20999999999999996,-0.0600000000000005,-0.08000000000000007,-0.47999999999999954,-0.02000000000000046,-0.05999999999999961,-0.11999999999999922,-0.05000000000000071,-0.05999999999999961,-0.2400000000000002,-0.09999999999999964,-0.07000000000000028,-0.03000000000000025,-0.05999999999999961,-0.08999999999999986,-0.2599999999999998,-0.0600000000000005,-0.00999999999999978,-0.09631777130550478,-0.02262550231574334,0.00352514465611264,-0.03478425375247074,-0.00874226174882775,-0.0545305280626005,32.4231,26.1594,27.83,30.1045,29.2119,28.214,0.9000000000000057,-4.1000000000000085,-3.700000000000003,-9.199999999999989,1.7999999999999972,-1,0.46999999999999975,0.21999999999999975,0.00999999999999978,-0.5299999999999994,-0.4500000000000002,-0.3700000000000001,0.8599999999999994,0.7700000000000005,0.7799999999999994,0.8099999999999996,0.8299999999999992,0.79
2001 Q2,2001 Q3,1,-0.4014439041817752,0.6225609914771724,-0.00109258785962929,-0.00239001869704047,-0.00181407775703767,0.00364432845254647,0.00235056963022728,0.00606478038643487,6.248580071526177e-4,0.00427083389329219,-6.703034443589218e-4,-8.265641057736417e-4,4.987069345254724e-4,2.1380770216783415e-4,-0.00529424391733801,-0.00478734478563058,-0.00359638067233891,-0.00205241175524228,-0.00653476513437034,-0.00477086935092341,-0.01372291893912169,0.00860830892880493,-0.00791845380422806,-0.01205915517822298,0.00440259377186436,-0.00805542737224307,-0.00470701995665479,0.00494022041536723,0.01686826832571242,-0.01034949056857925,-9.312421389093828e-4,0.01678842281458514,0.20000000000000015,-0.10000000000000052,0.10000000000000052,0.09999999999999964,0,0.30000000000000027,0.00682079188508844,-0.00568721912059011,0.02436500400409791,0.04206566528551114,0.08793007250670293,-0.01749315744751634,-8.311045101159209e-4,-3.624474302128533e-4,-0.00221712859667633,-2.786784633475037e-4,6.403230460101383e-4,-9.79583225788616e-5,40.3,40.4,40.4,40.5,40.5,40.7,7.400009517162692,7.380879035564116,7.407924322559599,7.371489295214277,7.393263094763838,7.377758908227872,7.3938782901077555,7.417580402414544,7.418180822726788,7.413970290190444,7.412160334945205,7.4377951216719325,0.00525003741189511,-0.00539878001413729,4.133580185783359e-5,0.00287321518842809,-0.00331838026377351,0.01089784736551369,0.00868596005032174,-0.0129606344779134,0.00113588179299384,0.00371129157633731,-0.00249273498472568,0.00108270463625537,-0.00168847183314202,0.00262552058821086,-0.00102520820051932,0.01004343151531905,-0.00535610771369388,-0.01279308061402151,-0.00628200729413119,-0.00221388775702902,-0.00116743155493459,-0.00172599068520096,-0.0077901826013349,0.0040019240494189,0.00260426588527451,-0.00166922025289295,3.3646598153502794e-4,-4.002787910746264e-4,-0.00115264690359317,0.00128579432387532,-0.00283554742702829,0.00338694143694073,0.00113410760652232,-0.00170729337312636,-0.00343572395837998,0.00341745880841592,-0.05629537748774815,0.0693587319365907,-0.02662264773347011,-0.01705417239531659,0.02281583427186451,-0.05691745991123032,-8.672503548261545e-4,8.728070005759037e-4,0.00166389627059349,-0.00145360393634774,-0.00328247068960063,0.00329942977432917,-0.0808850011470903,0.03767500274436708,0.08964708986557168,-0.08443934566303524,-0.03758517979010056,0.2281558363385936,-0.23999999999999977,-0.5899999999999999,-0.5099999999999998,-0.1800000000000006,-0.4900000000000002,-0.41999999999999993,-0.1299999999999999,-0.25,-0.5499999999999998,-0.46,-0.27000000000000046,-0.6199999999999992,-0.10999999999999945,0.25,0.25,-0.20999999999999996,-0.0600000000000005,-0.08000000000000007,-0.11000000000000032,0.08999999999999986,0.21999999999999975,-0.11999999999999922,-0.05000000000000071,-0.05999999999999961,-0.10000000000000052,0,0.23000000000000043,-0.03000000000000025,-0.05999999999999961,-0.08999999999999986,-0.02523768109716506,0.0654893523201272,0.00335902727343917,-0.09631777130550478,-0.02262550231574334,0.00352514465611264,23.3004,26.095,32.245,32.4231,26.1594,27.83,0.5999999999999943,3.5999999999999943,-3.0999999999999943,0.9000000000000057,-4.1000000000000085,-3.700000000000003,1.79,1.7699999999999996,1.2699999999999996,0.46999999999999975,0.21999999999999975,0.00999999999999978,0.79,0.7800000000000002,0.8700000000000001,0.8599999999999994,0.7700000000000005,0.7799999999999994
2001 Q3,2001 Q4,1,0.2743986302357726,-0.4014439041817752,5.130811920164291e-4,-0.00135038058944125,5.451957432001109e-5,-0.00109258785962929,-0.00239001869704047,-0.00181407775703767,-0.01283041283618313,0.00566477708003798,0.00212726811461472,6.248580071526177e-4,0.00427083389329219,-6.703034443589218e-4,-0.00507787600476383,-0.00114843956509069,-0.00642480327145289,-0.00529424391733801,-0.00478734478563058,-0.00359638067233891,-0.02124787172337683,0.00822812761080094,0.00380679327438215,-0.01372291893912169,0.00860830892880493,-0.00791845380422806,-0.02574773282477416,0.00933388947439972,-0.00502583366704101,-0.00470701995665479,0.00494022041536723,0.01686826832571242,0.09999999999999964,0.3000000000000007,0.09999999999999964,0.20000000000000015,-0.10000000000000052,0.10000000000000052,0.08889402580424743,0,0.00201207311341988,0.00682079188508844,-0.00568721912059011,0.02436500400409791,-0.00195614656135312,-0.00113553791271492,-9.679737587955372e-4,-8.311045101159209e-4,-3.624474302128533e-4,-0.00221712859667633,40.2,40.3,40.6,40.3,40.4,40.4,7.353722330399632,7.356918242356021,7.4205789054108,7.400009517162692,7.380879035564116,7.407924322559599,7.3556411029742526,7.387090235656757,7.37650812632622,7.3938782901077555,7.417580402414544,7.418180822726788,0.0372515148442627,-0.00134079446043866,0.00435311856945386,0.00525003741189511,-0.00539878001413729,4.133580185783359e-5,0.01453638092929843,7.11075922630755e-4,-0.00256068248667418,0.00868596005032174,-0.0129606344779134,0.00113588179299384,0.02873638354943786,-9.284963604185849e-4,0.00599700379958534,-0.00168847183314202,0.00262552058821086,-0.00102520820051932,0.01105411218524032,-1.5824514998463712e-4,0.0037220588194744,-0.00628200729413119,-0.00221388775702902,-0.00116743155493459,-0.00268901743327987,9.421500351063372e-4,2.244430390661023e-4,0.00260426588527451,-0.00166922025289295,3.3646598153502794e-4,0.00393812042013763,0.00168966528512726,-0.00394318736557064,-0.00283554742702829,0.00338694143694073,0.00113410760652232,0.0260038756008818,-0.00192356202616927,-0.0043802662748682,-0.05629537748774815,0.0693587319365907,-0.02662264773347011,-0.00329128074019813,2.1187825282797945e-4,-0.00209382391568002,-8.672503548261545e-4,8.728070005759037e-4,0.00166389627059349,-0.0974623722773562,0.0803979562216699,-0.00557104504945593,-0.0808850011470903,0.03767500274436708,0.08964708986557168,-0.5800000000000001,-0.1200000000000001,-0.20000000000000015,-0.23999999999999977,-0.5899999999999999,-0.5099999999999998,-0.7199999999999998,-0.1499999999999999,0.01999999999999957,-0.1299999999999999,-0.25,-0.5499999999999998,-0.23999999999999932,-0.27000000000000046,-0.04000000000000003,-0.10999999999999945,0.25,0.25,0.15000000000000036,-0.11000000000000032,-0.04999999999999982,-0.11000000000000032,0.08999999999999986,0.21999999999999975,0.17999999999999972,-0.1200000000000001,0,-0.10000000000000052,0,0.23000000000000043,-0.12057011493786264,-0.02178058781671943,-0.02804748431439918,-0.02523768109716506,0.0654893523201272,0.00335902727343917,42.6457,24.2604,24.859,23.3004,26.095,32.245,-9.700000000000005,-0.9000000000000057,-0.19999999999998863,0.5999999999999943,3.5999999999999943,-3.0999999999999943,2.0900000000000003,1.61,1.7300000000000004,1.79,1.7699999999999996,1.2699999999999996,0.8599999999999994,0.8300000000000001,0.8399999999999999,0.79,0.7800000000000002,0.8700000000000001
2001 Q4,2002 Q1,1,0.8328805568895703,0.2743986302357726,0.00165948532808535,4.3157661719384066e-4,-0.0021868674134815,5.130811920164291e-4,-0.00135038058944125,5.451957432001109e-5,-0.00113140354982022,-0.00358131135338091,0.02544265037093929,-0.01283041283618313,0.00566477708003798,0.00212726811461472,-4.275098074009165e-4,-0.00606546008531871,-0.0027452194543418,-0.00507787600476383,-0.00114843956509069,-0.00642480327145289,0.00196537614758085,-0.00487369815427207,0.02927783899606417,-0.02124787172337683,0.00822812761080094,0.00380679327438215,-0.01341298295545989,-0.0302450669364056,0.07173565852622588,-0.02574773282477416,0.00933388947439972,-0.00502583366704101,0.20000000000000015,0.20000000000000015,0.2999999999999998,0.09999999999999964,0.3000000000000007,0.09999999999999964,-0.07107004727575372,-0.07167084675397817,0.100001353380204,0.08889402580424743,0,0.00201207311341988,-0.00122841233635284,-0.00234580984660226,-0.00236308830973541,-0.00195614656135312,-0.00113553791271492,-9.679737587955372e-4,40.2,40,40.1,40.2,40.3,40.6,7.357556200910353,7.379008127628304,7.339537695407675,7.353722330399632,7.356918242356021,7.4205789054108,7.426549072397305,7.409136443920128,7.356279876550748,7.3556411029742526,7.387090235656757,7.37650812632622,0.00582822812694239,0.03827486586940942,-0.08086301704109022,0.0372515148442627,-0.00134079446043866,0.00435311856945386,0.00164506793350227,0.01025681252292898,-0.02311531899021623,0.01453638092929843,7.11075922630755e-4,-0.00256068248667418,0.01076904324001404,0.02546216689732627,-0.05778784869145514,0.02873638354943786,-9.284963604185849e-4,0.00599700379958534,-0.00167610226395531,0.00294183001324643,-0.01700655619425806,0.01105411218524032,-1.5824514998463712e-4,0.0037220588194744,-0.01147517456679381,0.00265418479038537,0.00899704244813648,-0.00268901743327987,9.421500351063372e-4,2.244430390661023e-4,-3.173973928127794e-7,0.00224813809494772,-0.00674948015768439,0.00393812042013763,0.00168966528512726,-0.00394318736557064,0.02561942444471832,0.02509873528684192,-0.0253625084886373,0.0260038756008818,-0.00192356202616927,-0.0043802662748682,-3.586588405273261e-4,-0.00419227787846843,0.0069269855054781,-0.00329128074019813,2.1187825282797945e-4,-0.00209382391568002,0.10401166632463976,0.03147982622099565,-0.09330380125188142,-0.0974623722773562,0.0803979562216699,-0.00557104504945593,-0.2699999999999998,-0.4000000000000003,-0.5799999999999996,-0.5800000000000001,-0.1200000000000001,-0.20000000000000015,-0.18000000000000016,-0.29000000000000004,-0.48,-0.7199999999999998,-0.1499999999999999,0.01999999999999957,0.4399999999999995,0.08000000000000007,-0.16000000000000014,-0.23999999999999932,-0.27000000000000046,-0.04000000000000003,-0.20000000000000015,-0.0600000000000005,-0.13999999999999968,0.15000000000000036,-0.11000000000000032,-0.04999999999999982,0.2400000000000011,-0.10000000000000052,-0.11999999999999922,0.17999999999999972,-0.1200000000000001,0,0.01340909298732118,0.04813576817811427,0.03012631014455902,-0.12057011493786264,-0.02178058781671943,-0.02804748431439918,24.5395,28.2542,34.4469,42.6457,24.2604,24.859,4.8999999999999915,1.2000000000000028,0.9000000000000057,-9.700000000000005,-0.9000000000000057,-0.19999999999998863,3.4,2.78,2.41,2.0900000000000003,1.61,1.7300000000000004,1.2800000000000011,0.8399999999999999,0.8799999999999999,0.8599999999999994,0.8300000000000001,0.8399999999999999
2002 Q1,2002 Q2,1,0.6108371693470005,0.8328805568895703,-6.29800460439256e-4,1.215609311859822e-4,0.00186525619107236,0.00165948532808535,4.3157661719384066e-4,-0.0021868674134815,-1.945957973443768e-4,0.00395494116591876,0.00160593251894791,-0.00113140354982022,-0.00358131135338091,0.02544265037093929,0.00721233269492316,1.152246826094938e-4,0.00663306484117054,-4.275098074009165e-4,-0.00606546008531871,-0.0027452194543418,-0.004945016725868,0.00363076572120846,-9.694308498175984e-4,0.00196537614758085,-0.00487369815427207,0.02927783899606417,-0.00283689152245258,0.00623738542084417,0.00301028167267247,-0.01341298295545989,-0.0302450669364056,0.07173565852622588,0,0,0,0.20000000000000015,0.20000000000000015,0.2999999999999998,0.04028049455214955,-0.02353049741019575,-0.02011457613909861,-0.07107004727575372,-0.07167084675397817,0.100001353380204,-1.0709177009893268e-4,-9.403850154967586e-4,-9.47136129953563e-4,-0.00122841233635284,-0.00234580984660226,-0.00236308830973541,40.5,40.2,40.2,40.2,40,40.1,7.403670290012373,7.511524648390866,7.437206366871292,7.357556200910353,7.379008127628304,7.339537695407675,7.43307534889858,7.488293515159428,7.417580402414544,7.426549072397305,7.409136443920128,7.356279876550748,0.00234918439416098,-0.00640272479837911,-0.00404581073833387,0.00582822812694239,0.03827486586940942,-0.08086301704109022,-0.00320409562056056,0.00160843046366387,-0.00604687005016835,0.00164506793350227,0.01025681252292898,-0.02311531899021623,0.00547630465845738,-0.00337625116825801,-0.01291663538075749,0.01076904324001404,0.02546216689732627,-0.05778784869145514,-0.00889050598047624,0.01420112306498211,0.00267647026954165,-0.00167610226395531,0.00294183001324643,-0.01700655619425806,-0.00592088910575228,0.01278040623096465,-0.00713763976919779,-0.01147517456679381,0.00265418479038537,0.00899704244813648,0.00111823579612924,-2.850153648203957e-6,0.0022532043251191,-3.173973928127794e-7,0.00224813809494772,-0.00674948015768439,0.02179148285916898,-0.01739174271186971,-0.0013003903002823899,0.02561942444471832,0.02509873528684192,-0.0253625084886373,0.0010272314254589,7.803494400482336e-4,0.00193634812111742,-3.586588405273261e-4,-0.00419227787846843,0.0069269855054781,0.11036869548076432,0.03553323121968477,0.0348726783614568,0.10401166632463976,0.03147982622099565,-0.09330380125188142,-0.01,0.01,-0.09000000000000008,-0.2699999999999998,-0.4000000000000003,-0.5799999999999996,0.07000000000000006,0.07000000000000006,-0.04000000000000003,-0.18000000000000016,-0.29000000000000004,-0.48,0.3700000000000001,-0.1299999999999999,-0.04999999999999982,0.4399999999999995,0.08000000000000007,-0.16000000000000014,0.2999999999999998,-0.04000000000000003,-0.21999999999999975,-0.20000000000000015,-0.0600000000000005,-0.13999999999999968,0.21999999999999975,0.01999999999999957,-0.1800000000000006,0.2400000000000011,-0.10000000000000052,-0.11999999999999922,0.04713309049691006,-0.0352933706752081,-0.00413104379813678,0.01340909298732118,0.04813576817811427,0.03012631014455902,21.014,24.6684,23.6152,24.5395,28.2542,34.4469,5,-2.299999999999997,4.200000000000003,4.8999999999999915,1.2000000000000028,0.9000000000000057,3.49,3.1900000000000004,3.39,3.4,2.78,2.41,1.2999999999999998,1.38,1.3200000000000005,1.2800000000000011,0.8399999999999999,0.8799999999999999
2002 Q2,2002 Q3,1,0.40568740473787557,0.6108371693470005,0.00244598328404066,0.00275859848600923,0.00124582774301451,-6.29800460439256e-4,1.215609311859822e-4,0.00186525619107236,0.00335356873150427,-0.00387914203341477,0.00532380744185001,-1.945957973443768e-4,0.00395494116591876,0.00160593251894791,0.00821501923644785,0.00400962846736074,0.00487100216567881,0.00721233269492316,1.152246826094938e-4,0.00663306484117054,0.0032524026200828602,0.00207267729733118,0.01143499445358919,-0.004945016725868,0.00363076572120846,-9.694308498175984e-4,0.0052199649447111,-0.00778775362458539,0.01097241823756789,-0.00283689152245258,0.00623738542084417,0.00301028167267247,0,-0.10000000000000052,0.20000000000000015,0,0,0,-0.05477380064037973,-0.04832434373478378,0.03279758833557267,0.04028049455214955,-0.02353049741019575,-0.02011457613909861,3.1380953549664525e-4,1.301450353423661e-4,-8.188661075863024e-4,-1.0709177009893268e-4,-9.403850154967586e-4,-9.47136129953563e-4,40.7,40.6,40.6,40.5,40.2,40.2,7.448333860897476,7.475339236566737,7.372746366404328,7.403670290012373,7.511524648390866,7.437206366871292,7.471932078245122,7.447751280047908,7.419979923661835,7.43307534889858,7.488293515159428,7.417580402414544,0.00133764697166949,0.00739774498389156,-0.00764290896947184,0.00234918439416098,-0.00640272479837911,-0.00404581073833387,-2.3852513807476328e-4,0.00473234157787949,-0.00212880272814963,-0.00320409562056056,0.00160843046366387,-0.00604687005016835,2.3628945326237272e-4,0.00115325546260081,-4.458042498178827e-5,0.00547630465845738,-0.00337625116825801,-0.01291663538075749,0.0027785167536054,0.00177435349354748,-0.00720499762154069,-0.00889050598047624,0.01420112306498211,0.00267647026954165,4.607090977017947e-4,0.0029633135877507,-0.0031384418096394,-0.00592088910575228,0.01278040623096465,-0.00713763976919779,-5.57879377479864e-4,-0.00335695207414765,0.00166672846378546,0.00111823579612924,-2.850153648203957e-6,0.0022532043251191,0.01033971159393942,0.01415425736534459,-0.03405000505961464,0.02179148285916898,-0.01739174271186971,-0.0013003903002823899,5.901004752120187e-4,-0.00351838432949413,0.00146589783559036,0.0010272314254589,7.803494400482336e-4,0.00193634812111742,-0.08526460289006765,-0.04487540618028562,-0.09031313086628769,0.11036869548076432,0.03553323121968477,0.0348726783614568,0,0,0.02000000000000001,-0.01,0.01,-0.09000000000000008,-0.03000000000000002,0.02000000000000001,-0.08000000000000007,0.07000000000000006,0.07000000000000006,-0.04000000000000003,-0.23000000000000043,-0.04999999999999982,-0.07000000000000028,0.3700000000000001,-0.1299999999999999,-0.04999999999999982,-0.1200000000000001,-0.00999999999999978,-0.04999999999999982,0.2999999999999998,-0.04000000000000003,-0.21999999999999975,-0.13999999999999968,0.0600000000000005,-0.08000000000000007,0.21999999999999975,0.01999999999999957,-0.1800000000000006,-0.06234372661309351,-0.02983088875324124,-0.03695493158305485,0.04713309049691006,-0.0352933706752081,-0.00413104379813678,28.599,22.63,21.8145,21.014,24.6684,23.6152,-4.5,3.9000000000000057,-2.700000000000003,5,-2.299999999999997,4.200000000000003,3.2299999999999995,3.43,3.5,3.49,3.1900000000000004,3.39,1.3200000000000005,1.34,1.2699999999999996,1.2999999999999998,1.38,1.3200000000000005
2002 Q3,2002 Q4,1,0.1235287243973815,0.40568740473787557,5.723655361045132e-4,-1.9187016096822163e-5,-0.00299632705428365,0.00244598328404066,0.00275859848600923,0.00124582774301451,-0.00463552848998904,0.00145574426587291,0.00660487078266847,0.00335356873150427,-0.00387914203341477,0.00532380744185001,8.486486965990636e-4,-0.0011111535235635,-3.2197063949990223e-4,0.00821501923644785,0.00400962846736074,0.00487100216567881,-0.00860668097489636,0.00955645908120494,-0.00279072942976732,0.0032524026200828602,0.00207267729733118,0.01143499445358919,-0.01700373273065381,0.00604515519684234,0.01323110340096001,0.0052199649447111,-0.00778775362458539,0.01097241823756789,0,-0.09999999999999964,0,0,-0.10000000000000052,0.20000000000000015,0.03960173811502621,0.01949779571326715,-0.00310398593759053,-0.05477380064037973,-0.04832434373478378,0.03279758833557267,-6.051669181381669e-4,-7.657993988274825e-6,-6.889794191149434e-4,3.1380953549664525e-4,1.301450353423661e-4,-8.188661075863024e-4,40.5,40.5,40.4,40.7,40.6,40.6,7.497761700622568,7.398174092970465,7.411556287811163,7.448333860897476,7.475339236566737,7.372746366404328,7.497207223203318,7.43543801981455,7.460490305825338,7.471932078245122,7.447751280047908,7.419979923661835,0.01761082332182884,-0.01490661433567552,0.00149101736736678,0.00133764697166949,0.00739774498389156,-0.00764290896947184,-0.00328297636884578,-1.291663202760418e-4,0.00314771966796989,-2.3852513807476328e-4,0.00473234157787949,-0.00212880272814963,1.464421949322059e-4,-0.00709696422018968,-2.1139164135952623e-4,2.3628945326237272e-4,0.00115325546260081,-4.458042498178827e-5,-0.00192632653620528,0.00313989231363098,-4.602626742151727e-4,0.0027785167536054,0.00177435349354748,-0.00720499762154069,-0.00311199166906561,-0.00378506163322001,3.3762726366148854e-4,4.607090977017947e-4,0.0029633135877507,-0.0031384418096394,-0.0011132566975851,5.492318606146185e-4,0.00166774708234473,-5.57879377479864e-4,-0.00335695207414765,0.00166672846378546,0.03870240283328297,-0.02859466461159154,-0.02731584564990807,0.01033971159393942,0.01415425736534459,-0.03405000505961464,-1.6032060219206556e-4,-2.399705805373742e-4,9.544885076619992e-4,5.901004752120187e-4,-0.00351838432949413,0.00146589783559036,-0.00762073817884445,-0.00207721175595043,0.1112645865610924,-0.08526460289006765,-0.04487540618028562,-0.09031313086628769,0.01,0.01,-0.02000000000000001,0,0,0.02000000000000001,0.00999999999999978,-0.05999999999999983,-0.02000000000000001,-0.03000000000000002,0.02000000000000001,-0.08000000000000007,-0.3899999999999997,-0.39000000000000057,-0.27999999999999936,-0.23000000000000043,-0.04999999999999982,-0.07000000000000028,-0.21999999999999975,-0.16000000000000014,-0.09999999999999964,-0.1200000000000001,-0.00999999999999978,-0.04999999999999982,-0.17999999999999972,-0.3200000000000003,-0.04999999999999982,-0.13999999999999968,0.0600000000000005,-0.08000000000000007,-0.05027008178568604,0.00986716078715588,-0.11530219013361977,-0.06234372661309351,-0.02983088875324124,-0.03695493158305485,41.656,37.2527,38.4972,28.599,22.63,21.8145,-1.5,-0.5,-4.300000000000011,-4.5,3.9000000000000057,-2.700000000000003,2.24,2.6399999999999997,2.9700000000000006,3.2299999999999995,3.43,3.5,1.25,1.21,1.37,1.3200000000000005,1.34,1.2699999999999996
2002 Q4,2003 Q1,1,0.5252600765849991,0.1235287243973815,0.00221504851218412,0.00217726610205559,0.00169599007280929,5.723655361045132e-4,-1.9187016096822163e-5,-0.00299632705428365,0.0065234830245302,0.00285201273791546,0.00407270888626509,-0.00463552848998904,0.00145574426587291,0.00660487078266847,-0.00557662729091923,0.00558657591731837,-0.00208483633693479,8.486486965990636e-4,-0.0011111535235635,-3.2197063949990223e-4,-0.00779260045300489,0.01065716855273279,-0.00462101156733041,-0.00860668097489636,0.00955645908120494,-0.00279072942976732,0.01136044944711933,0.00165269447945348,0.00665245962284188,-0.01700373273065381,0.00604515519684234,0.01323110340096001,0.09999999999999964,0.20000000000000015,0,0,-0.09999999999999964,0,0.05469774254442505,-0.03826901891867074,-0.00489597061220692,0.03960173811502621,0.01949779571326715,-0.00310398593759053,-0.0011567292666772,-7.656000581945932e-6,8.731618201807123e-4,-6.051669181381669e-4,-7.657993988274825e-6,-6.889794191149434e-4,40.5,40.4,40.3,40.5,40.5,40.4,7.488852955733459,7.469083884921234,7.4073177104694174,7.497761700622568,7.398174092970465,7.411556287811163,7.547501682814967,7.479299637782834,7.494986233950533,7.497207223203318,7.43543801981455,7.460490305825338,0.00408467373598231,-0.00194270325684531,-9.698231825829852e-4,0.01761082332182884,-0.01490661433567552,0.00149101736736678,-0.00520423355137822,0.00101570179354837,0.00363327518245526,-0.00328297636884578,-1.291663202760418e-4,0.00314771966796989,0.00578920753051281,0.00743013963720251,0.00131993574520894,1.464421949322059e-4,-0.00709696422018968,-2.1139164135952623e-4,-5.746429856401392e-4,6.713127584498935e-4,0.00295191751832479,-0.00192632653620528,0.00313989231363098,-4.602626742151727e-4,-1.635121455993982e-4,0.00343848496958187,0.00130105511823863,-0.00311199166906561,-0.00378506163322001,3.3762726366148854e-4,-2.7320575526346147e-6,-5.55685554776808e-4,5.492754656621912e-4,-0.0011132566975851,5.492318606146185e-4,0.00166774708234473,-0.02968059515360366,0.04325522176405538,9.766513559963386e-4,0.03870240283328297,-0.02859466461159154,-0.02731584564990807,-2.696028115156679e-5,-8.352572030698724e-4,2.2796092643773136e-5,-1.6032060219206556e-4,-2.399705805373742e-4,9.544885076619992e-4,0.20692950073250316,-0.06565594790803786,-0.07247820391945625,-0.00762073817884445,-0.00207721175595043,0.1112645865610924,-0.10000000000000007,-0.4099999999999999,0,0.01,0.01,-0.02000000000000001,-0.04000000000000003,-0.3500000000000001,-0.04999999999999982,0.00999999999999978,-0.05999999999999983,-0.02000000000000001,-0.01999999999999957,0.10999999999999988,0.06999999999999984,-0.3899999999999997,-0.39000000000000057,-0.27999999999999936,-0.09999999999999964,-0.01000000000000067,0.16999999999999993,-0.21999999999999975,-0.16000000000000014,-0.09999999999999964,-0.16999999999999993,-0.11000000000000032,0.33000000000000007,-0.17999999999999972,-0.3200000000000003,-0.04999999999999982,-0.01188443657605375,0.06269904673916393,-0.0153041699542662,-0.05027008178568604,0.00986716078715588,-0.11530219013361977,31.8309,32.005,41.3973,41.656,37.2527,38.4972,2.5,3.6000000000000085,-5.5,-1.5,-0.5,-4.300000000000011,2.8400000000000003,2.82,2.36,2.24,2.6399999999999997,2.9700000000000006,1.2400000000000002,1.3100000000000005,1.41,1.25,1.21,1.37
2003 Q1,2003 Q2,1,0.8817230452867975,0.5252600765849991,0.00147575893791618,-0.00354510004790853,-0.00278885719061072,0.00221504851218412,0.00217726610205559,0.00169599007280929,0.00572973878426275,-0.00322956763341775,-1.360396149463483e-4,0.0065234830245302,0.00285201273791546,0.00407270888626509,-0.00263197134762815,0.001187420927927,0.00848540572389922,-0.00557662729091923,0.00558657591731837,-0.00208483633693479,0.0090750464675704,-0.01111395200934595,0.00586175636986574,-0.00779260045300489,0.01065716855273279,-0.00462101156733041,0.01215293038205622,-0.01381718772746332,0.00699112707833116,0.01136044944711933,0.00165269447945348,0.00665245962284188,0,0.10000000000000052,-0.20000000000000015,0.09999999999999964,0.20000000000000015,0,0.03912712838881305,0.03970744959511307,-0.04758389140554975,0.05469774254442505,-0.03826901891867074,-0.00489597061220692,-0.00158050639784512,-0.00101144008561426,8.274657801727869e-4,-0.0011567292666772,-7.656000581945932e-6,8.731618201807123e-4,40.4,40.3,40.3,40.5,40.4,40.3,7.453561871643373,7.395721608602045,7.52456122628536,7.488852955733459,7.469083884921234,7.4073177104694174,7.471363088187097,7.5251007461258,7.4999765409521215,7.547501682814967,7.479299637782834,7.494986233950533,-0.00795408549597276,0.00304022259595981,-0.00292319840677457,0.00408467373598231,-0.00194270325684531,-9.698231825829852e-4,-0.00274386755365085,5.498899744313945e-4,0.00194976838636229,-0.00520423355137822,0.00101570179354837,0.00363327518245526,0.00368730485477453,0.00228504195627277,-0.01527849580411988,0.00578920753051281,0.00743013963720251,0.00131993574520894,0.00563346620190596,-0.00138382980537965,-0.00483474704076236,-5.746429856401392e-4,6.713127584498935e-4,0.00295191751832479,-2.6103450183079246e-4,3.1551821628106325e-4,5.594828555430809e-4,-1.635121455993982e-4,0.00343848496958187,0.00130105511823863,-0.00382885660163623,0.00107072360803162,0.00273925837901689,-2.7320575526346147e-6,-5.55685554776808e-4,5.492754656621912e-4,-0.02565812048510185,0.03710764571798286,-0.01915723459413954,-0.02968059515360366,0.04325522176405538,9.766513559963386e-4,-0.00163736167674777,0.00121727087537859,0.00202181928849487,-2.696028115156679e-5,-8.352572030698724e-4,2.2796092643773136e-5,-0.15207799492119722,-0.02779944278150559,-2.341018996405708e-4,0.20692950073250316,-0.06565594790803786,-0.07247820391945625,-0.01,0.02000000000000001,0,-0.10000000000000007,-0.4099999999999999,0,-0.04000000000000003,0,-0.02000000000000001,-0.04000000000000003,-0.3500000000000001,-0.04999999999999982,-0.08999999999999986,-0.1499999999999999,0.01999999999999957,-0.01999999999999957,0.10999999999999988,0.06999999999999984,-0.0600000000000005,-0.21999999999999975,-0.04000000000000003,-0.09999999999999964,-0.01000000000000067,0.16999999999999993,-0.10999999999999945,-0.29000000000000004,-0.10000000000000052,-0.16999999999999993,-0.11000000000000032,0.33000000000000007,0.01140385117901665,-0.06790191345952046,-0.00372141129860459,-0.01188443657605375,0.06269904673916393,-0.0153041699542662,35.1947,36.5405,30.6685,31.8309,32.005,41.3973,-2.3000000000000114,-2.5,-4.299999999999997,2.5,3.6000000000000085,-5.5,2.68,2.73,2.88,2.8400000000000003,2.82,2.36,1.0600000000000005,1.1099999999999994,1.1799999999999995,1.2400000000000002,1.3100000000000005,1.41
2003 Q2,2003 Q3,1,1.6495202585943503,0.8817230452867975,0.00324991578940014,0.00733455226414569,0.00411069096885441,0.00147575893791618,-0.00354510004790853,-0.00278885719061072,0.00534430319169398,0.00320953966483283,0.00471156149747908,0.00572973878426275,-0.00322956763341775,-1.360396149463483e-4,0.00127711471155134,-2.7277943080949996e-4,-0.00597471530908588,-0.00263197134762815,0.001187420927927,0.00848540572389922,0.00931853092119539,0.0087323720370751,-0.00289939910955361,0.0090750464675704,-0.01111395200934595,0.00586175636986574,0.01389382702406294,0.00195620379245831,0.0030351876115322,0.01215293038205622,-0.01381718772746332,0.00699112707833116,0.20000000000000015,0.09999999999999964,0.09999999999999964,0,0.10000000000000052,-0.20000000000000015,-0.00532073380588116,-0.028482018284679,0.02049513063158947,0.03912712838881305,0.03970744959511307,-0.04758389140554975,-8.449157201617652e-5,1.8435445268139008e-4,-4.838579702468593e-4,-0.00158050639784512,-0.00101144008561426,8.274657801727869e-4,40.3,40.2,40.1,40.4,40.3,40.3,7.532088143541722,7.467942332285852,7.404279118037268,7.453561871643373,7.395721608602045,7.52456122628536,7.536363938404511,7.51479976048867,7.497207223203318,7.471363088187097,7.5251007461258,7.4999765409521215,-0.00535856956808622,0.0063311733587188,0.00770885523982123,-0.00795408549597276,0.00304022259595981,-0.00292319840677457,-0.0039085065678055,0.00377313180707083,0.00285399309214362,-0.00274386755365085,5.498899744313945e-4,0.00194976838636229,-0.00394143826466653,-3.169117995840409e-4,-3.717039830686275e-5,0.00368730485477453,0.00228504195627277,-0.01527849580411988,0.00507805586378395,-0.00974725809769516,0.00117197079428343,0.00563346620190596,-0.00138382980537965,-0.00483474704076236,-0.0038382129600869,-0.00115144650533061,0.00400445461455589,-2.6103450183079246e-4,3.1551821628106325e-4,5.594828555430809e-4,0.00273179312685467,0.00217478252703529,-0.00544633279413098,-0.00382885660163623,0.00107072360803162,0.00273925837901689,-0.03076370705164954,0.06026564382202704,-0.04191438937665204,-0.02565812048510185,0.03710764571798286,-0.01915723459413954,0.00223089712957325,5.520700058783135e-4,-0.00426333098671261,-0.00163736167674777,0.00121727087537859,0.00202181928849487,0.09162326249943488,0.1680419999190339,-0.10507897769874042,-0.15207799492119722,-0.02779944278150559,-2.341018996405708e-4,-0.04000000000000003,0,0.01,-0.01,0.02000000000000001,0,-0.15000000000000002,-0.05999999999999983,0,-0.04000000000000003,0,-0.02000000000000001,-0.23999999999999977,-0.3900000000000001,0.1499999999999999,-0.08999999999999986,-0.1499999999999999,0.01999999999999957,-0.25,-0.5200000000000005,-0.14999999999999947,-0.0600000000000005,-0.21999999999999975,-0.04000000000000003,-0.1899999999999995,-0.46999999999999975,-0.10000000000000052,-0.10999999999999945,-0.29000000000000004,-0.10000000000000052,0.05410995722617873,0.0503175704984331,0.04999140670317725,0.01140385117901665,-0.06790191345952046,-0.00372141129860459,22.349,22.5485,27.1423,35.1947,36.5405,30.6685,-2.3999999999999915,6.099999999999994,8.400000000000006,-2.3000000000000114,-2.5,-4.299999999999997,2.41,2.5,2.83,2.68,2.73,2.88,1.2200000000000006,1.16,1.1099999999999994,1.0600000000000005,1.1099999999999994,1.1799999999999995
2003 Q3,2003 Q4,1,1.1540367047402356,1.6495202585943503,0.00145700966680628,0.00157833276499808,9.018988056936904e-4,0.00324991578940014,0.00733455226414569,0.00411069096885441,-0.0029115184273909,0.00881343639637677,0.00450297729728355,0.00534430319169398,0.00320953966483283,0.00471156149747908,0.00642675170213902,-0.0021841578199746,0.00512513555059879,0.00127711471155134,-2.7277943080949996e-4,-0.00597471530908588,0.0040592570079152,-4.107657103915585e-4,0.00757293736240072,0.00931853092119539,0.0087323720370751,-0.00289939910955361,-0.00224222458367684,0.01136301478178758,0.00859844111673346,0.01389382702406294,0.00195620379245831,0.0030351876115322,0,-0.10000000000000052,-0.09999999999999964,0.20000000000000015,0.09999999999999964,0.09999999999999964,-0.01181363494192488,-0.02784459796749061,-0.02460370130895306,-0.00532073380588116,-0.028482018284679,0.02049513063158947,7.680314963209867e-4,-2.3815285684669615e-4,-7.681406003712254e-6,-8.449157201617652e-5,1.8435445268139008e-4,-4.838579702468593e-4,40.5,40.2,40.1,40.3,40.2,40.1,7.569927655242652,7.513709247839705,7.5480289699350145,7.532088143541722,7.467942332285852,7.404279118037268,7.581209826196346,7.583756300707112,7.541683099882111,7.536363938404511,7.51479976048867,7.497207223203318,-0.0062719355637304,0.00182750808834342,-0.00450812037499304,-0.00535856956808622,0.0063311733587188,0.00770885523982123,-0.01403920421624072,0.00175909615538927,0.00161671093164983,-0.0039085065678055,0.00377313180707083,0.00285399309214362,-0.00431072815376598,9.58352615367808e-4,0.00180993133359308,-0.00394143826466653,-3.169117995840409e-4,-3.717039830686275e-5,0.00226249730093286,-0.01752617337980577,0.01183947979753163,0.00507805586378395,-0.00974725809769516,0.00117197079428343,8.407117671573872e-4,6.795978521854096e-4,4.24288146904317e-4,-0.0038382129600869,-0.00115144650533061,0.00400445461455589,-0.00109871516063098,0.00107393071888584,0.00217864425697111,0.00273179312685467,0.00217478252703529,-0.00544633279413098,-0.01614497236800005,0.0122368130715369,0.01726264534354094,-0.03076370705164954,0.06026564382202704,-0.04191438937665204,-2.539018435090412e-4,4.397795675394889e-4,0.00185106138567636,0.00223089712957325,5.520700058783135e-4,-0.00426333098671261,-0.13695769967706806,0.02532423381857818,-0.08642062023525598,0.09162326249943488,0.1680419999190339,-0.10507897769874042,-0.02000000000000001,0.02000000000000001,-0.20999999999999996,-0.04000000000000003,0,0.01,-0.01,0.04999999999999993,-0.02000000000000001,-0.15000000000000002,-0.05999999999999983,0,-0.1800000000000006,0.4700000000000002,0.6499999999999999,-0.23999999999999977,-0.3900000000000001,0.1499999999999999,-0.16000000000000014,0.3899999999999997,0.5200000000000005,-0.25,-0.5200000000000005,-0.14999999999999947,-0.21999999999999975,0.3899999999999997,0.4299999999999997,-0.1899999999999995,-0.46999999999999975,-0.10000000000000052,0.02977865297839788,-0.00303723109060793,0.00458461626836559,0.05410995722617873,0.0503175704984331,0.04999140670317725,20.6823,20.829,21.2068,22.349,22.5485,27.1423,-1.5999999999999943,-1.6000000000000083,1.2000000000000028,-2.3999999999999915,6.099999999999994,8.400000000000006,3.3299999999999996,3.5,3.08,2.41,2.5,2.83,1.0700000000000005,1.13,1.13,1.2200000000000006,1.16,1.1099999999999994
2003 Q4,2004 Q1,1,0.565052023890189,1.1540367047402356,3.7265234113093015e-4,0.0057569732180962,0.0038207587050465,0.00145700966680628,0.00157833276499808,9.018988056936904e-4,0.00131478627370551,0.00572628921532114,0.00161561620564931,-0.0029115184273909,0.00881343639637677,0.00450297729728355,2.959460294098548e-4,0.00668259204919685,0.0012308567584176,0.00642675170213902,-0.0021841578199746,0.00512513555059879,-0.00283160971430618,0.00385932742125483,0.00236068987370785,0.0040592570079152,-4.107657103915585e-4,0.00757293736240072,0.00422905476710333,0.00410951689222649,-0.00239815497282513,-0.00224222458367684,0.01136301478178758,0.00859844111673346,-0.09999999999999964,-0.20000000000000015,-0.09999999999999964,0,-0.10000000000000052,-0.09999999999999964,-0.01317176755656923,-0.05101777434172483,-0.03473017860113359,-0.01181363494192488,-0.02784459796749061,-0.02460370130895306,8.273643556204746e-4,3.1427137208162037e-4,0.00143463792332987,7.680314963209867e-4,-2.3815285684669615e-4,-7.681406003712254e-6,40.7,40.9,40.6,40.5,40.2,40.1,7.629003889652957,7.641564441260972,7.584264818389059,7.569927655242652,7.513709247839705,7.5480289699350145,7.594381242551817,7.559038255443384,7.60688453121963,7.581209826196346,7.583756300707112,7.541683099882111,0.00444924765225085,5.387660607141243e-4,-1.5447541186563996e-4,-0.0062719355637304,0.00182750808834342,-0.00450812037499304,-0.0011855368110254,0.00250243287916518,0.00289992851947928,-0.01403920421624072,0.00175909615538927,0.00161671093164983,0.00400257250893609,0.00285242882635738,0.00484053829387498,-0.00431072815376598,9.58352615367808e-4,0.00180993133359308,0.00757006868345477,0.00845034542323386,-0.00357797137440307,0.00226249730093286,-0.01752617337980577,0.01183947979753163,0.00480593884935842,-0.00577729407323879,4.6863654561590806e-4,8.407117671573872e-4,6.795978521854096e-4,4.24288146904317e-4,0.00215837028391963,0.00162176787161882,-0.00432783728524377,-0.00109871516063098,0.00107393071888584,0.00217864425697111,0.00176264760152111,-0.01477123113892719,0.04025372299746443,-0.01614497236800005,0.0122368130715369,0.01726264534354094,9.402660999189294e-4,0.00113536893090682,-0.0029924989681751,-2.539018435090412e-4,4.397795675394889e-4,0.00185106138567636,0.00877732424279331,-0.04488003401684137,0.17996116588753175,-0.13695769967706806,0.02532423381857818,-0.08642062023525598,-0.02000000000000001,-0.01,0,-0.02000000000000001,0.02000000000000001,-0.20999999999999996,-0.03000000000000002,0.01,-0.0199999999999999,-0.01,0.04999999999999993,-0.02000000000000001,-0.03000000000000025,0.00999999999999978,0.02000000000000046,-0.1800000000000006,0.4700000000000002,0.6499999999999999,-0.03000000000000025,-0.04999999999999982,-0.01999999999999957,-0.16000000000000014,0.3899999999999997,0.5200000000000005,-0.0600000000000005,-0.07000000000000028,-0.05999999999999961,-0.21999999999999975,0.3899999999999997,0.4299999999999997,0.02885853667630744,0.0106961084475472,0.01874535616932426,0.02977865297839788,-0.00303723109060793,0.00458461626836559,16.3754,17.8389,19.1843,20.6823,20.829,21.2068,-1.1000000000000083,4.1000000000000085,1.8999999999999917,-1.5999999999999943,-1.6000000000000083,1.2000000000000028,3.3699999999999997,3.3699999999999997,3.37,3.3299999999999996,3.5,3.08,0.9799999999999996,1.0099999999999998,1.0300000000000002,1.0700000000000005,1.13,1.13
2004 Q1,2004 Q2,1,0.7719649918941585,0.565052023890189,0.00360989803693101,0.00131503592434434,-0.0019429753634359,3.7265234113093015e-4,0.0057569732180962,0.0038207587050465,0.00569542192636429,0.00202793383861532,0.00324013322699112,0.00131478627370551,0.00572628921532114,0.00161561620564931,-0.00400875584876825,0.00601430610916065,0.00152062621903414,2.959460294098548e-4,0.00668259204919685,0.0012308567584176,0.02320675642393865,0.00772353504155098,-0.00499922857579626,-0.00283160971430618,0.00385932742125483,0.00236068987370785,0.01811633117300459,0.00634421874793389,0.00428409717860311,0.00422905476710333,0.00410951689222649,-0.00239815497282513,0.20000000000000015,-0.10000000000000052,0,-0.09999999999999964,-0.20000000000000015,-0.09999999999999964,-0.05337446059137463,0.00152576491212386,0.00542836603357521,-0.01317176755656923,-0.05101777434172483,-0.03473017860113359,0.00243549683487032,4.893415395681444e-4,0.0012780043446785,8.273643556204746e-4,3.1427137208162037e-4,0.00143463792332987,40.9,41,40.9,40.7,40.9,40.6,7.599901959208498,7.520776415062797,7.555381944240273,7.629003889652957,7.641564441260972,7.584264818389059,7.633369649679584,7.583756300707112,7.576609766973037,7.594381242551817,7.559038255443384,7.60688453121963,-0.00621350975793255,0.01187587739158946,-0.00560356909905035,0.00444924765225085,5.387660607141243e-4,-1.5447541186563996e-4,-6.265004426602161e-4,0.0051405476180264,0.00164544374516673,-0.0011855368110254,0.00250243287916518,0.00289992851947928,0.00353277589566758,0.00257072698686133,-0.01603852928495719,0.00400257250893609,0.00285242882635738,0.00484053829387498,-0.00322564876369479,0.00619442247546153,-0.01020637438268412,0.00757006868345477,0.00845034542323386,-0.00357797137440307,0.00242102617835016,-0.0023520611998542,5.407397698355965e-4,0.00480593884935842,-0.00577729407323879,4.6863654561590806e-4,-4.590207765886589e-6,-0.00215862261991972,0.00160433859088815,0.00215837028391963,0.00162176787161882,-0.00432783728524377,-0.04685419509819777,0.01818873169244117,0.01945698369070747,0.00176264760152111,-0.01477123113892719,0.04025372299746443,-5.851603658681981e-4,-0.00173320761594197,0.00165667584633055,9.402660999189294e-4,0.00113536893090682,-0.0029924989681751,0.0428971117480863,-0.05023646027644801,0.03033165858992337,0.00877732424279331,-0.04488003401684137,0.17996116588753175,-0.01,0.01,0.02000000000000001,-0.02000000000000001,-0.01,0,0.00999999999999989,0.05000000000000004,-0.02000000000000001,-0.03000000000000002,0.01,-0.0199999999999999,-0.25,-0.07000000000000028,-0.11999999999999922,-0.03000000000000025,0.00999999999999978,0.02000000000000046,-0.16999999999999993,-0.04000000000000003,-0.08000000000000007,-0.03000000000000025,-0.04999999999999982,-0.01999999999999957,-0.15999999999999923,-0.17000000000000082,-0.15999999999999923,-0.0600000000000005,-0.07000000000000028,-0.05999999999999961,-0.01709533813402242,0.00952605758964253,0.04689178004819983,0.02885853667630744,0.0106961084475472,0.01874535616932426,17.733,15.9247,15.834,16.3754,17.8389,19.1843,1.3999999999999917,-9.399999999999991,11.200000000000005,-1.1000000000000083,4.1000000000000085,1.8999999999999917,2.89,3.15,3.2700000000000005,3.3699999999999997,3.3699999999999997,3.37,0.7800000000000002,0.7699999999999996,0.9000000000000004,0.9799999999999996,1.0099999999999998,1.0300000000000002
2004 Q2,2004 Q3,1,0.9441229885171154,0.7719649918941585,9.987465722147704e-4,0.00525948566171408,0.00322051248179455,0.00360989803693101,0.00131503592434434,-0.0019429753634359,-0.00514980286008182,0.00525385030581038,-8.190807252397292e-4,0.00569542192636429,0.00202793383861532,0.00324013322699112,-0.00783283880618856,0.00719775070673733,0.00370749917580681,-0.00400875584876825,0.00601430610916065,0.00152062621903414,-9.30257833783088e-4,0.00278090577716128,-0.01071106324465276,0.02320675642393865,0.00772353504155098,-0.00499922857579626,-0.0063236346581732,0.01206263838198395,-0.00685119624774266,0.01811633117300459,0.00634421874793389,0.00428409717860311,0,0,-0.20000000000000015,0.20000000000000015,-0.10000000000000052,0,0.03736570122791072,-0.03521439168539864,0.01810987559730925,-0.05337446059137463,0.00152576491212386,0.00542836603357521,7.362680651858966e-4,0.00216640336488538,0.00207959671368662,0.00243549683487032,4.893415395681444e-4,0.0012780043446785,40.8,41.1,40.7,40.9,41,40.9,7.510977752014095,7.591357046698551,7.602401335665818,7.599901959208498,7.520776415062797,7.555381944240273,7.61085279039525,7.673223121121708,7.635303886259415,7.633369649679584,7.583756300707112,7.576609766973037,0.00665036024841469,-0.00270589210648086,-0.00242826818616048,-0.00621350975793255,0.01187587739158946,-0.00560356909905035,-0.01196267855335975,0.00567712900179095,7.564072190966442e-4,-6.265004426602161e-4,0.0051405476180264,0.00164544374516673,0.00250816223104166,-8.402855017521915e-4,0.00391610373118656,0.00353277589566758,0.00257072698686133,-0.01603852928495719,0.00968422817604253,0.00315800987679537,-5.024492202387876e-5,-0.00322564876369479,0.00619442247546153,-0.01020637438268412,-7.77356438881327e-5,2.4297962438524223e-5,-0.00236996426461644,0.00242102617835016,-0.0023520611998542,5.407397698355965e-4,-5.473099907735701e-4,0.00265772082268078,-5.380462080903925e-4,-4.590207765886589e-6,-0.00215862261991972,0.00160433859088815,0.02969723365265686,-0.03779384286722287,-0.01350742423254303,-0.04685419509819777,0.01818873169244117,0.01945698369070747,-3.987493658250685e-4,0.0013919430741236,3.1275248365503217e-4,-5.851603658681981e-4,-0.00173320761594197,0.00165667584633055,-0.1510935602732495,0.09525688860346682,-0.05842459579482328,0.0428971117480863,-0.05023646027644801,0.03033165858992337,0.03000000000000002,0,0,-0.01,0.01,0.02000000000000001,0.25,0.08000000000000007,0,0.00999999999999989,0.05000000000000004,-0.02000000000000001,0.01000000000000067,0.3700000000000001,0.5199999999999996,-0.25,-0.07000000000000028,-0.11999999999999922,-0.03000000000000025,0.3099999999999996,0.4000000000000003,-0.16999999999999993,-0.04000000000000003,-0.08000000000000007,0.03000000000000025,0.29000000000000004,0.34999999999999964,-0.15999999999999923,-0.17000000000000082,-0.15999999999999923,0.02682286825106228,-0.02735240774060443,0.00831071437007313,-0.01709533813402242,0.00952605758964253,0.04689178004819983,15.0452,18.076,15.7881,17.733,15.9247,15.834,5.3999999999999915,-4,-1.5999999999999943,1.3999999999999917,-9.399999999999991,11.200000000000005,3.4600000000000004,3.7,3.4099999999999997,2.89,3.15,3.2700000000000005,0.7700000000000005,0.71,0.7299999999999995,0.7800000000000002,0.7699999999999996,0.9000000000000004
2004 Q3,2004 Q4,1,1.0150391321133156,0.9441229885171154,0.00122752862972319,0.00398015513609273,0.0035284766169461,9.987465722147704e-4,0.00525948566171408,0.00322051248179455,0.00643994723109297,0.00369315128659408,0.00875313111618059,-0.00514980286008182,0.00525385030581038,-8.190807252397292e-4,0.0012701843581544,6.709667193680602e-4,0.00744387968366666,-0.00783283880618856,0.00719775070673733,0.00370749917580681,0.00409222645186169,0.0086459117246882,0.00147628117719378,-9.30257833783088e-4,0.00278090577716128,-0.01071106324465276,0.01989764009462646,-0.00157014383498044,0.00822803317261744,-0.0063236346581732,0.01206263838198395,-0.00685119624774266,0,-0.09999999999999964,-0.09999999999999964,0,0,-0.20000000000000015,-0.01032457548877729,-0.00658137658929725,-0.01734147503648664,0.03736570122791072,-0.03521439168539864,0.01810987559730925,0.00114380520819601,6.596081257228548e-4,4.475681573072876e-4,7.362680651858966e-4,0.00216640336488538,0.00207959671368662,40.7,40.8,40.8,40.8,41.1,40.7,7.552237287560802,7.6128310304073565,7.601901959875166,7.510977752014095,7.591357046698551,7.602401335665818,7.621195162809845,7.628517626575055,7.655390644826152,7.61085279039525,7.673223121121708,7.635303886259415,-0.00398173305743299,0.01143432628435103,-0.00844150130809406,0.00665036024841469,-0.00270589210648086,-0.00242826818616048,0.00119505319759483,0.00213470357362233,0.001749909460246,-0.01196267855335975,0.00567712900179095,7.564072190966442e-4,0.00671362588920221,-0.00888542832543048,0.00113148534142393,0.00250816223104166,-8.402855017521915e-4,0.00391610373118656,-9.403241288215014e-4,-0.00502973245352755,0.00305530281078603,0.00968422817604253,0.00315800987679537,-5.024492202387876e-5,0.00340837965063123,0.00196620807908232,-0.0020575630514088,-7.77356438881327e-5,2.4297962438524223e-5,-0.00236996426461644,0.00263754860468434,-5.295202035817681e-4,-0.00265434619923699,-5.473099907735701e-4,0.00265772082268078,-5.380462080903925e-4,0.01172164527396724,-0.03852890950511067,0.03342251919361239,0.02969723365265686,-0.03779384286722287,-0.01350742423254303,0.00146140592494692,-4.135511170151318e-4,-0.00192102851549247,-3.987493658250685e-4,0.0013919430741236,3.1275248365503217e-4,-0.07712032269907221,0.03147587979026989,0.12561275574339348,-0.1510935602732495,0.09525688860346682,-0.05842459579482328,0.18000000000000016,0.16999999999999993,0.23,0.03000000000000002,0,0,0.16999999999999993,0.1499999999999999,0.06000000000000005,0.25,0.08000000000000007,0,-0.15000000000000036,-0.21999999999999975,-0.23000000000000043,0.01000000000000067,0.3700000000000001,0.5199999999999996,-0.1900000000000004,-0.16999999999999993,-0.1899999999999995,-0.03000000000000025,0.3099999999999996,0.4000000000000003,-0.1900000000000004,-0.16000000000000014,-0.16000000000000014,0.03000000000000025,0.29000000000000004,0.34999999999999964,0.02603246797633041,-0.01540952401836648,-0.02404286256682297,0.02682286825106228,-0.02735240774060443,0.00831071437007313,13.8804,16.5927,15.6685,15.0452,18.076,15.7881,-1.7000000000000028,-0.7999999999999972,1.1000000000000083,5.3999999999999915,-4,-1.5999999999999943,2.48,2.8000000000000003,3.17,3.4600000000000004,3.7,3.4099999999999997,0.8099999999999996,0.8099999999999996,0.7999999999999998,0.7700000000000005,0.71,0.7299999999999995
2004 Q4,2005 Q1,1,1.1032550529236573,1.0150391321133156,0.03323202787356649,-0.00264968115167008,5.319577119280439e-4,0.00122752862972319,0.00398015513609273,0.0035284766169461,0.00653655055342472,0.00179360836762754,0.00234544403250858,0.00643994723109297,0.00369315128659408,0.00875313111618059,0.00793624100093559,0.00248035545099423,0.00849531273723336,0.0012701843581544,6.709667193680602e-4,0.00744387968366666,0.01546831567832818,0.00182781385174202,0.00211418697682574,0.00409222645186169,0.0086459117246882,0.00147628117719378,0.01287076503435535,0.00639755795505792,0.00323939382725058,0.01989764009462646,-0.00157014383498044,0.00822803317261744,0,-0.09999999999999964,0.09999999999999964,0,-0.09999999999999964,-0.09999999999999964,-0.01070346609935946,-0.01584340948472551,-0.00968350211116586,-0.01032457548877729,-0.00658137658929725,-0.01734147503648664,9.429230556854408e-4,5.510785803863882e-4,0.00257067606654537,0.00114380520819601,6.596081257228548e-4,4.475681573072876e-4,40.6,40.5,40.6,40.7,40.8,40.8,7.621684998724611,7.485491608030754,7.636269603379373,7.552237287560802,7.6128310304073565,7.601901959875166,7.641084249174914,7.639642287858013,7.64826303090192,7.621195162809845,7.628517626575055,7.655390644826152,-0.00738829992864609,0.00884409559034349,-0.00618333164145745,-0.00398173305743299,0.01143432628435103,-0.00844150130809406,-0.00130820672818821,-1.9040702439099275e-4,-0.00109462399591464,0.00119505319759483,0.00213470357362233,0.001749909460246,-0.00110337556139139,0.0063748621053028,-0.00435366699703898,0.00671362588920221,-0.00888542832543048,0.00113148534142393,3.100973145375718e-5,0.00629929492092085,-0.00126961605106945,-9.403241288215014e-4,-0.00502973245352755,0.00305530281078603,-3.1365896357016254e-4,-0.00511140000295462,0.00242776557506019,0.00340837965063123,0.00196620807908232,-0.0020575630514088,-0.00470589103741225,-5.489818009465353e-4,0.00208864328030866,0.00263754860468434,-5.295202035817681e-4,-0.00265434619923699,0.02257268933160805,-0.06779774696456986,0.05712426464317044,0.01172164527396724,-0.03852890950511067,0.03342251919361239,-0.00331370215006554,-4.3920712709422105e-4,0.00231083891559169,0.00146140592494692,-4.135511170151318e-4,-0.00192102851549247,-0.01989045456208948,-0.2371909167356283,0.12296230961664324,-0.07712032269907221,0.03147587979026989,0.12561275574339348,0.2300000000000002,0.16999999999999993,0.1499999999999999,0.18000000000000016,0.16999999999999993,0.23,0.1200000000000001,0.30999999999999983,0.1100000000000001,0.16999999999999993,0.1499999999999999,0.06000000000000005,0.04000000000000003,0.09000000000000075,-0.03000000000000025,-0.15000000000000036,-0.21999999999999975,-0.23000000000000043,-0.04999999999999982,0.04999999999999982,0.00999999999999978,-0.1900000000000004,-0.16999999999999993,-0.1899999999999995,-0.04999999999999982,-0.00999999999999978,-0.05999999999999961,-0.1900000000000004,-0.16000000000000014,-0.16000000000000014,0.02556565141095568,0.04526284925549628,-4.027079929320721e-4,0.02603246797633041,-0.01540952401836648,-0.02404286256682297,13.014,14.05,15.1847,13.8804,16.5927,15.6685,4.299999999999997,1.0999999999999943,-2.5,-1.7000000000000028,-0.7999999999999972,1.1000000000000083,2.0400000000000005,2.120000000000001,2.34,2.48,2.8000000000000003,3.17,0.6800000000000006,0.6800000000000006,0.7400000000000002,0.8099999999999996,0.8099999999999996,0.7999999999999998
2005 Q1,2005 Q2,1,0.49141503086236327,1.1032550529236573,0.00332912826487152,7.050720050756354e-4,-0.02767726013242644,0.03323202787356649,-0.00264968115167008,5.319577119280439e-4,0.00159856037767092,0.00441875277105729,-0.00209818571337816,0.00653655055342472,0.00179360836762754,0.00234544403250858,-0.00135217977961765,0.00723284606277108,0.00359007911587028,0.00793624100093559,0.00248035545099423,0.00849531273723336,-0.00684429617787607,3.2025044886019316e-4,0.00361033213712325,0.01546831567832818,0.00182781385174202,0.00211418697682574,0.00267388457159079,0.01248430950570522,-0.01052732558934188,0.01287076503435535,0.00639755795505792,0.00323939382725058,-0.20000000000000015,0.10000000000000052,-0.10000000000000052,0,-0.09999999999999964,0.09999999999999964,0.06293338435634332,-0.0966943639032305,0.05430183107076125,-0.01070346609935946,-0.01584340948472551,-0.00968350211116586,8.94115054775213e-4,0.0018960632283953,0.00114539781182188,9.429230556854408e-4,5.510785803863882e-4,0.00257067606654537,40.4,40.7,40.7,40.6,40.5,40.6,7.530479995245536,7.699389406256737,7.670428522190693,7.621684998724611,7.485491608030754,7.636269603379373,7.631431664576906,7.656337166430183,7.668093709082406,7.641084249174914,7.639642287858013,7.64826303090192,-0.00306750834541791,0.00941066098000575,-0.00779802745165625,-0.00738829992864609,0.00884409559034349,-0.00618333164145745,2.0004133610207475e-4,2.786302016524189e-4,-0.0018567849898563,-0.00130820672818821,-1.9040702439099275e-4,-0.00109462399591464,0.00374738236402727,-0.00155340362865352,-0.00891737148654314,-0.00110337556139139,0.0063748621053028,-0.00435366699703898,0.00409410750752226,-0.00509454528673369,0.00671815694440258,3.100973145375718e-5,0.00629929492092085,-0.00126961605106945,-0.00519300153604618,0.01133362376889302,-0.00480966494090218,-3.1365896357016254e-4,-0.00511140000295462,0.00242776557506019,-5.350214919834784e-4,0.00468845720968502,-5.217845148388633e-4,-0.00470589103741225,-5.489818009465353e-4,0.00208864328030866,4.82895631725988e-4,0.01418278969716535,-0.00364214810140683,0.02257268933160805,-0.06779774696456986,0.05712426464317044,2.1353163290882549e-4,0.00146610579011419,7.78691924049113e-4,-0.00331370215006554,-4.3920712709422105e-4,0.00231083891559169,0.10029427974832572,-0.05405402619324295,0.1897857826142606,-0.01989045456208948,-0.2371909167356283,0.12296230961664324,0.1299999999999999,0.2200000000000002,0.11999999999999966,0.2300000000000002,0.16999999999999993,0.1499999999999999,0.20000000000000015,0.20999999999999996,0.14000000000000012,0.1200000000000001,0.30999999999999983,0.1100000000000001,0.33000000000000007,-0.04999999999999982,-0.01000000000000067,0.04000000000000003,0.09000000000000075,-0.03000000000000025,0.20000000000000015,-0.16000000000000014,-0.10999999999999945,-0.04999999999999982,0.04999999999999982,0.00999999999999978,0.23999999999999932,-0.1999999999999993,-0.13000000000000078,-0.04999999999999982,-0.00999999999999978,-0.05999999999999961,-0.00395067604255494,0.01530453552734822,-0.01495436627529933,0.02556565141095568,0.04526284925549628,-4.027079929320721e-4,12.8804,11.5626,13.512,13.014,14.05,15.1847,-1.5,-1.4000000000000057,-1.5999999999999943,4.299999999999997,1.0999999999999943,-2.5,1.7599999999999998,1.63,1.8899999999999997,2.0400000000000005,2.120000000000001,2.34,0.6599999999999993,0.6200000000000001,0.6599999999999993,0.6800000000000006,0.6800000000000006,0.7400000000000002
2005 Q2,2005 Q3,1,0.7807581701131383,0.49141503086236327,0.00260801978644487,0.00441876905915705,0.00338619041339072,0.00332912826487152,7.050720050756354e-4,-0.02767726013242644,0.00875816159081033,-0.00136298577461246,0.00646878195942957,0.00159856037767092,0.00441875277105729,-0.00209818571337816,0.00448752915746375,8.997205268519437e-4,0.00215019544382233,-0.00135217977961765,0.00723284606277108,0.00359007911587028,0.00942596733970191,-0.00191337512276845,0.01499405453634317,-0.00684429617787607,3.2025044886019316e-4,0.00361033213712325,0.03006011553355847,-0.00576212406385856,0.00898826902039395,0.00267388457159079,0.01248430950570522,-0.01052732558934188,-0.09999999999999964,-0.10000000000000052,0,-0.20000000000000015,0.10000000000000052,-0.10000000000000052,-0.00382995489229998,0.01168884425031358,-0.02686364226954829,0.06293338435634332,-0.0966943639032305,0.05430183107076125,0.00192799234720908,0.00127241716517723,0.00275245701032389,8.94115054775213e-4,0.0018960632283953,0.00114539781182188,40.4,40.4,40.4,40.4,40.7,40.7,7.63433723562832,7.613324979540639,7.630946580890459,7.530479995245536,7.699389406256737,7.670428522190693,7.686162303492906,7.642524134232902,7.673223121121708,7.631431664576906,7.656337166430183,7.668093709082406,0.0046899745896054,0.01473914645842544,-0.00901404296401775,-0.00306750834541791,0.00941066098000575,-0.00779802745165625,0.00237612066044334,5.668741382081066e-4,6.325744734745342e-4,2.0004133610207475e-4,2.786302016524189e-4,-0.0018567849898563,0.00436323315312936,-0.00142244392521195,0.00180631670317765,0.00374738236402727,-0.00155340362865352,-0.00891737148654314,-0.00362440508654326,-0.00339400060595895,-0.00160605736594821,0.00409410750752226,-0.00509454528673369,0.00671815694440258,0.00609201120770386,-0.00348111755305424,-0.00122061488150571,-0.00519300153604618,0.01133362376889302,-0.00480966494090218,0.00103279114094689,-0.00361877654895526,-5.292702243808733e-4,-5.350214919834784e-4,0.00468845720968502,-5.217845148388633e-4,0.0419203846600924,-0.03351468261600399,-0.03130882074187013,4.82895631725988e-4,0.01418278969716535,-0.00364214810140683,6.088397800230183e-5,-0.00223437952749616,-1.927171607878364e-4,2.1353163290882549e-4,0.00146610579011419,7.78691924049113e-4,0.1837957243526915,-0.03876710741514655,-0.1477945827019287,0.10029427974832572,-0.05405402619324295,0.1897857826142606,0.04000000000000003,0.20999999999999996,0.16000000000000014,0.1299999999999999,0.2200000000000002,0.11999999999999966,0.13000000000000034,0.06000000000000005,0.03999999999999959,0.20000000000000015,0.20999999999999996,0.14000000000000012,-0.13999999999999968,-0.20000000000000015,-0.16000000000000014,0.33000000000000007,-0.04999999999999982,-0.01000000000000067,-0.1900000000000004,-0.17999999999999972,-0.07000000000000028,0.20000000000000015,-0.16000000000000014,-0.10999999999999945,-0.14999999999999947,-0.04000000000000003,-0.00999999999999978,0.23999999999999932,-0.1999999999999993,-0.13000000000000078,0.02013905318857301,0.01182405108747541,-0.0258308029739851,-0.00395067604255494,0.01530453552734822,-0.01495436627529933,11.2418,13.179,14.0571,12.8804,11.5626,13.512,9.099999999999994,-0.7999999999999972,-4.8999999999999915,-1.5,-1.4000000000000057,-1.5999999999999943,1.0299999999999998,1.2999999999999998,1.56,1.7599999999999998,1.63,1.8899999999999997,0.9000000000000004,0.8599999999999994,0.7199999999999998,0.6599999999999993,0.6200000000000001,0.6599999999999993
2005 Q3,2005 Q4,1,0.5539792372076136,0.7807581701131383,-0.00320664601253461,0.00176093733774784,0.00149847212140308,0.00260801978644487,0.00441876905915705,0.00338619041339072,-0.00394150237591794,-0.00444340947575838,0.00715617413184332,0.00875816159081033,-0.00136298577461246,0.00646878195942957,-0.0195638287695461,0.0032537883465622,-0.00317146628821696,0.00448752915746375,8.997205268519437e-4,0.00215019544382233,-0.0048358407922695,0.00245800956009212,-6.576335043284587e-4,0.00942596733970191,-0.00191337512276845,0.01499405453634317,0.00296040858572332,-0.01162448991461495,0.00682679216332537,0.03006011553355847,-0.00576212406385856,0.00898826902039395,0.09999999999999964,-0.09999999999999964,0,-0.09999999999999964,-0.10000000000000052,0,0.1924312733071929,-0.0270265610106577,-0.00415289376369543,-0.00382995489229998,0.01168884425031358,-0.02686364226954829,3.791018305463467e-4,0.00151040009666658,0.00263190420595194,0.00192799234720908,0.00127241716517723,0.00275245701032389,40.7,40.5,40.5,40.4,40.4,40.4,7.67368812926773,7.647308832356238,7.627544390488503,7.63433723562832,7.613324979540639,7.630946580890459,7.724446645633537,7.704811922932594,7.697575346802343,7.686162303492906,7.642524134232902,7.673223121121708,-0.0058270105781899,0.01448289187619167,-0.01834461316880364,0.0046899745896054,0.01473914645842544,-0.00901404296401775,1.2641855309070138e-4,1.2845496742741602e-4,-1.627497047227422e-4,0.00237612066044334,5.668741382081066e-4,6.325744734745342e-4,0.00687719054392577,-0.00306951389069887,-0.00270908104376754,0.00436323315312936,-0.00142244392521195,0.00180631670317765,-5.863108680790319e-4,-0.00911409984720545,0.00839220542918628,-0.00362440508654326,-0.00339400060595895,-0.00160605736594821,-0.00284292521357265,-0.00127102953081958,-0.00110460868179451,0.00609201120770386,-0.00348111755305424,-0.00122061488150571,0.00753643433138773,-3.790941177861384e-5,0.00565964053009082,0.00103279114094689,-0.00361877654895526,-5.292702243808733e-4,-0.00659377806245942,0.00611348289001689,0.00835006363580603,0.0419203846600924,-0.03351468261600399,-0.03130882074187013,0.00557827483213735,-1.9985756720597436e-4,0.00360163379814437,6.088397800230183e-5,-0.00223437952749616,-1.927171607878364e-4,-0.09229324867530052,0.05902997428604895,-0.07891066699605798,0.1837957243526915,-0.03876710741514655,-0.1477945827019287,0.1200000000000001,0.2400000000000002,0.21999999999999975,0.04000000000000003,0.20999999999999996,0.16000000000000014,-0.02000000000000001,0.21999999999999975,0.25,0.13000000000000034,0.06000000000000005,0.03999999999999959,-0.05999999999999961,0.08000000000000007,0.17999999999999972,-0.13999999999999968,-0.20000000000000015,-0.16000000000000014,0.04000000000000003,0.03000000000000025,0.09999999999999964,-0.1900000000000004,-0.17999999999999972,-0.07000000000000028,0.07000000000000028,0.00999999999999978,0.08999999999999986,-0.14999999999999947,-0.04000000000000003,-0.00999999999999978,0.00134683453072614,0.00165950718850904,0.01649043963527763,0.02013905318857301,0.01182405108747541,-0.0258308029739851,11.959,11.9852,10.489,11.2418,13.179,14.0571,-12.199999999999989,-7.400000000000006,0.5,9.099999999999994,-0.7999999999999972,-4.8999999999999915,0.7800000000000002,0.8199999999999998,0.9599999999999996,1.0299999999999998,1.2999999999999998,1.56,0.9000000000000004,0.8700000000000001,0.8900000000000006,0.9000000000000004,0.8599999999999994,0.7199999999999998
2005 Q4,2006 Q1,1,1.3364138447713003,0.5539792372076136,0.00347609991829145,0.00655181885345435,0.00581691349245439,-0.00320664601253461,0.00176093733774784,0.00149847212140308,0.00389479625633892,0.00294347022318763,0.00269132427934781,-0.00394150237591794,-0.00444340947575838,0.00715617413184332,0.0051516935642315,0.01117751662149491,0.01206432940721047,-0.0195638287695461,0.0032537883465622,-0.00317146628821696,0.00573677515453674,0.01364342485327441,-1.1836370644324744e-4,-0.0048358407922695,0.00245800956009212,-6.576335043284587e-4,5.179410781241955e-4,0.00876908137010445,4.5444218005386006e-4,0.00296040858572332,-0.01162448991461495,0.00682679216332537,-0.09999999999999964,0,0,0.09999999999999964,-0.09999999999999964,0,-0.00268287070099937,-0.10450908946760862,-0.08318283847568786,0.1924312733071929,-0.0270265610106577,-0.00415289376369543,0.00117709345571981,0.00264053972933986,6.612258178417818e-4,3.791018305463467e-4,0.00151040009666658,0.00263190420595194,40.8,40.9,41,40.7,40.5,40.5,7.597897950521784,7.671826797878781,7.632885505395133,7.67368812926773,7.647308832356238,7.627544390488503,7.659171367666058,7.704361167910313,7.682482446534506,7.724446645633537,7.704811922932594,7.697575346802343,-0.00101826639900437,0.00123381155746304,-0.00210491316134575,-0.0058270105781899,0.01448289187619167,-0.01834461316880364,0.00153494322432656,-0.00257491445112378,-2.6147069359439e-5,1.2641855309070138e-4,1.2845496742741602e-4,-1.627497047227422e-4,0.00405450499953197,0.00886002674201957,-0.00751052995444911,0.00687719054392577,-0.00306951389069887,-0.00270908104376754,0.00469173009910317,-0.00560850188229089,0.00855358915186954,-5.863108680790319e-4,-0.00911409984720545,0.00839220542918628,0.00109615879320479,-0.00121073299512985,6.834164321229963e-4,-0.00284292521357265,-0.00127102953081958,-0.00110460868179451,0.00503525736564558,-0.00654317421332262,-0.01216664417249635,0.00753643433138773,-3.790941177861384e-5,0.00565964053009082,0.02796536847385233,-0.02148009341012091,0.04939068023067428,-0.00659377806245942,0.00611348289001689,0.00835006363580603,0.0020908945587692,-0.00368871321595332,-0.00800666232780233,0.00557827483213735,-1.9985756720597436e-4,0.00360163379814437,0.08667935320370823,-0.01744841344408865,-0.05922653312058479,-0.09229324867530052,0.05902997428604895,-0.07891066699605798,0.16000000000000014,0.2200000000000002,0.1599999999999997,0.1200000000000001,0.2400000000000002,0.21999999999999975,0.01000000000000023,0.16999999999999993,0.29000000000000004,-0.02000000000000001,0.21999999999999975,0.25,-0.07000000000000028,0.08000000000000007,0.2599999999999998,-0.05999999999999961,0.08000000000000007,0.17999999999999972,-0.04999999999999982,0.07000000000000028,0.21999999999999975,0.04000000000000003,0.03000000000000025,0.09999999999999964,-0.0699999999999994,0.08999999999999986,0.2699999999999996,0.07000000000000028,0.00999999999999978,0.08999999999999986,0.01976507065517463,0.03738914840433871,-0.02809257149701949,0.00134683453072614,0.00165950718850904,0.01649043963527763,10.9238,11.6061,14.5823,11.959,11.9852,10.489,9.900000000000006,7.399999999999992,-2.700000000000003,-12.199999999999989,-7.400000000000006,0.5,0.5799999999999996,0.6600000000000001,0.75,0.7800000000000002,0.8199999999999998,0.9599999999999996,0.9500000000000002,0.9699999999999998,0.9500000000000002,0.9000000000000004,0.8700000000000001,0.8900000000000006
2006 Q1,2006 Q2,1,0.25841857488995146,1.3364138447713003,0.00427371399375609,0.00518196902468304,0.0121169049875025,0.00347609991829145,0.00655181885345435,0.00581691349245439,0.00209830382827913,0.00209047808695572,0.00517773508681429,0.00389479625633892,0.00294347022318763,0.00269132427934781,0.00225211465974606,4.215001803382634e-4,0.00157660020091565,0.0051516935642315,0.01117751662149491,0.01206432940721047,0.00168488988374271,0.00236725505382828,0.0052405420678312,0.00573677515453674,0.01364342485327441,-1.1836370644324744e-4,0.00384251915887823,-0.00758739654067319,0.02833594700334707,5.179410781241955e-4,0.00876908137010445,4.5444218005386006e-4,-0.09999999999999964,0.09999999999999964,-0.20000000000000015,-0.09999999999999964,0,0,0.03713506857886628,-0.01705071145972248,-0.06749273303500125,-0.00268287070099937,-0.10450908946760862,-0.08318283847568786,0.00224457073928618,0.00224962017302488,0.00198090121836713,0.00117709345571981,0.00264053972933986,6.612258178417818e-4,41.1,41,41,40.8,40.9,41,7.585281078639126,7.6586995582682995,7.728855823852543,7.597897950521784,7.671826797878781,7.632885505395133,7.658227526161352,7.669028288589683,7.701652362642226,7.659171367666058,7.704361167910313,7.682482446534506,0.00427395759898185,-0.00457431254015539,0.00508550480696534,-0.00101826639900437,0.00123381155746304,-0.00210491316134575,-0.0014894311335194,-0.00265647486653719,0.00224464446342942,0.00153494322432656,-0.00257491445112378,-2.6147069359439e-5,0.00556959910024268,-4.987036322425809e-4,-0.01065694395919525,0.00405450499953197,0.00886002674201957,-0.00751052995444911,6.106634632825347e-4,-0.00275217284606998,-0.0010391238934666,0.00469173009910317,-0.00560850188229089,0.00855358915186954,0.00406882518513107,-0.01675534817628055,0.01547544412488299,0.00109615879320479,-0.00121073299512985,6.834164321229963e-4,0.00100175258504275,-0.00553764320525473,0.0060392735142436,0.00503525736564558,-0.00654317421332262,-0.01216664417249635,-0.04772890514881567,0.00904198163658165,-0.03529023425675692,0.02796536847385233,-0.02148009341012091,0.04939068023067428,0.00133791455070308,-0.00423767817978859,0.00483605778571849,0.0020908945587692,-0.00368871321595332,-0.00800666232780233,0.0814514365018777,-0.1584576911348501,0.07820659734309299,0.08667935320370823,-0.01744841344408865,-0.05922653312058479,0.09999999999999964,0.20000000000000015,0.1299999999999999,0.16000000000000014,0.2200000000000002,0.1599999999999997,0.08000000000000007,0.1899999999999995,0.3500000000000001,0.01000000000000023,0.16999999999999993,0.29000000000000004,0.14999999999999947,0.15000000000000036,-0.04999999999999982,-0.07000000000000028,0.08000000000000007,0.2599999999999998,0.1800000000000006,0.05999999999999961,-0.08000000000000007,-0.04999999999999982,0.07000000000000028,0.21999999999999975,0.14000000000000057,0.02999999999999936,-0.08000000000000007,-0.0699999999999994,0.08999999999999986,0.2699999999999996,0.01329778892412747,-0.00162793827874097,0.01311416779504259,0.01976507065517463,0.03738914840433871,-0.02809257149701949,11.1908,11.8673,11.7115,10.9238,11.6061,14.5823,2.200000000000003,-4.5,-0.29999999999999716,9.900000000000006,7.399999999999992,-2.700000000000003,0.20999999999999996,0.14000000000000057,0.17999999999999972,0.5799999999999996,0.6600000000000001,0.75,0.8799999999999999,0.92,0.9500000000000002,0.9500000000000002,0.9699999999999998,0.9500000000000002
2006 Q2,2006 Q3,1,0.14984360400802643,0.25841857488995146,0.0012310897807044,-7.6233183683172e-4,5.225742562355862e-4,0.00427371399375609,0.00518196902468304,0.0121169049875025,5.463585340521604e-4,0.00167736328709366,0.0017776700164136,0.00209830382827913,0.00209047808695572,0.00517773508681429,0.00316140921642471,2.541145564114444e-4,0.00303207844327069,0.00225211465974606,4.215001803382634e-4,0.00157660020091565,-0.00275649301044644,0.00818454552705993,-0.00949422157154344,0.00168488988374271,0.00236725505382828,0.0052405420678312,0.00544818722339535,-0.00338502757552561,0.0049110316063512,0.00384251915887823,-0.00758739654067319,0.02833594700334707,0,-0.10000000000000052,0,-0.09999999999999964,0.09999999999999964,-0.20000000000000015,-0.085441678663571,0.09168041175374596,0.00611218554383441,0.03713506857886628,-0.01705071145972248,-0.06749273303500125,6.309981719656577e-4,3.009649251772828e-4,0.00126357255171605,0.00224457073928618,0.00224962017302488,0.00198090121836713,41.2,41.2,41.2,41.1,41,41,7.496652438168283,7.571473648851271,7.507141079727608,7.585281078639126,7.6586995582682995,7.728855823852543,7.532088143541722,7.552237287560802,7.599901959208498,7.658227526161352,7.669028288589683,7.701652362642226,-0.01273257851194564,0.00549202708561313,-0.00477842686956986,0.00427395759898185,-0.00457431254015539,0.00508550480696534,0.00457761254352817,-0.00454063169335583,0.00337999400313115,-0.0014894311335194,-0.00265647486653719,0.00224464446342942,-0.00443903210743279,0.00530446980289056,-0.00755124227961179,0.00556959910024268,-4.987036322425809e-4,-0.01065694395919525,-0.00259048596545508,0.001110780753514,0.0057125822635351,6.106634632825347e-4,-0.00275217284606998,-0.0010391238934666,-0.00857604652687626,-0.0020420362736786,-8.831753571900691e-4,0.00406882518513107,-0.01675534817628055,0.01547544412488299,-5.043015696912789e-4,-0.00200993853706865,0.00349163248649109,0.00100175258504275,-0.00553764320525473,0.0060392735142436,-0.20571934487251564,-0.00323523137417325,0.14175085523676945,-0.04772890514881567,0.00904198163658165,-0.03529023425675692,-2.1999817051021608e-4,-0.00195168538673673,0.00269794910123266,0.00133791455070308,-0.00423767817978859,0.00483605778571849,-0.01749572523920051,-0.08473305784898422,0.08211327301178883,0.0814514365018777,-0.1584576911348501,0.07820659734309299,0.04999999999999982,0.15000000000000036,0.20000000000000015,0.09999999999999964,0.20000000000000015,0.1299999999999999,0.07000000000000028,0.1200000000000001,0.08999999999999986,0.08000000000000007,0.1899999999999995,0.3500000000000001,0,0.1200000000000001,0.27000000000000046,0.14999999999999947,0.15000000000000036,-0.04999999999999982,-0.0600000000000005,0.11000000000000032,0.3099999999999996,0.1800000000000006,0.05999999999999961,-0.08000000000000007,0.03000000000000025,0.07000000000000028,0.2699999999999996,0.14000000000000057,0.02999999999999936,-0.08000000000000007,-0.02897362918904011,-0.00938213333792692,0.00649485508637592,0.01329778892412747,-0.00162793827874097,0.01311416779504259,15.8913,13.4881,11.1636,11.1908,11.8673,11.7115,5.800000000000011,-8.300000000000011,-1.5,2.200000000000003,-4.5,-0.29999999999999716,0.3200000000000003,0.39000000000000057,0.39000000000000057,0.20999999999999996,0.14000000000000057,0.17999999999999972,0.8900000000000006,0.7999999999999998,0.8399999999999999,0.8799999999999999,0.92,0.9500000000000002
2006 Q3,2006 Q4,1,0.8557775565416037,0.14984360400802643,0.00588529109336555,-9.572583342691844e-4,-8.178099617115464e-4,0.0012310897807044,-7.6233183683172e-4,5.225742562355862e-4,0.00618120569559188,-0.00332473239939368,0.00562829423809496,5.463585340521604e-4,0.00167736328709366,0.0017776700164136,-0.00166296235693952,0.00437913887833385,-5.127465055316804e-4,0.00316140921642471,2.541145564114444e-4,0.00303207844327069,-1.81281080932294e-4,0.00559196573138365,-0.00435035632757774,-0.00275649301044644,0.00818454552705993,-0.00949422157154344,-0.00580534613643735,0.0038825858719579902,0.00319050349551197,0.00544818722339535,-0.00338502757552561,0.0049110316063512,-0.20000000000000015,0,0.10000000000000052,0,-0.10000000000000052,0,0.0061860773050153,-0.01437509944570436,0.04261416830441078,-0.085441678663571,0.09168041175374596,0.00611218554383441,9.944356300959356e-4,0.00120048912383374,0.00142195403342526,6.309981719656577e-4,3.009649251772828e-4,0.00126357255171605,41.1,41.1,41.4,41.2,41.2,41.2,7.450079569807499,7.408530566894626,7.459914766241105,7.496652438168283,7.571473648851271,7.507141079727608,7.411556287811163,7.451241684987676,7.47477218239787,7.532088143541722,7.552237287560802,7.599901959208498,-0.00584626043980396,0.00218356590144175,0.00635916323909935,-0.01273257851194564,0.00549202708561313,-0.00477842686956986,-6.246161540985895e-4,-0.00152300600669263,5.059532541604739e-4,0.00457761254352817,-0.00454063169335583,0.00337999400313115,0.00308472250498148,-0.00111213551099265,-8.622889041873805e-4,-0.00443903210743279,0.00530446980289056,-0.00755124227961179,-0.01910110477129478,0.00776940309299689,-0.00334415039523694,-0.00259048596545508,0.001110780753514,0.0057125822635351,-1.515707864196969e-4,8.388411746960145e-4,0.01028578556266879,-0.00857604652687626,-0.0020420362736786,-8.831753571900691e-4,-0.00934472302845179,-0.00101026495540423,0.00295536363849713,-5.043015696912789e-4,-0.00200993853706865,0.00349163248649109,-0.0137101091973486,-0.04669298407713107,0.1043317338437939,-0.20571934487251564,-0.00323523137417325,0.14175085523676945,-0.00576460750706786,-2.7000886300143634e-4,9.489423656416918e-4,-2.1999817051021608e-4,-0.00195168538673673,0.00269794910123266,-0.11584816741074988,-0.06592020662030684,0.04719211475199803,-0.01749572523920051,-0.08473305784898422,0.08211327301178883,0,0.00999999999999978,0.25,0.04999999999999982,0.15000000000000036,0.20000000000000015,-0.15000000000000036,0.00999999999999978,0.16000000000000014,0.07000000000000028,0.1200000000000001,0.08999999999999986,-0.16000000000000014,-0.20999999999999996,-0.02000000000000046,0,0.1200000000000001,0.27000000000000046,-0.16999999999999993,-0.16999999999999993,-0.04000000000000003,-0.0600000000000005,0.11000000000000032,0.3099999999999996,-0.16000000000000014,-0.16999999999999993,-0.02000000000000046,0.03000000000000025,0.07000000000000028,0.2699999999999996,0.02348767609243385,0.02112829292352636,0.00562583792309734,-0.02897362918904011,-0.00938213333792692,0.00649485508637592,11.397,12.5604,14.522,15.8913,13.4881,11.1636,3.4000000000000057,-2.700000000000003,-0.20000000000000284,5.800000000000011,-8.300000000000011,-1.5,-0.08999999999999986,-0.08000000000000007,0.13999999999999968,0.3200000000000003,0.39000000000000057,0.39000000000000057,0.92,0.91,0.91,0.8900000000000006,0.7999999999999998,0.8399999999999999
2006 Q4,2007 Q1,1,0.3003840617131104,0.8557775565416037,0.00584437202578058,0.00503074090942057,0.00532940350671395,0.00588529109336555,-9.572583342691844e-4,-8.178099617115464e-4,0.00578126050310068,3.5944502076468154e-4,0.00431141268921475,0.00618120569559188,-0.00332473239939368,0.00562829423809496,0.01014174709668935,-4.204326283367976e-4,-0.00114747595612652,-0.00166296235693952,0.00437913887833385,-5.127465055316804e-4,0.01586853423965983,5.795636476175758e-4,7.249272301095289e-4,-1.81281080932294e-4,0.00559196573138365,-0.00435035632757774,0.01200043195263766,0.00307473317010575,-5.838168974339197e-4,-0.00580534613643735,0.0038825858719579902,0.00319050349551197,-0.09999999999999964,0.09999999999999964,-0.09999999999999964,-0.20000000000000015,0,0.10000000000000052,-0.00692044284457438,0.03350527665563518,-0.0022162427941037,0.0061860773050153,-0.01437509944570436,0.04261416830441078,0.00137071218282436,0.00156987622920112,1.2423495037339194e-4,9.944356300959356e-4,0.00120048912383374,0.00142195403342526,41.1,41,41.1,41.1,41.1,41.4,7.407924322559599,7.358830898342354,7.307202314764738,7.450079569807499,7.408530566894626,7.459914766241105,7.401231264413015,7.336285660021297,7.358830898342354,7.411556287811163,7.451241684987676,7.47477218239787,-0.00343342470207463,-0.00395010535936624,0.0101611828474688,-0.00584626043980396,0.00218356590144175,0.00635916323909935,0.00102028104730678,-0.00200866593635495,0.0031316217011259,-6.246161540985895e-4,-0.00152300600669263,5.059532541604739e-4,0.00344064215577954,0.00934761258880723,-0.00160479357881726,0.00308472250498148,-0.00111213551099265,-8.622889041873805e-4,0.00273347534268797,-0.00152170526978423,0.00995155170951278,-0.01910110477129478,0.00776940309299689,-0.00334415039523694,0.00248062652289071,0.00449355044761468,-0.00554460631218844,-1.515707864196969e-4,8.388411746960145e-4,0.01028578556266879,0.0049355991027209,0.00494291848064953,4.711026733597023e-4,-0.00934472302845179,-0.00101026495540423,0.00295536363849713,-0.0113936440659419,-0.00525733257591376,0.04113978544165508,-0.0137101091973486,-0.04669298407713107,0.1043317338437939,0.00320380568952582,0.00270075424156956,2.6467826805820494e-4,-0.00576460750706786,-2.7000886300143634e-4,9.489423656416918e-4,0.03554151684048001,0.08963586701483894,0.05294607747033453,-0.11584816741074988,-0.06592020662030684,0.04719211475199803,-0.00999999999999978,0,0,0,0.00999999999999978,0.25,-0.09000000000000075,0.02000000000000046,0.11000000000000032,-0.15000000000000036,0.00999999999999978,0.16000000000000014,-0.04000000000000003,-0.13000000000000078,0.01000000000000067,-0.16000000000000014,-0.20999999999999996,-0.02000000000000046,-0.00999999999999978,-0.17999999999999972,0,-0.16999999999999993,-0.16999999999999993,-0.04000000000000003,0.01999999999999957,-0.21999999999999975,-0.00999999999999978,-0.16000000000000014,-0.16999999999999993,-0.02000000000000046,0.0198077105471226,0.01835794028417314,0.0340487625980872,0.02348767609243385,0.02112829292352636,0.00562583792309734,10.499,10.4842,10.7972,11.397,12.5604,14.522,-0.3999999999999915,-1.5,8.199999999999989,3.4000000000000057,-2.700000000000003,-0.20000000000000284,-0.29000000000000004,-0.34000000000000075,-0.1899999999999995,-0.08999999999999986,-0.08000000000000007,0.13999999999999968,0.8999999999999995,0.8700000000000001,0.91,0.92,0.91,0.91
2007 Q1,2007 Q2,1,0.6098982914680917,0.3003840617131104,0.00375773873366469,0.00434515491162734,0.00178869657302271,0.00584437202578058,0.00503074090942057,0.00532940350671395,0.00111701317568968,-2.4965375531582623e-4,0.00197515651286472,0.00578126050310068,3.5944502076468154e-4,0.00431141268921475,0.00177861544930291,0.00937846930767438,-0.00338886599431642,0.01014174709668935,-4.204326283367976e-4,-0.00114747595612652,0.00125333895984169,0.00598224181076112,-0.00611752905941465,0.01586853423965983,5.795636476175758e-4,7.249272301095289e-4,0.00801725060822811,0.00211416866026681,-0.0016148082800278,0.01200043195263766,0.00307473317010575,-5.838168974339197e-4,-0.09999999999999964,-0.09999999999999964,0.1999999999999993,-0.09999999999999964,0.09999999999999964,-0.09999999999999964,-0.04224309158778716,0.01718792313225492,-0.02105340919783138,-0.00692044284457438,0.03350527665563518,-0.0022162427941037,0.00162707960643437,6.253863418752559e-4,0.00162346561769233,0.00137071218282436,0.00156987622920112,1.2423495037339194e-4,41.3,40.9,41,41.1,41,41.1,7.309881485824787,7.299797366758161,7.25063551189868,7.407924322559599,7.358830898342354,7.307202314764738,7.375255778009755,7.37650812632622,7.3938782901077555,7.401231264413015,7.336285660021297,7.358830898342354,0.00892726745941807,-0.01008763692551184,0.0067935507914596,-0.00343342470207463,-0.00395010535936624,0.0101611828474688,0.00249523354498037,-0.0031356956436781,-6.967671463105063e-4,0.00102028104730678,-0.00200866593635495,0.0031316217011259,0.00474881951469363,8.33811162788578e-4,-0.01653327698973417,0.00344064215577954,0.00934761258880723,-0.00160479357881726,-0.00155718515982972,0.00249152214186043,-0.0024464379084037,0.00273347534268797,-0.00152170526978423,0.00995155170951278,0.00185874738414604,0.0058062961599905,-0.00782213423649835,0.00248062652289071,0.00449355044761468,-0.00554460631218844,0.00131579835966011,0.00221294307730701,-0.00377286512890151,0.0049355991027209,0.00494291848064953,4.711026733597023e-4,0.03768071823280827,0.01898739731373933,-0.00911343910838002,-0.0113936440659419,-0.00525733257591376,0.04113978544165508,5.49396281167347e-4,-2.330682327444933e-4,-2.117699478496604e-4,0.00320380568952582,0.00270075424156956,2.6467826805820494e-4,-0.06075019396350312,0.21058411873416372,-0.17196294848932814,0.03554151684048001,0.08963586701483894,0.05294607747033453,0,0.00999999999999978,0.00999999999999978,-0.00999999999999978,0,0,-0.08999999999999986,0.04999999999999982,0.13000000000000078,-0.09000000000000075,0.02000000000000046,0.11000000000000032,-0.16000000000000014,-0.04000000000000003,0.20000000000000015,-0.04000000000000003,-0.13000000000000078,0.01000000000000067,-0.08999999999999986,-0.01000000000000067,0.08000000000000007,-0.00999999999999978,-0.17999999999999972,0,-0.01000000000000067,-0.05999999999999961,0.1200000000000001,0.01999999999999957,-0.21999999999999975,-0.00999999999999978,-0.02654666278247308,0.01438873745209967,0.0054496047675645,0.0198077105471226,0.01835794028417314,0.0340487625980872,14.9213,10.9205,10.627,10.499,10.4842,10.7972,-2.8999999999999915,-5.6000000000000085,5.200000000000003,-0.3999999999999915,-1.5,8.199999999999989,-0.3800000000000008,-0.3100000000000005,-0.22000000000000064,-0.29000000000000004,-0.34000000000000075,-0.1899999999999995,0.9699999999999998,0.8900000000000006,0.9399999999999996,0.8999999999999995,0.8700000000000001,0.91
2007 Q2,2007 Q3,1,0.5743731109307149,0.6098982914680917,-3.948760156955444e-4,5.195717435917402e-4,0.00158896438870925,0.00375773873366469,0.00434515491162734,0.00178869657302271,4.738943453475031e-5,0.00147018747655369,9.615328285166314e-4,0.00111701317568968,-2.4965375531582623e-4,0.00197515651286472,5.768477837078123e-4,9.559214748104948e-4,0.00670031990175257,0.00177861544930291,0.00937846930767438,-0.00338886599431642,-0.0011383288098905,0.00666953497944256,-0.00172577270331508,0.00125333895984169,0.00598224181076112,-0.00611752905941465,-0.00788314634168863,0.01253537872925747,-0.00237612180148616,0.00801725060822811,0.00211416866026681,-0.0016148082800278,0.1999999999999993,-0.09999999999999964,0.09999999999999964,-0.09999999999999964,-0.09999999999999964,0.1999999999999993,0.03535762611608817,-0.05125220890920801,0.03446700263787861,-0.04224309158778716,0.01718792313225492,-0.02105340919783138,5.506009658695632e-4,0.00107309373039399,4.571395479917584e-4,0.00162707960643437,6.253863418752559e-4,0.00162346561769233,41.4,41.1,41.3,41.3,40.9,41,7.277938572945661,7.254884810077338,7.306531398939505,7.309881485824787,7.299797366758161,7.25063551189868,7.249215057114389,7.30854279753919,7.293017679772782,7.375255778009755,7.37650812632622,7.3938782901077555,-0.01134174108210839,-0.00627815828778022,0.00581587253389148,0.00892726745941807,-0.01008763692551184,0.0067935507914596,0.0026481031646437,-0.00814544611837497,0.00532287086579508,0.00249523354498037,-0.0031356956436781,-6.967671463105063e-4,-0.00146031841553195,7.204094234642966e-4,0.00145794222692696,0.00474881951469363,8.33811162788578e-4,-0.01653327698973417,6.659144135632289e-4,0.00564933375204024,6.952354391120963e-5,-0.00155718515982972,0.00249152214186043,-0.0024464379084037,-8.128701425835771e-4,4.148783265254252e-4,-0.00190356897055821,0.00185874738414604,0.0058062961599905,-0.00782213423649835,-0.00181040447746472,0.00112830717492506,-0.00219047801120098,0.00131579835966011,0.00221294307730701,-0.00377286512890151,-0.01694337078380226,-0.08645895465818931,0.04583137657921377,0.03768071823280827,0.01898739731373933,-0.00911343910838002,-7.823902187942267e-4,5.505528114078118e-4,-0.00130170713829791,5.49396281167347e-4,-2.330682327444933e-4,-2.117699478496604e-4,0.06942590882971444,-0.06278405163984857,0.03307954734907703,-0.06075019396350312,0.21058411873416372,-0.17196294848932814,0,0,-0.00999999999999978,0,0.00999999999999978,0.00999999999999978,-0.1200000000000001,-0.13999999999999968,-0.07000000000000028,-0.08999999999999986,0.04999999999999982,0.13000000000000078,0.34999999999999964,0.05999999999999961,0.13000000000000078,-0.16000000000000014,-0.04000000000000003,0.20000000000000015,0.3200000000000003,0,0.16999999999999993,-0.08999999999999986,-0.01000000000000067,0.08000000000000007,0.3100000000000005,0,0.1200000000000001,-0.01000000000000067,-0.05999999999999961,0.1200000000000001,0.00201630964775123,0.03193784920909603,0.03950224276289926,-0.02654666278247308,0.01438873745209967,0.0054496047675645,14.8819,12.965,12.246,14.9213,10.9205,10.627,-3,1.2000000000000028,-1.3000000000000114,-2.8999999999999915,-5.6000000000000085,5.200000000000003,0.4899999999999993,0.01999999999999957,-0.17999999999999972,-0.3800000000000008,-0.3100000000000005,-0.22000000000000064,0.91,0.92,0.92,0.9699999999999998,0.8900000000000006,0.9399999999999996
2007 Q3,2007 Q4,1,0.6262715512194816,0.5743731109307149,0.00135644897368258,-6.429628425941303e-5,6.915287356257238e-4,-3.948760156955444e-4,5.195717435917402e-4,0.00158896438870925,8.464713234239696e-4,0.00420770381953783,0.00304007331579203,4.738943453475031e-5,0.00147018747655369,9.615328285166314e-4,0.00222012678441796,0.00192403938484897,-0.00120025670999268,5.768477837078123e-4,9.559214748104948e-4,0.00670031990175257,4.84396633426698e-4,0.01247382573840738,-0.0059762921721358,-0.0011383288098905,0.00666953497944256,-0.00172577270331508,0.00412154457881008,0.00525471057997783,0.0042548304919574,-0.00788314634168863,0.01253537872925747,-0.00237612180148616,0.10000000000000052,-0.10000000000000052,0.10000000000000052,0.1999999999999993,-0.09999999999999964,0.09999999999999964,-0.02084066587185162,0.02131940201759441,-0.00620576420754659,0.03535762611608817,-0.05125220890920801,0.03446700263787861,6.374178997052837e-4,-2.245912991192256e-4,-1.8108528079530117e-4,5.506009658695632e-4,0.00107309373039399,4.571395479917584e-4,41.3,41.3,41.3,41.4,41.1,41.3,7.075808863978387,7.1929342212158,7.21081845347222,7.277938572945661,7.254884810077338,7.306531398939505,7.13966033596492,7.186144304522325,7.215975002651466,7.249215057114389,7.30854279753919,7.293017679772782,-0.00371103943880157,6.47254181942003e-4,0.01186719190273066,-0.01134174108210839,-0.00627815828778022,0.00581587253389148,-0.00788616874489278,0.00611333456057572,-3.349674212227427e-4,0.0026481031646437,-0.00814544611837497,0.00532287086579508,-0.00349953920584322,-0.00120888052547929,2.380245125346292e-4,-0.00146031841553195,7.204094234642966e-4,0.00145794222692696,0.01279739175334793,0.00526354841551501,-0.00122218837957355,6.659144135632289e-4,0.00564933375204024,6.952354391120963e-5,-0.00144139776104879,-6.42965560601283e-4,0.0027472087620044,-8.128701425835771e-4,4.148783265254252e-4,-0.00190356897055821,0.00392036704532028,-0.00147077926656269,-5.350597127780077e-4,-0.00181040447746472,0.00112830717492506,-0.00219047801120098,0.03411285930372987,-0.05944805082545201,0.02802497810551063,-0.01694337078380226,-0.08645895465818931,0.04583137657921377,0.0031634959732969,-8.437556310711969e-4,-5.927997221926162e-4,-7.823902187942267e-4,5.505528114078118e-4,-0.00130170713829791,0.12350948708927324,-0.1190897181400734,0.03324184286095999,0.06942590882971444,-0.06278405163984857,0.03307954734907703,-0.07999999999999918,-0.2400000000000002,0.00999999999999978,0,0,-0.00999999999999978,-0.31000000000000005,-0.6200000000000001,0.20999999999999996,-0.1200000000000001,-0.13999999999999968,-0.07000000000000028,-0.15000000000000036,-0.33000000000000007,-0.09999999999999964,0.34999999999999964,0.05999999999999961,0.13000000000000078,-0.04999999999999982,0.05999999999999961,-0.05999999999999961,0.3200000000000003,0,0.16999999999999993,-0.0600000000000005,0,-0.04999999999999982,0.3100000000000005,0,0.1200000000000001,0.02879856441729167,-0.04443263293346522,0.00429668854378206,0.00201630964775123,0.03193784920909603,0.03950224276289926,22.1821,25.12,17.2476,14.8819,12.965,12.246,0,-7,5.1000000000000085,-3,1.2000000000000028,-1.3000000000000114,0.6299999999999994,0.46999999999999975,0.17999999999999972,0.4899999999999993,0.01999999999999957,-0.17999999999999972,0.8499999999999996,0.8600000000000003,0.92,0.91,0.92,0.92
2007 Q4,2008 Q1,1,-0.42767755900321447,0.6262715512194816,0.00427248995214668,-6.53059318159066e-4,-0.00125156189916353,0.00135644897368258,-6.429628425941303e-5,6.915287356257238e-4,-6.32963344425086e-4,0.00208795280602736,7.870455071863347e-4,8.464713234239696e-4,0.00420770381953783,0.00304007331579203,3.4876070631284506e-4,0.00532071179671422,-0.00282406121451472,0.00222012678441796,0.00192403938484897,-0.00120025670999268,-0.00817867224535184,-0.00243066179988638,0.00529860192752096,4.84396633426698e-4,0.01247382573840738,-0.0059762921721358,-0.01141133567696428,0.00935925910362733,0.00585394163183217,0.00412154457881008,0.00525471057997783,0.0042548304919574,0.2999999999999998,0,0,0.10000000000000052,-0.10000000000000052,0.10000000000000052,0.03566586737088428,0.02333564678029809,0.04629518326098569,-0.02084066587185162,0.02131940201759441,-0.00620576420754659,7.517547320627926e-4,8.246886182927682e-4,5.50170494335589e-4,6.374178997052837e-4,-2.245912991192256e-4,-1.8108528079530117e-4,41.1,41.3,41.2,41.3,41.3,41.3,6.9440872082295275,7.087573705557973,7.142036574706803,7.075808863978387,7.1929342212158,7.21081845347222,7.046647277848756,7.1098794630722715,7.083387847625295,7.13966033596492,7.186144304522325,7.215975002651466,0.00669054705332516,-0.00821080546221075,0.00312197604877706,-0.00371103943880157,6.47254181942003e-4,0.01186719190273066,6.298781497111605e-4,0.00139214088089367,-4.232748791270779e-4,-0.00788616874489278,0.00611333456057572,-3.349674212227427e-4,-0.00290295410891872,0.00444099366475025,0.00458730399599005,-0.00349953920584322,-0.00120888052547929,2.380245125346292e-4,0.00281016347290385,-0.00470698871755104,-0.01346575429511709,0.01279739175334793,0.00526354841551501,-0.00122218837957355,7.143936120215244e-4,-0.0027451418113138,6.209784746573632e-4,-0.00144139776104879,-6.42965560601283e-4,0.0027472087620044,-0.0049343406799247,0.00474966968177437,-0.00115010584433949,0.00392036704532028,-0.00147077926656269,-5.350597127780077e-4,0.01085936528906383,-0.06888275149656131,0.03906776710100868,0.03411285930372987,-0.05944805082545201,0.02802497810551063,-0.00297854569900479,0.00226043775496798,-8.160666726251264e-4,0.0031634959732969,-8.437556310711969e-4,-5.927997221926162e-4,-0.12421808321479232,0.01767976650163394,-0.02356415730115735,0.12350948708927324,-0.1190897181400734,0.03324184286095999,-0.25,-0.2699999999999996,-0.1800000000000006,-0.07999999999999918,-0.2400000000000002,0.00999999999999978,-0.27,-0.6299999999999999,0.00999999999999978,-0.31000000000000005,-0.6200000000000001,0.20999999999999996,-0.05000000000000071,-0.3799999999999999,0.01000000000000067,-0.15000000000000036,-0.33000000000000007,-0.09999999999999964,0.04999999999999982,-0.21999999999999975,-0.08000000000000007,-0.04999999999999982,0.05999999999999961,-0.05999999999999961,0.25,-0.08000000000000007,-0.10999999999999945,-0.0600000000000005,0,-0.04999999999999982,0.01075925977866099,-0.05080595078666139,0.02801835028397281,0.02879856441729167,-0.04443263293346522,0.00429668854378206,23.0965,26.6571,18.8595,22.1821,25.12,17.2476,-0.5999999999999943,-4.800000000000011,-2.5,0,-7,5.1000000000000085,1.0999999999999996,0.8800000000000003,0.6300000000000003,0.6299999999999994,0.46999999999999975,0.17999999999999972,1.16,0.96,0.8200000000000003,0.8499999999999996,0.8600000000000003,0.92
2008 Q1,2008 Q2,1,0.5936625931315831,-0.42767755900321447,0.0011895918823086,0.00103900727528127,0.00117123124199558,0.00427248995214668,-6.53059318159066e-4,-0.00125156189916353,0.0024916858794759,-0.00346551574741482,-1.6416702859345378e-4,-6.32963344425086e-4,0.00208795280602736,7.870455071863347e-4,-0.00305048880108227,-0.00392967089813467,-0.00132437340096824,3.4876070631284506e-4,0.00532071179671422,-0.00282406121451472,-0.01334191898630798,-0.0096030963049607,0.00501531811766931,-0.00817867224535184,-0.00243066179988638,0.00529860192752096,0.00284660615372089,-0.00886410887204114,0.00217729945662092,-0.01141133567696428,0.00935925910362733,0.00585394163183217,0.1999999999999993,-0.09999999999999964,0,0.2999999999999998,0,0,0.04690009676713025,0.02334168700102878,-0.02751465514017681,0.03566586737088428,0.02333564678029809,0.04629518326098569,-5.061753499440158e-4,-4.62564785385311e-4,-2.890319597348423e-5,7.517547320627926e-4,8.246886182927682e-4,5.50170494335589e-4,41.3,41.1,41.1,41.1,41.3,41.2,6.912742820493176,7.005789019253503,6.988413181999592,6.9440872082295275,7.087573705557973,7.142036574706803,6.874198495453294,6.921658184151129,6.9975959829819265,7.046647277848756,7.1098794630722715,7.083387847625295,0.00403687530819141,-0.00116815469068143,0.00196035374262137,0.00669054705332516,-0.00821080546221075,0.00312197604877706,-0.0027985979926548,0.0069611993490728,4.2268006665757696e-4,6.298781497111605e-4,0.00139214088089367,-4.232748791270779e-4,0.00553575410249695,0.00658943780903786,-0.01138460003900654,-0.00290295410891872,0.00444099366475025,0.00458730399599005,0.00927774735121733,-0.01032321250284251,-8.626609936577267e-4,0.00281016347290385,-0.00470698871755104,-0.01346575429511709,6.630142111738735e-4,0.00284992287854102,-7.688813884119128e-4,7.143936120215244e-4,-0.0027451418113138,6.209784746573632e-4,0.00115673325529108,-0.00102686672971952,5.479519642248576e-4,-0.0049343406799247,0.00474966968177437,-0.00115010584433949,-0.0169610418895898,0.07488368962229419,0.04516771939058195,0.01085936528906383,-0.06888275149656131,0.03906776710100868,8.651433741366787e-4,-5.266670535615248e-4,2.1010469082050065e-4,-0.00297854569900479,0.00226043775496798,-8.160666726251264e-4,0.0762325617097197,0.01228038323308666,0.04423162532732672,-0.12421808321479232,0.01767976650163394,-0.02356415730115735,-0.3700000000000001,-0.96,-0.30000000000000027,-0.25,-0.2699999999999996,-0.1800000000000006,-0.8600000000000001,-0.6299999999999999,-0.25,-0.27,-0.6299999999999999,0.00999999999999978,-0.23000000000000043,0,-0.35999999999999943,-0.05000000000000071,-0.3799999999999999,0.01000000000000067,-0.02000000000000046,0.20000000000000015,-0.16000000000000014,0.04999999999999982,-0.21999999999999975,-0.08000000000000007,0.0699999999999994,0.28000000000000025,-0.11000000000000032,0.25,-0.08000000000000007,-0.10999999999999945,-0.02839464513284362,-0.01747903573615605,-0.07033037731565628,0.01075925977866099,-0.05080595078666139,0.02801835028397281,29.009,27.1565,28.1161,23.0965,26.6571,18.8595,-1.2999999999999972,-7.600000000000008,2.9000000000000057,-0.5999999999999943,-4.800000000000011,-2.5,2.25,1.62,0.9900000000000002,1.0999999999999996,0.8800000000000003,0.6300000000000003,1.38,1.29,1.21,1.16,0.96,0.8200000000000003
2008 Q2,2008 Q3,1,-0.5266423802783748,0.5936625931315831,-0.02432054567191777,0.04152739093576052,-0.00282938123139864,0.0011895918823086,0.00103900727528127,0.00117123124199558,-0.00184996598711162,0.00186168553825272,0.00161861678820862,0.0024916858794759,-0.00346551574741482,-1.6416702859345378e-4,-0.00233548732249655,-0.00607620518403351,-0.00647295579012574,-0.00305048880108227,-0.00392967089813467,-0.00132437340096824,-0.0013377731630122,-0.00693712517688283,0.01013866700601795,-0.01334191898630798,-0.0096030963049607,0.00501531811766931,0.00182044894078892,0.00938251609558804,-9.534508517017316e-4,0.00284660615372089,-0.00886410887204114,0.00217729945662092,0.1999999999999993,0.4000000000000003,-0.09999999999999964,0.1999999999999993,-0.09999999999999964,0,0.04387077736961409,0.02010256322120796,-0.01078997880096821,0.04690009676713025,0.02334168700102878,-0.02751465514017681,-0.00111051040449261,-0.00135561786542837,-0.00158526246123358,-5.061753499440158e-4,-4.62564785385311e-4,-2.890319597348423e-5,41,41,41.2,41.3,41.1,41.1,6.952728644624869,6.880384082186005,6.920671504248683,6.912742820493176,7.005789019253503,6.988413181999592,7.07326971745971,6.902742737158593,6.915723448631314,6.874198495453294,6.921658184151129,6.9975959829819265,0.00656939202242323,-5.060076777283484e-4,-0.00405236869728042,0.00403687530819141,-0.00116815469068143,0.00196035374262137,7.724010666496639e-4,-0.0038804506675393902,-0.00311641690064057,-0.0027985979926548,0.0069611993490728,4.2268006665757696e-4,0.00116183664083902,0.00877274978565623,-0.00757753908424785,0.00553575410249695,0.00658943780903786,-0.01138460003900654,0.00364053249435514,-0.01235800465926395,-0.00162624457158777,0.00927774735121733,-0.01032321250284251,-8.626609936577267e-4,-0.00141584236355463,-0.00125717743606301,-0.00149865851765262,6.630142111738735e-4,0.00284992287854102,-7.688813884119128e-4,0.00452366672904247,0.00358834510261552,-0.00125993492723708,0.00115673325529108,-0.00102686672971952,5.479519642248576e-4,0.00930503537784144,-0.05230383424054352,-0.05707960830396086,-0.0169610418895898,0.07488368962229419,0.04516771939058195,0.00294738854278531,0.00243283531816818,-0.00100990925729327,8.651433741366787e-4,-5.266670535615248e-4,2.1010469082050065e-4,-0.04196523463915014,0.04355789110414498,-0.03742944085710587,0.0762325617097197,0.01228038323308666,0.04423162532732672,0.02000000000000001,-0.2999999999999998,-0.33000000000000007,-0.3700000000000001,-0.96,-0.30000000000000027,0.13000000000000012,0.43999999999999995,0.03000000000000002,-0.8600000000000001,-0.6299999999999999,-0.25,0.21999999999999975,0.19999999999999973,0.17000000000000037,-0.23000000000000043,0,-0.35999999999999943,0.10999999999999945,0.02000000000000046,0.04000000000000003,-0.02000000000000046,0.20000000000000015,-0.16000000000000014,0.14000000000000057,-0.04000000000000003,0.08000000000000007,0.0699999999999994,0.28000000000000025,-0.11000000000000032,-0.04516758070712523,0.02361584897001201,0.03984288306310191,-0.02839464513284362,-0.01747903573615605,-0.07033037731565628,23.1914,18.7919,22.5268,29.009,27.1565,28.1161,-3.3999999999999986,-2.8000000000000043,-6.899999999999999,-1.2999999999999972,-7.600000000000008,2.9000000000000057,2.2399999999999993,2.15,2.39,2.25,1.62,0.9900000000000002,1.3900000000000006,1.3599999999999994,1.42,1.38,1.29,1.21
2008 Q3,2008 Q4,1,-2.2133412739485436,-0.5266423802783748,6.951693123795621e-4,-0.00631332696283948,-0.016256338456758,-0.02432054567191777,0.04152739093576052,-0.00282938123139864,-0.00666472186314592,-1.17768984496891e-4,-0.00482834501415041,-0.00184996598711162,0.00186168553825272,0.00161861678820862,-0.04504760056956236,-0.01582441580561067,-0.00358020406505765,-0.00233548732249655,-0.00607620518403351,-0.00647295579012574,-0.02490385622480673,-0.00737127467842846,-0.01739528633226861,-0.0013377731630122,-0.00693712517688283,0.01013866700601795,-0.01553371330267694,-0.00814803642027328,-0.00361701366477262,0.00182044894078892,0.00938251609558804,-9.534508517017316e-4,0,0.2999999999999998,0.20000000000000015,0.1999999999999993,0.4000000000000003,-0.09999999999999964,0.0691468242237665,0.08428572271805201,0.03776448753251316,0.04387077736961409,0.02010256322120796,-0.01078997880096821,-0.00327769818178147,-0.00208948454123358,-0.00145350975458491,-0.00111051040449261,-0.00135561786542837,-0.00158526246123358,40.5,40.9,41,41,41,41.2,6.709304340258298,6.7381524945959574,6.827629234502852,6.952728644624869,6.880384082186005,6.920671504248683,6.680854678790215,6.754604099487962,6.825460036255307,7.07326971745971,6.902742737158593,6.915723448631314,0.04774851984264217,-0.02136584393826357,0.00367289374399515,0.00656939202242323,-5.060076777283484e-4,-0.00405236869728042,0.00662376890548266,-0.00421729954868865,0.00367173074564242,7.724010666496639e-4,-0.0038804506675393902,-0.00311641690064057,0.0699979166917819,-0.00735260417468364,0.00149315603818234,0.00116183664083902,0.00877274978565623,-0.00757753908424785,0.01112669290582335,-0.00887645691070915,0.00474114718999096,0.00364053249435514,-0.01235800465926395,-0.00162624457158777,0.00131906992726804,-0.00365883087430063,8.107408149786721e-4,-0.00141584236355463,-0.00125717743606301,-0.00149865851765262,0.0023443109079686,-0.00860565000180013,-0.00330765340366134,0.00452366672904247,0.00358834510261552,-0.00125993492723708,-0.03848121424448614,-0.06585636600458056,0.0444141093241619,0.00930503537784144,-0.05230383424054352,-0.05707960830396086,0.00164063449570583,-0.00545183217254674,-0.00258620332043957,0.00294738854278531,0.00243283531816818,-0.00100990925729327,0.01941076965113541,-0.13115156828960117,-0.06955373198517822,-0.04196523463915014,0.04355789110414498,-0.03742944085710587,-0.18999999999999995,-0.00999999999999978,0.00999999999999978,0.02000000000000001,-0.2999999999999998,-0.33000000000000007,-0.5900000000000001,0.09000000000000008,-0.2300000000000002,0.13000000000000012,0.43999999999999995,0.03000000000000002,-0.20000000000000015,-0.11999999999999966,-0.08999999999999986,0.21999999999999975,0.19999999999999973,0.17000000000000037,0.01000000000000067,-0.03000000000000025,-0.00999999999999978,0.10999999999999945,0.02000000000000046,0.04000000000000003,0.15999999999999923,-0.00999999999999978,0.08999999999999986,0.14000000000000057,-0.04000000000000003,0.08000000000000007,-0.05166012795459362,0.01901743149552093,-0.06461158997665173,-0.04516758070712523,0.02361584897001201,0.03984288306310191,30.7233,20.9769,25.6322,23.1914,18.7919,22.5268,7.299999999999997,1.7999999999999972,4.800000000000004,-3.3999999999999986,-2.8000000000000043,-6.899999999999999,2.56,2.17,2.38,2.2399999999999993,2.15,2.39,1.6599999999999993,1.510000000000001,1.4900000000000002,1.3900000000000006,1.3599999999999994,1.42
2008 Q4,2009 Q1,1,-1.1413631359902254,-2.2133412739485436,-0.00646779416843124,0.00708878133617041,0.00674525760942579,6.951693123795621e-4,-0.00631332696283948,-0.016256338456758,-0.00291055040675924,-0.00306836261856258,-0.00154251436645758,-0.00666472186314592,-1.17768984496891e-4,-0.00482834501415041,-0.02860419685390791,-0.01328865306059334,0.0098923206082464,-0.04504760056956236,-0.01582441580561067,-0.00358020406505765,-0.00544687083738537,-0.02766414642214165,-0.00936217503353731,-0.02490385622480673,-0.00737127467842846,-0.01739528633226861,-0.02352584289965165,-0.04020080540572302,-0.03646266809020027,-0.01553371330267694,-0.00814803642027328,-0.00361701366477262,0.5,0.2999999999999998,0.4000000000000003,0,0.2999999999999998,0.20000000000000015,0.08161012929066835,0.08960314083885201,0.02395642914228268,0.0691468242237665,0.08428572271805201,0.03776448753251316,-0.00514813075326792,-0.00551804693308888,-0.00343520873969716,-0.00327769818178147,-0.00208948454123358,-0.00145350975458491,39.8,40.1,40.5,40.5,40.9,41,6.327936783729195,6.480044561926653,6.655440350367647,6.709304340258298,6.7381524945959574,6.827629234502852,6.317164686747284,6.439350371100098,6.601230118728877,6.680854678790215,6.754604099487962,6.825460036255307,0.02860690914770547,0.01926854032364833,-0.03002259275409979,0.04774851984264217,-0.02136584393826357,0.00367289374399515,0.01538455191077048,-0.00642438819809321,0.00444021358630664,0.00662376890548266,-0.00421729954868865,0.00367173074564242,-0.09394714125213356,0.01586791545741395,0.15179972671814568,0.0699979166917819,-0.00735260417468364,0.00149315603818234,-0.00423706441135074,-0.0429538249040089,0.02473553031326503,0.01112669290582335,-0.00887645691070915,0.00474114718999096,0.00125395186639565,-0.00164946872455473,-3.53256038689409e-4,0.00131906992726804,-0.00365883087430063,8.107408149786721e-4,0.00959648903873677,-0.00922847769326029,-0.00949034269923121,0.0023443109079686,-0.00860565000180013,-0.00330765340366134,0.06390853307877808,-0.00630131504755926,-0.05491640160062605,-0.03848121424448614,-0.06585636600458056,0.0444141093241619,0.00626849025181552,-0.00524550557613334,-0.00745739925603317,0.00164063449570583,-0.00545183217254674,-0.00258620332043957,-0.04817249151787894,0.01567061220950361,-0.18877315736029843,0.01941076965113541,-0.13115156828960117,-0.06955373198517822,-0.23,-0.58,-0.8400000000000001,-0.18999999999999995,-0.00999999999999978,0.00999999999999978,-0.16,-0.48,-0.45999999999999985,-0.5900000000000001,0.09000000000000008,-0.2300000000000002,-1.11,-0.28000000000000025,0.1200000000000001,-0.20000000000000015,-0.11999999999999966,-0.08999999999999986,-1.0700000000000005,-0.16000000000000014,0.6299999999999999,0.01000000000000067,-0.03000000000000025,-0.00999999999999978,-0.7800000000000011,0.33000000000000007,1.5700000000000012,0.15999999999999923,-0.00999999999999978,0.08999999999999986,-0.0062251706203309,-0.09268769254769094,-0.22804481527030163,-0.05166012795459362,0.01901743149552093,-0.06461158997665173,51.1192,62.7229,62.9648,30.7233,20.9769,25.6322,4.800000000000004,-2.3000000000000043,-12.699999999999996,7.299999999999997,1.7999999999999972,4.800000000000004,2.39,3.34,3.14,2.56,2.17,2.38,3.38,3.0900000000000007,2.6000000000000005,1.6599999999999993,1.510000000000001,1.4900000000000002
2009 Q1,2009 Q2,1,-0.178810721762801,-1.1413631359902254,-0.00241785205938072,-0.01158686889907478,-0.00937574285653575,-0.00646779416843124,0.00708878133617041,0.00674525760942579,-0.00414004946757984,-0.00411108843480967,0.0045410469982059,-0.00291055040675924,-0.00306836261856258,-0.00154251436645758,-0.01577969562595793,-0.0061041746494812,-0.02525918032014296,-0.02860419685390791,-0.01328865306059334,0.0098923206082464,-0.02084962235885612,0.00618747450469037,-0.02142928786729747,-0.00544687083738537,-0.02766414642214165,-0.00936217503353731,-0.01764073948592326,-0.00428769821971997,0.01533898937903544,-0.02352584289965165,-0.04020080540572302,-0.03646266809020027,0.3999999999999986,0.5000000000000009,0.5,0.5,0.2999999999999998,0.4000000000000003,0.02340409912904206,0.11855973472455617,0.01408473988173852,0.08161012929066835,0.08960314083885201,0.02395642914228268,-0.00620748469113507,-0.00569196921860637,-0.00571908224248396,-0.00514813075326792,-0.00551804693308888,-0.00343520873969716,39.3,39.6,39.7,39.8,40.1,40.5,6.22455842927536,6.366470447731438,6.194405391104672,6.327936783729195,6.480044561926653,6.655440350367647,6.240275845170769,6.324358962381311,6.300785794663244,6.317164686747284,6.439350371100098,6.601230118728877,0.01734265727844963,0.00196529178204318,-0.06778432215751007,0.02860690914770547,0.01926854032364833,-0.03002259275409979,0.00438444740918164,-0.00657339173825022,-0.01167412784579369,0.01538455191077048,-0.00642438819809321,0.00444021358630664,0.14524991866702397,-0.11888397296281283,-0.11742988260237208,-0.09394714125213356,0.01586791545741395,0.15179972671814568,-0.00618164115320407,0.00150387675468177,0.00152538769212995,-0.00423706441135074,-0.0429538249040089,0.02473553031326503,-7.226125825905427e-4,-1.090048670295829e-4,7.492752831446126e-4,0.00125395186639565,-0.00164946872455473,-3.53256038689409e-4,-0.00462381277271806,0.0011084678991784,0.01079517938634833,0.00959648903873677,-0.00922847769326029,-0.00949034269923121,0.09929616338422333,-0.10321903033371616,0.07281158082255157,0.06390853307877808,-0.00630131504755926,-0.05491640160062605,-0.00289120296194234,0.00167814426116397,0.00571652002202593,0.00626849025181552,-0.00524550557613334,-0.00745739925603317,0.26693252373598364,-0.08120423299156476,0.35408132110055357,-0.04817249151787894,0.01567061220950361,-0.18877315736029843,-0.04000000000000001,0.07,-0.01,-0.23,-0.58,-0.8400000000000001,-0.09,0.16999999999999998,0.1,-0.16,-0.48,-0.45999999999999985,-0.05000000000000026,0.3500000000000001,0.10000000000000007,-1.11,-0.28000000000000025,0.1200000000000001,0.23000000000000043,0.21999999999999975,0,-1.0700000000000005,-0.16000000000000014,0.6299999999999999,0.33999999999999986,-0.0600000000000005,-0.28999999999999915,-0.7800000000000011,0.33000000000000007,1.5700000000000012,-0.06159298168708016,-0.0722718515691172,-0.01374552660601935,-0.0062251706203309,-0.09268769254769094,-0.22804481527030163,45.2124,46.3349,45.5042,51.1192,62.7229,62.9648,1,-4.900000000000006,1.1000000000000014,4.800000000000004,-2.3000000000000043,-12.699999999999996,2.61,2.5700000000000003,2.39,2.39,3.34,3.14,2.92,2.8100000000000005,3.0900000000000007,3.38,3.0900000000000007,2.6000000000000005
2009 Q2,2009 Q3,1,0.3505771547139602,-0.178810721762801,-0.01720854047442976,0.01303145776667236,0.00225450079086186,-0.00241785205938072,-0.01158686889907478,-0.00937574285653575,2.758968163414366e-4,9.122007474049454e-4,-0.00148789909737789,-0.00414004946757984,-0.00411108843480967,0.0045410469982059,-0.00377593604375103,-0.01015091093002418,-0.0083251150630712,-0.01577969562595793,-0.0061041746494812,-0.02525918032014296,-0.00158212309262317,4.308992277710644e-4,-0.0078180993806125,-0.02084962235885612,0.00618747450469037,-0.02142928786729747,0.01582466074080635,0.00825387669095789,0.00522137897027796,-0.01764073948592326,-0.00428769821971997,0.01533898937903544,0.09999999999999964,0.4000000000000003,0.3000000000000007,0.3999999999999986,0.5000000000000009,0.5,-0.02272355572384299,-0.02540971552536852,-0.04896082719570138,0.02340409912904206,0.11855973472455617,0.01408473988173852,-0.00351271910871986,-0.0026814657012899,-0.00507732454694043,-0.00620748469113507,-0.00569196921860637,-0.00571908224248396,39.6,39.3,39.4,39.3,39.6,39.7,6.371611847231857,6.29156913955832,6.169610732491456,6.22455842927536,6.366470447731438,6.194405391104672,6.398594934535208,6.320768294250582,6.255750041753367,6.240275845170769,6.324358962381311,6.300785794663244,0.02155842893930693,-0.01684479923148618,0.01306125789183809,0.01734265727844963,0.00196529178204318,-0.06778432215751007,-0.00570547643628138,0.00633986779196327,-0.00747295528662839,0.00438444740918164,-0.00657339173825022,-0.01167412784579369,-0.06527707649310788,-0.04989103578561416,0.00894249313258122,0.14524991866702397,-0.11888397296281283,-0.11742988260237208,-0.00815310228793642,-0.00191438922849318,0.00118356977693334,-0.00618164115320407,0.00150387675468177,0.00152538769212995,-0.01396811902652572,0.00668372132331818,-0.00101954996206643,-7.226125825905427e-4,-1.090048670295829e-4,7.492752831446126e-4,0.00679494752279374,4.6383658045012766e-4,0.00199434629347017,-0.00462381277271806,0.0011084678991784,0.01079517938634833,-0.01383952759347639,0.08581147681826984,-0.02568372939314489,0.09929616338422333,-0.10321903033371616,0.07281158082255157,0.00488079739093461,-3.866344159089152e-4,0.00252760874440394,-0.00289120296194234,0.00167814426116397,0.00571652002202593,-0.00876378248685894,0.13540157394596442,-0.16609853650669582,0.26693252373598364,-0.08120423299156476,0.35408132110055357,0.03,0.03,-0.03,-0.04000000000000001,0.07,-0.01,0,0.01999999999999999,-0.04999999999999999,-0.09,0.16999999999999998,0.1,0.43000000000000016,0.3599999999999999,0.11000000000000032,-0.05000000000000026,0.3500000000000001,0.10000000000000007,0.07000000000000028,0.15000000000000036,-0.11000000000000032,0.23000000000000043,0.21999999999999975,0,-0.5600000000000005,-0.33000000000000007,-0.02999999999999936,0.33999999999999986,-0.0600000000000005,-0.28999999999999915,0.02593485364031966,0.06201145530094631,0.11352253773308796,-0.06159298168708016,-0.0722718515691172,-0.01374552660601935,28.8608,31.8886,37.7324,45.2124,46.3349,45.5042,2.0999999999999943,3.6000000000000085,7.799999999999997,1,-4.900000000000006,1.1000000000000014,3.54,3.11,2.77,2.61,2.5700000000000003,2.39,1.8899999999999997,2.5200000000000005,3.000000000000001,2.92,2.8100000000000005,3.0900000000000007
2009 Q3,2009 Q4,1,1.0751135379244658,0.3505771547139602,0.00253004342092921,-0.00183363907644107,-0.00381500757087316,-0.01720854047442976,0.01303145776667236,0.00225450079086186,-0.00927205466715008,0.00894924454245593,0.00332874641321279,2.758968163414366e-4,9.122007474049454e-4,-0.00148789909737789,0.00877575096746507,0.01090728111774819,0.01122696284912372,-0.00377593604375103,-0.01015091093002418,-0.0083251150630712,0.00118273334105367,5.729419988291795e-4,0.01466294967550574,-0.00158212309262317,4.308992277710644e-4,-0.0078180993806125,-0.02561489555413132,0.0175747480096664,0.00433401039119374,0.01582466074080635,0.00825387669095789,0.00522137897027796,0.2000000000000011,0.09999999999999964,0,0.09999999999999964,0.4000000000000003,0.3000000000000007,-0.02114472922894528,-0.01296988954845979,-0.05453164632042195,-0.02272355572384299,-0.02540971552536852,-0.04896082719570138,-0.00172599661595462,-0.00145519184425069,-0.00263692068918253,-0.00351271910871986,-0.0026814657012899,-0.00507732454694043,40.1,40,39.9,39.6,39.3,39.4,6.371611847231857,6.373319789577012,6.386879319362645,6.371611847231857,6.29156913955832,6.169610732491456,6.411818267709897,6.423246963533519,6.38856140554563,6.398594934535208,6.320768294250582,6.255750041753367,0.00445235037963875,-0.00373293533720353,-0.02298465783938752,0.02155842893930693,-0.01684479923148618,0.01306125789183809,-1.0636069721670084e-4,-5.55450728047191e-4,-6.982937780612986e-4,-0.00570547643628138,0.00633986779196327,-0.00747295528662839,0.02950790959251215,0.02800086027530124,0.04684624889385347,-0.06527707649310788,-0.04989103578561416,0.00894249313258122,0.00465584967406318,0.00526202682199894,-0.00590009313599537,-0.00815310228793642,-0.00191438922849318,0.00118356977693334,-5.238421104980517e-4,-0.0017586321750258,0.01053954228037845,-0.01396811902652572,0.00668372132331818,-0.00101954996206643,-0.00141383432404307,0.00364086964603505,-0.0085633697105969,0.00679494752279374,4.6383658045012766e-4,0.00199434629347017,-0.01693780376129439,0.05948280050433841,-0.00328308447581271,-0.01383952759347639,0.08581147681826984,-0.02568372939314489,-0.00128380865521293,0.00278475379528142,-0.00580975209846457,0.00488079739093461,-3.866344159089152e-4,0.00252760874440394,-0.12600978835369858,0.1868612321048575,-0.2472926817297605,-0.00876378248685894,0.13540157394596442,-0.16609853650669582,-0.01,0,-0.04999999999999999,0.03,0.03,-0.03,-0.05000000000000002,-0.00999999999999998,0,0,0.01999999999999999,-0.04999999999999999,-0.18999999999999995,0.0299999999999998,-0.16000000000000014,0.43000000000000016,0.3599999999999999,0.11000000000000032,-0.1299999999999999,-0.15000000000000036,-0.20000000000000015,0.07000000000000028,0.15000000000000036,-0.11000000000000032,-0.27000000000000046,-0.5099999999999998,-0.41000000000000014,-0.5600000000000005,-0.33000000000000007,-0.02999999999999936,0.03390320228058652,0.07601509707268228,0.01041933440879194,0.02593485364031966,0.06201145530094631,0.11352253773308796,24.9017,25.366,26.2151,28.8608,31.8886,37.7324,7.799999999999997,-0.29999999999999716,-4.799999999999997,2.0999999999999943,3.6000000000000085,7.799999999999997,3.28,3.42,3.38,3.54,3.11,2.77,1.1799999999999995,1.3200000000000005,1.6799999999999995,1.8899999999999997,2.5200000000000005,3.000000000000001
2009 Q4,2010 Q1,1,0.483331022067901,1.0751135379244658,0.00424627455305604,0.00247783018952141,-0.0030989402154482,0.00253004342092921,-0.00183363907644107,-0.00381500757087316,0.00609470718393634,-0.00160181732893072,0.00113535199140457,-0.00927205466715008,0.00894924454245593,0.00332874641321279,0.00404986001487373,0.00432872522176186,0.00269183164708053,0.00877575096746507,0.01090728111774819,0.01122696284912372,0.00335553686761436,0.00747935148234901,0.00491075805601148,0.00118273334105367,5.729419988291795e-4,0.01466294967550574,0.00418604368048392,0.00811415402080761,0.01080851216255673,-0.02561489555413132,0.0175747480096664,0.00433401039119374,0,-0.09999999999999964,0.1999999999999993,0.2000000000000011,0.09999999999999964,0,-0.01735622945654213,-0.0616243600635169,-0.0412025844392172,-0.02114472922894528,-0.01296988954845979,-0.05453164632042195,-0.00192406915199327,-3.075503613914066e-5,-0.00142138789782109,-0.00172599661595462,-0.00145519184425069,-0.00263692068918253,40.6,40.5,40.2,40.1,40,39.9,6.364750756851911,6.376726947898627,6.280395838960195,6.371611847231857,6.373319789577012,6.386879319362645,6.498282149476434,6.434546518787453,6.368187186350492,6.411818267709897,6.423246963533519,6.38856140554563,0.00265194005872349,-0.00450463881109719,0.00471128702533008,0.00445235037963875,-0.00373293533720353,-0.02298465783938752,-0.00398628385010724,3.1920738280710736e-4,0.00326877852847751,-1.0636069721670084e-4,-5.55450728047191e-4,-6.982937780612986e-4,-0.04380324720037265,-0.02773261142663674,0.0208338140072728,0.02950790959251215,0.02800086027530124,0.04684624889385347,-0.00616841425318703,0.00857526093812577,-0.00309516366625217,0.00465584967406318,0.00526202682199894,-0.00590009313599537,0.00517852507329763,0.0057572788855964,-0.00260400007571703,-5.238421104980517e-4,-0.0017586321750258,0.01053954228037845,-0.00282295539013333,3.4556154634568514e-4,0.00106840953174902,-0.00141383432404307,0.00364086964603505,-0.0085633697105969,0.01244691992677449,0.01937930063480664,-0.06536533528881172,-0.01693780376129439,0.05948280050433841,-0.00328308447581271,-0.00191679114729836,-0.00129286113153348,0.00217457955836142,-0.00128380865521293,0.00278475379528142,-0.00580975209846457,-0.07899482239777278,-0.05823923075561232,0.11038460604921418,-0.12600978835369858,0.1868612321048575,-0.2472926817297605,0,0,-0.03,-0.01,0,-0.04999999999999999,0,-0.02,-0.04999999999999999,-0.05000000000000002,-0.00999999999999998,0,0.18999999999999995,0.00999999999999978,-0.00999999999999978,-0.18999999999999995,0.0299999999999998,-0.16000000000000014,0.0699999999999994,0.04000000000000003,0.02000000000000046,-0.1299999999999999,-0.15000000000000036,-0.20000000000000015,0.04999999999999982,0.03000000000000025,-0.01999999999999957,-0.27000000000000046,-0.5099999999999998,-0.41000000000000014,0.02029681448138731,0.01893614680612554,0.02188316713038229,0.03390320228058652,0.07601509707268228,0.01041933440879194,20.9744,23.7799,24.6223,24.9017,25.366,26.2151,5.099999999999994,-3.1999999999999886,-2.9000000000000057,7.799999999999997,-0.29999999999999716,-4.799999999999997,3.54,3.35,3.3200000000000003,3.28,3.42,3.38,1.1100000000000003,1.13,1.1399999999999997,1.1799999999999995,1.3200000000000005,1.6799999999999995
2010 Q1,2010 Q2,1,0.9629349822608546,0.483331022067901,0.00373705579373151,1.146188478884369e-5,0.00431524348776868,0.00424627455305604,0.00247783018952141,-0.0030989402154482,0.00477147026822066,0.00373356596455032,-0.00183285381342646,0.00609470718393634,-0.00160181732893072,0.00113535199140457,0.00683336112732568,0.00374594409109629,0.01084063847904825,0.00404986001487373,0.00432872522176186,0.00269183164708053,0.01259964124588641,0.00658255509219429,-0.00286442314578572,0.00335553686761436,0.00747935148234901,0.00491075805601148,0.02154028929786378,0.00143515384754699,0.00105336311373527,0.00418604368048392,0.00811415402080761,0.01080851216255673,0.09999999999999964,0,-0.09999999999999964,0,-0.09999999999999964,0.1999999999999993,-0.03242962007641026,0.01232473785195509,-0.0118099373257845,-0.01735622945654213,-0.0616243600635169,-0.0412025844392172,0.00123280826185023,-7.475713912725723e-4,-4.622318093261413e-5,-0.00192406915199327,-3.075503613914066e-5,-0.00142138789782109,41,40.5,40.9,40.6,40.5,40.2,6.455198563340122,6.403574197934815,6.419994928147142,6.364750756851911,6.376726947898627,6.280395838960195,6.532334292222349,6.476972362889683,6.455198563340122,6.498282149476434,6.434546518787453,6.368187186350492,-0.00778328460788646,0.02562647024764075,-0.01655596539672199,0.00265194005872349,-0.00450463881109719,0.00471128702533008,-0.00627932179684975,0.00989483686643311,-0.00349750436859253,-0.00398628385010724,3.1920738280710736e-4,0.00326877852847751,-0.07547912348120889,0.0740233876290155,-0.01630803475053888,-0.04380324720037265,-0.02773261142663674,0.0208338140072728,0.00111215806316078,0.00930068091131808,-0.00197463992877455,-0.00616841425318703,0.00857526093812577,-0.00309516366625217,0.01057457229967795,-8.196643323579167e-4,-0.01049939057830684,0.00517852507329763,0.0057572788855964,-0.00260400007571703,0.00128354312264189,-0.00160075175259155,1.2848072104887365e-4,-0.00282295539013333,3.4556154634568514e-4,0.00106840953174902,0.14172371249738358,-0.08712037953629004,-0.03218000508449581,0.01244691992677449,0.01937930063480664,-0.06536533528881172,0.00143021045805458,-0.00221016704338872,0.00160964125173457,-0.00191679114729836,-0.00129286113153348,0.00217457955836142,0.08444422200204471,-0.07469534491226959,0.10103740798477912,-0.07899482239777278,-0.05823923075561232,0.11038460604921418,0.03,0.02,-0.00999999999999999,0,0,-0.03,0.03999999999999999,0.05,0.00999999999999999,0,-0.02,-0.04999999999999999,0.04000000000000003,-0.04000000000000003,0.14000000000000012,0.18999999999999995,0.00999999999999978,-0.00999999999999978,-0.08000000000000007,0.08999999999999986,0,0.0699999999999994,0.04000000000000003,0.02000000000000046,-0.07000000000000028,0.08999999999999986,-0.1200000000000001,0.04999999999999982,0.03000000000000025,-0.01999999999999957,0.05613620716773493,-0.03111325921886187,0.0118177170799143,0.02029681448138731,0.01893614680612554,0.02188316713038229,17.6603,22.2187,20.9652,20.9744,23.7799,24.6223,0,-0.8000000000000114,1.9000000000000057,5.099999999999994,-3.1999999999999886,-2.9000000000000057,3.58,3.58,3.67,3.54,3.35,3.3200000000000003,1,0.9900000000000002,0.9900000000000002,1.1100000000000003,1.13,1.1399999999999997
2010 Q2,2010 Q3,1,0.7681272705003295,0.9629349822608546,9.804263926600498e-4,0.00783596304962763,0.00840916227196686,0.00373705579373151,1.146188478884369e-5,0.00431524348776868,0.00243101958255742,0.00248409308282671,0.00204133477377066,0.00477147026822066,0.00373356596455032,-0.00183285381342646,0.00184750220925256,0.01341853168292228,0.00338655620002992,0.00683336112732568,0.00374594409109629,0.01084063847904825,0.00958950521579815,-0.00313587638966339,0.00890454226080628,0.01259964124588641,0.00658255509219429,-0.00286442314578572,-9.864806806554327e-4,-0.00864332441608262,0.0083089495210622,0.02154028929786378,0.00143515384754699,0.00105336311373527,-0.1999999999999993,-0.3000000000000007,0,0.09999999999999964,0,-0.09999999999999964,0.00239156544036411,-0.02068147819128185,-0.00266169973486007,-0.03242962007641026,0.01232473785195509,-0.0118099373257845,-0.00102622236674321,0.00401131066357152,0.00196165226279632,0.00123280826185023,-7.475713912725723e-4,-4.622318093261413e-5,41,41.4,41.1,41,40.5,40.9,6.284134161070802,6.368187186350492,6.532334292222349,6.455198563340122,6.403574197934815,6.419994928147142,6.375024819828097,6.354370040797351,6.456769655572163,6.532334292222349,6.476972362889683,6.455198563340122,0.00598198260174154,0.01407602775587602,-0.01465728982500724,-0.00778328460788646,0.02562647024764075,-0.01655596539672199,-0.00409948779091173,0.00265016442576815,0.00411120121469821,-0.00627932179684975,0.00989483686643311,-0.00349750436859253,-0.00388884753699692,0.03081114540171725,-0.01488038007167169,-0.07547912348120889,0.0740233876290155,-0.01630803475053888,0.00315970036174828,-0.00701448267993765,0.00937881193370593,0.00111215806316078,0.00930068091131808,-0.00197463992877455,-3.9902471411856766e-4,0.00332274243604935,-0.0082552407085128,0.01057457229967795,-8.196643323579167e-4,-0.01049939057830684,1.0102428684710674e-4,-7.499212424511015e-4,-1.0129916802092964e-4,0.00128354312264189,-0.00160075175259155,1.2848072104887365e-4,0.02553964754131588,-0.1330994154020031,-0.0091672120242725,0.14172371249738358,-0.08712037953629004,-0.03218000508449581,-7.417909213787155e-4,-2.21658211710718e-4,-8.652986988231248e-4,0.00143021045805458,-0.00221016704338872,0.00160964125173457,0.15485756464126155,-0.1737213130091213,-0.02205621144766301,0.08444422200204471,-0.07469534491226959,0.10103740798477912,-0.02000000000000001,0,0.04000000000000001,0.03,0.02,-0.00999999999999999,-0.04000000000000001,0,0.01,0.03999999999999999,0.05,0.00999999999999999,-0.21999999999999975,-0.43000000000000016,0.1200000000000001,0.04000000000000003,-0.04000000000000003,0.14000000000000012,-0.08000000000000007,-0.33000000000000007,0.02000000000000046,-0.08000000000000007,0.08999999999999986,0,0.1800000000000006,-0.20000000000000015,-0.01999999999999957,-0.07000000000000028,0.08999999999999986,-0.1200000000000001,-0.03776904481234666,-0.06224935828483335,0.03854276174277427,0.05613620716773493,-0.03111325921886187,0.0118177170799143,29.7614,32.6959,17.3652,17.6603,22.2187,20.9652,2.4000000000000057,1.3999999999999917,-1.3999999999999917,0,-0.8000000000000114,1.9000000000000057,3.08,3.26,3.69,3.58,3.58,3.67,1.3500000000000003,1.09,0.96,1,0.9900000000000002,0.9900000000000002
2010 Q3,2010 Q4,1,0.523736364445071,0.7681272705003295,6.273805844507763e-4,0.00371606890532483,0.00216777563549364,9.804263926600498e-4,0.00783596304962763,0.00840916227196686,9.447882802549046e-4,0.00241852214231386,0.00272931368507123,0.00243101958255742,0.00248409308282671,0.00204133477377066,0.00294342526586977,0.00365793559629779,0.00378984574359897,0.00184750220925256,0.01341853168292228,0.00338655620002992,-1.5525823924811277e-4,5.0773157619588e-4,0.00843788510849385,0.00958950521579815,-0.00313587638966339,0.00890454226080628,0.00852910995769029,0.00452354387887687,0.00315792162488293,-9.864806806554327e-4,-0.00864332441608262,0.0083089495210622,0,0.09999999999999964,0,-0.1999999999999993,-0.3000000000000007,0,-0.04631953447944959,0.03382895902928418,-0.00282701069000523,0.00239156544036411,-0.02068147819128185,-0.00266169973486007,-5.675760819343623e-4,7.66780022232183e-6,-7.205163500998424e-4,-0.00102622236674321,0.00401131066357152,0.00196165226279632,41.4,41.2,41.1,41,41.4,41.1,6.386879319362645,6.395261598115449,6.302618975744905,6.284134161070802,6.368187186350492,6.532334292222349,6.333279628139691,6.363028103540465,6.361302477572996,6.375024819828097,6.354370040797351,6.456769655572163,-0.0042677911808866,0.01862414684016222,-0.01689265259300398,0.00598198260174154,0.01407602775587602,-0.01465728982500724,-0.00204765098363957,0.00426615008562514,-8.957588156999208e-4,-0.00409948779091173,0.00265016442576815,0.00411120121469821,-0.01613477536130769,0.00375244684799458,8.785357963683182e-4,-0.00388884753699692,0.03081114540171725,-0.01488038007167169,-1.5747796059173425e-4,-3.68997985671804e-4,0.00473308336748878,0.00315970036174828,-0.00701448267993765,0.00937881193370593,3.5582561146974e-4,-4.705825069475366e-4,0.00256674394582745,-3.9902471411856766e-4,0.00332274243604935,-0.0082552407085128,1.536495834182361e-4,-4.072119341191893e-4,0.00228639153908627,1.0102428684710674e-4,-7.499212424511015e-4,-1.0129916802092964e-4,-0.04733427330441131,0.08011281260685887,0.05394959670903798,0.02553964754131588,-0.1330994154020031,-0.0091672120242725,-3.771159401875224e-4,5.187345704795732e-4,0.00127306670266413,-7.417909213787155e-4,-2.21658211710718e-4,-8.652986988231248e-4,-0.02572716882196424,-0.00757094981032313,-0.00679731105011871,0.15485756464126155,-0.1737213130091213,-0.02205621144766301,0,0.01,0,-0.02000000000000001,0,0.04000000000000001,-0.01,0,0.04000000000000001,-0.04000000000000001,0,0.01,-0.05000000000000026,-0.3099999999999996,-0.1900000000000004,-0.21999999999999975,-0.43000000000000016,0.1200000000000001,0.04000000000000003,-0.2299999999999995,-0.16000000000000014,-0.08000000000000007,-0.33000000000000007,0.02000000000000046,0,-0.34999999999999964,-0.22000000000000064,0.1800000000000006,-0.20000000000000015,-0.01999999999999957,0.0315049411415087,0.00690332586290498,-0.00329148395314859,-0.03776904481234666,-0.06224935828483335,0.03854276174277427,22.2046,24.6424,25.5846,29.7614,32.6959,17.3652,-0.7000000000000028,1.1000000000000083,-8.200000000000003,2.4000000000000057,1.3999999999999917,-1.3999999999999917,2.5,2.54,2.8499999999999996,3.08,3.26,3.69,1.13,1.17,1.29,1.3500000000000003,1.09,0.96
2010 Q4,2011 Q1,1,-0.23748667360496967,0.523736364445071,0.0061345136598252,0.00129641359483301,7.731372227013367e-4,6.273805844507763e-4,0.00371606890532483,0.00216777563549364,0.00132146353908169,0.00253188214508526,0.00254996732396239,9.447882802549046e-4,0.00241852214231386,0.00272931368507123,0.00973782913477805,8.691845526112019e-4,-0.00283769124509536,0.00294342526586977,0.00365793559629779,0.00378984574359897,0.00177672537115114,0.00285021084229519,0.00514902207517842,-1.5525823924811277e-4,5.0773157619588e-4,0.00843788510849385,0.00701111366346118,0.00904060428747044,0.01139491207090515,0.00852910995769029,0.00452354387887687,0.00315792162488293,-0.5,0.4000000000000003,-0.09999999999999964,0,0.09999999999999964,0,-0.01417625630900154,-0.04708503859732005,-0.01488420236014498,-0.04631953447944959,0.03382895902928418,-0.00282701069000523,6.193157905567404e-4,9.79454491586651e-4,0.00213823497047549,-5.675760819343623e-4,7.66780022232183e-6,-7.205163500998424e-4,41.3,41.3,41.3,41.4,41.2,41.1,6.289715570908998,6.300785794663244,6.297109319933935,6.386879319362645,6.395261598115449,6.302618975744905,6.448889394146858,6.327936783729195,6.324358962381311,6.333279628139691,6.363028103540465,6.361302477572996,-0.02207399363898954,0.01859549720889219,-0.00194997920809125,-0.0042677911808866,0.01862414684016222,-0.01689265259300398,0.00148041605978122,-0.00333761538539256,0.00214531412311913,-0.00204765098363957,0.00426615008562514,-8.957588156999208e-4,0.01621088323872044,0.00553955228181468,0.01669059152996332,-0.01613477536130769,0.00375244684799458,8.785357963683182e-4,0.00242123699922913,0.00238435525812086,0.00102646271183903,-1.5747796059173425e-4,-3.68997985671804e-4,0.00473308336748878,0.06987355068013024,-0.00556100437744433,0.0049870805956953,3.5582561146974e-4,-4.705825069475366e-4,0.00256674394582745,0.00147789457961522,-9.451618425613262e-4,0.001861852391138,1.536495834182361e-4,-4.072119341191893e-4,0.00228639153908627,-0.01374222733335717,-0.05575287094456183,0.05142932794408406,-0.04733427330441131,0.08011281260685887,0.05394959670903798,2.7000530482634844e-4,-0.0011954147314066,0.00219109048365684,-3.771159401875224e-4,5.187345704795732e-4,0.00127306670266413,0.02962054150156401,-0.05690297544241307,0.1037381575502625,-0.02572716882196424,-0.00757094981032313,-0.00679731105011871,-0.01,0,0,0,0.01,0,0,0.01,-0.01999999999999999,-0.01,0,0.04000000000000001,0.5300000000000002,0.21999999999999975,-0.10999999999999988,-0.05000000000000026,-0.3099999999999996,-0.1900000000000004,0.14999999999999947,0.1900000000000004,0.14999999999999947,0.04000000000000003,-0.2299999999999995,-0.16000000000000014,0.17999999999999972,0.20000000000000015,0.05999999999999961,0,-0.34999999999999964,-0.22000000000000064,0.03494836127403644,0.02304286356430207,0.04316915934668852,0.0315049411415087,0.00690332586290498,-0.00329148395314859,17.4159,19.8765,20.3284,22.2046,24.6424,25.5846,2.9000000000000057,3.899999999999991,-0.5,-0.7000000000000028,1.1000000000000083,-8.200000000000003,3.15,2.6199999999999997,2.41,2.5,2.54,2.8499999999999996,1.08,1.0499999999999998,1.04,1.13,1.17,1.29
2011 Q1,2011 Q2,1,0.6743037468666557,-0.23748667360496967,-0.00229609387854701,0.00292783620074921,0.01299769478551304,0.0061345136598252,0.00129641359483301,7.731372227013367e-4,0.00345475371776693,-2.7774563307847444e-4,0.00112302975096145,0.00132146353908169,0.00253188214508526,0.00254996732396239,0.01034899107180464,-0.00397874812894105,-0.00210835614092896,0.00973782913477805,8.691845526112019e-4,-0.00283769124509536,0.01138975555805466,-0.01442634781714424,0.01218222148969871,0.00177672537115114,0.00285021084229519,0.00514902207517842,0.00894012049997528,0.00841958930041819,0.0066495007342926,0.00701111366346118,0.00904060428747044,0.01139491207090515,0,-0.09999999999999964,-0.2000000000000011,-0.5,0.4000000000000003,-0.09999999999999964,0.01114562621491721,-0.06110798604078305,0.01546574713887416,-0.01417625630900154,-0.04708503859732005,-0.01488420236014498,0.00172296850558417,0.00167243913389292,5.350311656826534e-5,6.193157905567404e-4,9.79454491586651e-4,0.00213823497047549,41.4,41.4,41,41.3,41.3,41.3,6.396929655216146,6.248042874508429,6.4457198193855785,6.289715570908998,6.300785794663244,6.297109319933935,6.368187186350492,6.295266001439646,6.3561076606958915,6.448889394146858,6.327936783729195,6.324358962381311,0.00120990782130192,0.00759511568576876,6.83937590308048e-4,-0.02207399363898954,0.01859549720889219,-0.00194997920809125,-6.979092263552644e-4,0.00466284267611705,-0.00130262404926639,0.00148041605978122,-0.00333761538539256,0.00214531412311913,0.0028908908755616,0.0616977387334563,-0.00680173009074103,0.01621088323872044,0.00553955228181468,0.01669059152996332,0.00271528745368954,3.079403795940294e-4,-0.0016560011936626,0.00242123699922913,0.00238435525812086,0.00102646271183903,-9.800062084259764e-4,-0.00341061876240722,-0.06529934132322168,0.06987355068013024,-0.00556100437744433,0.0049870805956953,0.00195089213423127,-2.8475629380686485e-5,-7.707365580431613e-4,0.00147789457961522,-9.451618425613262e-4,0.001861852391138,-0.03552243205851457,-0.01617768060892466,0.02920360656639076,-0.01374222733335717,-0.05575287094456183,0.05142932794408406,0.00122994764640704,-2.1591608102866644e-4,7.380099984359845e-4,2.7000530482634844e-4,-0.0011954147314066,0.00219109048365684,0.13722650347213516,-0.00247095386522566,-0.05234496496636964,0.02962054150156401,-0.05690297544241307,0.1037381575502625,-0.01999999999999999,-0.01,-0.00999999999999998,-0.01,0,0,-0.03,-0.01999999999999999,0.00999999999999998,0,0.01,-0.01999999999999999,-0.16999999999999993,0.18999999999999995,0.10000000000000007,0.5300000000000002,0.21999999999999975,-0.10999999999999988,-0.08999999999999986,0.17999999999999972,0.02000000000000046,0.14999999999999947,0.1900000000000004,0.14999999999999947,-0.1200000000000001,0.0600000000000005,-0.00999999999999978,0.17999999999999972,0.20000000000000015,0.05999999999999961,-0.01266770189404375,0.0295750007498734,0.03256037094561748,0.03494836127403644,0.02304286356430207,0.04316915934668852,20.5593,17.2866,17.4319,17.4159,19.8765,20.3284,-10,3.299999999999997,-0.29999999999999716,2.9000000000000057,3.899999999999991,-0.5,3.31,3.45,3.24,3.15,2.6199999999999997,2.41,0.9000000000000004,0.9300000000000006,1.0499999999999998,1.08,1.0499999999999998,1.04
2011 Q2,2011 Q3,1,-0.0223152255784953,0.6743037468666557,0.00447370969770233,-0.00104087035430922,-0.00161155719360905,-0.00229609387854701,0.00292783620074921,0.01299769478551304,0.0023211646264567,-0.00115548173329305,-0.00118875200823342,0.00345475371776693,-2.7774563307847444e-4,0.00112302975096145,0.00302031496218635,0.00120535293543255,-0.00323549938184442,0.01034899107180464,-0.00397874812894105,-0.00210835614092896,0.01005416305712714,-0.00787959807846405,-0.00365474979229318,0.01138975555805466,-0.01442634781714424,0.01218222148969871,0.00823967489819743,-8.452688927782503e-4,0.00550031981307164,0.00894012049997528,0.00841958930041819,0.0066495007342926,0.09999999999999964,-0.09999999999999964,0.09999999999999964,0,-0.09999999999999964,-0.2000000000000011,-0.0101101069302949,0.004507183528629,0.03532910366686614,0.01114562621491721,-0.06110798604078305,0.01546574713887416,0.00172207829839265,8.127580669281542e-4,0.00239654099996222,0.00172296850558417,0.00167243913389292,5.350311656826534e-5,41.4,41.5,41.4,41.4,41.4,41,6.410174881966167,6.329720905522696,6.317164686747284,6.396929655216146,6.248042874508429,6.4457198193855785,6.455198563340122,6.42648845745769,6.364750756851911,6.368187186350492,6.295266001439646,6.3561076606958915,-0.01207339563134723,0.02297507567131607,-0.01375456796821783,0.00120990782130192,0.00759511568576876,6.83937590308048e-4,1.2218175935174713e-4,9.289376293253326e-4,5.563324205120068e-4,-6.979092263552644e-4,0.00466284267611705,-0.00130262404926639,0.00329162661023829,-0.01353531767740356,-0.03837092624097327,0.0028908908755616,0.0616977387334563,-0.00680173009074103,-0.00786738063660941,0.00457596921506819,0.00126803391342278,0.00271528745368954,3.079403795940294e-4,-0.0016560011936626,-2.0430089775835825e-4,-0.00198001405429693,0.00163221171670535,-9.800062084259764e-4,-0.00341061876240722,-0.06529934132322168,-0.00317666379111969,-0.00150645225793599,-4.770953366008968e-4,0.00195089213423127,-2.8475629380686485e-5,-7.707365580431613e-4,0.01970050933923151,-0.04541073079411451,0.02907099460707751,-0.03552243205851457,-0.01617768060892466,0.02920360656639076,-0.0032360463050276,-0.00120200417203442,2.216903151062155e-4,0.00122994764640704,-2.1591608102866644e-4,7.380099984359845e-4,0.03144337238811356,-0.1491590604279125,-0.07231657161368954,0.13722650347213516,-0.00247095386522566,-0.05234496496636964,0,-0.01,-0.04000000000000001,-0.01999999999999999,-0.01,-0.00999999999999998,0,-0.01999999999999999,-0.04000000000000001,-0.03,-0.01999999999999999,0.00999999999999998,-0.16999999999999993,-0.29000000000000004,0.04999999999999982,-0.16999999999999993,0.18999999999999995,0.10000000000000007,0.03000000000000025,-0.20000000000000015,0.03000000000000025,-0.08999999999999986,0.17999999999999972,0.02000000000000046,-0.03000000000000025,-0.23999999999999932,-0.01000000000000067,-0.1200000000000001,0.0600000000000005,-0.00999999999999978,-0.03886839050217805,0.00509398738810862,0.02050147677740987,-0.01266770189404375,0.0295750007498734,0.03256037094561748,19.4515,16.9607,16.2042,20.5593,17.2866,17.4319,-2.799999999999997,4.5,2.299999999999997,-10,3.299999999999997,-0.29999999999999716,2.96,3.13,3.4,3.31,3.45,3.24,0.7599999999999998,0.8200000000000003,0.8599999999999994,0.9000000000000004,0.9300000000000006,1.0499999999999998
2011 Q3,2011 Q4,1,1.1167896811464573,-0.0223152255784953,-0.00131572986825645,-5.18481131013715e-4,0.00430087126779099,0.00447370969770233,-0.00104087035430922,-0.00161155719360905,0.00164624250753231,-6.104619543529921e-4,0.00174022321073508,0.0023211646264567,-0.00115548173329305,-0.00118875200823342,-8.274225944706615e-4,0.00672844381604864,0.00491505586733875,0.00302031496218635,0.00120535293543255,-0.00323549938184442,-0.00651818001164628,0.00739418748685949,0.00452701733487082,0.01005416305712714,-0.00787959807846405,-0.00365474979229318,0.01106503930018298,0.00111273507359044,-3.861368916542318e-4,0.00823967489819743,-8.452688927782503e-4,0.00550031981307164,0,0,-0.09999999999999964,0.09999999999999964,-0.09999999999999964,0.09999999999999964,0.01994626418237821,-0.00754169734402765,-0.01360073922978166,-0.0101101069302949,0.004507183528629,0.03532910366686614,0.00165614911431255,9.995533132176604e-4,4.6983223307073274e-4,0.00172207829839265,8.127580669281542e-4,0.00239654099996222,41.4,41.4,41.4,41.4,41.5,41.4,6.476972362889683,6.371611847231857,6.434546518787453,6.410174881966167,6.329720905522696,6.317164686747284,6.413458957167357,6.472346294500901,6.431331081933479,6.455198563340122,6.42648845745769,6.364750756851911,-0.0559265732504377,0.04163122840955502,0.00530222476695829,-0.01207339563134723,0.02297507567131607,-0.01375456796821783,-0.01765597937146523,0.00228542787374408,0.00939229579098999,1.2218175935174713e-4,9.289376293253326e-4,5.563324205120068e-4,0.0025913883940003,-0.02375794547509624,-0.01756483590062885,0.00329162661023829,-0.01353531767740356,-0.03837092624097327,-0.00981395894007253,0.00631701464666267,0.00493419040346054,-0.00786738063660941,0.00457596921506819,0.00126803391342278,0.00903352628331788,-0.01729354283841644,0.01006289901750001,-2.0430089775835825e-4,-0.00198001405429693,0.00163221171670535,-9.80303833027385e-4,5.328867702472095e-4,0.00261661051866379,-0.00317666379111969,-0.00150645225793599,-4.770953366008968e-4,-0.01541831145604177,-0.05307286096219954,0.03106631388982972,0.01970050933923151,-0.04541073079411451,0.02907099460707751,-9.47998836605457e-4,6.518610530248381e-4,0.00190546904465715,-0.0032360463050276,-0.00120200417203442,2.216903151062155e-4,0.11011559977491014,-0.1277940175311345,0.0603214004712207,0.03144337238811356,-0.1491590604279125,-0.07231657161368954,-0.02,0.03,-0.01999999999999999,0,-0.01,-0.04000000000000001,-0.01,-0.02,0,0,-0.01999999999999999,-0.04000000000000001,-0.31999999999999984,-0.7000000000000002,0,-0.16999999999999993,-0.29000000000000004,0.04999999999999982,-0.28000000000000025,-0.5599999999999996,-0.0600000000000005,0.03000000000000025,-0.20000000000000015,0.03000000000000025,-0.09000000000000075,-0.39999999999999947,0.00999999999999978,-0.03000000000000025,-0.23999999999999932,-0.01000000000000067,-0.00968984221956059,-0.1115515016339188,0.02901661192806681,-0.03886839050217805,0.00509398738810862,0.02050147677740987,37.1545,36.0196,19.1724,19.4515,16.9607,16.2042,3.700000000000003,-7.900000000000006,-7.799999999999997,-2.799999999999997,4.5,2.299999999999997,1.97,2.28,2.96,2.96,3.13,3.4,1.1799999999999995,0.9900000000000002,0.8300000000000001,0.7599999999999998,0.8200000000000003,0.8599999999999994
2011 Q4,2012 Q1,1,0.8350941818790147,1.1167896811464573,0.00900123261886243,-0.0010536217206809,3.446538821432199e-4,-0.00131572986825645,-5.18481131013715e-4,0.00430087126779099,4.4845370467161416e-4,-0.00168927694318288,0.0018042974744743,0.00164624250753231,-6.104619543529921e-4,0.00174022321073508,0.00529226190156162,-8.659124192433865e-5,0.00691643658723428,-8.274225944706615e-4,0.00672844381604864,0.00491505586733875,0.0087256411161416,-0.00362452333116714,0.01254547682428963,-0.00651818001164628,0.00739418748685949,0.00452701733487082,0.00146727903448251,0.00317386363351523,0.00568057372813335,0.01106503930018298,0.00111273507359044,-3.861368916542318e-4,-0.09999999999999964,-0.2000000000000011,-0.1999999999999993,0,0,-0.09999999999999964,-0.03197662326609674,-0.03322480807142192,-0.03743654868997304,0.01994626418237821,-0.00754169734402765,-0.01360073922978166,0.00149108764043148,0.00103301510073983,0.0015779721428899,0.00165614911431255,9.995533132176604e-4,4.6983223307073274e-4,41.6,41.5,41.5,41.4,41.4,41.4,6.542471960506805,6.566672429803241,6.413458957167357,6.476972362889683,6.371611847231857,6.434546518787453,6.546785410760524,6.559615237493242,6.508769136971682,6.413458957167357,6.472346294500901,6.431331081933479,-0.03232263370459964,0.02082296352265977,0.00182924883004353,-0.0559265732504377,0.04163122840955502,0.00530222476695829,-4.419758648257499e-4,0.00194251464854744,0.00131191591848534,-0.01765597937146523,0.00228542787374408,0.00939229579098999,0.01779444220875525,-0.0123969332267988,0.0075916728912686,0.0025913883940003,-0.02375794547509624,-0.01756483590062885,-0.00165701918345906,0.00150646613779326,0.00332495417703793,-0.00981395894007253,0.00631701464666267,0.00493419040346054,-0.00197619808264981,0.0036862677780789,-4.817685609648237e-4,0.00903352628331788,-0.01729354283841644,0.01006289901750001,-0.00160846463852593,0.00117116520351956,-0.00149421377890845,-9.80303833027385e-4,5.328867702472095e-4,0.00261661051866379,-0.00947210410918497,0.0596594180026031,-0.02829822901450018,-0.01541831145604177,-0.05307286096219954,0.03106631388982972,-0.00146718235737886,0.00202300251595222,-0.00138322294430626,-9.47998836605457e-4,6.518610530248381e-4,0.00190546904465715,-0.10387680813530054,0.10846886588075666,0.01767637459195104,0.11011559977491014,-0.1277940175311345,0.0603214004712207,-0.00999999999999999,0.00999999999999999,-0.00999999999999999,-0.02,0.03,-0.01999999999999999,0,-0.01,0.01,-0.01,-0.02,0,-0.0299999999999998,-0.14000000000000012,0.16999999999999993,-0.31999999999999984,-0.7000000000000002,0,0.06000000000000005,-0.10999999999999988,-0.10999999999999988,-0.28000000000000025,-0.5599999999999996,-0.0600000000000005,0.11000000000000032,-0.23000000000000043,0.10000000000000052,-0.09000000000000075,-0.39999999999999947,0.00999999999999978,0.01368586473400768,0.01577916073816077,0.02800569406648989,-0.00968984221956059,-0.1115515016339188,0.02901661192806681,24.6171,31.9011,32.7655,37.1545,36.0196,19.1724,6.200000000000003,2.9000000000000057,1.2999999999999972,3.700000000000003,-7.900000000000006,-7.799999999999997,1.97,2,2.13,1.97,2.28,2.96,1.3199999999999998,1.2699999999999996,1.39,1.1799999999999995,0.9900000000000002,0.8300000000000001
2012 Q1,2012 Q2,1,0.4453416266322563,0.8350941818790147,0.0029857265333284,0.00503851294045709,0.00267093208726443,0.00900123261886243,-0.0010536217206809,3.446538821432199e-4,-0.00130990707000755,0.00603983088684234,0.00385529374975046,4.4845370467161416e-4,-0.00168927694318288,0.0018042974744743,-0.00519117482368436,0.00321050378429177,0.00594655661573817,0.00529226190156162,-8.659124192433865e-5,0.00691643658723428,-9.264602164442692e-4,0.00359524086937135,0.005895839180031,0.0087256411161416,-0.00362452333116714,0.01254547682428963,0.00353177434010731,0.01225649799294892,0.00919235626880343,0.00146727903448251,0.00317386363351523,0.00568057372813335,-0.10000000000000142,0,-0.1999999999999993,-0.09999999999999964,-0.2000000000000011,-0.1999999999999993,0.00918003295521252,-0.0391412987024573,0.00198741370483901,-0.03197662326609674,-0.03322480807142192,-0.03743654868997304,0.001796031254786,0.0019718622487268,0.00268287070099759,0.00149108764043148,0.00103301510073983,0.0015779721428899,41.6,41.8,41.8,41.6,41.5,41.5,6.543911845564792,6.556778356158042,6.583409222158765,6.542471960506805,6.566672429803241,6.413458957167357,6.692083742506628,6.6039438246004725,6.568077911411976,6.546785410760524,6.559615237493242,6.508769136971682,0.00693088583473588,-0.01412734385305203,0.02402982540286835,-0.03232263370459964,0.02082296352265977,0.00182924883004353,-8.095578715412444e-4,-0.00224739142042373,0.00260481789620392,-4.419758648257499e-4,0.00194251464854744,0.00131191591848534,-0.0347492071512665,0.01203337631393886,0.00262484711465038,0.01779444220875525,-0.0123969332267988,0.0075916728912686,-0.01246643192434149,0.0039896775147028,0.00484404727674725,-0.00165701918345906,0.00150646613779326,0.00332495417703793,0.00441921143789159,-0.00433399205154572,0.00113095531181173,-0.00197619808264981,0.0036862677780789,-4.817685609648237e-4,-4.3882905469416755e-5,-5.853271203939414e-4,0.00248281191529287,-0.00160846463852593,0.00117116520351956,-0.00149421377890845,-0.03299252626024795,-0.00988933700479144,0.06506843072877988,-0.00947210410918497,0.0596594180026031,-0.02829822901450018,-3.2311692550557325e-4,-0.00117985204166348,0.00283666933615123,-0.00146718235737886,0.00202300251595222,-0.00138322294430626,0.01795566315774444,0.0030531294246332,0.00290698606609574,-0.10387680813530054,0.10846886588075666,0.01767637459195104,0.03,0.02,0.00999999999999999,-0.00999999999999999,0.00999999999999999,-0.00999999999999999,-0.00999999999999999,0.06,0.01999999999999999,0,-0.01,0.01,0.19999999999999996,0,-0.01,-0.0299999999999998,-0.14000000000000012,0.16999999999999993,0.14000000000000012,0,-0.08000000000000007,0.06000000000000005,-0.10999999999999988,-0.10999999999999988,0.09000000000000075,-0.09000000000000075,-0.01999999999999957,0.11000000000000032,-0.23000000000000043,0.10000000000000052,0.02680949702767598,0.03913701917921397,0.04502509774708674,0.01368586473400768,0.01577916073816077,0.02800569406648989,15.8857,18.3541,20.3742,24.6171,31.9011,32.7655,0.9000000000000057,0.29999999999999716,5.099999999999994,6.200000000000003,2.9000000000000057,1.2999999999999972,2.09,1.88,1.94,1.97,2,2.13,1.2400000000000002,1.2899999999999996,1.3800000000000003,1.3199999999999998,1.2699999999999996,1.39
2012 Q2,2012 Q3,1,0.14392437648620415,0.4453416266322563,-4.456568114576953e-4,-1.593776039037209e-4,0.00371961450767877,0.0029857265333284,0.00503851294045709,0.00267093208726443,-0.00104812258957309,6.832234485010247e-5,9.22808821916199e-4,-0.00130990707000755,0.00603983088684234,0.00385529374975046,5.529183852992503e-5,0.00230654833654941,0.00716775850578255,-0.00519117482368436,0.00321050378429177,0.00594655661573817,-0.00279107582990612,0.00302781178847233,0.00325624743302732,-9.264602164442692e-4,0.00359524086937135,0.005895839180031,-0.00891858231091014,-0.00177931220510707,-0.00413607098399637,0.00353177434010731,0.01225649799294892,0.00919235626880343,0,0,0,-0.10000000000000142,0,-0.1999999999999993,0.01514576580799342,-0.02184793952586972,0.04049460869313748,0.00918003295521252,-0.0391412987024573,0.00198741370483901,5.896732709249619e-4,8.066986297841083e-4,5.755438861587692e-4,0.001796031254786,0.0019718622487268,0.00268287070099759,41.7,41.6,41.7,41.6,41.8,41.8,6.6293632534374485,6.56244409369372,6.6240652277998935,6.543911845564792,6.556778356158042,6.583409222158765,6.677083461247136,6.679599185844383,6.595780513961311,6.692083742506628,6.6039438246004725,6.568077911411976,1.7729160472157446e-5,0.00415697022384797,-0.00507988453682006,0.00693088583473588,-0.01412734385305203,0.02402982540286835,0.00265118302282374,-0.00105454915111558,9.40134629955125e-4,-8.095578715412444e-4,-0.00224739142042373,0.00260481789620392,0.00974426063726507,-0.00304878517168116,0.00883873893133202,-0.0347492071512665,0.01203337631393886,0.00262484711465038,0.00603373167084519,-0.00571385125846379,0.00862968858267532,-0.01246643192434149,0.0039896775147028,0.00484404727674725,-5.224489707327251e-4,-7.089746468125213e-4,6.473875452606137e-4,0.00441921143789159,-0.00433399205154572,0.00113095531181173,0.00124361697270813,-0.00372973253635677,-4.318713653237438e-4,-4.3882905469416755e-5,-5.853271203939414e-4,0.00248281191529287,0.00231852334430904,0.00121439445981064,-0.03173545515285347,-0.03299252626024795,-0.00988933700479144,0.06506843072877988,6.142844248104851e-4,-0.00243772834296329,-5.966389817819717e-4,-3.2311692550557325e-4,-0.00117985204166348,0.00283666933615123,-0.05179346138250906,-0.05991155784474067,-0.06511133968233374,0.01795566315774444,0.0030531294246332,0.00290698606609574,0,0.01999999999999999,0.01,0.03,0.02,0.00999999999999999,0,0.00999999999999999,0,-0.00999999999999999,0.06,0.01999999999999999,-0.17999999999999994,-0.24999999999999975,-0.1200000000000001,0.19999999999999996,0,-0.01,-0.1599999999999997,-0.16000000000000014,-0.03000000000000025,0.14000000000000012,0,-0.08000000000000007,-0.05000000000000071,-0.1200000000000001,-0.04000000000000003,0.09000000000000075,-0.09000000000000075,-0.01999999999999957,-0.01335229519086489,-0.03311517164704813,-0.00202473706166816,0.02680949702767598,0.03913701917921397,0.04502509774708674,21.0661,21.1563,17.876,15.8857,18.3541,20.3742,-6.099999999999994,2.8999999999999915,0.20000000000000284,0.9000000000000057,0.29999999999999716,5.099999999999994,1.53,1.71,1.97,2.09,1.88,1.94,1.3799999999999994,1.2700000000000005,1.2300000000000004,1.2400000000000002,1.2899999999999996,1.3800000000000003
2012 Q3,2012 Q4,1,0.11557374157504796,0.14392437648620415,0.00747954968345432,-0.00222630500047849,-0.00646243504398569,-4.456568114576953e-4,-1.593776039037209e-4,0.00371961450767877,0.00140918722321981,2.047245892757843e-4,0.0020951477683031,-0.00104812258957309,6.832234485010247e-5,9.22808821916199e-4,-7.33960055224081e-4,-0.00428827046970337,0.00209678420014292,5.529183852992503e-5,0.00230654833654941,0.00716775850578255,0.00150532261491065,-8.909091498381372e-4,0.00190095969273329,-0.00279107582990612,0.00302781178847233,0.00325624743302732,0.00797020143048143,0.01233868830858853,0.00459113420216183,-0.00891858231091014,-0.00177931220510707,-0.00413607098399637,-0.2999999999999998,-0.09999999999999964,0,0,0,0,0.02264847487234789,0.00201139859968613,-0.017826732561252,0.01514576580799342,-0.02184793952586972,0.04049460869313748,0.00133157297761776,0.00134825622390266,0.00108140772520926,5.896732709249619e-4,8.066986297841083e-4,5.755438861587692e-4,41.5,41.5,41.7,41.7,41.6,41.7,6.741700694652055,6.625392368007956,6.606650186198215,6.6293632534374485,6.56244409369372,6.6240652277998935,6.835184586147301,6.733401891837359,6.744059186311348,6.677083461247136,6.679599185844383,6.595780513961311,-0.00303753114718485,-5.489744160502852e-4,0.0088678460449918,1.7729160472157446e-5,0.00415697022384797,-0.00507988453682006,8.916013667743528e-4,0.0017401133738879,-0.0017661428859963,0.00265118302282374,-0.00105454915111558,9.40134629955125e-4,-0.02237042536833566,-0.00991825939823076,0.01013425818194679,0.00974426063726507,-0.00304878517168116,0.00883873893133202,-0.00224943312696623,-0.00290423203331524,-0.00239166989288097,0.00603373167084519,-0.00571385125846379,0.00862968858267532,-0.002314870635848,7.643635694627449e-4,-7.905854561442993e-4,-5.224489707327251e-4,-7.089746468125213e-4,6.473875452606137e-4,-0.00103279787966492,0.00550394951262234,0.0011154730280749,0.00124361697270813,-0.00372973253635677,-4.318713653237438e-4,0.0752224949003848,0.01919795057724016,0.01372842335199386,0.00231852334430904,0.00121439445981064,-0.03173545515285347,-3.1678843113081e-4,0.00299573833846622,8.697949260900728e-4,6.142844248104851e-4,-0.00243772834296329,-5.966389817819717e-4,-0.06252471137743587,0.00362016494549166,0.2038414660323591,-0.05179346138250906,-0.05991155784474067,-0.06511133968233374,0.01,-0.03,0,0,0.01999999999999999,0.01,0.00999999999999999,0,0.01,0,0.00999999999999999,0,0.04000000000000003,0.1499999999999999,-0.09000000000000008,-0.17999999999999994,-0.24999999999999975,-0.1200000000000001,0.01000000000000023,0.08000000000000007,-0.2400000000000002,-0.1599999999999997,-0.16000000000000014,-0.03000000000000025,-0.07000000000000028,0.04000000000000003,-0.14999999999999947,-0.05000000000000071,-0.1200000000000001,-0.04000000000000003,0.02808180677041516,0.0316105690057924,0.02705829083283806,-0.01335229519086489,-0.03311517164704813,-0.00202473706166816,15.4389,15.3024,17.379,21.0661,21.1563,17.876,4,2,-0.9000000000000057,-6.099999999999994,2.8999999999999915,0.20000000000000284,1.61,1.5799999999999998,1.43,1.53,1.71,1.97,1.3499999999999996,1.4300000000000002,1.4700000000000002,1.3799999999999994,1.2700000000000005,1.2300000000000004
2012 Q4,2013 Q1,1,0.9817259265515688,0.11557374157504796,0.02450443143005998,0.01351402151051317,0.0067084347317472,0.00747954968345432,-0.00222630500047849,-0.00646243504398569,4.070004126184301e-4,0.00435167614046072,-6.814077887540293e-5,0.00140918722321981,2.047245892757843e-4,0.0020951477683031,0.00236674690059324,0.00366093862814143,0.00346796328918586,-7.33960055224081e-4,-0.00428827046970337,0.00209678420014292,0.00369666068906227,0.01826004906174461,-0.0038719838604635,0.00150532261491065,-8.909091498381372e-4,0.00190095969273329,0.00345904008849906,0.00555444088739598,-4.703367270035841e-4,0.00797020143048143,0.01233868830858853,0.00459113420216183,0.20000000000000015,-0.09999999999999964,0,-0.2999999999999998,-0.09999999999999964,0,-0.1112622859559469,0.0851439628148345,-0.03545619966225644,0.02264847487234789,0.00201139859968613,-0.017826732561252,0.00184513518496842,0.00116515098916636,0.00112190512724019,0.00133157297761776,0.00134825622390266,0.00108140772520926,41.7,41.5,41.5,41.5,41.5,41.7,6.883462586413092,6.725033642166843,6.818924065275521,6.741700694652055,6.625392368007956,6.606650186198215,6.846943139585379,6.821107472256465,6.787844982309579,6.835184586147301,6.733401891837359,6.744059186311348,-7.247194351860387e-4,-0.00525824261618179,2.2783254146485632e-4,-0.00303753114718485,-5.489744160502852e-4,0.0088678460449918,0.00507649532776177,2.1928846255292456e-4,-0.00141251286840038,8.916013667743528e-4,0.0017401133738879,-0.0017661428859963,-0.00237731514740158,0.00682006577728966,0.02776743440425377,-0.02237042536833566,-0.00991825939823076,0.01013425818194679,0.00610457404718545,-0.00507833455451933,0.0044869869660431,-0.00224943312696623,-0.00290423203331524,-0.00239166989288097,-0.00189140581876579,0.00238590418283735,0.00274247650830616,-0.002314870635848,7.643635694627449e-4,-7.905854561442993e-4,0.00155966723843103,-0.00437392092847765,-0.00206675510905807,-0.00103279787966492,0.00550394951262234,0.0011154730280749,0.04611940249765389,-0.0494529761619491,-0.05926843457014197,0.0752224949003848,0.01919795057724016,0.01372842335199386,5.254667358443044e-4,-0.00364004716674237,-8.275804529400688e-5,-3.1678843113081e-4,0.00299573833846622,8.697949260900728e-4,0.05120930567698334,0.02287670247325035,-0.06183443683226564,-0.06252471137743587,0.00362016494549166,0.2038414660323591,0,0,0.01999999999999999,0.01,-0.03,0,-0.01999999999999999,-0.01,-0.00999999999999999,0.00999999999999999,0,0.01,0.07000000000000006,-0.10000000000000007,0.03000000000000002,0.04000000000000003,0.1499999999999999,-0.09000000000000008,0.1499999999999999,0.0299999999999998,-0.02000000000000001,0.01000000000000023,0.08000000000000007,-0.2400000000000002,0.1200000000000001,-0.07000000000000028,-0.2599999999999998,-0.07000000000000028,0.04000000000000003,-0.14999999999999947,0.01972514961509208,-0.03058497852264441,-0.00388722012158293,0.02808180677041516,0.0316105690057924,0.02705829083283806,17.5331,16.6799,16.5407,15.4389,15.3024,17.379,-9.799999999999995,0.10000000000000853,4.299999999999997,4,2,-0.9000000000000057,1.65,1.5599999999999998,1.65,1.61,1.5799999999999998,1.43,0.98,1.0099999999999998,1.11,1.3499999999999996,1.4300000000000002,1.4700000000000002
2013 Q1,2013 Q2,1,0.26727882651371715,0.9817259265515688,0.00348942528692397,-0.00199213367785588,-0.05117101489187448,0.02450443143005998,0.01351402151051317,0.0067084347317472,0.00128225334195342,-1.6881151109515713e-4,0.00444359962909413,4.070004126184301e-4,0.00435167614046072,-6.814077887540293e-5,0.00402048765132612,0.00466600517933191,2.451126233573575e-4,0.00236674690059324,0.00366093862814143,0.00346796328918586,-0.00539819784006923,0.0040839017919616,0.00309883984911962,0.00369666068906227,0.01826004906174461,-0.0038719838604635,-0.00710135309284787,0.01151506420437442,0.00829523816855548,0.00345904008849906,0.00555444088739598,-4.703367270035841e-4,-0.20000000000000015,-0.2999999999999998,0.09999999999999964,0.20000000000000015,-0.09999999999999964,0,-0.00340522462983905,0,-0.01685433155498295,-0.1112622859559469,0.0851439628148345,-0.03545619966225644,0.00106181388416892,0.00212701611199861,0.00135389598642987,0.00184513518496842,0.00116515098916636,0.00112190512724019,41.9,41.9,41.6,41.7,41.5,41.5,6.917705609835305,6.8690144506657065,6.78897174299217,6.883462586413092,6.725033642166843,6.818924065275521,6.841615476477592,6.887552571664617,6.84587987526405,6.846943139585379,6.821107472256465,6.787844982309579,0.00614712493990854,-0.00963548821487858,-0.00147497401524354,-7.247194351860387e-4,-0.00525824261618179,2.2783254146485632e-4,0.00352146943226827,-4.137282230836093e-4,-0.0095423819362459,0.00507649532776177,2.1928846255292456e-4,-0.00141251286840038,-0.00605140110318291,0.01279795060539168,0.0133579843999696,-0.00237731514740158,0.00682006577728966,0.02776743440425377,0.00115275615929899,-0.00296036760847417,-0.00450029565852627,0.00610457404718545,-0.00507833455451933,0.0044869869660431,-0.00288601220920092,0.00130120885622275,-8.898950412188356e-4,-0.00189140581876579,0.00238590418283735,0.00274247650830616,-0.0082311178229073,0.00343640808247513,0.00209991870212622,0.00155966723843103,-0.00437392092847765,-0.00206675510905807,-0.04036101706264716,0.01151719683268304,-0.02223637048204718,0.04611940249765389,-0.0494529761619491,-0.05926843457014197,-0.004870473799226,0.00165023540869135,0.00205929690073691,5.254667358443044e-4,-0.00364004716674237,-8.275804529400688e-5,-0.03073392337741509,-0.06380344794686987,0.05225342268036037,0.05120930567698334,0.02287670247325035,-0.06183443683226564,-0.00999999999999998,0.00999999999999998,-0.01999999999999999,0,0,0.01999999999999999,-0.01,0.03,0,-0.01999999999999999,-0.01,-0.00999999999999999,-0.02000000000000001,0.07000000000000006,0.18999999999999995,0.07000000000000006,-0.10000000000000007,0.03000000000000002,0.03000000000000025,0.10000000000000007,0.1499999999999999,0.1499999999999999,0.0299999999999998,-0.02000000000000001,0,0.11999999999999922,0.10000000000000052,0.1200000000000001,-0.07000000000000028,-0.2599999999999998,0.02515198828448017,0.02132596166745237,0.04004407282603495,0.01972514961509208,-0.03058497852264441,-0.00388722012158293,13.0279,13.903,13.3738,17.5331,16.6799,16.5407,1,3.799999999999997,0.8999999999999915,-9.799999999999995,0.10000000000000853,4.299999999999997,1.87,1.88,1.84,1.65,1.5599999999999998,1.65,0.9199999999999996,0.9499999999999996,0.9300000000000006,0.98,1.0099999999999998,1.11
2013 Q2,2013 Q3,1,0.8477896552497199,0.26727882651371715,8.15175303436888e-6,0.00480866554184622,0.00407016012535166,0.00348942528692397,-0.00199213367785588,-0.05117101489187448,-2.017303992136732e-4,0.00285041153603238,2.247872959681985e-4,0.00128225334195342,-1.6881151109515713e-4,0.00444359962909413,0.00207278383112186,7.806732341153477e-4,-8.633445250438854e-4,0.00402048765132612,0.00466600517933191,2.451126233573575e-4,-0.00310948618988327,0.01125152653548333,-0.00141651973748757,-0.00539819784006923,0.0040839017919616,0.00309883984911962,0.00305426963253196,0.00603276183820966,-0.00491577316259572,-0.00710135309284787,0.01151506420437442,0.00829523816855548,0,-0.09999999999999964,0.09999999999999964,-0.20000000000000015,-0.2999999999999998,0.09999999999999964,-0.00909950670972215,0.00143884916909797,-0.01301785066900329,-0.00340522462983905,0,-0.01685433155498295,0.00135108364227143,0.00163254536788315,0.00135512353096167,0.00106181388416892,0.00212701611199861,0.00135389598642987,41.8,41.7,41.8,41.9,41.9,41.6,6.732210706467206,6.835184586147301,6.727431724850855,6.917705609835305,6.8690144506657065,6.78897174299217,6.848005274576363,6.910750787961936,6.919683849847411,6.841615476477592,6.887552571664617,6.84587987526405,-0.00838919181026121,-0.00408528971336963,0.00849049959733161,0.00614712493990854,-0.00963548821487858,-0.00147497401524354,0.00213388273444437,6.329690881177186e-4,-0.00274155310241752,0.00352146943226827,-4.137282230836093e-4,-0.0095423819362459,-0.00755368292043456,0.00853696465345521,-0.00524169300297927,-0.00605140110318291,0.01279795060539168,0.0133579843999696,0.00550441803544377,-0.00352911238436171,2.0185202425970772e-4,0.00115275615929899,-0.00296036760847417,-0.00450029565852627,5.939440200428692e-4,2.806516342968024e-4,3.6306170571975827e-4,-0.00288601220920092,0.00130120885622275,-8.898950412188356e-4,0.00196350977116654,0.00250423188512893,7.257178396118391e-4,-0.0082311178229073,0.00343640808247513,0.00209991870212622,0.02410526163845183,0.03365310202705629,-0.02716597545540633,-0.04036101706264716,0.01151719683268304,-0.02223637048204718,0.00148478714267419,0.0017499034933186,3.0231694905058504e-4,-0.004870473799226,0.00165023540869135,0.00205929690073691,-0.0187269762453841,0.03980807774972739,0.01351484335377684,-0.03073392337741509,-0.06380344794686987,0.05225342268036037,-0.02,-0.03999999999999999,0.00999999999999998,-0.00999999999999998,0.00999999999999998,-0.01999999999999999,0.01,-0.01999999999999999,-0.03,-0.01,0.03,0,0.3699999999999999,0.16999999999999993,-0.19999999999999996,-0.02000000000000001,0.07000000000000006,0.18999999999999995,0.37999999999999945,0.16000000000000014,-0.20000000000000015,0.03000000000000025,0.10000000000000007,0.1499999999999999,0.46,0.14000000000000057,-0.2599999999999998,0,0.11999999999999922,0.10000000000000052,-0.01293207449937483,0.0430772962342667,0.01273110838505253,0.02515198828448017,0.02132596166745237,0.04004407282603495,17.1448,13.3657,14.0954,13.0279,13.903,13.3738,-0.4000000000000057,8.099999999999994,-2.1999999999999886,1,3.799999999999997,0.8999999999999915,2.25,1.89,1.7,1.87,1.88,1.84,0.9200000000000008,0.8400000000000003,0.8599999999999999,0.9199999999999996,0.9499999999999996,0.9300000000000006
2013 Q3,2013 Q4,1,0.8679640238263175,0.8477896552497199,0.00411245840577478,0.00173476366598634,-0.00208779544210457,8.15175303436888e-6,0.00480866554184622,0.00407016012535166,0.00300228465942353,0.00151012652235227,0.00123216181550134,-2.017303992136732e-4,0.00285041153603238,2.247872959681985e-4,0.00507169457108247,0.00576546223913077,-0.00310675204574995,0.00207278383112186,7.806732341153477e-4,-8.633445250438854e-4,0.00346866744290075,0.00414121115103682,1.8327340826473917e-4,-0.00310948618988327,0.01125152653548333,-0.00141651973748757,8.612539950583198e-4,-0.00140738767484727,0.00573707648828225,0.00305426963253196,0.00603276183820966,-0.00491577316259572,0,-0.09999999999999964,-0.20000000000000015,0,-0.09999999999999964,0.09999999999999964,-0.05994998440844057,-0.03709580474103013,0.00405445096389378,-0.00909950670972215,0.00143884916909797,-0.01301785066900329,0.00127986209588826,0.00186787925549047,8.215058957627974e-4,0.00135108364227143,0.00163254536788315,0.00135512353096167,41.8,41.9,41.7,41.8,41.7,41.8,6.745236349484363,6.821107472256465,6.779921907472252,6.732210706467206,6.835184586147301,6.727431724850855,6.911747300251674,6.871091294610546,6.904750769961838,6.848005274576363,6.910750787961936,6.919683849847411,0.00978202959504592,-0.00487968483413059,0.00940471349958826,-0.00838919181026121,-0.00408528971336963,0.00849049959733161,1.923422432312805e-4,0.00173077086204109,-0.00169527686411719,0.00213388273444437,6.329690881177186e-4,-0.00274155310241752,-0.00672952679260241,0.00474913264293697,7.611017854660673e-4,-0.00755368292043456,0.00853696465345521,-0.00524169300297927,0.00370916852173675,-0.00585751839077186,-8.301873824079209e-4,0.00550441803544377,-0.00352911238436171,2.0185202425970772e-4,2.5924702454638293e-4,1.6834319255387695e-4,8.049904222318105e-5,5.939440200428692e-4,2.806516342968024e-4,3.6306170571975827e-4,-0.00200757196523948,4.2890664417516433e-4,-4.220405347590273e-4,0.00196350977116654,0.00250423188512893,7.257178396118391e-4,-0.03535735389634542,0.0517016330604676,-0.0183372682557934,0.02410526163845183,0.03365310202705629,-0.02716597545540633,-0.0010435756670537,2.382336561872478e-4,-9.7529268393437e-4,0.00148478714267419,0.0017499034933186,3.0231694905058504e-4,-0.02119373556457038,-0.06941356750165895,0.07748318866301673,-0.0187269762453841,0.03980807774972739,0.01351484335377684,0,-0.00999999999999999,0,-0.02,-0.03999999999999999,0.00999999999999998,-0.02,0,-0.01,0.01,-0.01999999999999999,-0.03,0.06999999999999984,0.16000000000000014,0.28000000000000025,0.3699999999999999,0.16999999999999993,-0.19999999999999996,0.09999999999999964,0.20000000000000015,0.07000000000000028,0.37999999999999945,0.16000000000000014,-0.20000000000000015,0.04999999999999982,0.09999999999999964,0.1299999999999999,0.46,0.14000000000000057,-0.2599999999999998,0.0101750518934125,8.446224710434436e-4,0.03036629311931449,-0.01293207449937483,0.0430772962342667,0.01273110838505253,14.9695,14.141,13.7966,17.1448,13.3657,14.0954,-4.599999999999994,-3,1,-0.4000000000000057,8.099999999999994,-2.1999999999999886,2.79,2.7,2.54,2.25,1.89,1.7,0.8300000000000001,0.8799999999999999,0.9800000000000004,0.9200000000000008,0.8400000000000003,0.8599999999999999
2013 Q4,2014 Q1,1,-0.34569281496601434,0.8679640238263175,0.00224891059200871,0.00255638836165772,-0.00339524693766257,0.00411245840577478,0.00173476366598634,-0.00208779544210457,9.067386781316245e-4,0.00410163753461212,0.00322659885175102,0.00300228465942353,0.00151012652235227,0.00123216181550134,0.00200863171411302,0.00233336000772776,-7.890413557394282e-4,0.00507169457108247,0.00576546223913077,-0.00310675204574995,-0.00381035113020367,0.01208558259761716,0.0054205633142832,0.00346866744290075,0.00414121115103682,1.8327340826473917e-4,0.00544133191192486,0.00282052713807701,0.00329907547808794,8.612539950583198e-4,-0.00140738767484727,0.00573707648828225,-0.20000000000000015,-0.2999999999999998,0,0,-0.09999999999999964,-0.20000000000000015,0.05281559640173228,-0.08830548138368322,0.13253567413142164,-0.05994998440844057,-0.03709580474103013,0.00405445096389378,4.150148045098945e-4,0.00200468799481612,0.00160664894964845,0.00127986209588826,0.00186787925549047,8.215058957627974e-4,41.9,42,41.9,41.8,41.9,41.7,6.90975328164481,7.003065458786462,6.829793737512425,6.745236349484363,6.821107472256465,6.779921907472252,6.912742820493176,6.9363427358340495,6.950814768442584,6.911747300251674,6.871091294610546,6.904750769961838,0.01044174935797936,-0.01463685056470165,0.00420522337046502,0.00978202959504592,-0.00487968483413059,0.00940471349958826,0.00510885600501076,-0.01059971743315024,0.00580930367907939,1.923422432312805e-4,0.00173077086204109,-0.00169527686411719,-0.01725962677596726,-0.00285077315189496,0.00343858822654929,-0.00672952679260241,0.00474913264293697,7.611017854660673e-4,0.00395343926151348,-3.090716899034618e-4,0.00174185090132894,0.00370916852173675,-0.00585751839077186,-8.301873824079209e-4,-0.00190259480330823,0.00140236472096688,-4.4818732397367e-4,2.5924702454638293e-4,1.6834319255387695e-4,8.049904222318105e-5,7.97889047788658e-4,0.00130770258208734,1.5821419735839726e-4,-0.00200757196523948,4.2890664417516433e-4,-4.220405347590273e-4,0.02371979152865311,-0.02566611528230478,0.01150716151983566,-0.03535735389634542,0.0517016330604676,-0.0183372682557934,2.571245329345828e-4,1.6450813382373752e-4,8.84667576865894e-4,-0.0010435756670537,2.382336561872478e-4,-9.7529268393437e-4,0.10813186076946656,-0.01313579861709701,-0.05298471059368648,-0.02119373556457038,-0.06941356750165895,0.07748318866301673,0.00999999999999999,-0.00999999999999999,0.00999999999999999,0,-0.00999999999999999,0,0,0.02,0.03,-0.02,0,-0.01,0.17999999999999972,0.10000000000000007,-0.18999999999999995,0.06999999999999984,0.16000000000000014,0.28000000000000025,-0.00999999999999978,0.09999999999999964,-0.10999999999999945,0.09999999999999964,0.20000000000000015,0.07000000000000028,0,0.07000000000000028,-0.16000000000000014,0.04999999999999982,0.09999999999999964,0.1299999999999999,0.01349941977447688,0.03625842084207509,0.01928916344820752,0.0101750518934125,8.446224710434436e-4,0.03036629311931449,14.0258,12.8516,15.1417,14.9695,14.141,13.7966,7.400000000000006,1.8999999999999917,-4.299999999999997,-4.599999999999994,-3,1,2.83,2.6500000000000004,2.5700000000000003,2.79,2.7,2.54,0.7599999999999998,0.75,0.7799999999999994,0.8300000000000001,0.8799999999999999,0.9800000000000004
2014 Q1,2014 Q2,1,1.2835690229149321,-0.34569281496601434,0.00519898629377557,0.00557357726441942,0.00510006349500358,0.00224891059200871,0.00255638836165772,-0.00339524693766257,0.00570203537328506,0.00453635944612695,-0.00331025317359046,9.067386781316245e-4,0.00410163753461212,0.00322659885175102,0.0096386050748114,0.00752850603761601,-0.00356393274487487,0.00200863171411302,0.00233336000772776,-7.890413557394282e-4,0.00807311915175468,0.00844321708559192,-0.01019698800379487,-0.00381035113020367,0.01208558259761716,0.0054205633142832,0.01072607500936762,0.01249568050126015,-0.00786815825751574,0.00544133191192486,0.00282052713807701,0.00329907547808794,0,0.10000000000000052,-0.10000000000000052,-0.20000000000000015,-0.2999999999999998,0,-0.04343539903177174,0.02568116965745659,-0.05724342255339287,0.05281559640173228,-0.08830548138368322,0.13253567413142164,0.00198043569011119,0.00109709281437275,0.00136760116465772,4.150148045098945e-4,0.00200468799481612,0.00160664894964845,42,41.6,41.6,41.9,42,41.9,6.877296071497429,6.8501261661455,6.78897174299217,6.90975328164481,7.003065458786462,6.829793737512425,6.9726062513017535,6.946013991099227,6.883462586413092,6.912742820493176,6.9363427358340495,6.950814768442584,0.00105700736593039,-0.00889567665016954,0.00148413468739239,0.01044174935797936,-0.01463685056470165,0.00420522337046502,-0.00268739606204881,-3.9695665367389665e-4,3.8825844417544886e-4,0.00510885600501076,-0.01059971743315024,0.00580930367907939,-0.01414365048453447,0.0247915212029639,-0.00593481912136439,-0.01725962677596726,-0.00285077315189496,0.00343858822654929,-0.01216395334554931,0.01264363738591534,-0.00199411188044518,0.00395343926151348,-3.090716899034618e-4,0.00174185090132894,-1.9250535692094672e-4,-3.532380389437151e-4,0.00124837904449925,-0.00190259480330823,0.00140236472096688,-4.4818732397367e-4,9.397999325484464e-4,-0.00132106850987412,-2.1943777579114257e-4,7.97889047788658e-4,0.00130770258208734,1.5821419735839726e-4,0.00204600194059434,0.01739639686724725,-0.01889554222201894,0.02371979152865311,-0.02566611528230478,0.01150716151983566,0.00112626637521007,-0.00159623080283832,3.2823354113986625e-4,2.571245329345828e-4,1.6450813382373752e-4,8.84667576865894e-4,-0.06366627146869863,0.09478383148606008,-0.07069646590588619,0.10813186076946656,-0.01313579861709701,-0.05298471059368648,0.00999999999999999,0,-0.01999999999999999,0.00999999999999999,-0.00999999999999999,0.00999999999999999,0,0.01,-0.03,0,0.02,0.03,0.01000000000000023,-0.1499999999999999,-0.04000000000000003,0.17999999999999972,0.10000000000000007,-0.18999999999999995,-0.07000000000000028,-0.04000000000000003,-0.1299999999999999,-0.00999999999999978,0.09999999999999964,-0.10999999999999945,-0.04000000000000003,-0.09000000000000075,-0.1899999999999995,0,0.07000000000000028,-0.16000000000000014,0.02525836889118071,-0.00292356091073386,0.00803279124148659,0.01349941977447688,0.03625842084207509,0.01928916344820752,15.0074,15.4174,14.4177,14.0258,12.8516,15.1417,-1.5999999999999943,0.3999999999999915,-1.2999999999999972,7.400000000000006,1.8999999999999917,-4.299999999999997,2.6700000000000004,2.66,2.82,2.83,2.6500000000000004,2.5700000000000003,0.6799999999999997,0.6499999999999995,0.7000000000000002,0.7599999999999998,0.75,0.7799999999999994
2014 Q2,2014 Q3,1,1.2080648325781596,1.2835690229149321,0.00371016054888073,0.00278453609069728,0.00298545671120287,0.00519898629377557,0.00557357726441942,0.00510006349500358,0.00350393049370278,0.00216744107970967,0.00163415753887541,0.00570203537328506,0.00453635944612695,-0.00331025317359046,0.0034263137889523,0.00382432097151586,9.672024963487402e-4,0.0096386050748114,0.00752850603761601,-0.00356393274487487,-1.3474805833268988e-4,0.00274605568663766,0.00112289805422527,0.00807311915175468,0.00844321708559192,-0.01019698800379487,0.00246497726615579,0.00166001641784951,0.01019404748361552,0.01072607500936762,0.01249568050126015,-0.00786815825751574,-0.20000000000000015,0.09999999999999964,-0.5,0,0.10000000000000052,-0.10000000000000052,-9.564802259554028e-4,-0.02812218942782074,0.00543690659673679,-0.04343539903177174,0.02568116965745659,-0.05724342255339287,0.00243004723689033,0.00155341801194985,0.0022585628642382,0.00198043569011119,0.00109709281437275,0.00136760116465772,42.1,42.1,41.9,42,41.6,41.6,6.814542897259958,6.914730892718563,6.949856455000773,6.877296071497429,6.8501261661455,6.78897174299217,6.917705609835305,6.925595197110468,6.993932975223189,6.9726062513017535,6.946013991099227,6.883462586413092,0.00739472622405124,-0.00502291336630289,0.00204461629030827,0.00105700736593039,-0.00889567665016954,0.00148413468739239,-8.491114035305003e-4,0.00171589370003921,7.891478976098654e-4,-0.00268739606204881,-3.9695665367389665e-4,3.8825844417544886e-4,0.01436207360166896,-0.01635950477193404,-0.00213956952159399,-0.01414365048453447,0.0247915212029639,-0.00593481912136439,3.0750630814413427e-4,-0.0033409390370096,0.0025172126893409,-0.01216395334554931,0.01264363738591534,-0.00199411188044518,6.612788357376331e-4,-2.059612929876664e-4,5.915621793235459e-4,-1.9250535692094672e-4,-3.532380389437151e-4,0.00124837904449925,-5.80937202943943e-4,3.8747314177634e-5,-1.775229726863614e-4,9.397999325484464e-4,-0.00132106850987412,-2.1943777579114257e-4,0.00915000972101598,5.111162659847679e-4,-0.00359277309808181,0.00204600194059434,0.01739639686724725,-0.01889554222201894,-5.578112735404872e-4,-1.2666158685625817e-4,1.7273340947454585e-4,0.00112626637521007,-0.00159623080283832,3.2823354113986625e-4,0.03364292160878612,-0.01144338529089417,0.01271888979535518,-0.06366627146869863,0.09478383148606008,-0.07069646590588619,0.01,0,0.00999999999999999,0.00999999999999999,0,-0.01999999999999999,0.01,0,-0.02,0,0.01,-0.03,0.04000000000000003,-0.1499999999999999,-0.01000000000000023,0.01000000000000023,-0.1499999999999999,-0.04000000000000003,0.08999999999999986,-0.08000000000000007,-0.13999999999999968,-0.07000000000000028,-0.04000000000000003,-0.1299999999999999,0.04000000000000003,-0.14000000000000057,-0.15999999999999923,-0.04000000000000003,-0.09000000000000075,-0.1899999999999995,0.02988082173855222,0.01359093702983393,3.9701914261058846e-4,0.02525836889118071,-0.00292356091073386,0.00803279124148659,11.4496,12.2317,14.3339,15.0074,15.4174,14.4177,0.5999999999999943,-2.1999999999999886,4.099999999999994,-1.5999999999999943,0.3999999999999915,-1.2999999999999972,2.56,2.53,2.68,2.6700000000000004,2.66,2.82,0.5499999999999998,0.5999999999999996,0.6600000000000001,0.6799999999999997,0.6499999999999995,0.7000000000000002
2014 Q3,2014 Q4,1,0.5044586015433339,1.2080648325781596,0.00347115492348315,0.00504358152487327,0.00270549132946662,0.00371016054888073,0.00278453609069728,0.00298545671120287,2.915467656263715e-4,0.0067726342085681,0.00216606975837585,0.00350393049370278,0.00216744107970967,0.00163415753887541,0.00286931975014947,-0.00188983782647422,0.00221878551799914,0.0034263137889523,0.00382432097151586,9.672024963487402e-4,-2.109793506956947e-4,0.00189190228132751,0.00610769660538146,-1.3474805833268988e-4,0.00274605568663766,0.00112289805422527,-0.00276240704559604,0.00767929606140249,0.00180971402607887,0.00246497726615579,0.00166001641784951,0.01019404748361552,-0.1999999999999993,-0.10000000000000052,0.10000000000000052,-0.20000000000000015,0.09999999999999964,-0.5,-0.02345166103505036,8.281573972297451e-4,-0.0382005000953356,-9.564802259554028e-4,-0.02812218942782074,0.00543690659673679,0.00210879747627323,0.00140833961382647,0.00161196341782243,0.00243004723689033,0.00155341801194985,0.0022585628642382,42.1,42,42,42.1,42.1,41.9,6.930494765951626,6.891625897052253,6.98933526597456,6.814542897259958,6.914730892718563,6.949856455000773,6.981934677156389,6.953684210870537,6.98100574072173,6.917705609835305,6.925595197110468,6.993932975223189,0.04416251599433796,-0.02499655909480846,-0.00427848453030765,0.00739472622405124,-0.00502291336630289,0.00204461629030827,0.00148327940163994,-0.00268909947814499,-6.723206111480806e-5,-8.491114035305003e-4,0.00171589370003921,7.891478976098654e-4,-0.02765652109455807,0.01112587441466494,7.137520534179487e-4,0.01436207360166896,-0.01635950477193404,-0.00213956952159399,-0.00175408551515143,-8.552479977579353e-4,0.00289244573930425,3.0750630814413427e-4,-0.0033409390370096,0.0025172126893409,9.14413049102336e-6,-3.2308943690573244e-4,-7.437145047468618e-4,6.612788357376331e-4,-2.059612929876664e-4,5.915621793235459e-4,2.3160259124743732e-4,-0.00128486655171133,-1.954078760455502e-4,-5.80937202943943e-4,3.8747314177634e-5,-1.775229726863614e-4,-0.01928714196283998,-0.00617431510005683,0.00688709503225748,0.00915000972101598,5.111162659847679e-4,-0.00359277309808181,4.7231257757474054e-4,-0.00154119582556067,3.274384757467885e-4,-5.578112735404872e-4,-1.2666158685625817e-4,1.7273340947454585e-4,0.03538095167838229,-0.04946817290899208,-0.05573523002470271,0.03364292160878612,-0.01144338529089417,0.01271888979535518,0,0,-0.01,0.01,0,0.00999999999999999,-0.00999999999999999,0,-0.01,0.01,0,-0.02,0.10999999999999988,-0.1200000000000001,-0.06000000000000005,0.04000000000000003,-0.1499999999999999,-0.01000000000000023,0.03000000000000025,-0.08000000000000007,-0.08999999999999986,0.08999999999999986,-0.08000000000000007,-0.13999999999999968,0.10999999999999945,-0.04000000000000003,-0.0699999999999994,0.04000000000000003,-0.14000000000000057,-0.15999999999999923,0.01603165751778679,-0.00588112902522919,0.01326995971007694,0.02988082173855222,0.01359093702983393,3.9701914261058846e-4,13.4618,13.3254,12.0922,11.4496,12.2317,14.3339,2.0999999999999943,0.7000000000000028,-0.7000000000000028,0.5999999999999943,-2.1999999999999886,4.099999999999994,2.51,2.39,2.51,2.56,2.53,2.68,0.6899999999999995,0.6100000000000003,0.5700000000000003,0.5499999999999998,0.5999999999999996,0.6600000000000001
2014 Q4,2015 Q1,1,0.8964547876924911,0.5044586015433339,0.0068362478237347,0.00569144324474457,0.00506588210782155,0.00347115492348315,0.00504358152487327,0.00270549132946662,0.0027675836586356,0.00253922813229312,0.00639261755105291,2.915467656263715e-4,0.0067726342085681,0.00216606975837585,-7.906777172816959e-5,0.00615315135018956,1.1933608402614482e-4,0.00286931975014947,-0.00188983782647422,0.00221878551799914,0.00571289315603174,0.00246888297705538,0.00148132385434962,-2.109793506956947e-4,0.00189190228132751,0.00610769660538146,-0.00695767400636704,0.0027976379377943,0.0039763789906928,-0.00276240704559604,0.00767929606140249,0.00180971402607887,-0.20000000000000015,0.09999999999999964,-0.20000000000000015,-0.1999999999999993,-0.10000000000000052,0.10000000000000052,-0.02464974656811769,0.00982173829850019,-0.02141409450381637,-0.02345166103505036,8.281573972297451e-4,-0.0382005000953356,0.00195397524854712,0.00209370286603238,0.00167525812375934,0.00210879747627323,0.00140833961382647,0.00161196341782243,42.1,42.2,42.1,42.1,42,42,6.9782137426306985,6.90875477931522,6.97914527506881,6.930494765951626,6.891625897052253,6.98933526597456,6.977281341630747,6.9650803456014065,6.9975959829819265,6.981934677156389,6.953684210870537,6.98100574072173,0.02043157377025473,-0.00398375882272983,-0.01958731261179736,0.04416251599433796,-0.02499655909480846,-0.00427848453030765,0.00366939475602201,-0.00288578830741137,0.00280716897016297,0.00148327940163994,-0.00268909947814499,-6.723206111480806e-5,0.07051462705483047,-0.0318500145259506,-0.00549862396712974,-0.02765652109455807,0.01112587441466494,7.137520534179487e-4,2.2847935166137032e-4,0.00904165951111224,-0.00519713073534067,-0.00175408551515143,-8.552479977579353e-4,0.00289244573930425,0.00246019287333254,0.00312954758350869,-0.00323764753735389,9.14413049102336e-6,-3.2308943690573244e-4,-7.437145047468618e-4,-0.00120494207358223,-0.00168650109375967,-2.6952193306950534e-4,2.3160259124743732e-4,-0.00128486655171133,-1.954078760455502e-4,-0.00617709128485532,0.0363849676478889,-0.02695588401064785,-0.01928714196283998,-0.00617431510005683,0.00688709503225748,-8.037215478786663e-4,-6.576927634052154e-4,-6.468361759717212e-4,4.7231257757474054e-4,-0.00154119582556067,3.274384757467885e-4,-0.13792465632668716,-0.00831343330681999,-0.06418519231187236,0.03538095167838229,-0.04946817290899208,-0.05573523002470271,0.03,0,0,0,0,-0.01,0.00999999999999999,0,0,-0.00999999999999999,0,-0.01,-0.1200000000000001,0.03000000000000025,-0.23,0.10999999999999988,-0.1200000000000001,-0.06000000000000005,-0.1299999999999999,0,-0.1900000000000004,0.03000000000000025,-0.08000000000000007,-0.08999999999999986,-0.04999999999999982,0.09999999999999964,-0.10999999999999945,0.10999999999999945,-0.04000000000000003,-0.0699999999999994,0.00473305525862244,0.05390773291510076,-0.02847667296444189,0.01603165751778679,-0.00588112902522919,0.01326995971007694,16.1928,13.4181,18.2073,13.4618,13.3254,12.0922,4.799999999999997,1.8999999999999917,2.3000000000000114,2.0999999999999943,0.7000000000000028,-0.7000000000000028,2.18,2.31,2.28,2.51,2.39,2.51,0.9500000000000002,0.8700000000000001,0.7700000000000005,0.6899999999999995,0.6100000000000003,0.5700000000000003
2015 Q1,2015 Q2,1,0.6174946582536478,0.8964547876924911,-0.0018345066915586,0.00363982959240338,0.00875024644581046,0.0068362478237347,0.00569144324474457,0.00506588210782155,0.00300107861020126,0.00236052296280853,0.00237677903936273,0.0027675836586356,0.00253922813229312,0.00639261755105291,-0.0033518725083752,-0.00640590322631506,-0.0078792284874769,-7.906777172816959e-5,0.00615315135018956,1.1933608402614482e-4,0.0055356713949628,-0.00402189540348096,0.00197754110718406,0.00571289315603174,0.00246888297705538,0.00148132385434962,0.01516817615830667,-0.00254639591275562,-0.00443193108674933,-0.00695767400636704,0.0027976379377943,0.0039763789906928,-0.09999999999999964,-0.20000000000000015,0.10000000000000052,-0.20000000000000015,0.09999999999999964,-0.20000000000000015,-0.05896624664365824,0.04636985895797352,0.01083737228050552,-0.02464974656811769,0.00982173829850019,-0.02141409450381637,6.814552171441335e-4,0.00184082924812756,0.0014523089990206,0.00195397524854712,0.00209370286603238,0.00167525812375934,41.8,41.9,42,42.1,42.2,42.1,6.866933284461882,6.786716950605081,6.98933526597456,6.9782137426306985,6.90875477931522,6.97914527506881,6.977281341630747,7.027314514039777,6.955592608396297,6.977281341630747,6.9650803456014065,6.9975959829819265,-0.0312405253776804,0.02334319493336067,-0.02320353695398758,0.02043157377025473,-0.00398375882272983,-0.01958731261179736,-0.01002779536779208,0.00247739171211769,2.1184827238229784e-4,0.00366939475602201,-0.00288578830741137,0.00280716897016297,0.09327036460499372,-0.06573412308438265,-0.00603813233734307,0.07051462705483047,-0.0318500145259506,-0.00549862396712974,0.00493042071747318,-0.00123662754600051,-0.0018833219792036,2.2847935166137032e-4,0.00904165951111224,-0.00519713073534067,9.83193931201498e-4,-0.0010817701684278,-0.00194014328881486,0.00246019287333254,0.00312954758350869,-0.00323764753735389,1.5889270808333578e-4,0.00892213038098521,-0.00330131683436274,-0.00120494207358223,-0.00168650109375967,-2.6952193306950534e-4,-0.02553803992418579,0.02666832161760268,-0.02525132202832747,-0.00617709128485532,0.0363849676478889,-0.02695588401064785,1.205897716269888e-4,0.0065773702242371,-0.00305057589531188,-8.037215478786663e-4,-6.576927634052154e-4,-6.468361759717212e-4,-0.12485098879609248,0.296361835646362,0.01790257404275141,-0.13792465632668716,-0.00831343330681999,-0.06418519231187236,0,0,-0.00999999999999999,0.03,0,0,0.00999999999999999,-0.00999999999999999,0,0.00999999999999999,0,0,0.06000000000000005,0.10000000000000007,-0.33000000000000007,-0.1200000000000001,0.03000000000000025,-0.23,0.03000000000000025,0.1499999999999999,-0.33000000000000007,-0.1299999999999999,0,-0.1900000000000004,0.03000000000000025,0.05999999999999961,-0.29000000000000004,-0.04999999999999982,0.09999999999999964,-0.10999999999999945,-0.00106194104915413,0.02628618787183345,-0.01278171450843501,0.00473305525862244,0.05390773291510076,-0.02847667296444189,14.7123,15.8675,19.037,16.1928,13.4181,18.2073,-2.4000000000000057,-2.6999999999999886,4.5,4.799999999999997,1.8999999999999917,2.3000000000000114,2.01,1.96,1.85,2.18,2.31,2.28,0.8999999999999999,0.8999999999999999,0.9900000000000002,0.9500000000000002,0.8700000000000001,0.7700000000000005
2015 Q2,2015 Q3,1,0.39944621156902116,0.6174946582536478,4.132940085490589e-4,0.00209177227741719,0.00298133247738086,-0.0018345066915586,0.00363982959240338,0.00875024644581046,7.057646515269411e-4,0.00300771150106005,0.00183015575666534,0.00300107861020126,0.00236052296280853,0.00237677903936273,-0.00315001851362062,-0.00442282984484343,-0.005470746111496,-0.0033518725083752,-0.00640590322631506,-0.0078792284874769,0.00172231238886588,-0.01033810114740774,0.00775498087386949,0.0055356713949628,-0.00402189540348096,0.00197754110718406,1.9638828310242215e-4,0.00778374624650268,0.00189605835747919,0.01516817615830667,-0.00254639591275562,-0.00443193108674933,-0.2999999999999998,0.1999999999999993,0,-0.09999999999999964,-0.20000000000000015,0.10000000000000052,-9.12825257358918e-4,-0.04286370443178278,0.00701757265864522,-0.05896624664365824,0.04636985895797352,0.01083737228050552,0.00120742688024755,0.00241923622063211,0.00193535412511813,6.814552171441335e-4,0.00184082924812756,0.0014523089990206,41.8,41.8,41.8,41.8,41.9,42,7.094234845924755,6.983789965258135,7.081708586105575,6.866933284461882,6.786716950605081,6.98933526597456,7.229113877793302,7.148345743900068,7.061334366910438,6.977281341630747,7.027314514039777,6.955592608396297,0.0203400410204253,-0.00865889119360474,0.00846467153180796,-0.0312405253776804,0.02334319493336067,-0.02320353695398758,0.00106988263208229,-5.428517058732041e-4,0.00300363486407029,-0.01002779536779208,0.00247739171211769,2.1184827238229784e-4,0.01989744993877273,-0.03459144199045561,-0.04119275060451422,0.09327036460499372,-0.06573412308438265,-0.00603813233734307,4.799338572736289e-4,5.321629074863665e-4,-0.00614655483213244,0.00493042071747318,-0.00123662754600051,-0.0018833219792036,0.00224912928509013,2.657205700309362e-4,-0.00103925342397737,9.83193931201498e-4,-0.0010817701684278,-0.00194014328881486,-5.282225323384182e-4,0.00225038381167141,-0.00164839370419933,1.5889270808333578e-4,0.00892213038098521,-0.00330131683436274,-0.05464856937267104,0.01792767663491368,0.03091918729029785,-0.02553803992418579,0.02666832161760268,-0.02525132202832747,-4.56837454366088e-4,0.00151072947728536,-0.00100209183690225,1.205897716269888e-4,0.0065773702242371,-0.00305057589531188,-0.07558364901872183,-0.04501846092801376,0.18595116656043095,-0.12485098879609248,0.296361835646362,0.01790257404275141,0.01,0,0.00999999999999999,0,0,-0.00999999999999999,0,0,-0.00999999999999999,0.00999999999999999,-0.00999999999999999,0,0.1599999999999997,0.26000000000000023,-0.10000000000000007,0.06000000000000005,0.10000000000000007,-0.33000000000000007,0.2100000000000004,0.46,-0.1200000000000001,0.03000000000000025,0.1499999999999999,-0.33000000000000007,0.2400000000000002,0.40999999999999925,-0.05999999999999961,0.03000000000000025,0.05999999999999961,-0.29000000000000004,-0.00600776402535885,0.00812023098405756,0.00712363935614135,-0.00106194104915413,0.02628618787183345,-0.01278171450843501,14.5708,13.1924,13.5328,14.7123,15.8675,19.037,5.3999999999999915,-5.200000000000003,2.9000000000000057,-2.4000000000000057,-2.6999999999999886,4.5,2.34,2.18,1.92,2.01,1.96,1.85,0.9399999999999996,0.9099999999999996,0.9600000000000004,0.8999999999999999,0.8999999999999999,0.9900000000000002
2015 Q3,2015 Q4,1,0.18430917271050618,0.39944621156902116,0.00266477015985167,0.00198458361169606,0.00163989732567948,4.132940085490589e-4,0.00209177227741719,0.00298133247738086,5.858843882942111e-4,0.00246237151130923,0.00371022839365942,7.057646515269411e-4,0.00300771150106005,0.00183015575666534,-0.00279496731355521,-0.00184021074428653,0.00646008219060778,-0.00315001851362062,-0.00442282984484343,-0.005470746111496,0.00974347667854047,0.00124861962356526,0.00274314918834228,0.00172231238886588,-0.01033810114740774,0.00775498087386949,-0.00449578625852886,-2.104569979639592e-4,0.00907161977574588,1.9638828310242215e-4,0.00778374624650268,0.00189605835747919,-0.09999999999999964,-0.10000000000000052,-0.09999999999999964,-0.2999999999999998,0.1999999999999993,0,-0.02092971571013713,-0.00922332246055113,0.01450614738902977,-9.12825257358918e-4,-0.04286370443178278,0.00701757265864522,0.00105485241848768,9.432767597434832e-4,0.0019880161640966,0.00120742688024755,0.00241923622063211,0.00193535412511813,41.8,41.8,41.8,41.8,41.8,41.8,7.1098794630722715,7.029972911706386,7.044032897274685,7.094234845924755,6.983789965258135,7.081708586105575,7.042286171939743,7.060476365999801,7.038783541388542,7.229113877793302,7.148345743900068,7.061334366910438,0.01470851556745778,-0.01358762205648567,-0.0054699451376905,0.0203400410204253,-0.00865889119360474,0.00846467153180796,0.00133650375508764,7.780939163559708e-5,2.626092552642234e-4,0.00106988263208229,-5.428517058732041e-4,0.00300363486407029,0.0053684284554194,-0.00481807182814186,0.01813146274702859,0.01989744993877273,-0.03459144199045561,-0.04119275060451422,-0.00108054804544366,0.00237272496748985,-0.0039223428441435,4.799338572736289e-4,5.321629074863665e-4,-0.00614655483213244,0.00331886555726157,-2.1256660360791105e-5,-0.00313890243636905,0.00224912928509013,2.657205700309362e-4,-0.00103925342397737,-0.00224591604592916,-0.00158926399333747,-0.0011790342677207,-5.282225323384182e-4,0.00225038381167141,-0.00164839370419933,0.05329692493968352,-0.00261931550957505,-0.00185343649355829,-0.05464856937267104,0.01792767663491368,0.03091918729029785,-0.00145569900698916,-8.405394446757697e-4,-0.0010277696040708,-4.56837454366088e-4,0.00151072947728536,-0.00100209183690225,0.2307910312190411,-0.01021351330126663,-0.17071390704738,-0.07558364901872183,-0.04501846092801376,0.18595116656043095,0,0.01,0,0.01,0,0.00999999999999999,-0.05,0.04000000000000001,0.00999999999999999,0,0,-0.00999999999999999,0,-0.1499999999999999,-0.04000000000000003,0.1599999999999997,0.26000000000000023,-0.10000000000000007,0.03000000000000025,-0.11000000000000032,-0.04000000000000003,0.2100000000000004,0.46,-0.1200000000000001,0.14999999999999947,-0.00999999999999978,0.07000000000000028,0.2400000000000002,0.40999999999999925,-0.05999999999999961,-0.04741332856434521,-0.0262568875667295,-0.00245622442209825,-0.00600776402535885,0.00812023098405756,0.00712363935614135,24.2515,19.9964,14.6217,14.5708,13.1924,13.5328,-4.700000000000003,-1.1999999999999886,-3,5.3999999999999915,-5.200000000000003,2.9000000000000057,2.15,2.1,2.29,2.34,2.18,1.92,1.2699999999999996,1.1500000000000004,1.0499999999999998,0.9399999999999996,0.9099999999999996,0.9600000000000004
2015 Q4,2016 Q1,1,0.5778466518471248,0.18430917271050618,0.00423281761019467,-1.5664451981756145e-4,0.0024100923353707,0.00266477015985167,0.00198458361169606,0.00163989732567948,0.00315669653138161,0.001660479414058,6.900662110034261e-4,5.858843882942111e-4,0.00246237151130923,0.00371022839365942,-0.00491612324068579,-0.00738451773168602,-0.00484723531952813,-0.00279496731355521,-0.00184021074428653,0.00646008219060778,-0.00144148013868594,-0.00198893048223958,-0.00211376088278925,0.00974347667854047,0.00124861962356526,0.00274314918834228,0.00418380306856391,0.00366327446418424,-0.0026725566808885,-0.00449578625852886,-2.104569979639592e-4,0.00907161977574588,-0.09999999999999964,0.09999999999999964,0,-0.09999999999999964,-0.10000000000000052,-0.09999999999999964,0.00926790693078061,0.00560225554866988,-0.00931973194880164,-0.02092971571013713,-0.00922332246055113,0.01450614738902977,0.00188187613472301,0.00160483868676131,0.00213442756930248,0.00105485241848768,9.432767597434832e-4,0.0019880161640966,41.8,41.8,41.8,41.8,41.8,41.8,7.044032897274685,7.066466970136958,6.964135612418245,7.1098794630722715,7.029972911706386,7.044032897274685,7.099201743553092,7.126087273299125,7.05617528410041,7.042286171939743,7.060476365999801,7.038783541388542,-0.00835609040947282,0.02525176512890148,-0.01446995232467074,0.01470851556745778,-0.01358762205648567,-0.0054699451376905,-0.00167087089058881,0.0032404890991966,-8.361284483147102e-4,0.00133650375508764,7.780939163559708e-5,2.626092552642234e-4,-0.03025178298486963,-0.02125017937364681,-0.00319573800754469,0.0053684284554194,-0.00481807182814186,0.01813146274702859,-0.0050308951961612804,6.499011482006267e-4,0.00145540362319707,-0.00108054804544366,0.00237272496748985,-0.0039223428441435,-0.04013221897311681,-8.706495831543037e-4,-0.00301734334633962,0.00331886555726157,-2.1256660360791105e-5,-0.00313890243636905,-0.00227003675286763,2.0491170130476632e-4,0.00323910993731857,-0.00224591604592916,-0.00158926399333747,-0.0011790342677207,0.04098106048128969,-0.05460085038686912,-0.0107873631834483,0.05329692493968352,-0.00261931550957505,-0.00185343649355829,-0.00146664449262523,6.25592923513274e-4,0.00138398394115935,-0.00145569900698916,-8.405394446757697e-4,-0.0010277696040708,-0.04673011470835142,-0.10146122706435134,-0.0429604523085505,0.2307910312190411,-0.01021351330126663,-0.17071390704738,0.12,0,-0.02000000000000001,0,0.01,0,0.11,0.1,0,-0.05,0.04000000000000001,0.00999999999999999,-0.01999999999999957,0.18999999999999995,-0.10000000000000007,0,-0.1499999999999999,-0.04000000000000003,-0.08999999999999941,0.10999999999999945,-0.1200000000000001,0.03000000000000025,-0.11000000000000032,-0.04000000000000003,0,0.1200000000000001,0,0.14999999999999947,-0.00999999999999978,0.07000000000000028,-0.01283786707892709,0.00454743304956384,0.06264574139961088,-0.04741332856434521,-0.0262568875667295,-0.00245622442209825,18.3855,16.177,16.4927,24.2515,19.9964,14.6217,1.2999999999999972,1.2999999999999972,2.799999999999997,-4.700000000000003,-1.1999999999999886,-3,2.01,2.1399999999999997,2.05,2.15,2.1,2.29,1.4899999999999998,1.4000000000000004,1.3899999999999997,1.2699999999999996,1.1500000000000004,1.0499999999999998
2016 Q1,2016 Q2,1,0.32060956626729364,0.5778466518471248,-6.245761141698836e-5,5.50146034825616e-4,0.00131396102761804,0.00423281761019467,-1.5664451981756145e-4,0.0024100923353707,-0.00373086557779878,0.00664461148902262,0.00167327528037386,0.00315669653138161,0.001660479414058,6.900662110034261e-4,-0.0074475614830165,-0.00519826431929981,0.00522653483991408,-0.00491612324068579,-0.00738451773168602,-0.00484723531952813,4.007970962103258e-4,0.00796586348057459,6.835433243139732e-4,-0.00144148013868594,-0.00198893048223958,-0.00211376088278925,-0.00284980638600984,0.00827349003115429,-0.00608657584763072,0.00418380306856391,0.00366327446418424,-0.0026725566808885,0.09999999999999964,0.10000000000000052,-0.20000000000000015,-0.09999999999999964,0.09999999999999964,0,-0.01320773916777717,-0.04704812017779325,0.03124118947995491,0.00926790693078061,0.00560225554866988,-0.00931973194880164,0.00177657683044607,0.00137465698840166,9.291376106368432e-4,0.00188187613472301,0.00160483868676131,0.00213442756930248,41.8,41.8,41.9,41.8,41.8,41.8,7.01301578963963,7.110696122978827,6.9957661563048505,7.044032897274685,7.066466970136958,6.964135612418245,7.0192966537150445,7.066466970136958,7.065613363597717,7.099201743553092,7.126087273299125,7.05617528410041,-0.0064397412440087,0.01100697056525845,-0.0099678040142308,-0.00835609040947282,0.02525176512890148,-0.01446995232467074,-0.00171817877051871,-0.00528302792753798,0.00525842067399118,-0.00167087089058881,0.0032404890991966,-8.361284483147102e-4,-0.01415620755805058,0.03212197830235475,0.03229009034726715,-0.03025178298486963,-0.02125017937364681,-0.00319573800754469,0.00342535709157143,0.00617983963420165,0.00228822571564535,-0.0050308951961612804,6.499011482006267e-4,0.00145540362319707,4.8615137252383533e-4,2.5660519934866954e-4,0.04118606846117423,-0.04013221897311681,-8.706495831543037e-4,-0.00301734334633962,0.00446045313516396,-8.720114457840822e-4,6.175835690642728e-4,-0.00227003675286763,2.0491170130476632e-4,0.00323910993731857,-0.01043725750796387,0.05067496117785985,5.219856292626446e-4,0.04098106048128969,-0.05460085038686912,-0.0107873631834483,0.00286028363612711,-9.335926742854994e-4,0.00125140899618436,-0.00146664449262523,6.25592923513274e-4,0.00138398394115935,0.2577438236080263,0.1164763348186999,-0.02830293518195015,-0.04673011470835142,-0.10146122706435134,-0.0429604523085505,-0.02000000000000001,0.03999999999999998,0.10000000000000003,0.12,0,-0.02000000000000001,-0.02000000000000001,0.04999999999999999,0.03,0.11,0.1,0,0.10999999999999988,-0.30999999999999983,-0.15000000000000036,-0.01999999999999957,0.18999999999999995,-0.10000000000000007,-0.14000000000000012,-0.04000000000000003,0.0299999999999998,-0.08999999999999941,0.10999999999999945,-0.1200000000000001,-0.20999999999999996,-0.11000000000000032,-0.00999999999999978,0,0.1200000000000001,0,0.06061503952845992,-0.008148400629719,-0.06823230573956618,-0.01283786707892709,0.00454743304956384,0.06264574139961088,15.6595,22.5028,23.5714,18.3855,16.177,16.4927,-0.7000000000000028,-0.29999999999999716,-0.5999999999999943,1.2999999999999972,1.2999999999999972,2.799999999999997,1.6,1.47,1.83,2.01,2.1399999999999997,2.05,1.31,1.38,1.4500000000000002,1.4899999999999998,1.4000000000000004,1.3899999999999997
2016 Q2,2016 Q3,1,0.7068859191104337,0.32060956626729364,0.001048283987366,-4.751252673251827e-4,-0.00153696554058946,-6.245761141698836e-5,5.50146034825616e-4,0.00131396102761804,0.00443368469490224,0.00164060481206274,0.00264714552561073,-0.00373086557779878,0.00664461148902262,0.00167327528037386,0.00471258849156974,-0.00227036971985672,0.00337646555870652,-0.0074475614830165,-0.00519826431929981,0.00522653483991408,0.00597645244191902,-0.00562875525637807,-9.19670079712276e-4,4.007970962103258e-4,0.00796586348057459,6.835433243139732e-4,0.01059931082100007,0.00277832903637076,0.00541243379264955,-0.00284980638600984,0.00827349003115429,-0.00608657584763072,0.10000000000000052,-0.2999999999999998,0.09999999999999964,0.09999999999999964,0.10000000000000052,-0.20000000000000015,-0.034278483455493,0.03145495216788596,0.01039215776761359,-0.01320773916777717,-0.04704812017779325,0.03124118947995491,0.00170806093337994,3.1276607090546804e-4,0.00134252951295721,0.00177657683044607,0.00137465698840166,9.291376106368432e-4,41.8,41.9,41.8,41.8,41.8,41.9,7.0925737159746784,7.045776576879511,7.0587581525186645,7.01301578963963,7.110696122978827,6.9957661563048505,7.0967213784947605,7.094234845924755,7.05617528410041,7.0192966537150445,7.066466970136958,7.065613363597717,-0.00964367833681478,-0.00190334859782481,0.00844955558837057,-0.0064397412440087,0.01100697056525845,-0.0099678040142308,-5.338037247870631e-4,-9.775718787512488e-4,0.00219747828627348,-0.00171817877051871,-0.00528302792753798,0.00525842067399118,0.00657177283993171,-0.00288045565991623,-0.01322855136410083,-0.01415620755805058,0.03212197830235475,0.03229009034726715,-0.00589250054146361,-6.20562847924333e-4,-0.00740843221711706,0.00342535709157143,0.00617983963420165,0.00228822571564535,-8.302845100480738e-4,-2.222524497845768e-4,-4.19691162486302e-4,4.8615137252383533e-4,2.5660519934866954e-4,0.04118606846117423,4.108056428799856e-4,-0.00146202113205529,6.934339142823376e-4,0.00446045313516396,-8.720114457840822e-4,6.175835690642728e-4,0.00350303106853555,0.01010544705346472,-0.0348608729337565,-0.01043725750796387,0.05067496117785985,5.219856292626446e-4,1.193944331054908e-4,-0.00163944471671673,9.338344961857814e-4,0.00286028363612711,-9.335926742854994e-4,0.00125140899618436,-0.09355040472809106,0.05471997335041712,-0.13208335595924448,0.2577438236080263,0.1164763348186999,-0.02830293518195015,0.01,0,0.01,-0.02000000000000001,0.03999999999999998,0.10000000000000003,0,0.04000000000000001,-0.05999999999999997,-0.02000000000000001,0.04999999999999999,0.03,-0.17000000000000015,0,-0.07999999999999985,0.10999999999999988,-0.30999999999999983,-0.15000000000000036,-0.1499999999999999,0.0299999999999998,-0.19999999999999973,-0.14000000000000012,-0.04000000000000003,0.0299999999999998,-0.14999999999999947,-0.11000000000000032,-0.33999999999999986,-0.20999999999999996,-0.11000000000000032,-0.00999999999999978,0.00883980461319566,-0.0048248260142687,0.02615896848926002,0.06061503952845992,-0.008148400629719,-0.06823230573956618,18.5502,14.7401,14.216,15.6595,22.5028,23.5714,-1.2000000000000028,5.700000000000003,-2,-0.7000000000000028,-0.29999999999999716,-0.5999999999999943,1.37,1.54,1.58,1.6,1.47,1.83,1.0300000000000002,1.0299999999999998,1.17,1.31,1.38,1.4500000000000002
2016 Q3,2016 Q4,1,0.5527685286210726,0.7068859191104337,0.00235373474158073,0.00111025506046047,0.00424666613284152,0.001048283987366,-4.751252673251827e-4,-0.00153696554058946,0.00266763581967488,0.00107519735107697,0.00182536070782735,0.00443368469490224,0.00164060481206274,0.00264714552561073,-0.00105569108727276,-0.00150821967723313,0.00117140235496293,0.00471258849156974,-0.00227036971985672,0.00337646555870652,0.00141814662421246,0.00760186119562256,-7.992080454375383e-4,0.00597645244191902,-0.00562875525637807,-9.19670079712276e-4,0.00688816258793423,3.489916510819313e-4,-9.955268781123294e-4,0.01059931082100007,0.00277832903637076,0.00541243379264955,0.09999999999999964,0.10000000000000052,-0.10000000000000052,0.10000000000000052,-0.2999999999999998,0.09999999999999964,-0.0466103784416223,0.01568209609907356,-0.02230150561174859,-0.034278483455493,0.03145495216788596,0.01039215776761359,0.00210614346453041,9.82080568036281e-4,0.00259123145273854,0.00170806093337994,3.1276607090546804e-4,0.00134252951295721,41.9,41.8,42,41.8,41.9,41.8,6.97354301952014,7.065613363597717,7.122059881629142,7.0925737159746784,7.045776576879511,7.0587581525186645,7.172424577124845,7.0909098220799835,7.088408778675395,7.0967213784947605,7.094234845924755,7.05617528410041,-0.01831414232095696,0.02109195324737989,-0.00188281899048803,-0.00964367833681478,-0.00190334859782481,0.00844955558837057,-0.00188955372406596,0.00230510928535743,-5.108767192538721e-4,-5.338037247870631e-4,-9.775718787512488e-4,0.00219747828627348,-0.03304568476396952,0.02559952928849185,-0.01107995108408843,0.00657177283993171,-0.00288045565991623,-0.01322855136410083,0.01231882865603672,-0.0065217182876589,0.00210309673572872,-0.00589250054146361,-6.20562847924333e-4,-0.00740843221711706,-3.0690198149407877e-4,0.00164594657872818,2.7931927671787093e-4,-8.302845100480738e-4,-2.222524497845768e-4,-4.19691162486302e-4,7.722611045837269e-4,0.00235134172349837,-0.0032759390773478,4.108056428799856e-4,-0.00146202113205529,6.934339142823376e-4,-0.00576896523054415,-0.02895919882871656,0.01781602049480923,0.00350303106853555,0.01010544705346472,-0.0348608729337565,5.049533004202189e-4,0.00121924703402065,-0.00157795153814443,1.193944331054908e-4,-0.00163944471671673,9.338344961857814e-4,0.00866716066867789,0.08962251881489847,-0.1310080273896168,-0.09355040472809106,0.05471997335041712,-0.13208335595924448,0,0.01,0.01,0.01,0,0.01,-0.01,0,0.02999999999999997,0,0.04000000000000001,-0.05999999999999997,0.06999999999999984,0.06000000000000005,-0.1399999999999999,-0.17000000000000015,0,-0.07999999999999985,0.0900000000000003,0.04000000000000003,-0.2200000000000002,-0.1499999999999999,0.0299999999999998,-0.19999999999999973,0.0699999999999994,0.02000000000000046,-0.3100000000000005,-0.14999999999999947,-0.11000000000000032,-0.33999999999999986,-0.00913003986945426,0.01321216155095594,0.03071974391774024,0.00883980461319566,-0.0048248260142687,0.02615896848926002,14.1336,12.2931,13.0704,18.5502,14.7401,14.216,1.4000000000000057,-0.20000000000000284,-3.5,-1.2000000000000028,5.700000000000003,-2,1.34,1.26,1.2,1.37,1.54,1.58,0.8999999999999995,0.9200000000000004,0.94,1.0300000000000002,1.0299999999999998,1.17
2016 Q4,2017 Q1,1,0.48570873310360696,0.5527685286210726,0.0029248240444506,0.00265836029246102,0.00171590084358008,0.00235373474158073,0.00111025506046047,0.00424666613284152,0.00700973053625464,0.00168354502432954,-4.594298046560752e-4,0.00266763581967488,0.00107519735107697,0.00182536070782735,0.00681259458935556,-0.00418040872570646,1.559439981937416e-4,-0.00105569108727276,-0.00150821967723313,0.00117140235496293,0.01211794766151896,3.8668696759280863e-4,0.00123021247283183,0.00141814662421246,0.00760186119562256,-7.992080454375383e-4,0.01185519312400451,9.914744224381876e-5,0.00174439868559161,0.00688816258793423,3.489916510819313e-4,-9.955268781123294e-4,0,-0.20000000000000015,-0.09999999999999964,0.09999999999999964,0.10000000000000052,-0.10000000000000052,0.02590766450354387,-0.04008113011746772,0.01695289960494861,-0.0466103784416223,0.01568209609907356,-0.02230150561174859,0.00154856857207441,8.06204371674113e-4,6.826809628215358e-4,0.00210614346453041,9.82080568036281e-4,0.00259123145273854,41.9,41.9,42,41.9,41.8,42,7.132497551660044,7.038783541388542,7.180069874302796,6.97354301952014,7.065613363597717,7.122059881629142,7.129297548929373,7.114769448366463,7.134093721192866,7.172424577124845,7.0909098220799835,7.088408778675395,-0.00502960636984362,7.93144418070213e-4,0.00107398884938625,-0.01831414232095696,0.02109195324737989,-0.00188281899048803,-0.00216856758990324,-1.6101371020482702e-5,9.786249246754863e-4,-0.00188955372406596,0.00230510928535743,-5.108767192538721e-4,-0.04345041649193426,0.06085898746703577,-0.02343767376459382,-0.03304568476396952,0.02559952928849185,-0.01107995108408843,-0.00430138200963714,-0.00614925940500921,-0.00152677470786333,0.01231882865603672,-0.0065217182876589,0.00210309673572872,7.299118327530607e-5,-7.652046032298188e-4,-0.00109382036400695,-3.0690198149407877e-4,0.00164594657872818,2.7931927671787093e-4,0.00134308760203971,-0.00116169438011315,-2.798275010134077e-4,7.722611045837269e-4,0.00235134172349837,-0.0032759390773478,-0.04246785971747346,0.01588872187248302,0.02354631767237158,-0.00576896523054415,-0.02895919882871656,0.01781602049480923,0.00138369232645629,-0.00171149556553285,1.4813684730086152e-4,5.049533004202189e-4,0.00121924703402065,-0.00157795153814443,0.21583464375649797,-0.18334944173738552,0.08672510370657527,0.00866716066867789,0.08962251881489847,-0.1310080273896168,0.13000000000000006,0.00999999999999995,0,0,0.01,0.01,0.06,0.12,0.04000000000000003,-0.01,0,0.02999999999999997,0.3500000000000001,0.3800000000000001,0.13000000000000012,0.06999999999999984,0.06000000000000005,-0.1399999999999999,0.19999999999999973,0.3500000000000001,0.09999999999999964,0.0900000000000003,0.04000000000000003,-0.2200000000000002,0.1200000000000001,0.33000000000000007,0.07000000000000028,0.0699999999999994,0.02000000000000046,-0.3100000000000005,0.03701557314200698,0.01019969334709802,-0.0068221558288366,-0.00913003986945426,0.01321216155095594,0.03071974391774024,12.3985,14.994,14.5743,14.1336,12.2931,13.0704,4.400000000000006,6.599999999999994,-4,1.4000000000000057,-0.20000000000000284,-3.5,1.98,1.6900000000000002,1.43,1.34,1.26,1.2,0.7700000000000005,0.8500000000000001,0.8700000000000001,0.8999999999999995,0.9200000000000004,0.94
2017 Q1,2017 Q2,1,0.5583111012978037,0.48570873310360696,0.00365905338937899,0.00294379829184343,0.00299467025695854,0.0029248240444506,0.00265836029246102,0.00171590084358008,0.00442936205926969,5.36081861410409e-4,5.971085953575539e-4,0.00700973053625464,0.00168354502432954,-4.594298046560752e-4,0.00657724116591662,-0.00402281929464987,-0.0026321858636491,0.00681259458935556,-0.00418040872570646,1.559439981937416e-4,-0.00209753770544551,-0.00159590859708735,0.00277780299550656,0.01211794766151896,3.8668696759280863e-4,0.00123021247283183,-0.00131471486395717,-2.756553292151409e-4,0.01105761187961285,0.01185519312400451,9.914744224381876e-5,0.00174439868559161,-0.1999999999999993,-0.10000000000000052,0,0,-0.20000000000000015,-0.09999999999999964,0.01508649303337961,-0.05800255015778433,-0.03305419823761824,0.02590766450354387,-0.04008113011746772,0.01695289960494861,8.29286895106307e-4,0.0015095585350231,0.00151184074756294,0.00154856857207441,8.06204371674113e-4,6.826809628215358e-4,41.8,41.9,41.9,41.9,41.9,42,7.081708586105575,7.147559271189454,7.081708586105575,7.132497551660044,7.038783541388542,7.180069874302796,7.148345743900068,7.1180162044653335,7.172424577124845,7.129297548929373,7.114769448366463,7.134093721192866,0.01019873889140399,-0.01275214814995173,0.0164324541925378,-0.00502960636984362,7.93144418070213e-4,0.00107398884938625,-4.195074386217357e-4,-6.147323310408126e-4,0.00219370810655661,-0.00216856758990324,-1.6101371020482702e-5,9.786249246754863e-4,-0.01219951966213095,0.02318027781166165,0.04535856180999431,-0.04345041649193426,0.06085898746703577,-0.02343767376459382,-0.00873658252628306,8.836651317194466e-4,0.00208012683598468,-0.00430138200963714,-0.00614925940500921,-0.00152677470786333,-2.765783402836064e-5,-0.00103558013074689,3.538847636654907e-4,7.299118327530607e-5,-7.652046032298188e-4,-0.00109382036400695,-0.00205870122217177,-0.00244353500036087,0.00151358451797634,0.00134308760203971,-0.00116169438011315,-2.798275010134077e-4,-0.03743696363815552,0.01882488180657215,0.02163375014751079,-0.04246785971747346,0.01588872187248302,0.02354631767237158,-0.00186878326401895,-0.00247176383842706,0.00211088074057563,0.00138369232645629,-0.00171149556553285,1.4813684730086152e-4,-0.09889591307805556,0.0081610387858344,-0.11929744734147364,0.21583464375649797,-0.18334944173738552,0.08672510370657527,0.13,0.01,0.11,0.13000000000000006,0.00999999999999995,0,0.21999999999999997,0.01,0,0.06,0.12,0.04000000000000003,0.06000000000000005,-0.01000000000000023,-0.06000000000000005,0.3500000000000001,0.3800000000000001,0.13000000000000012,0.05999999999999961,0.03000000000000025,-0.13999999999999968,0.19999999999999973,0.3500000000000001,0.09999999999999964,0.04000000000000003,-0.02000000000000046,-0.16999999999999993,0.1200000000000001,0.33000000000000007,0.07000000000000028,0.00686505956540539,0.0237968419575667,0.01260148261642513,0.03701557314200698,0.01019969334709802,-0.0068221558288366,11.7747,11.4539,11.6213,12.3985,14.994,14.5743,0.6000000000000085,-2.200000000000003,0.29999999999999716,4.400000000000006,6.599999999999994,-4,1.74,1.9,1.92,1.98,1.6900000000000002,1.43,0.6699999999999999,0.6899999999999995,0.7400000000000002,0.7700000000000005,0.8500000000000001,0.8700000000000001
2017 Q2,2017 Q3,1,0.785431525684821,0.5583111012978037,0.00101361542171751,0.00631452148034306,0.00179685749822944,0.00365905338937899,0.00294379829184343,0.00299467025695854,0.0031932226438629,6.338315327063526e-4,3.321673952880744e-4,0.00442936205926969,5.36081861410409e-4,5.971085953575539e-4,0.00205798028521009,0.00118303478170922,0.01013593650502375,0.00657724116591662,-0.00402281929464987,-0.0026321858636491,0.00331007099895508,0.00403278755873337,-0.00352636111406745,-0.00209753770544551,-0.00159590859708735,0.00277780299550656,0.00512134101497174,-0.00543518250180419,0.00344905880427681,-0.00131471486395717,-2.756553292151409e-4,0.01105761187961285,-0.10000000000000052,0,0,-0.1999999999999993,-0.10000000000000052,0,0.03696519423347055,0.04799550091842874,-0.02578411715571427,0.01508649303337961,-0.05800255015778433,-0.03305419823761824,0.00138584075456371,0.00140828724984842,0.00140342252696257,8.29286895106307e-4,0.0015095585350231,0.00151184074756294,42,41.9,42,41.8,41.9,41.9,7.130098510125578,7.053585727193677,7.044032897274685,7.081708586105575,7.147559271189454,7.081708586105575,7.210079628170788,7.0967213784947605,7.1316985104669115,7.148345743900068,7.1180162044653335,7.172424577124845,-0.01597158930850462,0.01853431521954718,-0.01374726349482813,0.01019873889140399,-0.01275214814995173,0.0164324541925378,-0.00224709008892176,-3.127030090084304e-4,-4.212896424586887e-4,-4.195074386217357e-4,-6.147323310408126e-4,0.00219370810655661,0.00937585157482701,-0.00344109538030501,-0.03792562041478753,-0.01219951966213095,0.02318027781166165,0.04535856180999431,-0.00147202164030435,7.449324977342187e-4,0.00984689322164733,-0.00873658252628306,8.836651317194466e-4,0.00208012683598468,6.631315832077433e-4,-6.618799407949183e-4,2.245202071868846e-4,-2.765783402836064e-5,-0.00103558013074689,3.538847636654907e-4,0.00142569407969173,-0.00200766951679653,0.00170070268003463,-0.00205870122217177,-0.00244353500036087,0.00151358451797634,0.01983126062524931,-0.02999637098702834,0.02414858556132415,-0.03743696363815552,0.01882488180657215,0.02163375014751079,0.0012736036144485,-0.00233833543372519,0.00241930804143386,-0.00186878326401895,-0.00247176383842706,0.00211088074057563,-0.01864676066892334,-0.08631906661996958,0.1150573302826845,-0.09889591307805556,0.0081610387858344,-0.11929744734147364,0.13,0.01,0.11,0.13,0.01,0.11,0.08999999999999997,0.08999999999999997,0.06000000000000005,0.21999999999999997,0.01,0,-0.10999999999999988,0,-0.18000000000000016,0.06000000000000005,-0.01000000000000023,-0.06000000000000005,-0.16999999999999993,-0.02000000000000001,-0.13999999999999968,0.05999999999999961,0.03000000000000025,-0.13999999999999968,-0.17999999999999972,-0.02000000000000046,-0.10999999999999945,0.04000000000000003,-0.02000000000000046,-0.16999999999999993,0.01600252812061242,0.01516015456596964,0.00567450361933374,0.00686505956540539,0.0237968419575667,0.01260148261642513,10.4414,10.7091,13.1576,11.7747,11.4539,11.6213,-2.0999999999999943,0.09999999999999432,0.09999999999999432,0.6000000000000085,-2.200000000000003,0.29999999999999716,1.21,1.4099999999999997,1.4999999999999998,1.74,1.9,1.92,0.69,0.6999999999999997,0.7000000000000002,0.6699999999999999,0.6899999999999995,0.7400000000000002
2017 Q3,2017 Q4,1,1.1207427769393874,0.785431525684821,0.00272086985400754,0.00181961176888201,0.00335057721512654,0.00101361542171751,0.00631452148034306,0.00179685749822944,0.00545465869830419,1.1999760019154591e-4,0.00251325598769636,0.0031932226438629,6.338315327063526e-4,3.321673952880744e-4,0.00103164160960389,-0.00414716762066014,-0.00239755988892831,0.00205798028521009,0.00118303478170922,0.01013593650502375,0.0048391655762181,0.00555690551006016,0.00402012060878753,0.00331007099895508,0.00403278755873337,-0.00352636111406745,0.02060930247149173,0.00199976653702371,-8.81512848618371e-5,0.00512134101497174,-0.00543518250180419,0.00344905880427681,-0.10000000000000052,0.10000000000000052,0,-0.10000000000000052,0,0,0.09485140106525948,-0.01223563554866835,0.01122706259378425,0.03696519423347055,0.04799550091842874,-0.02578411715571427,5.98790189567211e-4,0.00100105220981028,0.00128854136558231,0.00138584075456371,0.00140828724984842,0.00140342252696257,41.9,42,41.9,42,41.9,42,7.074116816197362,7.055312843339752,7.095064377287131,7.130098510125578,7.053585727193677,7.044032897274685,7.149131598557407,7.1846291527173145,7.135687347028144,7.210079628170788,7.0967213784947605,7.1316985104669115,-0.01505485839435039,0.00407812464285406,0.003696060304474,-0.01597158930850462,0.01853431521954718,-0.01374726349482813,-8.054505176726678e-4,1.433715207692643e-4,0.00259351479226133,-0.00224709008892176,-3.127030090084304e-4,-4.212896424586887e-4,-0.03886831863494144,0.02112112083745287,0.01170451457769417,0.00937585157482701,-0.00344109538030501,-0.03792562041478753,0.00513161487989677,0.00232753648834194,9.57275490332421e-4,-0.00147202164030435,7.449324977342187e-4,0.00984689322164733,-1.2301734964026425e-5,-0.00153512277997869,6.163275311941163e-4,6.631315832077433e-4,-6.618799407949183e-4,2.245202071868846e-4,0.0012521573773192,0.00351364284278332,-3.238201380506567e-4,0.00142569407969173,-0.00200766951679653,0.00170070268003463,-0.0262064828685169,0.04161109593586332,-0.00163432497467574,0.01983126062524931,-0.02999637098702834,0.02414858556132415,0.00148015115418953,0.00187110748253971,-4.71525790047167e-4,0.0012736036144485,-0.00233833543372519,0.00241930804143386,0.00659262623069789,-0.00179971338881879,0.10208643050157427,-0.01864676066892334,-0.08631906661996958,0.1150573302826845,-0.01,0.01,0.10999999999999988,0.13,0.01,0.11,0.02000000000000001,-0.06000000000000005,0.09000000000000008,0.08999999999999997,0.08999999999999997,0.06000000000000005,-0.00999999999999978,-0.10999999999999988,0.1299999999999999,-0.10999999999999988,0,-0.18000000000000016,0,-0.07000000000000028,0.02000000000000001,-0.16999999999999993,-0.02000000000000001,-0.13999999999999968,-0.00999999999999978,-0.08000000000000007,0.01999999999999957,-0.17999999999999972,-0.02000000000000046,-0.10999999999999945,0.01479903995825893,8.634875656676755e-4,0.00822820916125888,0.01600252812061242,0.01516015456596964,0.00567450361933374,10.4955,11.9212,10.2381,10.4414,10.7091,13.1576,-1.7000000000000028,3.3999999999999915,-1.5999999999999943,-2.0999999999999943,0.09999999999999432,0.09999999999999432,1.1700000000000002,1.2,1.2499999999999998,1.21,1.4099999999999997,1.4999999999999998,0.6699999999999999,0.6799999999999997,0.6899999999999995,0.69,0.6999999999999997,0.7000000000000002
2017 Q4,2018 Q1,1,0.8101194549169577,1.1207427769393874,0.00211189546639367,0.00250497627079937,0.00395810622139869,0.00272086985400754,0.00181961176888201,0.00335057721512654,0.00777585933188795,0.00546936741813208,9.443105992348322e-4,0.00545465869830419,1.1999760019154591e-4,0.00251325598769636,0.00195332986359897,0.00238962678056786,0.01224295132736674,0.00103164160960389,-0.00414716762066014,-0.00239755988892831,0.0065854444751725,0.00744495378440923,0.00566399187570709,0.0048391655762181,0.00555690551006016,0.00402012060878753,0.00546793339826301,0.01011861649233125,8.047647548163894e-4,0.02060930247149173,0.00199976653702371,-8.81512848618371e-5,-0.10000000000000052,0,-0.09999999999999964,-0.10000000000000052,0.10000000000000052,0,-0.0210061767001477,0.02244992243922183,-0.1173013235044813,0.09485140106525948,-0.01223563554866835,0.01122706259378425,0.00101730788438203,0.0015143132632378,9.722699868781604e-4,5.98790189567211e-4,0.00100105220981028,0.00128854136558231,41.8,42.1,42,41.9,42,41.9,7.0707241072602764,7.149131598557407,7.136483208590247,7.074116816197362,7.055312843339752,7.095064377287131,7.1785454837637,7.1693500166706,7.212294468500341,7.149131598557407,7.1846291527173145,7.135687347028144,-0.00760839179282157,-0.00623555550103205,0.0163395200351033,-0.01505485839435039,0.00407812464285406,0.003696060304474,0.00189193077383365,-0.00194938600984606,7.787597541746294e-4,-8.054505176726678e-4,1.433715207692643e-4,0.00259351479226133,-0.03472638322590704,0.03168820146453122,-0.00245717725534255,-0.03886831863494144,0.02112112083745287,0.01170451457769417,0.00276747864045034,-0.00794337828348101,-0.00422315857845223,0.00513161487989677,0.00232753648834194,9.57275490332421e-4,-0.00115947289026863,-7.450662998174096e-4,0.00219517744138109,-1.2301734964026425e-5,-0.00153512277997869,6.163275311941163e-4,-5.597817481461931e-4,0.00188970256719489,-0.00431864447898266,0.0012521573773192,0.00351364284278332,-3.238201380506567e-4,-0.00578727536913792,-0.02044900608024757,-0.01221439985089833,-0.0262064828685169,0.04161109593586332,-0.00163432497467574,1.7791444464343442e-5,1.2743870059939155e-4,-0.00241812732333368,0.00148015115418953,0.00187110748253971,-4.71525790047167e-4,-0.07192499655444662,0.05886395831310143,-0.00166502200308737,0.00659262623069789,-0.00179971338881879,0.10208643050157427,0.14000000000000012,0.01,0,-0.01,0.01,0.10999999999999988,0.09000000000000008,0.15999999999999992,0.04000000000000003,0.02000000000000001,-0.06000000000000005,0.09000000000000008,0.04999999999999982,-0.00999999999999978,0.1599999999999997,-0.00999999999999978,-0.10999999999999988,0.1299999999999999,-0.06000000000000005,-0.03000000000000025,-0.0299999999999998,0,-0.07000000000000028,0.02000000000000001,-0.04999999999999982,-0.05000000000000071,0.02000000000000046,-0.00999999999999978,-0.08000000000000007,0.01999999999999957,0.02690564452555222,0.01421603132745641,0.02541207353040242,0.01479903995825893,8.634875656676755e-4,0.00822820916125888,10.234,10.5077,10.0785,10.4955,11.9212,10.2381,-2.5999999999999943,-2.200000000000003,5.6000000000000085,-1.7000000000000028,3.3999999999999915,-1.5999999999999943,1.0799999999999998,1.12,1.2899999999999998,1.1700000000000002,1.2,1.2499999999999998,0.71,0.6999999999999997,0.7200000000000002,0.6699999999999999,0.6799999999999997,0.6899999999999995
2018 Q1,2018 Q2,1,0.5294212303768475,0.8101194549169577,0.00265400367788615,0.001490510001247,0.00114342694291558,0.00211189546639367,0.00250497627079937,0.00395810622139869,0.00288993475916221,4.4157259434918217e-4,-0.00103983764360204,0.00777585933188795,0.00546936741813208,9.443105992348322e-4,0.00488635463438402,0.00242160662905277,-1.872595501151153e-5,0.00195332986359897,0.00238962678056786,0.01224295132736674,-0.00221418360575853,0.00499043910816432,-0.01322386906097961,0.0065854444751725,0.00744495378440923,0.00566399187570709,1.63199369049849e-4,0.00542134748159917,-0.00450156200579066,0.00546793339826301,0.01011861649233125,8.047647548163894e-4,-0.09999999999999964,0.09999999999999964,-0.09999999999999964,-0.10000000000000052,0,-0.09999999999999964,0.02148695019780788,-0.06248607694773511,-0.0307652180444613,-0.0210061767001477,0.02244992243922183,-0.1173013235044813,0.00152530620054847,0.00266473845096371,9.282378039170424e-4,0.00101730788438203,0.0015143132632378,9.722699868781604e-4,42.2,42.3,41.9,41.8,42.1,42,7.183870715062453,7.152268856032539,7.1693500166706,7.0707241072602764,7.149131598557407,7.136483208590247,7.233455418621439,7.186144304522325,7.183111701743281,7.1785454837637,7.1693500166706,7.212294468500341,0.0230340248819818,-0.02317361896095349,0.01538810556374592,-0.00760839179282157,-0.00623555550103205,0.0163395200351033,0.00147550296532728,0.00191962498029596,-0.00357722046721242,0.00189193077383365,-0.00194938600984606,7.787597541746294e-4,-0.02212876669726959,0.01471744518933171,0.00778943428911027,-0.03472638322590704,0.03168820146453122,-0.00245717725534255,0.00412981829431569,-8.416589490209958e-4,0.00241602618020397,0.00276747864045034,-0.00794337828348101,-0.00422315857845223,-0.00187911298006504,8.953756844807259e-4,3.8400395124860154e-4,-0.00115947289026863,-7.450662998174096e-4,0.00219517744138109,-0.00249632597467197,-0.00155565457565032,0.00213965159565443,-5.597817481461931e-4,0.00188970256719489,-0.00431864447898266,-0.01371720962147193,-0.0416321866261109,0.06382065078280252,-0.00578727536913792,-0.02044900608024757,-0.01221439985089833,-0.00107764015807276,-0.00160021385458541,0.00229304757468451,1.7791444464343442e-5,1.2743870059939155e-4,-0.00241812732333368,0.03134996752451613,-0.11916002481182542,0.07415620843701554,-0.07192499655444662,0.05886395831310143,-0.00166502200308737,0.09000000000000008,0.01,0.10999999999999988,0.14000000000000012,0.01,0,0.1299999999999999,0.16000000000000014,0.08999999999999986,0.09000000000000008,0.15999999999999992,0.04000000000000003,-0.02000000000000001,0.2799999999999998,0.18000000000000016,0.04999999999999982,-0.00999999999999978,0.1599999999999997,0.05000000000000026,0.27,0.04000000000000003,-0.06000000000000005,-0.03000000000000025,-0.0299999999999998,0.1299999999999999,0.25,0.04000000000000003,-0.04999999999999982,-0.05000000000000071,0.02000000000000046,-8.838872380376728e-4,-0.03080884840409314,0.04601353651394024,0.02690564452555222,0.01421603132745641,0.02541207353040242,18.8985,22.5922,10.987,10.234,10.5077,10.0785,1.7000000000000028,4,-0.20000000000000284,-2.5999999999999943,-2.200000000000003,5.6000000000000085,1.14,1.2899999999999998,1.1700000000000002,1.0799999999999998,1.12,1.2899999999999998,0.7699999999999996,0.69,0.71,0.71,0.6999999999999997,0.7200000000000002
2018 Q2,2018 Q3,1,0.621760482522582,0.5294212303768475,0.00395720011687572,0.00263681763053824,0.00111907736957839,0.00265400367788615,0.001490510001247,0.00114342694291558,9.641370990083332e-4,0.0030739078905082,8.995620131022619e-4,0.00288993475916221,4.4157259434918217e-4,-0.00103983764360204,0.00773932318395598,-0.00904566542314899,0.01095858190317145,0.00488635463438402,0.00242160662905277,-1.872595501151153e-5,-0.00468219617447118,0.00741266933967388,1.0657027192984005e-4,-0.00221418360575853,0.00499043910816432,-0.01322386906097961,-0.00352682336841247,0.01599437444849449,9.088430434367468e-5,1.63199369049849e-4,0.00542134748159917,-0.00450156200579066,0.20000000000000015,-0.20000000000000015,0,-0.09999999999999964,0.09999999999999964,-0.09999999999999964,0.00608315495340683,-0.00112930559715174,-0.01922706223037096,0.02148695019780788,-0.06248607694773511,-0.0307652180444613,0.00147128501946802,0.00214024755108432,9.571894415394412e-4,0.00152530620054847,0.00266473845096371,9.282378039170424e-4,42.2,42.1,42.4,42.2,42.3,41.9,7.083387847625295,7.213031659834869,7.151485463904735,7.183870715062453,7.152268856032539,7.1693500166706,7.20414929203594,7.198931240688173,7.228388451573604,7.233455418621439,7.186144304522325,7.183111701743281,0.002322561067567,-0.00134033615856665,-0.01357740406091601,0.0230340248819818,-0.02317361896095349,0.01538810556374592,3.1035197380724355e-4,0.00269249605503318,-0.0027924833863171,0.00147550296532728,0.00191962498029596,-0.00357722046721242,0.00749717705237884,0.00539675568284536,-0.00529049962544192,-0.02212876669726959,0.01471744518933171,0.00778943428911027,0.00496993183226113,-0.01743443442927184,0.01516896529159073,0.00412981829431569,-8.416589490209958e-4,0.00241602618020397,-0.00336091763307955,8.239915045340496e-4,0.00109017828511071,-0.00187911298006504,8.953756844807259e-4,3.8400395124860154e-4,-0.00135466505921844,-3.456166223090307e-4,0.00240867715456971,-0.00249632597467197,-0.00155565457565032,0.00213965159565443,-0.00100640216711678,-0.00594323628931281,0.02302951941116049,-0.01371720962147193,-0.0416321866261109,0.06382065078280252,-8.552823934833143e-4,-6.626819465971323e-4,0.00131648228786218,-0.00107764015807276,-0.00160021385458541,0.00229304757468451,-0.08538939829708614,1.7835931553111806e-4,0.04659305923015466,0.03134996752451613,-0.11916002481182542,0.07415620843701554,0.1200000000000001,0.01,0.17999999999999994,0.09000000000000008,0.01,0.10999999999999988,0.03999999999999981,0.10000000000000007,0.06000000000000005,0.1299999999999999,0.16000000000000014,0.08999999999999986,-0.06999999999999984,0.10999999999999988,0.03000000000000025,-0.02000000000000001,0.2799999999999998,0.18000000000000016,-0.04000000000000003,0.1499999999999999,-0.02000000000000001,0.05000000000000026,0.27,0.04000000000000003,0,0.16000000000000014,0.03000000000000025,0.1299999999999999,0.25,0.04000000000000003,0.01937800745577078,0.01787495866465605,-0.01834865905062432,-8.838872380376728e-4,-0.03080884840409314,0.04601353651394024,13.5986,14.1243,18.2708,18.8985,22.5922,10.987,0.20000000000000284,-0.7999999999999972,-2.6000000000000085,1.7000000000000028,4,-0.20000000000000284,1.0100000000000002,1.12,1.11,1.14,1.2899999999999998,1.1700000000000002,0.8700000000000001,0.8300000000000001,0.8199999999999998,0.7699999999999996,0.69,0.71
2018 Q3,2018 Q4,1,0.14154399831838305,0.621760482522582,-3.828335627371615e-4,0.00363869763844704,0.00459392137109659,0.00395720011687572,0.00263681763053824,0.00111907736957839,-0.001785108405155,0.00210560099529288,0.00211977792544981,9.641370990083332e-4,0.0030739078905082,8.995620131022619e-4,6.505452749951957e-4,0.00644272910976706,0.00161307067324312,0.00773932318395598,-0.00904566542314899,0.01095858190317145,-3.4212311453174493e-4,0.00486303208365157,0.00222855606625138,-0.00468219617447118,0.00741266933967388,1.0657027192984005e-4,-0.00393522222602449,6.14238804132583e-4,0.00592657601787038,-0.00352682336841247,0.01599437444849449,9.088430434367468e-5,-0.09999999999999964,0,-0.20000000000000015,0.20000000000000015,-0.20000000000000015,0,-0.01595392794224182,-0.00478469812333592,-0.06065269947925245,0.00608315495340683,-0.00112930559715174,-0.01922706223037096,5.290704222371545e-4,0.00173651313000711,4.094248309591819e-4,0.00147128501946802,0.00214024755108432,9.571894415394412e-4,42,42.1,42.2,42.2,42.1,42.4,7.1308988302963465,7.160845906664299,7.0967213784947605,7.083387847625295,7.213031659834869,7.151485463904735,7.1808311990445555,7.149131598557407,7.195937226475569,7.20414929203594,7.198931240688173,7.228388451573604,4.568091701671051e-4,-0.004588200873469,0.00637986487632957,0.002322561067567,-0.00134033615856665,-0.01357740406091601,-0.00100971839420083,0.00108679143712997,-0.00186188226797767,3.1035197380724355e-4,0.00269249605503318,-0.0027924833863171,0.00247067716410676,-5.254657255484574e-4,-0.00222527733766142,0.00749717705237884,0.00539675568284536,-0.00529049962544192,0.00488772141335402,-0.00342624729541096,-0.00209265415505566,0.00496993183226113,-0.01743443442927184,0.01516896529159073,-0.00160361090231297,7.878489732906502e-4,0.00270515968247231,-0.00336091763307955,8.239915045340496e-4,0.00109017828511071,2.7443270509319717e-4,0.00100520959603755,-1.2022356735386096e-4,-0.00135466505921844,-3.456166223090307e-4,0.00240867715456971,0.02622932572433445,0.02858567893726604,-0.06059815330969176,-0.00100640216711678,-0.00594323628931281,0.02302951941116049,0.00135762255979798,-3.6305948157622225e-4,1.9509069240886137e-4,-8.552823934833143e-4,-6.626819465971323e-4,0.00131648228786218,0.07339437924376035,-0.08681251464827433,0.07541941272655883,-0.08538939829708614,1.7835931553111806e-4,0.04659305923015466,0.04000000000000003,0,0.08999999999999986,0.1200000000000001,0.01,0.17999999999999994,0.10000000000000007,0.06999999999999984,0.06000000000000005,0.03999999999999981,0.10000000000000007,0.06000000000000005,0.10999999999999988,0,-0.02000000000000001,-0.06999999999999984,0.10999999999999988,0.03000000000000025,0.10000000000000007,0.00999999999999978,-0.08999999999999986,-0.04000000000000003,0.1499999999999999,-0.02000000000000001,0.11000000000000032,-0.02000000000000046,-0.04000000000000003,0,0.16000000000000014,0.03000000000000025,0.01516874822991187,0.0227136914158228,0.01416392489912166,0.01937800745577078,0.01787495866465605,-0.01834865905062432,12.845,12.5651,13.2849,13.5986,14.1243,18.2708,3.899999999999991,-1.7000000000000028,-0.29999999999999716,0.20000000000000284,-0.7999999999999972,-2.6000000000000085,0.8700000000000001,0.8600000000000003,0.9300000000000002,1.0100000000000002,1.12,1.11,0.8999999999999999,0.8899999999999997,0.92,0.8700000000000001,0.8300000000000001,0.8199999999999998
2018 Q4,2019 Q1,1,0.6223772907267389,0.14154399831838305,0.01141168985220275,0.0022416568241379,0.00145052044920568,-3.828335627371615e-4,0.00363869763844704,0.00459392137109659,-0.00858880810512996,0.00532062533960431,0.00291854939140101,-0.001785108405155,0.00210560099529288,0.00211977792544981,2.450018435427026e-4,7.930645244380585e-4,-0.00110339005648718,6.505452749951957e-4,0.00644272910976706,0.00161307067324312,-0.00222115306138803,0.0032987558300519,-0.0032179957215348,-3.4212311453174493e-4,0.00486303208365157,0.00222855606625138,-0.01971992114609122,0.00489918288786483,0.00993810328014532,-0.00393522222602449,6.14238804132583e-4,0.00592657601787038,0.10000000000000007,0,0.09999999999999964,-0.09999999999999964,0,-0.20000000000000015,-0.00288985418410447,0.05591873077902143,0.03730705241281029,-0.01595392794224182,-0.00478469812333592,-0.06065269947925245,0.00128245393729997,6.084046947911759e-4,0.00112418207527298,5.290704222371545e-4,0.00173651313000711,4.094248309591819e-4,42.1,41.9,42.1,42,42.1,42.2,6.9985096422506015,7.074116816197362,7.107425474110705,7.1308988302963465,7.160845906664299,7.0967213784947605,7.183111701743281,7.200424892944957,7.148345743900068,7.1808311990445555,7.149131598557407,7.195937226475569,0.02398216688272647,-0.01447661966707158,0.00527332797344826,4.568091701671051e-4,-0.004588200873469,0.00637986487632957,0.00714347909165447,5.183405418218712e-4,-0.00165501790363187,-0.00100971839420083,0.00108679143712997,-0.00186188226797767,-0.00923908802455031,-0.00176040420585543,-0.00407309396307908,0.00247067716410676,-5.254657255484574e-4,-0.00222527733766142,0.00254721794112455,-6.324140699929259e-4,0.00365655138596476,0.00488772141335402,-0.00342624729541096,-0.00209265415505566,2.447247649275397e-4,3.676418483564703e-4,7.425849786297789e-4,-0.00160361090231297,7.878489732906502e-4,0.00270515968247231,0.00138909909161455,-0.00304128756764843,2.7668946974124253e-4,2.7443270509319717e-4,0.00100520959603755,-1.2022356735386096e-4,0.0174332978979379,-0.00639218653598661,-0.0062728904072804,0.02622932572433445,0.02858567893726604,-0.06059815330969176,3.504772759166386e-4,-0.00138563114610423,-3.258056171304702e-4,0.00135762255979798,-3.6305948157622225e-4,1.9509069240886137e-4,0.07683063069224705,-0.22418023577204416,-0.02400893474575216,0.07339437924376035,-0.08681251464827433,0.07541941272655883,0.06999999999999984,0.01000000000000023,0.24,0.04000000000000003,0,0.08999999999999986,0.04000000000000003,0.08000000000000007,0.1200000000000001,0.10000000000000007,0.06999999999999984,0.06000000000000005,-0.29000000000000004,-0.0299999999999998,0.1499999999999999,0.10999999999999988,0,-0.02000000000000001,-0.20000000000000015,0.08000000000000007,0.1599999999999997,0.10000000000000007,0.00999999999999978,-0.08999999999999986,-0.08999999999999986,0.14999999999999947,0.1900000000000004,0.11000000000000032,-0.02000000000000046,-0.04000000000000003,-0.05896001765259395,-0.02259435450917468,-0.04081481435188028,0.01516874822991187,0.0227136914158228,0.01416392489912166,25.1541,19.3379,19.7307,12.845,12.5651,13.2849,0.7999999999999972,-1.0999999999999943,-1.5,3.899999999999991,-1.7000000000000028,-0.29999999999999716,0.46,0.79,0.8999999999999999,0.8700000000000001,0.8600000000000003,0.9300000000000002,1.1100000000000003,1,0.9300000000000006,0.8999999999999999,0.8899999999999997,0.92
2019 Q1,2019 Q2,1,0.8316777932895647,0.6223772907267389,0.00178712130286839,0.00227424329740522,0.00418442850743261,0.01141168985220275,0.0022416568241379,0.00145052044920568,0.00699428357682485,4.938582533542402e-4,0.00287114024286694,-0.00858880810512996,0.00532062533960431,0.00291854939140101,3.752804925412079e-4,-0.00547908849006617,-0.00666522303835837,2.450018435427026e-4,7.930645244380585e-4,-0.00110339005648718,-0.00222284849102827,-0.0019104830594756,0.00209150866586504,-0.00222115306138803,0.0032987558300519,-0.0032179957215348,0.01521860412606379,0.00266954345654824,0.00270940074049264,-0.01971992114609122,0.00489918288786483,0.00993810328014532,0,-0.20000000000000015,0.10000000000000007,0.10000000000000007,0,0.09999999999999964,-0.0492846684389896,-0.00112296474462247,-0.00827097595342429,-0.00288985418410447,0.05591873077902143,0.03730705241281029,0.00153149583802658,3.9983473502758216e-5,0.00166740070912219,0.00128245393729997,6.084046947911759e-4,0.00112418207527298,41.7,41.7,42,42.1,41.9,42.1,7.0825485693553,7.02197642307216,7.111512116496157,6.9985096422506015,7.074116816197362,7.107425474110705,7.166265974133638,7.1592919047975645,7.134093721192866,7.183111701743281,7.200424892944957,7.148345743900068,-0.00855465656581877,0.00401819988006479,-0.01891835937623121,0.02398216688272647,-0.01447661966707158,0.00527332797344826,6.827872709322946e-4,-0.00197166691684103,-0.00410629783692861,0.00714347909165447,5.183405418218712e-4,-0.00165501790363187,0.00634478919815606,0.01791678078063263,0.00604046849017336,-0.00923908802455031,-0.00176040420585543,-0.00407309396307908,-5.135987931081942e-4,-0.00651371212911211,-0.00355428507492749,0.00254721794112455,-6.324140699929259e-4,0.00365655138596476,3.4113938559521273e-4,-9.117015105157832e-4,-4.0738107188609263e-4,2.447247649275397e-4,3.676418483564703e-4,7.425849786297789e-4,7.778995492548901e-4,0.00381207244729253,-0.0014999711921515,0.00138909909161455,-0.00304128756764843,2.7668946974124253e-4,-0.02270800144589646,0.03591793425388445,-0.01486126812240584,0.0174332978979379,-0.00639218653598661,-0.0062728904072804,4.333539105916273e-4,0.00234602106981007,-0.00120776072056294,3.504772759166386e-4,-0.00138563114610423,-3.258056171304702e-4,-0.01057249105285063,0.03030232586249592,0.17684500203277675,0.07683063069224705,-0.22418023577204416,-0.02400893474575216,0.01000000000000023,0,0.1299999999999999,0.06999999999999984,0.01000000000000023,0.24,0.00999999999999978,0.02000000000000001,0,0.04000000000000003,0.08000000000000007,0.1200000000000001,-0.11000000000000032,-0.0299999999999998,-0.1200000000000001,-0.29000000000000004,-0.0299999999999998,0.1499999999999999,-0.02000000000000001,-0.14000000000000012,-0.08999999999999941,-0.20000000000000015,0.08000000000000007,0.1599999999999997,-0.11000000000000032,-0.16999999999999993,-0.00999999999999978,-0.08999999999999986,0.14999999999999947,0.1900000000000004,0.017673211862536672,0.05501690361573264,0.01549106286614154,-0.05896001765259395,-0.02259435450917468,-0.04081481435188028,14.5147,15.0976,19.4215,25.1541,19.3379,19.7307,4.6000000000000085,2.5999999999999943,-7.099999999999994,0.7999999999999972,-1.0999999999999943,-1.5,0.16999999999999993,0.29000000000000004,0.33999999999999986,0.46,0.79,0.8999999999999999,1.0699999999999998,1.16,1.19,1.1100000000000003,1,0.9300000000000006
2019 Q2,2019 Q3,1,1.1632102580909631,0.8316777932895647,0.00157018314869716,3.708918509222059e-4,-6.130061632578787e-4,0.00178712130286839,0.00227424329740522,0.00418442850743261,0.00337510299881582,0.00369409509472617,8.651891164568326e-5,0.00699428357682485,4.938582533542402e-4,0.00287114024286694,4.4427195055796176e-4,0.00115309834632704,-0.00586597714116177,3.752804925412079e-4,-0.00547908849006617,-0.00666522303835837,0.00118552899686719,0.00617890724441849,-0.00762840779081308,-0.00222284849102827,-0.0019104830594756,0.00209150866586504,0.00100990907521314,0.01075219205757171,1.021394203970516e-4,0.01521860412606379,0.00266954345654824,0.00270940074049264,0,-0.10000000000000007,-0.09999999999999964,0,-0.20000000000000015,0.10000000000000007,0.03020288172989183,0.04086966918832857,-0.00972608781999007,-0.0492846684389896,-0.00112296474462247,-0.00827097595342429,0.00144629495124171,1.8591433386561107e-4,0.00198080413599655,0.00153149583802658,3.9983473502758216e-5,0.00166740070912219,41.7,41.6,41.6,41.7,41.7,42,7.1252830915107115,7.164720378771857,7.148345743900068,7.0825485693553,7.02197642307216,7.111512116496157,7.1693500166706,7.205635176410364,7.186901020411631,7.166265974133638,7.1592919047975645,7.134093721192866,0.01144275928500349,-0.01386663962060907,0.02005468122978371,-0.00855465656581877,0.00401819988006479,-0.01891835937623121,0.00139172098242035,0.00475088435503323,-0.00116328009800348,6.827872709322946e-4,-0.00197166691684103,-0.00410629783692861,0.02221831024481702,0.01551260934627585,-0.03675019762522602,0.00634478919815606,0.01791678078063263,0.00604046849017336,8.152080956946861e-7,0.00545921753924005,-0.00581672178348924,-5.135987931081942e-4,-0.00651371212911211,-0.00355428507492749,3.614814735453109e-4,4.970210387558183e-4,-3.7472670558713617e-4,3.4113938559521273e-4,-9.117015105157832e-4,-4.0738107188609263e-4,-5.719684981952966e-4,-0.00350582664758292,-2.2030441504838905e-5,7.778995492548901e-4,0.00381207244729253,-0.0014999711921515,0.02851273264654352,-0.02434023157783471,-0.00675419804218702,-0.02270800144589646,0.03591793425388445,-0.01486126812240584,-2.5174077245804227e-4,-0.0020940171161099,5.561925891628405e-4,4.333539105916273e-4,0.00234602106981007,-0.00120776072056294,-0.0583408088786701,-0.14227740727598448,0.03706511020692016,-0.01057249105285063,0.03030232586249592,0.17684500203277675,-0.01000000000000023,-0.0299999999999998,0.00999999999999978,0.01000000000000023,0,0.1299999999999999,-0.18000000000000016,-0.0299999999999998,-0.02000000000000001,0.00999999999999978,0.02000000000000001,0,-0.33000000000000007,-0.1299999999999999,-0.04000000000000003,-0.11000000000000032,-0.0299999999999998,-0.1200000000000001,-0.25,-0.02000000000000001,-0.08000000000000007,-0.02000000000000001,-0.14000000000000012,-0.08999999999999941,-0.16999999999999993,-0.07000000000000028,-0.13999999999999968,-0.11000000000000032,-0.16999999999999993,-0.00999999999999978,0.01234506215708908,-0.01704996230082311,0.03498038758816246,0.017673211862536672,0.05501690361573264,0.01549106286614154,15.8726,16.5037,12.7691,14.5147,15.0976,19.4215,-1.7999999999999972,2.799999999999997,-1.2000000000000028,4.6000000000000085,2.5999999999999943,-7.099999999999994,-0.10000000000000007,0.04999999999999982,0.1499999999999999,0.16999999999999993,0.29000000000000004,0.33999999999999986,1.04,0.96,1.0100000000000002,1.0699999999999998,1.16,1.19
2019 Q3,2019 Q4,1,0.6795635968053659,1.1632102580909631,0.00182579420936335,0.00442787987340231,-3.4313631272731016e-4,0.00157018314869716,3.708918509222059e-4,-6.130061632578787e-4,0.00161701398347968,0.00383073204860107,0.00471368839746855,0.00337510299881582,0.00369409509472617,8.651891164568326e-5,-0.00338944172338173,0.0068257248349024,-0.00486060386936593,4.4427195055796176e-4,0.00115309834632704,-0.00586597714116177,-0.00319834544213826,0.00262072152326098,6.37397164817699e-4,0.00118552899686719,0.00617890724441849,-0.00762840779081308,-0.00641783768110748,0.00679294582368328,0.00757144699630174,0.00100990907521314,0.01075219205757171,1.021394203970516e-4,-0.10000000000000007,-0.10000000000000007,0.10000000000000007,0,-0.10000000000000007,-0.09999999999999964,-0.00713439411387462,0.01191909223721054,-0.07704985502667938,0.03020288172989183,0.04086966918832857,-0.00972608781999007,0.00128249217673825,0.00155574049855289,6.428630823656079e-4,0.00144629495124171,1.8591433386561107e-4,0.00198080413599655,41.5,41.5,41.5,41.7,41.6,41.6,7.1785454837637,7.226209010100671,7.122866658599083,7.1252830915107115,7.164720378771857,7.148345743900068,7.292337176173877,7.301147805856032,7.229113877793302,7.1693500166706,7.205635176410364,7.186901020411631,0.01611231374672961,-0.01189671093263378,-0.00335635435993886,0.01144275928500349,-0.01386663962060907,0.02005468122978371,0.00100217122111878,-9.081548355460713e-5,-0.00254615552902315,0.00139172098242035,0.00475088435503323,-0.00116328009800348,-0.02462263595133507,0.00783639499345589,-0.01373312627673151,0.02221831024481702,0.01551260934627585,-0.03675019762522602,-0.00502219908144141,0.00494577513467842,8.647990159031949e-4,8.152080956946861e-7,0.00545921753924005,-0.00581672178348924,-0.00108392244840871,7.193601116259885e-4,-3.859342506018493e-5,3.614814735453109e-4,4.970210387558183e-4,-3.7472670558713617e-4,6.233114190656863e-4,-0.00139086524004916,0.00263038278123328,-5.719684981952966e-4,-0.00350582664758292,-2.2030441504838905e-5,0.01858949439582868,-0.01119619410896088,0.00586483317869301,0.02851273264654352,-0.02434023157783471,-0.00675419804218702,1.4439808687427558e-4,-8.695362688264652e-4,8.590358220237349e-4,-2.5174077245804227e-4,-0.0020940171161099,5.561925891628405e-4,0.08360121535252052,-0.09334084759281236,0.15499157090814997,-0.0583408088786701,-0.14227740727598448,0.03706511020692016,-0.08999999999999986,-0.27,0.02000000000000001,-0.01000000000000023,-0.0299999999999998,0.00999999999999978,-0.06000000000000005,-0.15000000000000013,-0.06999999999999984,-0.18000000000000016,-0.0299999999999998,-0.02000000000000001,0.07000000000000006,-0.43000000000000016,-0.00999999999999978,-0.33000000000000007,-0.1299999999999999,-0.04000000000000003,0.04999999999999982,-0.31000000000000005,-0.1299999999999999,-0.25,-0.02000000000000001,-0.08000000000000007,0.04000000000000003,-0.41000000000000014,-0.17999999999999972,-0.16999999999999993,-0.07000000000000028,-0.13999999999999968,0.02879957393630761,-0.03346648437002919,0.03599945667808235,0.01234506215708908,-0.01704996230082311,0.03498038758816246,15.7324,19.4147,13.309,15.8726,16.5037,12.7691,3.4000000000000057,-8.600000000000009,0.20000000000000284,-1.7999999999999972,2.799999999999997,-1.2000000000000028,-0.18999999999999995,-0.32000000000000006,-0.04000000000000003,-0.10000000000000007,0.04999999999999982,0.1499999999999999,0.8800000000000003,0.8900000000000001,0.9900000000000002,1.04,0.96,1.0100000000000002
