sasdate,RPI,DPCERA3M086SBEA,INDPRO,CMRMTSPLx,RETAILx,UNRATE,CLAIMSx,PAYEMS,AWHMAN,HOUST,PERMIT,M1SL,M2SL,BOGMBASE,BUSLOANS,NONREVSL,CPIAUCSL,PPICMM,PCEPI,OILPRICEx,FEDFUNDS,TB3MS,GS10,AAA,BAA,S&P 500,VIXCLSx,UMCSENTx,TERM_SPREAD,CREDIT_SPREAD
1985-01-01,-0.0010871270109138464,0.008925600130556877,-1.7204490048339238e-4,-0.0025009959734667575,0.007520334565473519,0,-0.03927258171835035,0.0027535488799976804,40.3,7.444833273892193,7.414572881350589,0.002281409779646637,3.113352934125402e-4,-0.02856419509854291,-0.005835817792984699,-0.0016339378744927302,-3.5938161211390707e-6,-2.036865188399517e-4,0.0021636920177647845,0.10811052222678974,-0.030000000000001137,-0.3000000000000007,-0.11999999999999922,-0.05000000000000071,-0.14000000000000057,0.04225561684843537,19.2737,3.0999999999999943,3.620000000000001,1.1799999999999997
1985-02-01,7.873974836734021e-4,0.0037226311244058508,0.002747347377229481,0.003399587743206922,0.01066535186635953,-0.09999999999999964,0.055095900218089966,0.001358392950290721,40.1,7.397561535524052,7.415776975415394,0.0020374460891039448,-0.0019492045702707017,-0.007030671362181273,0.007661545225315258,0.003948338846985422,0.0037664525116394287,0.020559550844780006,-3.474924041602101e-4,0.05332885584220559,0.15000000000000036,0.5099999999999998,0.129999999999999,0.05000000000000071,-0.02999999999999936,0.052778205347387974,16.7049,-2.299999999999997,3.24,1.0999999999999996
1985-03-01,0.004236572290439611,-9.980040748511776e-4,0.001510290507219736,0.008715318386949278,0.005072119108397999,0,-0.028349578318920265,0.0035066885348609134,40.4,7.495541943884256,7.454141078146678,-0.006470732725350814,-0.004133904435511759,0.027284035400040985,0.001144376640936251,0.0014851677813325637,-9.677512935173382e-4,-0.007213864458276653,-7.246394192206296e-4,-0.026786511598389406,0.08000000000000007,0.25,0.34999999999999964,0.4299999999999997,0.4599999999999991,-0.008326442776554366,16.2834,0,3.34,1.129999999999999
1985-04-01,-0.0018521434886675792,0.002717223624001175,-0.002178610346864396,-0.0010256508105541684,0.012841509401074092,0.09999999999999964,0.04480564587294822,0.0020218698862191076,40.5,7.507141079727608,7.416979621381154,0.001375474331779536,-0.0012462524974479194,0.001308793901501737,-0.010974065755100071,-0.0030241192728439614,-0.002821733242381441,0.03142575490993682,-0.002460980048745398,-0.014964327471463701,-0.3100000000000005,-0.5699999999999994,-0.4299999999999997,-0.33000000000000007,-0.17999999999999972,0.006666691358189425,14.0315,0.8999999999999915,3.4799999999999995,1.2799999999999994
1985-05-01,0.0021772144147949035,0.011411156137961953,0.0014529341416293917,0.011518470378067747,0.006250212316849968,-0.09999999999999964,-0.013906671654428493,0.002819657129258246,40.4,7.426549072397305,7.443663683115591,0.0015217879159523662,0.0020377431574951643,-0.007896547726902625,0.007333386091527672,-3.0826211448697904e-4,-3.493761015604946e-6,-0.026413408169496222,9.194597369290847e-4,-0.061780618754363026,-0.2999999999999998,-0.46999999999999975,-0.5800000000000001,-0.5099999999999998,-0.35999999999999943,0.023530497410193973,15.6305,-2.799999999999997,3.369999999999999,1.4299999999999997
1985-06-01,0.0035370353840900037,-0.005305706813827804,-4.852934296026845e-4,-0.016678287936976233,-0.005590915659539064,0.20000000000000018,-8.915494445229655e-4,0.0015094652480236448,40.5,7.424165281042028,7.447751280047908,0.004235770503743019,0.0037025704349984423,0.010968559003694978,-0.0011550740671770754,-0.0029959132880517103,9.271847562200008e-4,-0.019006885344571067,3.5394219998963194e-4,0.02437065137957095,-0.4399999999999995,-0.5300000000000002,-0.6899999999999995,-0.7800000000000011,-0.75,0.02140263611438531,15.8821,4.700000000000003,3.21,1.4600000000000009
1985-07-01,0.0014513744129516226,0.007272759329080003,-0.004743077435995335,0.0019177077116747654,0.0017472314865347727,0,-0.036726375022741564,0.0019373990591606827,40.4,7.428927194802272,7.436617265234227,-8.316704387976159e-4,-0.002640394398397028,-0.0068500814887686445,0.006241544562366919,0.0012001172292581685,-9.35862336389981e-4,0.0028399245302184184,-2.6631721488090676e-4,0.0243587959710867,0.34999999999999964,0.1299999999999999,0.15000000000000036,0.030000000000001137,0.02999999999999936,0.018878379220375052,15.5221,-2.5,3.2300000000000004,1.459999999999999
1985-08-01,-3.8433053113351434e-5,0.010020858632021845,0.003037209495540427,0.018011117117334052,0.014240974688830121,-0.3000000000000007,0.06684913447785057,0.0019643155767781195,40.6,7.463363045520021,7.4999765409521215,3.7006303176134736e-4,-0.0010299042691457316,-0.007588521508080426,-0.003788506924037982,-0.0021189336588722796,-3.448492879698506e-6,-0.0022206493920462478,8.481451581880961e-4,0.00863837150629232,0.020000000000000462,0.05999999999999961,0.019999999999999574,0.08000000000000007,0.07000000000000028,-0.022059718064732614,14.8626,-1.5999999999999943,3.1900000000000004,1.4499999999999993
1985-09-01,0.004581473027288396,0.013646730715667577,0.003377860635521479,0.0026792822167802655,0.027795083883493277,0,0.010087427153742112,0.0020930655725628355,40.6,7.424165281042028,7.557994958530806,-1.4182851358413018e-4,-8.897442817694667e-4,0.00653655865896674,0.0034801603896594813,0.005812478600267568,-3.435720672406717e-6,0.011289890518244583,-0.0016151580147170108,0.003589437667420814,0.019999999999999574,-0.040000000000000036,0.03999999999999915,0.019999999999999574,-0.019999999999999574,-0.022557347424074337,16.7649,-0.30000000000001137,3.2699999999999996,1.4100000000000001
1985-10-01,0.004792300342614908,-0.015667253087160216,-0.003114667627625245,-0.009262684575867652,-0.02943095948522867,0,-0.006754707905358259,0.00191565083699885,40.7,7.51425465281641,7.463363045520021,-0.004407109166768564,-3.4957959372405867e-4,-0.0028522446178156358,-0.011326843552413202,-0.004986840566543194,0.0018415959542785743,-0.009438815397840195,-2.2627643443406953e-5,0.024147501127952165,0.07000000000000028,0.0600000000000005,-0.129999999999999,-0.05000000000000071,-0.120000000000001,0.011342276603934387,16.1499,-3.6999999999999886,3.08,1.3399999999999999
1985-11-01,0.0015373380227625688,0.0026526182766222206,0.0035117423940054238,0.0072919078343556265,0.004813414280720352,-0.09999999999999964,-0.03091030043974108,0.0021354926865075896,40.7,7.437206366871292,7.433666540166168,-2.181490073569492e-4,-7.482789136750156e-4,0.010037122031630652,0.010221471704092266,-9.284154554709545e-4,9.042609132769996e-4,-0.013035283877287362,0.001241104025881068,-9.454246473143968e-4,0.0600000000000005,0.08000000000000007,-0.46000000000000085,-0.46999999999999886,-0.3699999999999992,0.05891721949820994,16.1135,2.5,2.539999999999999,1.4399999999999995
1985-12-01,0.006093219256142035,0.010997488387797905,0.009583811447792634,-0.005357028066029557,0.012422839606132996,0,-0.02093443175473375,0.0016848348584961315,40.9,7.571473648851271,7.492203042618741,0.005124672813716202,0.0017916951751377752,0.007340121844996439,-0.00442511196090134,-0.0012147617120223941,-2.1042221217015822e-5,0.029898101449529868,4.4399980103015935e-4,-0.16594993211373055,0.21999999999999886,-0.14000000000000057,-0.5199999999999996,-0.39000000000000057,-0.41000000000000014,0.04842843510055772,18.3427,3,2.16,1.42
1986-01-01,-6.469057559641556e-4,0.0010090818212451502,0.005520329372935784,0.014918798979211445,0.009642835000210681,-0.2999999999999998,-0.04921205717713484,0.0012465733519952948,40.7,7.586803535162581,7.52131798019924,-0.009759667237037029,-0.0017500080908972038,-0.03685500924507501,-6.503940752313753e-4,6.666753210105014e-5,-9.303548743915258e-4,0.008510336927938233,0.0012424470978156243,-0.047454984472835804,-0.129999999999999,-0.02999999999999936,-0.07000000000000028,-0.10999999999999943,-0.14000000000000057,0.004332136739134462,18.1213,1.6999999999999886,2.119999999999999,1.3899999999999988
1986-02-01,0.0049251669726082525,-0.0024764688131160284,-0.00704382287145755,-0.005704611821881755,-0.00936189659657316,0.5,0.007470323365165399,0.001164091456949734,40.7,7.521859252201629,7.4770384723196965,0.003518449983076266,3.024346814859413e-4,-0.004306843554387818,-0.0010874477727504939,-2.638203326519317e-4,-0.005467806281411747,-0.010699796859922728,-0.004591214139446631,-0.22486317022126512,-0.28000000000000025,-0.010000000000000675,-0.4900000000000002,-0.3800000000000008,-0.33000000000000007,0.052397391660260695,20.6242,0.30000000000001137,1.6399999999999997,1.4399999999999995
1986-03-01,0.009395561771222916,0.0034125624908329932,-0.007148371663592279,9.753769686309255e-4,-0.006961526518471928,0,0.03117343139179063,8.797610044588566e-4,40.7,7.53689712956617,7.484368643286131,0.00709179962549733,0.0036992990032960194,0.034141715899082214,0.005628794286701044,-0.0040695487628461535,-0.003662980313769104,0.006317977076726322,-0.002194874283982795,0.19404227402216678,-0.3799999999999999,-0.5,-0.919999999999999,-0.6699999999999999,-0.6099999999999994,0.05713309193523397,23.564,-0.8000000000000114,1.2200000000000006,1.5
1986-04-01,0.0032934731971678843,0.006146800664636576,0.0014326780252771343,0.019935789656598146,0.006356985588617192,-0.10000000000000053,0.011865319463224111,0.0018883649043832662,40.5,7.566828479208331,7.527255919373784,-0.001418944054396576,0.0016972804726336221,1.799178624732889e-4,-0.0033496657681384434,0.006372053536459532,0.001811375730299325,-0.01370481025115211,1.5245409245023822e-4,0.21995265903886096,-0.4900000000000002,-0.5,-0.4800000000000004,-0.21000000000000085,-0.3100000000000005,0.024241033895111563,23.0154,1.1000000000000085,1.2400000000000002,1.4000000000000004
1986-05-01,0.0010850185187543104,0.005990746551039816,0.0014759828720576351,-0.00963666392197915,0.014417452124130037,0.10000000000000053,6.478782215602052e-4,0.0012804421794925247,40.7,7.5251007461258,7.493873886783559,0.005245647846507495,7.969566130530126e-4,-0.010815129221808384,-0.0029731770078402775,2.9322735567482994e-4,0.006429186813840637,0.004209417471087384,0.003869012338316047,0.16612430225166275,-0.14000000000000057,0.09000000000000075,0.41000000000000014,0.3000000000000007,0.09999999999999964,0.0020986366569211157,18.8928,-1.4000000000000057,1.5599999999999996,1.1999999999999993
1986-06-01,2.852922388942858e-4,-0.002254203856538517,-0.004037339462127143,0.006394566839805549,0.0010572509542292607,0,-0.04098392472868895,-9.374858929689367e-4,40.7,7.52131798019924,7.489970898834801,-0.0039111539759471015,-0.0027160818338902715,0.010452052295950587,0.005330152495925944,-0.002461205747929185,9.069196567574878e-4,0.011571868133724017,0.001894816096593921,-0.3209400871378296,0.07000000000000028,0.05999999999999961,0.08999999999999986,0.040000000000000924,0.05000000000000071,0.028112640936047484,18.598,4.5,1.5899999999999999,1.209999999999999
1986-07-01,0.004736909762263153,0.00655864264871564,0.006512386430606476,0.005891522856172671,0.0034074723677619545,-0.20000000000000018,-0.02320923291037147,0.0032019682189208254,40.6,7.485491608030754,7.484368643286131,0.001472909377186582,4.73019286413745e-4,-0.0036861941879120508,-0.0034038389052506446,7.893373375900126e-4,-0.0027493484900622533,-0.0052988480806330784,-0.0034672910548918523,-0.014713318859068014,-0.3600000000000003,-0.3799999999999999,-0.5,-0.25,-0.17999999999999972,-0.02101004161856057,19.639,-1.5999999999999943,1.4699999999999998,1.2799999999999994
1986-08-01,0.002105587632222239,0.004779347288681013,-0.0018566171981273527,0.0014202604158111143,0.010178120029754822,-0.09999999999999964,0.11815129196693519,0.0011554248475960094,40.7,7.499423290592229,7.453561871643373,-0.0021230300614218933,-7.097808166101061e-4,-0.011666455613743132,8.431098984917895e-4,-0.0026205357322801603,-8.340113151206197e-7,-0.008343126918322952,9.959806381929504e-4,0.4168603507741464,-0.3899999999999997,-0.2999999999999998,-0.1299999999999999,-0.16000000000000014,0.019999999999999574,0.019786300898844367,18.6381,-2.799999999999997,1.6399999999999997,1.459999999999999
1986-09-01,9.117325212422145e-4,0.02167709901088921,0.002549474375162397,0.023446347656266298,0.057095443199278506,0.09999999999999964,-0.0296447165849969,0.0034682926879021636,40.7,7.430707082545968,7.430114138561801,2.8333036021965796e-4,4.683722619196473e-4,0.0072565001590501055,0.0010738342220175667,0.008211985116107101,0.0027301660211414003,0.008332264826697688,0.00202399303073042,-0.2772486884511851,-0.28000000000000025,-0.3200000000000003,0.28000000000000025,0.16999999999999993,0.019999999999999574,-0.02772782644003069,22.7052,-3,2.24,1.3099999999999987
1986-10-01,2.513850045460231e-4,-0.014982160733738592,0.004253340551588103,-0.014223671857097386,-0.04275362776549585,0,-0.03146326945578437,0.0018694864358632657,40.6,7.427144133408616,7.423568444259167,-0.0018855748014718898,-6.961296745355838e-4,-6.531548057964187e-5,-0.005072263044037406,-0.0013881458134346047,-0.0018264603521034317,0.005125036560613694,-0.0014856684686703758,0.007832706855606997,-0.040000000000000036,-0.03000000000000025,-0.020000000000000462,-0.030000000000001137,0.040000000000000924,-0.00378390192912903,22.5239,3.6999999999999886,2.25,1.3800000000000008
1986-11-01,0.0015866017838970237,-0.0033184578605447435,0.003998607164955814,-0.003069121323218127,-0.004651266216358252,-0.09999999999999964,-0.053733871024785884,0.0018659979769442003,40.7,7.392031567514591,7.404887575616125,0.004145481577120691,-0.0021610655767894116,0.012828399432447846,0.012342044281167475,-0.01402099245548527,-3.2938022167527947e-6,-0.01033067038787916,-3.1927455128588633e-6,0.027720091309300532,0.1900000000000004,0.16999999999999993,-0.17999999999999972,-0.17999999999999972,-0.16999999999999993,0.0319198083584995,18.6315,-4.199999999999989,1.9000000000000004,1.3900000000000006
1986-12-01,0.0035131786310813595,0.021810963941065076,0.009439539139524555,0.020719031392408382,0.044180271206716526,-0.3000000000000007,-0.0137225800188574,0.002001823223354293,40.8,7.513709247839705,7.551186867296149,0.011995690831615669,0.004676646206889679,0.006029867898369012,0.0165815802873448,0.001855432936244128,0.0018034033460070376,-0.003088010688576226,-4.0967363397914625e-4,0.03195031658514402,0.8700000000000001,0.1800000000000006,-0.13999999999999968,-0.1899999999999995,-0.09999999999999964,0.014178888542543788,19.7586,-2.3000000000000114,1.58,1.4800000000000004
1987-01-01,-0.0016504446848415455,-0.025422346052392353,-0.003493734682405325,-0.03207881748060437,-0.0667186777347073,0,-0.0359490297783811,0.0016800294228769275,40.8,7.480992162869525,7.432483807917119,-0.019432065206984817,-0.00402407529479909,-0.033364295368557784,-0.011307962791886617,-0.0027305705377909106,0.0017839127098122631,0.0020565510819139377,0.0033180640807382034,0.0932687051524943,-0.4800000000000004,-0.10000000000000053,-0.03000000000000025,-0.13000000000000078,-0.25,0.06199607222174297,20.7666,1.3000000000000114,1.6500000000000004,1.3600000000000012
1987-02-01,0.002949474335968816,0.018804370705602924,0.01309491176805988,0.03543530263540973,0.04862733509693484,0,0.009073296205675874,0.0023909097338279395,41.2,7.486613313139955,7.4318919168078,-0.006876183530664548,-0.004500384824911663,-0.011929783801805982,-0.020337768497417308,-0.0010449226555877544,-0.0018163199521854523,-0.009342077400665616,-0.0011926066072640573,-0.19997565543300277,-0.33000000000000007,0.16000000000000014,0.16999999999999993,0.02000000000000135,-0.07000000000000028,0.060157482811844076,23.4463,-0.20000000000000284,1.6600000000000001,1.2699999999999996
1987-03-01,0.00224982382448502,0.0011981568253651709,0.0014471947964986853,9.592601378614063e-4,0.006762211194153878,0,-0.04546237407675768,0.002424747455627596,41,7.453561871643373,7.440733707389261,0.003549023548374386,9.429133706229109e-4,0.027826466511072567,0.0042315019035825685,6.0294486697642924e-5,-1.2800860217154764e-5,0.033054921689252836,-8.545453545467652e-4,0.08327708010786905,0.03000000000000025,0,0,-0.02000000000000135,-0.040000000000000924,0.04046593256171338,21.8372,0.5999999999999943,1.6600000000000001,1.25
1987-04-01,-7.287782202798354e-4,0.004732486031652439,0.006311114231135839,-0.002875093523872607,0.00815699364674849,-0.2999999999999998,0.008961971857230466,0.0033059838758529025,40.8,7.3864708488298945,7.3783837129967145,0.009436572152103473,0.0028171338524369816,0.00997824559646876,6.649483633927034e-4,0.009475185916153706,8.749955895366313e-4,-0.016583804813806502,0.0010812060123632783,-0.0138452643148681,0.2400000000000002,0.04999999999999982,0.7699999999999996,0.4900000000000002,0.4299999999999997,-0.011000454689821915,26.8814,2,2.38,1.1899999999999995
1987-05-01,0.0059927314087513395,5.957154489379946e-4,0.006302766762669165,-0.0016700383315857437,-1.8089534986920341e-4,0,-0.015736555538985897,0.0022536385118332447,41,7.395107546562485,7.313220387090301,-0.011119254728688688,-0.0031941348899442445,-0.015419679890406712,0.0018590155837863165,-0.005025369030136062,-0.0017880302905242118,0.048129603011711986,-0.0011931566762566348,0.022278728729180575,0.47999999999999954,0.020000000000000462,0.5899999999999999,0.4800000000000004,0.47000000000000064,-6.915629597887829e-4,25.4115,-1.7000000000000028,2.9499999999999993,1.1799999999999997
1987-06-01,-9.477455643569499e-4,0.004182911046418436,0.005166029302833941,0.004978220786508558,0.013725437518298023,-0.09999999999999964,-0.026790733557765734,0.0016893555002859273,40.9,7.374001859350161,7.3277805384216315,-0.0060431307925163935,-0.0012641648700881802,0.005137705247256541,0.0013523090389764292,0.0032134996577575237,0.0017566205425065817,-0.045627034316191306,0.0012457744534239978,-0.009190355664363992,-0.11999999999999922,0.009999999999999787,-0.20999999999999908,-0.009999999999999787,0.009999999999999787,0.04166563717009453,21.6245,0.4000000000000057,2.7300000000000004,1.1999999999999993
1987-07-01,0.003390899704925232,0.004846701563376854,0.006797065473966413,0.008635181889163235,0.006573069889057592,-0.10000000000000053,-0.00935314690664768,0.003399514410508786,41,7.362010551259734,7.323830566202317,0.0032231374632223364,9.716693880950089e-4,-0.0016513411918630538,-0.00764221378260288,5.657678192783067e-4,-0.0017753334383439068,0.03514810262888535,-0.0014697723488481529,0.032470207097915704,-0.15000000000000036,0.020000000000000462,0.049999999999998934,0.09999999999999964,0.08999999999999986,0.028456539914007983,17.8009,2.200000000000003,2.759999999999999,1.1899999999999995
1987-08-01,0.005267531898862643,0.007620592026540862,0.007478081537837689,-0.004419215176165281,0.018503420132489623,-0.09999999999999964,0.01969513921573629,0.0016905513952174545,40.9,7.380879035564116,7.32052696227274,0.0028230792463403986,0.0017205174806056434,-0.008270007596790308,0.003477677310359084,0.0017058452928662149,0.0017443643377621498,-0.017679359222223745,0.0016353013811372108,-0.11580170143707935,0.15000000000000036,0.34999999999999964,0.3100000000000005,0.25,0.19000000000000128,0.06037799163713675,20.849,0.7000000000000028,2.7199999999999998,1.1300000000000008
1987-09-01,8.821388009891962e-4,-0.004719279868513837,0.003931774012906786,0.010960779381159469,-0.013268228888369649,-0.09999999999999964,-0.04990411361913338,0.0022139114798402915,40.8,7.43543801981455,7.322510433997394,0.0010641579347066,7.395278934767546e-4,0.00744018482142117,0.011718058477459437,-0.0032919273398945847,-8.905957739751003e-4,0.013083564126881164,-5.787193987627504e-4,0.014354261176493743,0.4899999999999993,0.3600000000000003,0.6600000000000001,0.5099999999999998,0.5099999999999998,-0.033022596320249065,22.8938,-0.8000000000000114,3.0199999999999996,1.1300000000000008
1987-10-01,0.006589234559569945,-6.112953992274406e-4,0.01323349510920746,-0.0011533910149044146,-0.0034178354162968105,0.09999999999999964,-0.03198304585305145,0.004771979801690307,41.1,7.323170717943469,7.277247726631484,0.00781972147624721,0.0014057778334857218,3.435261078230667e-4,-0.009509605740480431,0.003753452336184182,-8.813491066348433e-4,0.018858836259283862,-1.9847762534386248e-4,0.05394870174274802,0.07000000000000028,-0.27000000000000046,0.09999999999999964,0.33999999999999986,0.3099999999999987,-0.12874658752038393,40.7977,-4.299999999999997,3.3899999999999997,1.0999999999999996
1987-11-01,0.004870241342247894,0.001176976664241547,0.004865946043528524,-0.002774651653801641,0.003778139281653381,-0.20000000000000018,0.02225060893482045,0.0022662350505875395,41,7.412160334945205,7.284134806195205,-0.015412910549260417,-0.003994854483118537,0.009524476990822706,-0.0042416512501946,3.786056515497904e-4,8.601214828241055e-4,-0.026312917369274658,-0.001279731358397207,-0.06424001835178705,-0.5999999999999996,-0.4399999999999995,-0.6600000000000001,-0.5099999999999998,-0.3899999999999988,-0.13424542335817957,49.4365,-6.200000000000003,3.169999999999999,1.2200000000000006
1987-12-01,0.011251606465574326,0.007616766587600132,0.005592546578943036,0.008437755563758031,0.012400850763750526,-0.09999999999999964,0.038374012881615016,0.0027918272711371372,41,7.24422751560335,7.20414929203594,-1.5864461374803795e-5,0.0012015523118860116,4.8104899517920074e-4,0.005490692414150011,-0.009153085446463649,-0.0017406235464711983,0.019243843739949362,-4.0860008981180584e-5,-0.04504561266425133,0.07999999999999918,0.07999999999999918,0.13000000000000078,0.09999999999999964,0.05999999999999872,-0.01646127705407263,41.764,3.700000000000003,3.2200000000000006,1.1799999999999997
1988-01-01,-8.278980192901741e-4,0.008539036148271784,-1.9700828905744316e-4,-0.0022852521947438476,0.0033706197795861925,0,0.051512878120414385,8.87114717748716e-4,41.1,7.147559271189454,7.126087273299125,0.011957012944256107,0.004745401002495875,-0.019254562931135588,-0.0012173263520196542,0.006365258051623357,0.0017226327038093459,-0.04429276681625449,0.0020236125129731164,0.08822012129612089,0.0600000000000005,0.040000000000000036,-0.3200000000000003,-0.22999999999999865,-0.21999999999999886,0.03866198703426438,38.3365,4,2.8600000000000003,1.1899999999999995
1988-02-01,0.0044968237368543384,9.344131675699252e-4,0.004999271340642153,0.011238838379307836,0.006729829015744926,0,-0.051512878120414385,0.004433402944520992,41.1,7.29505641646263,7.271008538280992,-0.005984416328550957,6.426155501220165e-4,-0.01900260828983935,-0.0011578901564535116,0.0013358709356303677,-0.001731581556640549,-0.04339899411962733,-0.0023865330438637145,-0.01857854000772674,-0.25,-0.14999999999999947,-0.4599999999999991,-0.4800000000000004,-0.45000000000000107,0.02988818619964917,33.674,0.7999999999999972,2.5500000000000007,1.2199999999999989
1988-03-01,0.002652689078775694,0.008635249832654956,0.002464822424946611,0.015890482743317946,0.017074872744011316,0,-0.042457317860986166,0.002635325406485478,40.9,7.3343293503005365,7.329749689041512,0.0034148876266808514,-9.97801239162932e-4,0.031556640250155255,0.0025924627343067996,-2.0789752207051038e-4,8.557752764977167e-4,0.051160106335220945,0.0019407855278101849,-0.00994559103933046,0,0.040000000000000036,0.15999999999999837,-0.009999999999999787,-0.049999999999998934,0.02902074604119953,29.3569,3,2.669999999999999,1.1799999999999997
1988-04-01,0.0025864032828550876,-0.004109050097345968,0.005784379012641949,-0.005377407358524877,-0.004526348313570239,-0.2999999999999998,0.02169422946968247,0.0023229036212111254,41,7.360739903058278,7.264730177929867,0.002839353852957416,-1.523796895686047e-4,0.00850114741862118,0.005821962006470116,0.001570731038832207,0.0034121755492124706,0.04763048852166829,0.001424318040481598,0.13057631902378874,0.29000000000000004,0.20999999999999996,0.3500000000000014,0.27999999999999936,0.33000000000000007,-0.011735890897072387,27.405,-3.3999999999999915,2.8100000000000005,1.2300000000000004
1988-05-01,9.82304847850557e-4,0.00646523065339677,-0.002018273083187694,0.0031344011523390947,0.008870936885804426,0.1999999999999993,0.0049524823646613925,0.0021936735646583827,41,7.259116128097101,7.275172319452771,-0.0035599385012119455,-0.0016522142422763508,-0.01731541223687838,4.45967629518762e-4,-0.002051301145234774,-0.003434147695855927,-0.02317425915879756,-0.0019476692392239592,-0.1220943694172818,0.21999999999999975,0.34999999999999964,0.3699999999999992,0.23000000000000043,0.1399999999999988,-0.025063968663215697,25.7166,3.5999999999999943,2.83,1.1399999999999988
1988-06-01,0.0035490764059833424,0.0032718159202831387,0.00289692739416747,0.009755802887456255,0.004785818646730888,-0.1999999999999993,-0.01768534840154068,0.0034619223497500684,41.1,7.298445101508147,7.3031700512368,0.0038402400428632077,-0.0010137875884357328,0.014381216279197417,-0.0024100392433954454,-0.002959285552256219,0.0016898344401505838,-0.028033918426427995,0.0013442108952919085,-0.02872346559824246,0.41999999999999993,0.20000000000000018,-0.16999999999999993,-0.040000000000000924,-0.03999999999999915,0.05544320341477604,25.2709,-0.09999999999999432,2.46,1.1400000000000006
1988-07-01,0.004470886612681468,0.002408584479491438,1.469114322585341e-4,-0.004063574509576284,0.0028285051405152473,0,0.042397395260358905,0.0021244720522943794,41.1,7.2909747781429814,7.271703706887368,-0.004541051846156385,-0.0012385613698580045,-0.006032482951122908,-6.136987264175886e-4,0.0017288833842279416,-1.795477193056172e-5,-0.002116762222557078,6.002793335690981e-4,-0.010991107318484516,0.2400000000000002,0.27000000000000046,0.14000000000000057,0.10000000000000142,0.10999999999999943,-0.00592813888739574,23.644,-1.2999999999999972,2.33,1.1499999999999986
1988-08-01,0.0026390955237385327,0.004560389317294078,0.005001679278237248,5.783174909463895e-4,0.005727222199443105,0.1999999999999993,-0.02152986438035498,0.0011741091376435975,40.9,7.30854279753919,7.286191714702382,-0.001546546903405499,-0.001363011896154731,-0.01347034189054952,-0.007113311634257435,0.003117951595353219,-1.7803573177488374e-5,0.005863336922791618,-0.0018884276952082502,0.06614215865607642,0.2599999999999998,0.3299999999999992,0.1999999999999993,0.14999999999999858,0.10000000000000142,-0.020270964373619194,23.7073,4,2.2,1.1000000000000014
1988-09-01,0.0019538066191664427,-0.002790496687594679,-0.003129633358873285,0.00394778117064476,-0.003269718000408872,-0.1999999999999993,-0.033107585774505566,0.0032028446696727997,41,7.307872780763706,7.269616749608169,-0.001918052066596232,3.1175842051922587e-5,0.005086950722001937,5.4372683402093e-4,-0.006934242549355929,-1.7654276307510486e-5,-0.0028069135378894217,0.0019049413179681451,-0.07219325002410804,0.17999999999999972,0.1800000000000006,-0.27999999999999936,-0.28999999999999915,-0.3100000000000005,0.016174887151615636,19.5242,-0.10000000000000853,1.7400000000000002,1.08
1988-10-01,0.005556421303161585,0.008153371181109925,0.0043015363906127035,0.0077331270877412095,0.020840524986475373,0,-0.04397419338884667,0.002477755649632485,41.1,7.3277805384216315,7.323830566202317,-0.0010210593712525196,0.0011782700286611103,-7.280654756280924e-4,0.004693447733846057,0.0018407498574894987,-8.511875981334072e-4,0.027123026543097062,-0.001604312073009595,0.02317048033566982,0.11000000000000121,0.10999999999999943,-0.17999999999999972,-0.3100000000000005,-0.4900000000000002,0.03447352736987419,20.4819,-3.200000000000003,1.450000000000001,0.9000000000000004
1988-11-01,2.857442517214537e-4,0.0025303055271757025,0.0024157555877204473,0.003852749857706783,0.008300742899518099,-0.10000000000000053,-0.0030933174691387677,0.0032034899374018266,41.1,7.358193752733032,7.318539548567902,0.0025510864452016335,0.0021754190593927802,0.012977304358296138,-0.0027642277329524845,-7.881474491533424e-4,-1.1129714737379004e-5,0.0063444253845057474,-9.428219763769619e-4,0.060236006902389505,0.049999999999998934,0.41000000000000014,0.16000000000000014,-0.0600000000000005,0.07000000000000028,-0.023341687001029676,21.659,-1.0999999999999943,1.200000000000001,1.0300000000000011
1988-12-01,0.005040779966945408,0.005428240108161564,0.00451930917807708,0.012950502698584998,0.007133524893566445,0,0.009251393720530743,0.002632135093401544,40.9,7.354362330421477,7.313886831633462,2.501034428536997e-4,-0.002331417513857126,0.002637609244062311,0.0026939244764250247,5.475790909148515e-4,-1.1055824312933282e-5,0.006023419356511184,7.995764054395949e-4,0.13877445086296092,0.41000000000000014,0.3100000000000005,0.14999999999999858,0.120000000000001,0.16999999999999993,0.02009200008268852,17.7542,-1.0999999999999943,1.0399999999999991,1.08
1989-01-01,0.008954641722143108,0.001781441291872632,0.0029453491324780146,0.0011416284405907362,0.007291586452780052,0.10000000000000053,-0.011836487792635353,0.0024572676910246116,41.1,7.390798521735676,7.290292882446597,-0.00356260135585007,-0.001510198805029006,-0.021995119144953,-0.003678907868832404,0.027534987030730207,8.144404088756829e-4,-0.04390835313606267,0.0020024834276792802,-0.051314090803337375,0.35999999999999943,0.1999999999999993,-0.019999999999999574,0.049999999999998934,0,0.031680884080346416,17.758,6,0.8200000000000003,1.0300000000000011
1989-02-01,0.0029146045108401353,-0.002103727377274822,-0.004434996841930605,-0.010989075809122895,-0.013473378200970387,-0.20000000000000018,0.047186512434896244,0.002479170654860141,41.2,7.261927092702751,7.232010331664759,-0.0011492132628241336,-0.001003473178041503,-0.0191009019629238,0.015105006534540166,-0.025264609814596994,-8.39049634874911e-4,-0.036524980714913724,-0.0017974823255668682,-0.1091186289130106,0.2400000000000002,0.2599999999999998,0.08000000000000007,0.02000000000000135,-0.040000000000000924,0.02968806229594545,18.3126,-2.5,0.6400000000000006,0.9699999999999989
1989-03-01,0.005198170472517916,-6.448839432433573e-4,0.002497608429581355,-0.005970350092306731,0.005712473732165435,-0.20000000000000018,0.05834655088965057,0.0018042488433049897,41.1,7.259819610363186,7.101675971619444,0.0013999646415170375,0.002336265777227453,0.037387894007959055,-0.018800659713490653,0.003222426852570237,0.0016271813085753095,0.019840412608106206,3.953643369252191e-4,0.09570070337371916,0.4900000000000002,0.2900000000000009,0.1899999999999995,0.16000000000000014,0.0600000000000005,-0.004431573640840902,17.4754,-1.1000000000000085,0.5399999999999991,0.8699999999999992
1989-04-01,-0.003945929375634094,0.00591730388981615,-1.4968072164389667e-4,0.009079005378756833,0.018527339815642918,0.20000000000000018,-0.03218958892073154,0.001578371077682661,41.1,7.199678345691172,7.226936018493289,-0.0038437538877493793,-4.053732067745841e-4,-0.00264032134028902,0.005706009427507652,-0.00238567687357083,0.0024159092474844712,0.002864607290896437,0.002920931879909716,-0.008096481637386521,-0.009999999999999787,-0.16999999999999993,-0.17999999999999972,-0.010000000000001563,-0.0600000000000005,0.03227170808757229,16.8875,-2.799999999999997,0.5299999999999994,0.8200000000000003
1989-05-01,-0.0043280806661201154,-0.0011763826524808785,-0.005701295487130054,-0.0044681325376938474,0.006649279605367653,0,0.0399235795204671,0.0011311798854816146,41,7.193685818395112,7.2305631534092925,-5.39779312500599e-4,-2.367999999588477e-4,-0.013550402013044582,0.003838898566558946,1.071127767691138e-4,-0.0024757402448782884,-0.04247267425249923,-0.0029941071803234465,-0.12792981321361951,-0.02999999999999936,-0.22000000000000064,-0.3200000000000003,-0.21999999999999886,-0.14999999999999858,0.03765456206249507,17.435,-0.7999999999999972,0.4299999999999997,0.8900000000000006
1989-06-01,0.0027962573914575017,0.001966989430913557,-7.60861911217603e-5,-0.0030885661119768315,3.005713862176407e-4,0.09999999999999964,0.025856953836299823,0.0010558489449916664,40.9,7.242082359256962,7.186901020411631,0.003467363634751308,0.0035366032739077014,0.014544630761971433,-0.008569955015173214,-0.0019732234399558735,-0.001633833395915829,0.0026828991616092424,-0.0014601379742913423,0.047745640343331175,-0.28000000000000114,-0.27999999999999936,-0.5800000000000001,-0.47000000000000064,-0.4300000000000015,0.030742697084290782,16.7322,-0.10000000000000853,0.129999999999999,0.9299999999999997
1989-07-01,0.003300554843603365,0.0029645449597532902,-0.009693959689255571,-0.01030965164584785,0.004987201859401935,-0.09999999999999964,0.025497971933971186,3.887161310611731e-4,40.9,7.2633296174768365,7.1569563646156364,0.007481111048752709,0.0026610455656008725,-0.003962206724523298,0.01082737944912715,-4.140918999873122e-4,-1.0389117917952717e-5,-0.010446066394587561,2.0411107336570922e-4,-0.016861541523710333,-0.28999999999999915,-0.27000000000000046,-0.2599999999999998,-0.16999999999999993,-0.16000000000000014,0.025016557793730243,18.0565,1.4000000000000057,0.13999999999999968,0.9399999999999995
1989-08-01,0.0021801707422035577,0.009558701508777023,0.009750620169152846,0.025067985603541842,0.015523633793767644,0,-0.021003582346132532,4.7180939775870456e-4,40.9,7.194436851100335,7.195937226475569,-0.0034887805255632287,-8.772626674016237e-4,-0.013345213179722926,-0.003880071662511142,-0.0015722308780539151,-0.0032180236942007667,0.05257419461705304,-0.0022653372245740044,-0.04060243929672058,-0.25,0.020000000000000462,0.08999999999999986,0.030000000000001137,0.010000000000001563,0.043337658555576475,19.3234,-2.4000000000000057,0.20999999999999908,0.9199999999999999
1989-09-01,0.002765334374959849,-0.001879084657762764,-0.003138966589546932,-0.007031092037259157,-9.774323855946676e-4,0.09999999999999964,0.004474280394921593,0.002300348838053523,40.8,7.153833801578843,7.1808311990445555,-4.214247885769851e-6,-0.0013115288191443142,0.006672420440081872,-0.0037202050434368417,0.002333044987226529,0.002406740030565402,0.024591114694628047,0.002103108465853154,0.11507691560329425,0.02999999999999936,-0.15000000000000036,0.08000000000000007,0.049999999999998934,0.02999999999999936,0.002017582468522683,16.7465,6.200000000000003,0.4399999999999995,0.9000000000000004
1989-10-01,0.004792949837941762,-6.764898890212478e-4,-0.0013487581284179484,-0.009701236551864056,-0.011113246061388082,0,0.07798014248718843,9.868801096111213e-4,40.8,7.251344983372214,7.21890970761906,0.005093953222946368,0.0010902956335705483,3.518028195133027e-4,6.443973602028308e-4,5.837856694483889e-4,0.0023894322329276463,-0.00438919846843433,0.0016741187322315554,-0.03121562550080137,-0.17999999999999972,-0.11000000000000032,-0.17999999999999972,-0.08999999999999986,-0.09999999999999964,2.878940569761568e-4,21.9509,-1.8999999999999915,0.3700000000000001,0.8900000000000006
1989-11-01,0.0010126306903508464,4.8627335863127286e-4,0.0033733524412147275,0.00890398978432394,0.00870576388796529,0.10000000000000053,-0.07575048715991883,0.0025411102483712256,40.7,7.208600337960199,7.203405521083095,-0.005493391904090039,-8.137843302780112e-4,0.011883601288473322,-0.00308083573034601,1.2141568913293099e-4,-8.168594120121497e-4,-0.05745122064538055,-0.0017222023742382575,-0.038628981367752946,-0.28999999999999915,0.05000000000000071,-0.13999999999999968,-0.02999999999999936,0,-0.020943173845243024,20.9323,-3,0.17999999999999972,0.9199999999999999
1989-12-01,8.295165960650053e-4,0.008251636093428605,0.005469228290109207,0.003299714268969467,0.002581615380815805,0,0.05334019582754124,7.721014410062566e-4,40.5,7.1316985104669115,7.259819610363186,0.004674613772777114,-3.7549715754536805e-5,0.009746281995893114,-0.003333758930672559,-0.002309747436203935,-8.072245453369931e-4,-0.02519612376236946,7.182627928647989e-4,0.07559305411243589,-0.10000000000000142,-0.0600000000000005,-0.03000000000000025,-0.030000000000001137,0.009999999999999787,0.024391453124159135,18.235,-0.4000000000000057,0.20999999999999996,0.9600000000000009
1990-01-01,0.0025657052090668486,0.004976903269752864,-0.005070632766924987,-0.007841943678416285,0.03084714738897354,0,0.01619694721486553,0.0033022705579881517,40.5,7.346655163176539,7.466227556215481,-0.003177909531473233,-0.0015832011453440487,-0.02641966830874143,-6.177735100498793e-4,-4.4815916112384e-5,0.006284246935892135,0.056902884220548344,0.004647829814246052,0.009045634232489164,-0.21999999999999886,0.009999999999999787,0.370000000000001,0.13000000000000078,0.11999999999999922,-0.02506775466279354,23.499,2.5,0.5700000000000012,0.9499999999999993
1990-02-01,0.0031010535489457425,-0.005060760712150003,0.009040640973159597,0.014748483501358933,-0.007770269204256053,-0.10000000000000053,-0.007646891624599306,0.002195470895403062,40.6,7.270312886079025,7.192182058713246,2.4074761313563897e-4,-6.178469579314338e-4,-0.014509769636762648,0.0045573603238642235,-0.0042581689481693275,-0.005542435920900424,-0.03386584151941463,-0.0031463507592333073,-0.09488115165056854,0.009999999999999787,0.10000000000000053,0.2599999999999998,0.23000000000000043,0.20000000000000107,-0.028402016506665184,23.3268,-3.5,0.7300000000000004,0.9199999999999999
1990-03-01,9.683675118417057e-4,0.0033697196928819118,0.004969202991748745,0.005810420548183259,0.0038209737659133935,-0.09999999999999964,-0.0371071074990077,0.001862367935904885,40.6,7.161622002939187,7.1276936993473985,8.622990592721536e-4,-4.853070478887389e-4,0.03480003447746416,0.0015161326038555245,0.0011765497927314073,7.626485627660884e-4,0.0803206956079503,-6.288879100564415e-4,-0.055699781224368916,0.03999999999999915,0.16000000000000014,0.11999999999999922,0.14999999999999858,0.07000000000000028,0.023950555063477985,18.8313,1.7999999999999972,0.6899999999999995,0.8400000000000016
1990-04-01,0.00635642833463379,0.0018996133424771244,-0.002623250205882499,-0.011590870439354362,-0.007334763686623447,0.20000000000000018,0.046829406302320464,3.1005772793690767e-4,40.4,7.129297548929373,7.035268599281097,0.0014717630723026787,1.7574912714835023e-4,7.508488323111351e-4,0.001592416913688055,-0.0018525103225375261,-0.002346449742278267,0.012398467792561263,-0.0016693802988436701,-0.014700825303509468,-0.019999999999999574,-0.13000000000000078,0.1999999999999993,0.09000000000000163,0.08999999999999986,-8.276188696560993e-4,20.4575,2.6000000000000085,1.0199999999999996,0.8399999999999999
1990-05-01,-0.0010782677040221955,-7.093234603625653e-4,0.0030369033197290562,0.008092651323597266,-0.0020181379506194475,0,-0.018131598534383286,0.0014031765110793515,40.6,7.10002716662926,6.9726062513017535,-0.008082642066329804,-0.003910813197110841,-0.017291610172433636,-0.006104128843069212,-5.712191100695208e-4,-7.797102341688955e-4,-0.05781737175377444,1.4741406130980295e-4,0.07548262174327691,-0.08000000000000007,-0.02999999999999936,-0.02999999999999936,0.009999999999999787,0.10999999999999943,0.0350688871068332,18.1518,-3.3000000000000114,1.0199999999999996,0.9399999999999995
1990-06-01,0.001658671541147072,0.003167197179968717,0.0033858350269504456,0.002581537415993651,0.00881166846692416,-0.20000000000000018,0.019926807191612994,2.0029315701819428e-4,40.7,7.0707241072602764,7.010311867307229,0.008063483069470578,0.004397021716178173,0.015027720182964721,0.004250864777586294,0.005637214459655482,0.004627237916502658,-0.004457948902177655,0.0021634916389459136,-0.059115453026431286,0.10999999999999943,-0.009999999999999787,-0.27999999999999936,-0.21000000000000085,-0.1899999999999995,0.028539593184277123,17.5828,-2.299999999999997,0.75,0.9600000000000009
1990-07-01,0.0033948971183548338,0.002036702909088639,-0.0017488731555337367,-0.005372216251423367,0.0034120391823346807,0.2999999999999998,0.012613273885746068,-3.1866706390459854e-4,40.6,7.065613363597717,6.982862751468942,-0.00409764411290503,-7.296509586574018e-4,-0.007425862403230177,-0.00487321141883168,-0.0011784882764001026,-0.0015693227377626684,0.026182192093759937,-0.001943833360897429,0.17746266155048307,-0.1399999999999988,-0.11000000000000032,-0.009999999999999787,-0.019999999999999574,-0.02000000000000135,-9.994170899343402e-4,18.9328,-0.09999999999999432,0.8500000000000005,0.9599999999999991
1990-08-01,-0.006274066400072442,3.113745133984658e-4,0.003486749997004601,0.010008549184508553,0.004921694744052019,0.20000000000000018,0.04593153436413644,-0.0019050142256791247,40.5,7.016609683894219,6.974478911025045,0.005282914339906242,0.002057545705246966,-0.0033246619578557457,0.0031952398171029017,-0.0017871080847164933,0.0037854890422739373,0.027962085620399257,0.004162624366625067,0.2774517906990419,-0.019999999999999574,-0.16999999999999993,0.27999999999999936,0.16999999999999993,0.21000000000000085,-0.08482455831639424,27.7752,-11.799999999999997,1.2999999999999998,1
1990-09-01,-3.380569456581384e-4,-4.774805724987452e-4,7.625111401843299e-5,-0.018557570638472853,0.003299959698068733,0.20000000000000018,0.025057526879228575,-7.57544678881672e-4,40.5,7.01211529430638,6.883462586413092,-0.0013873708186658007,-0.0015335669142952923,0.005519299451073323,-0.0021622279561297475,5.621092418248708e-4,-0.0015781655934086203,-2.8666718809411407e-4,-5.066120948500341e-4,-0.16220675398228845,0.06999999999999851,-0.08999999999999986,0.14000000000000057,0.15000000000000036,0.23000000000000043,-0.047489423198293856,28.8189,-3.6000000000000085,1.5300000000000002,1.08
1990-10-01,-0.008144903316996022,-0.0056014389485898874,-0.005859653143676979,-0.004297837450259578,0.003648899136322825,0,0.07632632197803702,-0.0013339426372720453,40.4,6.921658184151129,6.829793737512425,-0.005867404007250165,-0.0024358887795177253,-0.006866156073902729,-0.0014843152258432468,0.0024402582515339333,-4.613847981271846e-5,-0.027538808381633473,-4.153932281667494e-4,-0.15061345754362065,-0.08999999999999986,-0.1900000000000004,-0.16999999999999993,-0.030000000000001137,0.09999999999999964,-0.02663482910422932,30.1304,-8.899999999999999,1.5500000000000007,1.2100000000000009
1990-11-01,1.3431013675457848e-4,-9.192137192255423e-4,-0.01279714376480623,-0.011891605681608297,-0.002785346484104778,0.2999999999999998,0.04932192276356595,-0.0014181220040008213,40.2,7.0431599159883405,6.846943139585379,0.003045491911781717,-4.310930270641222e-4,0.013149261868964146,0.005516444545179411,-0.005019409700265598,-0.004523137428873447,-0.06930453763181532,-0.004440591118697768,-0.17052060585541762,-0.2999999999999998,-0.11000000000000032,-0.33000000000000007,-0.22999999999999865,-0.120000000000001,0.02625429952931846,25.1066,2.1000000000000014,1.330000000000001,1.3199999999999985
1990-12-01,0.005203370154880815,-0.003664350014492168,-0.007366596588133767,-0.010463067177175489,-0.008324945551452245,0.09999999999999964,0.018298264911413398,-4.945281478132557e-4,40.3,6.876264611890766,6.7580945044277305,4.7798112526642456e-4,0.0018038935335553674,-0.010655845691628585,0.0018159324006967736,-0.004680921296898788,0.001486389803310395,-0.016695634664929848,-3.2971016186689184e-4,-0.06054344334516104,-0.5,-0.3199999999999994,-0.3100000000000005,-0.25,-0.1899999999999995,0.041804733270113914,22.5845,-0.5,1.3399999999999999,1.379999999999999
1991-01-01,-0.006529998873553211,-0.009040109610352065,-0.003261191076563641,-0.0066120254113748445,-0.02259125815379548,0.10000000000000053,-0.03409103533328306,-0.001008129272555891,40.2,6.682108597449809,6.666956792429207,-1.3082176636647347e-4,0.002032071319518991,-0.0233308761898261,-0.013659587668898077,0.0053649497349024244,-1.3881550946948096e-5,0.04472970402352505,0.0028637766374020046,0.07581951694310396,-0.39999999999999947,-0.5200000000000005,0.009999999999999787,-0.010000000000001563,0.019999999999999574,-0.009965844281485836,26.9318,1.2999999999999972,1.87,1.4100000000000001
1991-02-01,8.225970671578153e-4,0.006162047058394293,-0.007415936065028106,0.005901097031854263,0.016231480222423045,0.1999999999999993,0.09587852309896405,-0.002966121379561315,40.1,6.872128101338986,6.748759547491679,0.0034800110918551397,2.490037956643931e-4,0.009484244745561199,0.00888778408123958,-0.0025574479920003057,-0.0029767438168493143,0.009423139695702076,-0.0032928857384728616,-0.10468165280438857,-0.6600000000000001,-0.27999999999999936,-0.2400000000000002,-0.20999999999999908,-0.379999999999999,0.10703044685428154,22.1126,3.6000000000000085,1.9099999999999993,1.2400000000000002
1991-03-01,0.0015279664597525056,0.011691636447886289,-0.005771039266291744,-0.0057981558853050785,0.005651518872717531,0.20000000000000018,0.029719264372825904,-0.001537024641882212,40,6.825460036255307,6.814542897259958,7.929082227802198e-4,1.547886886132943e-4,0.02235162236778354,-7.584632195003493e-4,-1.874925484930401e-4,-7.421150618878158e-4,0.0068038095485860595,-2.942300561317168e-4,0.16284972031916034,-0.1299999999999999,-0.03000000000000025,0.2599999999999998,0.09999999999999964,0.019999999999999574,0.027284073252739738,19.041,17.299999999999997,2.1999999999999993,1.1600000000000001
1991-04-01,0.003865044802179085,-0.0033116406209265925,0.0026351435941132095,0.019512729954485053,0.010108379789780741,-0.09999999999999964,-0.06493972475378484,-0.0020099767967014515,40.1,6.90875477931522,6.82001636467413,-0.0020672382912270137,-0.0020958757330813427,-0.003995439636891973,-0.0050194366056981465,0.0013903001775066315,0.0022230464879466894,0.004658724726289698,0.0015990936735770234,0.08018903623847384,-0.20999999999999996,-0.2599999999999998,-0.07000000000000028,-0.07000000000000028,-0.15000000000000036,0.0196825333699433,18.9272,-5.900000000000006,2.389999999999999,1.08
1991-05-01,1.461837990994752e-4,0.0025419857835116133,0.009370150601197835,0.008168888109162609,3.538466731320966e-4,0.20000000000000018,-0.044305851722103995,-8.956478579182914e-4,40.2,6.903747257584598,6.898714534329988,0.0015055114328799135,1.998559076099582e-5,-0.0089604653820885,4.6424393948374387e-4,4.5174740700559823e-4,0.001471084052194982,-0.023639510916328987,0.00232138074861421,-0.027522435060348016,-0.1299999999999999,-0.1900000000000004,0.030000000000001137,0,-0.08000000000000007,-0.004461052444260538,17.1804,-3.5,2.6100000000000003,1
1991-06-01,0.005206144598194129,1.6646205743908737e-4,0.008070413249054553,-0.0044885484818752985,0.0021589677914324312,0,-0.04203451157409255,7.11043833026892e-4,40.4,6.943122422819428,6.871091294610546,0.0025261992990817106,-5.171005180404364e-4,0.01138131769265538,0.002979852226302704,-0.0017816287392236063,-7.486203103841405e-4,-0.025055478804473452,-0.0024455711679918224,-0.07027919870654342,0.1200000000000001,0.11000000000000032,0.20999999999999908,0.15000000000000036,0.10000000000000142,7.93356999352568e-4,17.575,3.799999999999997,2.709999999999999,0.9500000000000011
1991-07-01,-0.0023343162146058916,0.004856796595579915,0.0027966918655684125,0.01296824534960983,0.0032809185429965027,-0.10000000000000053,-0.02444474317254297,-3.6931031718800966e-4,40.5,6.968850378341948,6.880384082186005,-0.003560884798044839,-0.001406505501710953,-0.006062657912902836,-0.0020563889533367075,-5.556267054984687e-4,-0.001476002250398345,0.05236471606547788,-1.1612811258832068e-4,0.10934116336258848,-0.08000000000000007,0.009999999999999787,-0.009999999999999787,-0.009999999999999787,-0.07000000000000028,0.005115235537913598,17.6695,0.8000000000000114,2.6899999999999995,0.8900000000000006
1991-08-01,0.001883430890011084,-0.0015126244841816572,-1.1339677612909327e-5,-0.004222410471871996,-0.005568543133049886,0.10000000000000053,0.03141989351704666,8.310671368505496e-5,40.6,6.955592608396297,6.8501261661455,3.138169478447139e-4,-0.0015800514148036626,-0.00564274585662794,-0.0030204935389308574,-0.0013880508636372468,0.0014630454419188865,-0.004403954846828206,7.567326068587121e-4,-0.04645596882746528,-0.16000000000000014,-0.25,-0.3699999999999992,-0.25,-0.2400000000000002,0.023830760157640185,15.9327,-0.9000000000000057,2.5700000000000003,0.9000000000000004
1991-09-01,0.003027572374417531,4.76827242088973e-4,0.007901658951122492,0.004267843418912065,9.51670365516577e-4,0,-0.016587227632578916,3.3235780469631493e-4,40.6,6.922643891475888,6.881411303642535,-0.0026770888865099707,2.9800841168103887e-4,0.004984336400419842,0.011219041703486532,1.7402782690467689e-4,-8.574729842614204e-6,0.01752783455551743,0.0011055348522397423,-0.004671923005075573,-0.20999999999999996,-0.11000000000000032,-0.25,-0.14000000000000057,-0.14000000000000057,-0.005665737535677451,17.029,1,2.4300000000000006,0.9000000000000004
1991-10-01,0.0012644315729399835,-0.004029081255274125,-5.466018382946913e-4,0.001009070934355094,-0.006486704192575132,0.09999999999999964,-0.004131017972712314,2.3996751324339982e-4,40.6,6.983789965258135,6.898714534329988,0.006158214105882465,0.0015785784204123132,-0.0012651493102957545,-0.0027237938574780074,-0.0014625639638925492,-0.0014651892277761647,-0.010508737702959792,-0.001568518241614747,0.05307508697006735,-0.2400000000000002,-0.22999999999999954,-0.1200000000000001,-0.05999999999999872,-0.019999999999999574,-8.267879759937813e-4,16.8463,-4.700000000000003,2.54,0.9399999999999995
1991-11-01,0.00155286370698704,0.004712827798430741,-0.0015836157055426625,-0.003242737883603297,0.005226189447339991,0,0.05219176704457773,-5.630916649685958e-4,40.7,7.005789019253503,6.891625897052253,0.001376328383924097,5.703331475181983e-5,0.012238866475650312,-0.004852175416435678,0.00560802301136043,0.0029048538241145394,-0.01230320130387863,3.331399385082534e-4,-0.09423711612943331,-0.40000000000000036,-0.4300000000000006,-0.11000000000000032,-0.07000000000000028,-0.040000000000000924,-0.0024844733276614406,17.6815,-9.200000000000003,2.8600000000000003,0.9699999999999989
1991-12-01,0.00825743645473409,0.0017176623326404794,-0.004874384309522917,-0.012812344025341815,-8.369333727866746e-4,0.2999999999999998,0.02516344043484864,2.769699505318357e-4,40.6,6.983789965258135,6.966967138613983,-3.3992642296443165e-4,3.830048614776871e-4,0.004820967063015935,0.004788756859192667,9.886245865828869e-4,-0.0014650905337623144,-0.015526100553934441,2.9896781381033577e-4,-0.1072727568853784,-0.3799999999999999,-0.4899999999999993,-0.33000000000000007,-0.16999999999999993,-0.1899999999999995,0.0066888154034066005,18.0185,-0.8999999999999915,3.0199999999999996,0.9499999999999993
1992-01-01,0.004702445830597313,0.01447203260853458,-0.0052512640267554644,0.0191851271056791,0.01886589580861653,0,-0.039636782182943975,3.230346828893005e-4,40.6,7.069874128458572,6.981934677156389,0.004293530312913241,6.765158177817199e-4,-0.027972576000310667,-0.009222386517777181,0.001069209472335686,-0.0021752254168685425,-0.01786182429482608,-0.0011390747977948479,0.1043069153812275,-0.39999999999999947,-0.27000000000000046,-0.05999999999999961,-0.11000000000000121,-0.129999999999999,0.06855863996264411,17.4995,-0.7000000000000028,3.2300000000000004,0.9300000000000015
1992-02-01,0.004728631685473772,0.0011202657219513412,0.007034889592290483,0.002512045701612564,7.538493435710336e-5,0.10000000000000053,0.007262855348175279,-4.799749028361333e-4,40.7,7.1308988302963465,7.044032897274685,0.0012976656719470014,0.002879429838586134,0.0011607815009453404,0.002164396828765902,4.228611636705182e-4,0.001443520747947069,0.09221635968050368,0.0011772536407148593,0.04562139897418627,0.02999999999999936,0.040000000000000036,0.3099999999999996,0.08999999999999986,0.09999999999999964,-0.00849589972211362,17.0505,1.2999999999999972,3.5,0.9400000000000013
1992-03-01,0.0014665391210950673,0.0018304593461064833,0.008489522000498795,0.004016845545530501,-0.0034105672446003155,0,-0.029140526999036354,4.984308761120104e-4,40.7,7.167809184316444,6.9865664594064265,-0.0037727371274165478,-0.0043983540952758915,0.018917874770475684,0.0025458128323592177,-6.425615648453231e-5,0.001434164088504275,-0.026707927430728695,-1.1760583163233918e-4,-0.013423314340315073,-0.07999999999999963,0.20000000000000018,0.20000000000000018,0.0600000000000005,0.019999999999999574,-0.012684334373661343,16.2227,7.200000000000003,3.5,0.9000000000000004
1992-04-01,0.0035874565796039093,8.327663556206844e-4,0.00756146666679669,0.006642007628762769,0.007998334998063683,0,-0.02654240155737675,0.0013832281211758612,40.8,7.002155954403621,6.960347729101308,-0.004801910780598995,-0.0023810420954877287,-0.02067478147536317,-9.94852270964408e-4,-0.004493395454854721,-0.0014466127765677683,-0.011821280514599408,2.7938572420715957e-4,0.07196859185577065,-0.25,-0.29000000000000004,-0.05999999999999961,-0.019999999999999574,-0.03999999999999915,1.2273402325213567e-4,16.1885,1.2000000000000028,3.7300000000000004,0.8800000000000008
1992-05-01,0.005187995101394449,0.0051638886353564395,0.0032856911647831666,-0.008738496393275952,0.003433297587092099,0.1999999999999993,-0.0020343452238336113,0.0011972519895433464,40.9,7.101675971619444,6.962243464266207,-3.721341895799313e-4,9.110303241168793e-4,0.011671363762066456,0.0012311889862148817,0.0036544717249515912,-4.63146053419905e-6,-0.008900005129106603,-0.0013670240248435661,-0.03394877933485985,0.08999999999999986,-0.1200000000000001,-0.09000000000000075,-0.05000000000000071,-0.08000000000000007,0.018000534676342106,14.728,2,3.76,0.8500000000000014
1992-06-01,0.004068981581790254,0.0027029224136940755,5.117224959834132e-4,0.01048664390244447,0.004563606074976079,0.20000000000000018,0.0032290884961767574,5.520947534805032e-4,40.8,7.0431599159883405,6.963189985870238,-0.0032943616443228407,-0.0012076031739987059,0.0035486083030820126,0.0010594804828372162,-0.002723742644157312,7.094191435532693e-4,0.014143848209918097,4.405647143448377e-4,0.032430908055577135,-0.06000000000000005,0.03000000000000025,-0.1299999999999999,-0.05999999999999872,-0.08000000000000007,-0.015891863828300323,14.7531,1.2000000000000028,3.5999999999999996,0.8300000000000001
1992-07-01,-8.876647020645834e-4,0.0033182200560175623,0.009164938072931506,0.01330298437675026,0.01018338739070046,-0.09999999999999964,0.05573119352366618,7.816128288169466e-4,40.8,7.037905963447182,6.9930151229329605,0.005502079097070123,0.0016785474828591163,0.001999031787472738,7.366537642106152e-5,0.005742160797808538,-8.151649206311617e-6,0.009344016035538694,0.0015250198239114,-0.09419985783006224,-0.5099999999999998,-0.4500000000000002,-0.41999999999999993,-0.15000000000000036,-0.21000000000000085,0.016470274660708384,13.3036,-3.8000000000000114,3.63,0.7699999999999996
1992-08-01,0.003796680096524341,0.002486466089552497,-0.005607554576631202,-0.01603560233933443,-0.0027239177285842686,-0.10000000000000053,-0.08370081142662933,0.001139140623301671,40.8,7.111512116496157,6.980075940561763,0.0013515558807633,0.0012953915371625158,-0.0030077422778607144,-8.307975798933498e-4,-3.600022928846869e-4,-7.180804806976582e-4,0.005408641374993195,-0.0019583368257052314,0.008941073736782545,0.04999999999999982,-0.08000000000000007,-0.25,-0.1200000000000001,-0.1899999999999995,0.006914959485198935,14.4223,-0.5,3.46,0.7000000000000002
1992-09-01,-0.003884309787061113,0.006487760931138453,0.0032931151719015617,0.013807834415880293,0.01192891157876197,0,0.02378175656248871,3.304753366961677e-4,40.7,7.078341579557671,7.01571242048723,0.0038410915420250547,0.0019351102891995708,0.005447092913797746,0.005152040684171411,-0.0023019024846959724,-4.539815315673934e-6,-0.04313413346949435,2.964711003015097e-4,0.04450194255368567,-0.07999999999999963,-0.21999999999999975,-0.16999999999999993,-0.03000000000000025,-0.030000000000001137,0.0013151446761119345,14.2585,-0.5,3.51,0.6999999999999993
1992-10-01,-0.004970638314384601,0.0033570743565132233,0.00672889068479865,0.004039263835279527,0.010302006227961513,-0.2999999999999998,-0.0987212667313937,0.0017057182364794699,40.8,7.126087273299125,7.0317412587631285,0.001186303308728931,5.729455751808388e-4,-0.0038561164863439856,-0.004476605075594442,-0.0037181522905989084,0.002114872703040227,-0.017682665323700775,0.0018915868087487908,-0.035345061836137504,-0.1200000000000001,-0.050000000000000266,0.16999999999999993,0.07000000000000028,0.22000000000000064,-0.014392893287619835,17.4786,-2.299999999999997,3.73,0.8499999999999996
1992-11-01,0.0021579734153469587,0.0017040167391795258,0.0037850447982945568,0.0017027096167439026,3.672630216442485e-4,0.10000000000000053,-0.042030373866616344,0.0013277113583463063,40.9,7.101675971619444,7.0192966537150445,-0.003880894946186153,-0.003162494708035979,0.008963221322847659,0.002720283231391285,0.010582187216906291,-0.0014243994314462327,-0.006649633935736254,-0.0015565205545389205,-0.05425255333575629,-0.010000000000000231,0.27,0.28000000000000025,0.10999999999999943,0.120000000000001,0.02475765112572681,14.594,12,3.74,0.8600000000000012
1992-12-01,0.03583596895600927,0.006570857427464993,0.0016874963663999765,0.015446293591274696,0.009388502674344323,0,-0.06633447382034241,0.0020019660684571505,40.9,7.112327444710911,7.069874128458572,-0.0028678412336384795,-0.001313742091966219,-5.700918780950914e-4,-6.199384267180363e-5,-0.0046795068558243,-0.0014124184136683482,0.03851462416626905,-2.2199453969218297e-4,0.017017509519513307,-0.16999999999999993,0.0900000000000003,-0.10000000000000053,-0.11999999999999922,-0.15000000000000036,0.029822357307023317,12.7813,5.700000000000003,3.5499999999999994,0.8300000000000001
1993-01-01,-0.027897051340493917,-0.001436767717170273,0.003832542487244517,0.0025016508832855777,0.010729926694450498,-0.10000000000000053,0.019281929549450183,0.0026266363167017914,41.1,7.098375638590786,7.0707241072602764,-0.003664987379489837,-0.001111062682547015,-0.020316757854029532,-0.0025030245476234114,4.3629553860569104e-4,0.0021010748169265625,9.144917335870417e-4,6.811402707613823e-4,0.029798639914008884,0.10000000000000009,-0.2200000000000002,-0.16999999999999993,-0.07000000000000028,-0.14000000000000057,-9.41587218050266e-4,12.584,-1.7000000000000028,3.5999999999999996,0.7599999999999998
1993-02-01,0.004614813980721166,0.001849702410534615,0.004804393879324742,-0.001282770444390735,-0.0039014059062054685,-0.20000000000000018,-0.021496769879002287,0.002347184003214764,41.1,7.098375638590786,7.045776576879511,-0.002348005740838488,2.902289606581121e-4,5.434861923641066e-4,-9.813140469905335e-4,0.0028968410066401162,-0.0014089081527579594,-0.0027594641194275127,-9.211979291618988e-4,0.06725543988381322,0.009999999999999787,-0.06999999999999984,-0.33999999999999986,-0.20000000000000018,-0.27999999999999936,0.014756291613045924,13.6247,-2.700000000000003,3.3299999999999996,0.6800000000000006
1993-03-01,-0.0025972868409436245,-0.0027166975387347136,-8.739137323683366e-4,-0.006342252771167622,-0.006882192371836737,-0.09999999999999964,0.03700095641496759,-3.9990548221702227e-4,40.8,6.9874902470009905,6.962243464266207,0.0017259430562690525,5.259205027616787e-4,0.011917002735870597,-1.1470569179028445e-4,-0.007476223866580867,-7.019883851988595e-4,-0.007434750695761494,5.40003322411664e-4,-0.03544547894550609,0.040000000000000036,0.020000000000000018,-0.27999999999999936,-0.1299999999999999,-0.2400000000000002,0.01897215652254225,13.693,-0.6999999999999886,3.0300000000000002,0.5700000000000003
1993-04-01,0.007503226158220855,0.006719214261821982,0.0027394050036360085,0.005153741805530743,0.026017995758000012,0.09999999999999964,0.010627092574287289,0.0026871974918183383,41.3,7.1372784372603855,7.00669522683704,0.004090799855728022,7.031181494294714e-4,0.007816576265827102,-0.006166239824990427,0.010890671357676851,0.0020864621810989803,-0.017219281201155567,6.139335374211186e-4,-0.018346232788727157,-0.10999999999999988,-0.08000000000000007,-0.010000000000000675,-0.1200000000000001,-0.009999999999999787,-0.015852734476291097,13.4566,-0.30000000000001137,3.0999999999999996,0.6800000000000006
1993-05-01,-2.2605666471875452e-4,0.0034793522072495975,-0.0037915803418799854,0.0015827707509483702,0.00497302959043644,0,-0.03193512593005288,0.002453922298453648,41.1,7.138866999945524,7.013915474810528,0.00849691237780359,0.007593702463127627,-0.011270103384321217,0.013858098245298045,-0.010369383078497663,-7.053308889179988e-4,-0.017733491854520445,4.242466752781837e-4,-0.012622675520358673,0.040000000000000036,0.08999999999999986,0.07000000000000028,-0.03000000000000025,0.07000000000000028,0.0048855815210391285,13.535,-5.299999999999997,3.08,0.7800000000000011
1993-06-01,-0.001236788122966459,0.00362283951300002,0.0022526473495334542,0.009202467854295904,3.352814372199475e-4,-0.09999999999999964,-0.0024768716676764058,0.0015453229952981928,41,7.154615356913663,7.029972911706386,-0.008723511265443129,-0.005877451747723583,0.007985911278404423,-9.035534813710555e-4,0.007615956938677115,-0.00208453863492597,0.033954869690997036,-0.0027460978208786457,-0.028197148991148335,0.040000000000000036,0.10999999999999988,-0.08000000000000007,-0.09999999999999964,-0.14000000000000057,0.00629122984901187,13.0022,1.2000000000000028,2.89,0.7400000000000002
1993-07-01,0.0032221052569969544,0.004906866838576551,0.002693116497312964,-0.0048504079153897095,0.016076484300379335,-0.09999999999999964,0.02321494205560448,0.002813397949426033,41.1,7.134093721192866,7.068172000388042,2.0340711968636072e-4,-0.0017152049918465195,-0.00465131774474159,-0.0065969674583366,-0.0021242955547773335,6.91800843685364e-4,0.023214745202258413,0.001261074661310424,-0.02060560941131584,0.020000000000000018,-0.029999999999999805,-0.15000000000000036,-0.16000000000000014,-0.14000000000000057,-0.0017199981902722428,11.9995,-4.5,2.7699999999999996,0.7599999999999998
1993-08-01,0.002158603726092778,0.0010055499464654005,-0.0012064683528301146,0.005111282865467359,-0.003355602698619009,-0.10000000000000053,-0.028333783214510078,0.001313812313847862,41.1,7.170119543449628,7.114769448366463,1.4672306988039452e-5,0.0011905838216552667,-0.004006084580654878,0.0031744662661061795,0.0023161982737534004,6.889306264676875e-4,0.008775754141320036,1.0486179242352733e-4,0.0731891219908487,-0.03000000000000025,-0.020000000000000018,-0.1299999999999999,-0.3200000000000003,-0.33000000000000007,0.01517634683666369,11.9522,0.29999999999999716,2.6599999999999997,0.75
1993-09-01,-0.0022521719993893186,0.0057239375744684295,0.005291488315735116,0.00886551357316634,0.007816070327212543,-0.09999999999999964,-0.005882369903067897,0.002236705341672973,41.3,7.202661196523238,7.1316985104669115,2.853409974532539e-4,8.102530436069344e-4,0.005190085311422621,-0.0038307205853342907,8.976237657520869e-4,-6.937099301715932e-4,-0.024814779671785026,-6.618089451295717e-4,-0.03584323949595136,0.06000000000000005,-0.06999999999999984,-0.3199999999999994,-0.1899999999999995,-0.2599999999999998,0.011189448560436688,12.6214,0.6000000000000085,2.41,0.6799999999999997
1993-10-01,-0.00420084296983525,0.001555404382593828,0.007303652422303131,0.00426226565275023,0.005533673450619503,0.09999999999999964,0.031361455204052646,0.0025539593509744662,41.3,7.238496840894365,7.160069207596127,-0.0010697635709835396,-5.819643544331399e-4,-8.700752970316472e-4,0.0013715897564772206,0.0029442013150227098,0.002749130873053396,-0.02927515785973256,0.002094532621446099,0.06326555140278423,-0.09999999999999964,0.06999999999999984,-0.03000000000000025,0.009999999999999787,-0.03000000000000025,0.010096062532086059,11.3771,4.799999999999997,2.31,0.6399999999999997
1993-11-01,0.0025622096600024236,0.0027974726042256925,0.0045590055532489515,0.005116931602779928,0.012145241161762854,-0.20000000000000018,-0.02547908530098475,0.002270676188615539,41.3,7.226936018493289,7.213031659834869,0.0018059753193364614,0.0025663675010321185,6.84308078892748e-4,0.0028914375074577947,-0.0015505108813087531,-0.0013859073962603219,0.006183899529491832,-0.0012444276872480842,-0.11844068283973952,0.029999999999999805,0.08000000000000007,0.3899999999999997,0.2599999999999998,0.35000000000000053,-0.0021795668918187516,13.37,-1.5,2.6199999999999997,0.7300000000000004
1993-12-01,0.034185936580581,0.0035144721495532494,0.00590527084702952,0.0031569834575275735,0.0073108532979571095,-0.09999999999999964,-0.054230154060860514,0.002995829481257317,41.4,7.334981878871814,7.2868764117507,-0.004952927697345899,-0.0026018634740392343,0.00695539893267938,-3.366496983936429e-4,0.0031665797665869633,-6.907996280087758e-4,0.0322263543018968,-0.001664238377394156,-0.057464567219460694,-0.06000000000000005,-0.040000000000000036,0.04999999999999982,0,0.03000000000000025,0.006588887365786,10.8645,7,2.7099999999999995,0.7600000000000007
1994-01-01,-0.02000671817249433,0.002722851725567743,0.0028736794669281807,0.0011382221480342736,-0.008106683855885422,0.09999999999999964,0.10622701320538752,0.0024630444818232178,41.4,7.148345743900068,7.237059026124737,-0.0031118995827918994,-0.0011520539328877533,-0.01870560934705434,0.005942698253257994,-0.0037220595288882663,-0.002052686317742136,0.00726274303699892,1.06654190430433e-4,0.1737229047003126,0.08999999999999986,-0.08000000000000007,-0.019999999999999574,-0.009999999999999787,-0.040000000000000036,0.014995914387731624,10.6052,6.099999999999994,2.77,0.7300000000000004
1994-02-01,9.648079611448424e-4,0.007992315417179263,5.827318302769058e-4,0.009105378597849878,0.01922224185045529,0,-0.03024110622746612,0.001606155201686832,40.9,7.198183577101943,7.1459844677143876,0.002375836808117704,1.1507810329547397e-4,0.0022603923718333974,-0.004989872738685008,0.002935582273746462,0.002730377122857064,0.03213091740162888,0.001978850299789059,-0.04798741978826815,0.20000000000000018,0.27,0.21999999999999975,0.16000000000000014,0.10999999999999943,-0.002985487676494536,12.8852,-1.0999999999999943,2.7199999999999998,0.6799999999999997
1994-03-01,0.002663108370649425,1.3203685733742532e-4,0.010149890606631295,0.01651300613455753,0.019577610974586435,-0.09999999999999964,-0.03727139479723185,0.004096861415611386,41.7,7.355001921105257,7.201916317531627,-8.062015808407708e-4,0.0010349354707877012,0.007010481324760676,0.010754642117321467,0.001969877555417554,-7.434664400562951e-6,0.0029246683425645514,4.3456710958000855e-4,0.006623066520604404,0.08999999999999986,0.25,0.5100000000000007,0.40000000000000036,0.370000000000001,-0.016613773336225712,14.2408,-1.7000000000000028,2.9800000000000004,0.6500000000000004
1994-04-01,0.009245530015654424,0.004216000673685549,0.005896138042652765,-0.005280722940607774,-0.0015972389391443187,-0.09999999999999964,0.024274821970051264,0.003033057334588918,41.7,7.289610521451167,7.238496840894365,-0.0024618763147516987,-9.203731844102947e-4,0.007843072899217596,-0.0022165605528572385,-0.003944032816791676,-0.002043363771072393,-0.034284568876054244,-0.0015665708280634405,0.1190906010279682,0.2200000000000002,0.18000000000000016,0.4899999999999993,0.39999999999999947,0.3899999999999988,-0.03640198193711086,15.3347,1.0999999999999943,3.2899999999999996,0.6399999999999997
1994-05-01,0.0020285280439740205,-0.0018046813808627604,0.004590495958547436,0.0024172462420057883,-0.004338261664392107,-0.3000000000000007,0.042680731114881354,0.0029273330766201866,41.8,7.330405211844402,7.241366283322318,0.001049376506331079,0.0023803908179118594,-0.014613504735700111,-0.0021811712503758685,0.00573812390318551,0.0013563907977145462,0.009051798520967047,2.7091037664650486e-4,-0.023316690645973193,0.44999999999999973,0.4599999999999995,0.20999999999999996,0.11000000000000032,0.09999999999999964,0.008172581757473374,13.39,0.20000000000000284,3.04,0.629999999999999
1994-06-01,-0.0013520813684557709,0.005965575040027371,0.006728449687136262,0.009138004583421733,0.011697543241112385,0,-0.05437677087807202,0.002778741362227777,41.8,7.25063551189868,7.213031659834869,-2.65631431254576e-4,-0.005967480063864272,0.010501747949671625,-7.040032243867955e-4,-0.0038958529225592287,6.722244517805009e-4,0.04855996201306123,9.79179072880143e-4,-0.023188041453485297,0.2400000000000002,0,-0.08000000000000007,-0.020000000000000462,0.030000000000001137,0.008678137334561242,12.9459,-1.5999999999999943,2.96,0.6800000000000006
1994-07-01,0.0017257887445012443,-6.548482389399091e-4,0.0013295056794984106,-0.004393144069490873,0.001394128921971216,0,0.0064497438478863245,0.003224864820534634,41.8,7.271703706887368,7.19668657083435,0.003130681929417456,0.0057395695539153024,-0.00276663218015738,0.006338675353486423,-0.006448791286677746,6.667670796467462e-4,-0.03296121511593508,7.163696613723403e-4,-0.034472731164016945,0.009999999999999787,0.1900000000000004,0.20000000000000018,0.13999999999999968,0.15000000000000036,-0.0075698583781642625,12.1635,-2.200000000000003,2.9699999999999998,0.6900000000000013
1994-08-01,0.0014482218078910591,0.006566452725489391,0.006681857512926825,0.023339474824291884,0.014302060151900164,-0.09999999999999964,-0.017540430542045016,0.0025706843023378667,41.7,7.27931883541462,7.227662498728654,-0.004878066005672643,-0.0032141975273063395,-0.00750388586479378,-0.003584693515722215,0.006909241432987656,6.600141956534245e-4,-0.006089393055511927,-8.499421001122442e-4,-0.09677514009067201,0.20999999999999996,0.15000000000000036,-0.05999999999999961,-0.03999999999999915,-0.0600000000000005,0.02804779549891734,11.393,2.700000000000003,2.76,0.6699999999999999
1994-09-01,0.004370694168002842,0.0014863813074370569,0.0031405492615519393,-0.004338548217093674,0.009463858863123065,-0.09999999999999964,-0.018004987513613457,0.0029893569947656573,41.6,7.295735072749282,7.252762418053187,0.0012161149034870533,8.317069625078943e-4,0.0031226038440337334,-0.004871413365845179,0.006867459169832557,-0.0020235766124940824,-0.014175717885379413,-0.0011888372700683547,0.015463654871644472,0.2600000000000007,0.13999999999999968,0.21999999999999975,0.2699999999999996,0.2400000000000002,0.00584194101318225,12.6123,-0.20000000000000284,2.84,0.6400000000000006
1994-10-01,0.008880834278096827,0.006200336357589986,0.00801293123785829,0.007603213110094487,0.006877147097062775,-0.10000000000000053,0.009493026914258351,0.001820515101599085,41.8,7.27931883541462,7.242082359256962,-0.0026061201560745317,-6.312176394072111e-4,4.630538883034774e-4,0.006059036099721027,-0.0031363866431348697,-0.0013418304461128017,0.034633165913529496,5.825886678261227e-4,0.0655674678993714,0.02999999999999936,0.33000000000000007,0.28000000000000025,0.23000000000000043,0.21999999999999886,-0.006768615288859081,15.0495,1.2000000000000028,2.79,0.629999999999999
1994-11-01,-2.392058641191852e-4,7.377760077904583e-4,0.006812622956685388,0.008771596782288782,0.00263172277278656,-0.20000000000000018,-0.016329361932550412,0.00355344586598072,41.8,7.32052696227274,7.200424892944957,0.0020853173475980924,0.0013484283914753092,0.0061455965625771825,3.2253704554108253e-4,-0.008640844921943724,0.002004230230830295,0.005987220164058726,2.0627961913355364e-4,0.00756558509375127,0.5300000000000002,0.33999999999999986,0.21999999999999975,0.10999999999999943,0.120000000000001,-0.006055250871325413,16.2495,-1.1000000000000085,2.67,0.6400000000000006
1994-12-01,0.004723048798453533,0.0026514957809049555,0.010166425922232492,0.0074816263160428775,0.0026402045313762557,-0.09999999999999964,-0.01474228173720249,0.0026288472782862726,41.8,7.282761179605593,7.241366283322318,-7.821968398236123e-4,-0.001061395470760118,0.002228295610888331,-0.002157222051661911,0.015536471668008645,-6.73130828106494e-4,2.3008660085022115e-4,-0.0012567128970930597,-0.0751133306890015,0.16000000000000014,0.3099999999999996,-0.15000000000000036,-0.21999999999999886,-0.22000000000000064,-0.012704820530091254,13.8066,3.5,2.21,0.6399999999999988
1995-01-01,0.004592006065321286,-3.6778227293865484e-5,0.001700536197938085,0.004408615578910258,0.004958472166114447,0.09999999999999964,0.0313715387087381,0.0028537311246559227,41.8,7.249215057114389,7.156176637480615,7.81932557329057e-4,0.0019489304801236784,-0.018064198685130428,0.007284298223734886,-0.010142721067627036,6.606779932178952e-4,-0.0062777985432518335,0.001385982175050593,0.1005657981145891,0.08000000000000007,0.11000000000000032,-0.02999999999999936,0,-0.019999999999999574,0.02185998131710054,11.7119,2.5,2.0700000000000003,0.6199999999999992
1995-02-01,0.0022314230174593774,-0.0018590616175471197,-0.0011286873050115886,-0.005642537091123501,-0.014602702821600033,-0.1999999999999993,0.012663111484629397,0.0016209335493027055,41.7,7.182352111885263,7.134093721192866,-0.004088220486234917,-0.002435590192117587,-0.0023909568127553626,0.002382755061645092,-0.007259051159490326,-7.063964640785514e-6,-0.0398869022555246,-2.5687591793666087e-4,-0.01765996156779881,0.3899999999999997,0.05999999999999961,-0.3100000000000005,-0.20000000000000107,-0.23000000000000043,0.03520322964911404,11.1973,-2.5,1.7000000000000002,0.5899999999999999
1995-03-01,0.002529105712566704,0.005255336326822846,0.0016603011582869698,-3.534470810819812e-4,0.010874627767526235,0,0.007374664691267796,0.0018321766069142598,41.5,7.130098510125578,7.111512116496157,0.0028698189504261506,0.0010598867371314213,0.01905924594049324,-0.00766885203712242,0.008594341329082766,-6.681836132438335e-4,-0.015688506762256083,7.108819788559373e-5,-0.02849624357865066,0.0600000000000005,-0.03999999999999915,-0.2699999999999996,-0.14000000000000057,-0.15000000000000036,0.023035262228528808,11.9713,-4.799999999999997,1.4699999999999998,0.5800000000000001
1995-04-01,0.0011690995096476087,-0.0016324438001902308,-0.0017277257902161836,-0.007511002480832474,6.709536243754144e-4,0.39999999999999947,0.028823778320175464,0.0013420353935185148,40.9,7.144407180321139,7.138073034044347,0.0028750704539657335,0.00197370784905182,0.002183510233313868,-0.004784864221608842,-0.0027907832189910664,0.001974303244467457,-0.013978902729353315,7.815590869117983e-4,0.06766251875410534,0.0699999999999994,-0.08000000000000007,-0.14000000000000057,-0.08999999999999986,-0.09999999999999964,0.029490879128513114,12.5168,2.200000000000003,1.4099999999999993,0.5700000000000003
1995-05-01,7.667844304481974e-4,0.007206645178918336,0.004898906985118856,0.007336396311796278,0.013981975244357514,-0.20000000000000018,0.05567403329615672,-1.5377255361137543e-4,41.2,7.1808311990445555,7.147559271189454,-0.005751259301495892,0.004801591071764477,-0.012317043107925585,0.006808281778417857,-8.755199739045594e-4,-0.0019860669123801244,-0.009499808176714808,-0.0010853522998512943,-0.07530529006867104,-0.040000000000000036,0.019999999999999574,-0.4299999999999997,-0.379999999999999,-0.40000000000000036,0.030824756619064253,12.4586,-2.700000000000003,0.96,0.5499999999999989
1995-06-01,0.003680247221554467,0.007969037516769362,0.0033088514322034968,0.009592637750134969,0.011660520179935574,0,-0.01086229281663087,0.002082462837256216,41.2,7.155396301896734,7.173958319756794,0.0025255414018001687,-1.348530484932553e-4,6.888832668412448e-4,-0.006347448754943308,-0.0021317908209539382,-3.890316417454187e-6,0.02259046012838528,-5.633648495191323e-4,-0.06264598061978477,-0.009999999999999787,-0.20000000000000018,-0.45999999999999996,-0.35000000000000053,-0.29999999999999893,0.0292356876738582,13.179,2.9000000000000057,0.7000000000000002,0.6000000000000005
1995-07-01,0.00335311508219327,-0.002715769416698599,-0.00418989274010606,-0.011892774959168406,-0.006373099447149144,0.10000000000000053,0.013963488587327433,7.755472897290616e-4,41.1,7.2868764117507,7.21081845347222,0.002096428628363789,-0.001784893337694271,6.850828506426154e-4,0.005636381646844768,0.0019425807160722286,-6.589683894890896e-4,0.020347413965438044,2.793170607162665e-4,0.00647947385474712,-0.15000000000000036,-0.04999999999999982,0.11000000000000032,0.11000000000000032,0.1399999999999988,0.03286458146475013,14.0765,1.7000000000000028,0.8600000000000003,0.629999999999999
1995-08-01,0.0014477471255105456,0.004883087126795971,0.013169322992450994,0.020055388348835024,0.009835456658933595,0,-0.04164691733574344,0.0022465417825348055,41.2,7.255591274253665,7.234177179749849,-0.0012228219929140138,8.372301974635121e-4,-0.003444766949081135,-0.005544528560389672,-0.0028337193958858364,6.525184868495515e-4,-0.009238823932429696,8.965769089526177e-4,0.10406106503491985,-0.10999999999999943,-0.019999999999999574,0.20999999999999996,0.16000000000000014,0.15000000000000036,0.0031169414744951496,13.3487,1.7999999999999972,1.0899999999999999,0.6199999999999992
1995-09-01,0.003841623976478914,0.0023426388815321886,0.004025176187479218,-0.001222849435627893,0.0012872285365226332,-0.10000000000000053,0.016011480242909215,0.0019276582381202445,41.3,7.221835825288449,7.259116128097101,-0.0028855078100091802,-0.002393176466227942,0.002753346788795241,-0.001998416855148122,0.0030832231286819223,-6.568043560379877e-4,-0.013630732828938008,-0.0014595474168546119,-0.03029898423614652,0.05999999999999961,-0.1200000000000001,-0.29000000000000004,-0.25,-0.2599999999999998,0.03455892827809404,12.237,-7.299999999999997,0.9199999999999999,0.6099999999999994
1995-10-01,0.0014605448699072099,-0.0038954061881932844,-0.0017591074109057914,5.222345150244223e-4,-0.003682200739989483,-0.09999999999999964,0.0259046523320432,0.0012971654941615895,41.2,7.221835825288449,7.24422751560335,-0.0011512692817552406,-5.11247922130309e-4,-0.0011479198507258204,-0.004081123715993229,-0.004536801999812212,0.0013020746349914347,-0.02399850942933046,0.0018936151116504263,-0.05533372168508377,-0.040000000000000036,0,-0.16000000000000014,-0.20000000000000018,-0.17999999999999972,0.007144793626718382,14.2377,1.2999999999999972,0.7599999999999998,0.6299999999999999
1995-11-01,0.0032398268588789136,0.008295517453116297,0.0026320058946325275,0.008152837330428042,0.014589190376685934,0.09999999999999964,0.0146963232901971,0.0011770136546029875,41.3,7.280697195384741,7.265429723253953,0.0013064316564426193,-0.0013349048460042923,0.005022369465547349,0.008514065424442663,0.018629114091957888,-0.0013071808463145373,0.01960374054625369,-0.0026144198341695457,0.07535179969134598,0.040000000000000036,0.08000000000000007,-0.11000000000000032,-0.10000000000000053,-0.07000000000000028,0.021401809694691742,12.9719,-2,0.5699999999999994,0.6600000000000001
1995-12-01,0.001806446592674149,0.006341515164877798,0.003464824423083712,0.004728339523611069,0.002389733629545532,0,-0.03234783386551854,0.0013531229600616257,40.9,7.266128779556451,7.273786317844895,-0.003018945075337065,8.512528069886116e-4,0.009433509932269324,-0.005459157877406362,-0.02029108782890532,-1.6932170154859705e-6,0.015587223391412053,0.001949188937634183,0.025676351919169615,-0.20000000000000018,-0.22000000000000064,-0.21999999999999975,-0.1999999999999993,-0.1899999999999995,0.03147107090924006,12.288,2.799999999999997,0.5700000000000003,0.6699999999999999
1996-01-01,0.003376712752025668,-0.0045153249484704006,-0.005740078791367509,-0.0100321418599858,-0.0011720714883143302,0,0.024358443832039,-6.76126807839239e-5,39.7,7.2909747781429814,7.234898420314831,0.00228261269300134,0.0024082652168715413,-0.024382745733384503,0.005869146506001677,0.007198360356474254,0.00388432643390324,-0.03232784419434864,3.0315261948743455e-4,-0.06516485004664263,-0.040000000000000036,-0.13999999999999968,-0.05999999999999961,-0.010000000000000675,-0.020000000000000462,-2.441028824398117e-4,15.069,-1.7000000000000028,0.6500000000000004,0.6600000000000001
1996-02-01,0.008288153450815017,0.007644438905134443,0.014529159926465418,0.008995170420130094,0.015009973332000826,-0.09999999999999964,0.008652300233427113,0.0035435001263302013,41.3,7.307202314764738,7.258412150595307,-9.063309437493672e-4,-0.001253591572192292,-0.00443748312979686,-0.006163565857419506,-0.003231958374865229,-0.00324735739395976,-0.017559102519535408,-6.464985641416732e-4,0.018452127540838248,-0.33999999999999986,-0.16999999999999993,0.15999999999999925,0.1800000000000006,0.16000000000000014,0.055585686662594114,16.5672,-0.7999999999999972,0.9799999999999995,0.6399999999999997
1996-03-01,0.0034878390060661957,0.004834391969221308,-0.0012250426290405514,4.976003650991601e-4,0.0037392239454341336,0,0.023965004690404967,0.002145300723086052,41.1,7.261225091971921,7.270312886079025,0.008119232273113397,0.0030279965254447205,0.024633497731922027,0.0014059890111877138,-0.0023212290985625827,0.0012832553598149943,0.053053709395651794,0.0014381998432480003,0.10339033558469302,0.08999999999999986,0.1299999999999999,0.45999999999999996,0.35999999999999943,0.39999999999999947,-0.0038099397471897944,18.7075,5.200000000000003,1.3099999999999996,0.6799999999999997
1996-04-01,0.0026287241001856643,0.003685323727045109,0.009901218260520928,0.008907784112883732,0.007885991979097895,0.09999999999999964,-0.0728545773792284,0.0013940795875253542,41.1,7.323830566202317,7.288244401020124,-0.0017011030296121277,-0.003906158586941544,-0.004394660446861209,0.0020978359967092075,0.0033950621387806024,6.304812020561101e-4,-0.006566969969936665,-2.355945474974419e-5,-0.014948891623620675,-0.08999999999999986,-0.009999999999999787,0.2400000000000002,0.15000000000000036,0.16000000000000014,1.5453084466354738e-4,16.7505,-1,1.5599999999999996,0.6899999999999995
1996-05-01,0.004307442625652413,0.001301602561824211,0.0074455836229239125,0.007579682717400615,0.008861970562412225,0,-0.041924434505421715,0.0028325544595215746,41.4,7.315883504509785,7.284134806195205,-0.009364268324490332,2.880411741710276e-4,-0.0074643789430517415,-8.23597639630691e-4,3.7146109423247253e-4,-0.0019310953122735341,0.023006047013717,-0.0012673188016885106,-0.20207252443365942,0.020000000000000462,0.0699999999999994,0.23000000000000043,0.1200000000000001,0.11000000000000121,0.02149272582134909,16.8627,-3.299999999999997,1.7200000000000006,0.6800000000000006
1996-06-01,0.006624002931872042,0.00115946115619181,0.007593378241184112,-0.004725370855314992,-0.008002305969677437,-0.2999999999999998,-0.006698728995619518,0.0022903389514237205,41.5,7.2909747781429814,7.264730177929867,0.006241418502235696,2.5838212753015455e-4,0.008548168159040692,0.001167682338103937,0.001186355060690758,-3.6793390600919906e-6,-0.007490926198238768,-0.0017382997215529272,0.06524380869599877,0.02999999999999936,0.07000000000000028,0.16999999999999993,0.08999999999999986,0.09999999999999964,0.010934659573592853,17.6216,3,1.8200000000000003,0.6900000000000004
1996-07-01,-0.0020607060842365854,0.0021221934950821364,1.5374603570972312e-4,0.007866007926532248,0.006438265308084112,0.20000000000000018,-0.015312431105732216,0.002076826622564809,41.4,7.294377299288821,7.27931883541462,-0.0013488863724973044,4.429925210800434e-4,-5.8012563851406185e-5,-0.001666102999278607,-4.7077836412157126e-4,-3.665264431518267e-6,-0.1342608310309581,0.0021253991028267194,0.08003672969044784,0.13000000000000078,0.0600000000000005,-0.040000000000000036,-0.05999999999999961,-0.05000000000000071,-0.03722898069241509,19.2709,2.299999999999997,1.7199999999999998,0.6999999999999993
1996-08-01,0.0032004625800432507,0.0034280750668020943,0.0051052352845752935,0.0034266378391585306,9.01172235963088e-5,-0.40000000000000036,-0.015550552596018008,0.0014903194455904156,41.5,7.350516171833998,7.253470382684528,-0.007242257298915256,-0.0020697749646654273,-0.005145082556290426,-0.0012344847204595055,-0.0019131703787884646,-6.395813395343453e-4,0.07196298605418505,-0.0011581320532592088,-0.012085699465146593,-0.1800000000000006,-0.10000000000000053,-0.23000000000000043,-0.1900000000000004,-0.16999999999999993,0.02848480322075364,16.145,0.5999999999999943,1.5899999999999999,0.7199999999999998
1996-09-01,0.0028268288686668086,0.0012737854957789452,0.006239632118214544,0.003053217028517352,0.011257455373719694,0.10000000000000053,0.03246894068607986,0.0016791498471508959,41.6,7.29641326877392,7.238496840894365,0.004842160142936258,6.628882223616017e-4,-5.951496630629549e-6,0.010087897827775194,-0.0038237435930827957,0.0019025393270881708,0.04098560647696825,0.001871375186718538,0.058837442866586986,0.08000000000000007,0.040000000000000036,0.1900000000000004,0.20000000000000018,0.16999999999999993,0.01824267822007286,17.046,-0.5999999999999943,1.7400000000000002,0.6899999999999995
1996-10-01,1.4460252560510867e-4,0.0029600759890833217,2.9609405001806977e-4,0.007797750518982127,0.01069608736419525,0,-0.011001211061973493,0.0021985780328552806,41.4,7.238496840894365,7.213768308118642,-0.004710698571780192,0.0026477982261905453,-0.0013310110974433798,-0.004300638224655984,1.7033074180261565e-4,-1.0052609325406081e-5,-0.013490691987077419,1.9290159736140566e-4,-0.05118373359121442,-0.05999999999999961,-0.09999999999999964,-0.2999999999999998,-0.27000000000000046,-0.27999999999999936,0.038628979956373044,17.6269,1.7999999999999972,1.54,0.6800000000000006
1996-11-01,0.0031821363434385574,0.0024831790489301397,0.009144785172068737,0.007370385040294636,-0.0016670811141263897,0.20000000000000018,-0.007699179281656754,0.002334322202978356,41.5,7.305860032684009,7.252762418053187,0.007596315112816221,7.379941147647173e-4,0.008790044446474354,-0.0022352290805889297,0.002827818763899259,-9.989165751456142e-6,0.034414148501555886,-0.0012398271114690829,-0.08620163001240666,0.0699999999999994,0.040000000000000036,-0.33000000000000007,-0.29000000000000004,-0.28000000000000025,0.04761777136918699,17.1635,2.700000000000003,1.17,0.6900000000000004
1996-12-01,0.0038488517468149297,0.003963760198460342,0.006386648092456149,-0.007228160484027413,0.002427720830219471,0,0.04958255723783367,0.001619232870622156,41.7,7.222566018822171,7.252053951852814,-4.122763529679219e-6,2.797727350252188e-4,0.007458386938926864,6.819528997912272e-4,-0.004050699957764081,-6.38264387432308e-4,0.03687562849282511,-6.180052665456515e-4,0.11742939903262073,-0.019999999999999574,-0.1200000000000001,0.09999999999999964,0.10000000000000053,0.09999999999999964,0.01025081326223809,19.9415,-2.299999999999997,1.3899999999999997,0.6899999999999995
1997-01-01,0.005731001954542236,0.004722111316589839,0.0015838703738682014,0.012814460263310679,0.011221516784678087,-0.10000000000000053,-0.041883377956176915,0.001764948911766595,41.4,7.2115567333138015,7.231287004327616,0.0019400354757239668,-0.001991838730742046,-0.022744863328027165,-0.0035239055430800192,0.00128849754920779,-6.334767990034962e-4,-0.01775737604924643,1.415148664705157e-4,-0.07716108220863527,-0.040000000000000036,0.1200000000000001,0.28000000000000025,0.21999999999999975,0.20000000000000018,0.030436872892877886,21.0313,0.5,1.5499999999999998,0.6699999999999999
1997-02-01,0.003134752023091991,0.0021125498423204547,0.011867816799596476,0.02021365751513038,0.006684800921306078,-0.09999999999999964,-0.05533810388470428,0.002608722177638967,41.6,7.303843225277705,7.275864600546533,-0.0021297375875191094,-0.0011347432624546627,-2.4663377172462475e-4,0.0038577732728635183,3.50015029139783e-4,-3.5421475219621357e-6,-0.0152974537976176,7.826407827966619e-4,-0.11640758467152601,-0.05999999999999961,-0.020000000000000462,-0.16000000000000014,-0.11000000000000032,-0.14999999999999947,0.041127865097629446,21.6478,2.299999999999997,1.4100000000000001,0.6300000000000008
1997-03-01,0.004696592375049491,0.0026729279317221355,0.006326080160110159,4.5575125057517596e-4,0.007269030319136505,0,-0.004217767714832732,0.0026019344496948094,41.8,7.284134806195205,7.269616749608169,-0.0036347173266850774,8.198484052233113e-4,0.010842438854901992,-4.42679464375928e-4,-2.6050173230274254e-4,-0.0012543107536444609,-3.523287415783116e-4,-0.0010290821685332574,0.06861366716709405,0.1999999999999993,0.1299999999999999,0.27000000000000046,0.2400000000000002,0.23999999999999932,-0.00783380825560176,22.3035,0.29999999999999716,1.5500000000000007,0.6299999999999999
1997-04-01,7.373105845012162e-4,-5.133514148258911e-5,0.0011715145153683437,0.003335482087305053,-0.01486657276176473,-0.10000000000000053,0.023515935116341424,0.002431646980250335,41.8,7.307872780763706,7.259116128097101,-0.0021940298164491168,2.1727394877224526e-4,0.0016931092746412801,0.0024008966749669014,0.010516549691168109,-3.916034732043272e-7,-0.024507612361648334,-7.223769842301664e-5,-0.005916280584258082,0.1200000000000001,0.020000000000000462,0.1999999999999993,0.1800000000000006,0.16000000000000014,-0.03628722968088827,21.5077,1.4000000000000057,1.7299999999999995,0.6099999999999994
1997-05-01,0.004542352044017761,6.158478366256048e-4,0.005524360977567255,-2.4556462602021156e-4,-7.069149425884547e-4,-0.1999999999999993,-0.009834129653718549,0.002221787491754057,41.7,7.273786317844895,7.254177846456518,0.007956972065748857,-9.418204318940582e-4,-0.00368090477116656,-0.004127405913425086,-0.010662530081180677,-6.255865077342548e-4,0.009612400891578332,-0.0014374082139729794,0.1171736907564438,-0.009999999999999787,-0.11000000000000032,-0.17999999999999972,-0.15000000000000036,-0.14000000000000057,0.086665517615657,21.9276,1.7999999999999972,1.6600000000000001,0.6199999999999992
1997-06-01,0.0036303832728012964,0.004930194143297761,0.004585436547763777,0.01337226278957182,0.011242024865294908,0.09999999999999964,0.005236420405088538,0.0020865943929528896,41.6,7.309212365692763,7.2456550675945355,0.002253724862315565,0.001168529236547755,0.0027606536041391294,-9.558336907060649e-4,0.0014547606254193823,0.0018744147943507983,0.012417967756603865,0.0017354348435336675,-0.13780860431371877,0.05999999999999961,-0.1200000000000001,-0.21999999999999975,-0.16999999999999993,-0.17999999999999972,0.05055540683178439,22.7433,1.2999999999999972,1.5600000000000005,0.6099999999999994
1997-07-01,0.004495309690971894,0.009299241266417901,0.008505942659710719,0.010076627509937097,0.012418427803419618,-0.09999999999999964,-0.016260520871780315,0.0024234550144317524,41.6,7.270312886079025,7.272398392570047,-0.0027226840659704266,2.6187322298376614e-4,0.0010218958563754654,-0.0013881436795406543,-0.0032688692658364715,-6.267539961957169e-4,-0.05087152480111179,-6.832804863154962e-4,0.10676014944614387,-0.040000000000000036,0.1200000000000001,-0.27000000000000046,-0.27000000000000046,-0.2699999999999996,0.054410115511180024,23.2477,2.5999999999999943,1.17,0.6100000000000003
1997-08-01,0.005922572317794916,0.006051252244485994,0.00995494609358527,-0.002838274577280586,6.052386954689126e-4,-0.10000000000000053,0.030596590709183857,-2.2745735272700074e-4,41.7,7.237059026124737,7.278628942320682,0.009718477275566961,0.003928962073503683,-0.004466460165857278,0.003499540690100389,0.0016837031246392797,0.0012430005142967104,0.04000725516338921,1.9838626470569665e-4,-0.0085453252944827085,0.020000000000000462,0.08999999999999986,0.08000000000000007,0.08000000000000007,0.07000000000000028,0.0021052298426464944,25.1538,-2.6999999999999886,1.1600000000000001,0.6000000000000005
1997-09-01,0.003018923759093184,2.0107912531308614e-4,0.009117575456573768,0.008051571580196537,0.0062060521463891405,0.10000000000000053,-0.046332556640999556,0.003964961146083468,41.7,7.343426229147367,7.309212365692763,-0.016997965056874342,-0.004541784361302703,-2.1672820387497183e-4,0.0013981283756434593,0.0016116796040233083,-6.187984790351209e-6,-0.014275912982983918,0.0016149460700800589,-0.022216500546562656,0,-0.1899999999999995,-0.08999999999999986,-0.0699999999999994,-0.1200000000000001,0.010492194994316861,25.5928,1.5999999999999943,1.2599999999999998,0.5499999999999998
1997-10-01,0.005237780388046787,0.0050972343029824785,0.008827849981996039,-0.0028997451582082334,-9.31353939460422e-4,-0.20000000000000018,-0.016793677365836146,0.0028202152842453643,41.8,7.326465613840322,7.312553498102598,0.006623218787774832,8.61457077361294e-4,0.0025098434272647907,-0.003999170290245324,0.00165009681575512,-6.2516073747787e-4,-0.02712126286477634,-0.001108252897143558,0.07869998790955623,-0.040000000000000036,0.019999999999999574,-0.17999999999999972,-0.15000000000000036,-0.1299999999999999,0.014977665619887226,25.6252,-0.4000000000000057,1.0600000000000005,0.5700000000000003
1997-11-01,0.007119026899529146,0.004092366637657996,0.007844288895028306,0.010581061414031367,-0.0025981113588464666,-0.10000000000000053,0.014729693144985845,0.0024340128881537026,41.8,7.31986492980897,7.292337176173877,0.00618062203199532,7.991675176644009e-4,0.009514522516686164,0.0015311551382746202,-0.005327125926090304,-6.216886698338087e-4,0.018765875997759807,-0.0012453333732773686,-0.12428163424700855,0.019999999999999574,0.16999999999999993,-0.15000000000000036,-0.1299999999999999,-0.15000000000000036,-0.012952013787010053,31.5452,1.6000000000000085,0.7400000000000002,0.5499999999999998
1997-12-01,0.00611701192947578,0.00569471964597934,0.00424944358291679,-0.0025213205427725427,0.006762411226391762,0.10000000000000053,-0.004300396848000432,0.0025967254064820366,42,7.356279876550748,7.283448228756631,-0.0036549378014347766,-0.0011218398426606768,0.0030472968611459095,-6.326381962482586e-4,0.008700351555349428,-6.193858790188855e-4,-0.011726717617958293,-2.687044548386197e-4,-0.043571971772454976,-0.019999999999999574,0.020000000000000462,-0.07000000000000028,-0.11000000000000032,-0.09999999999999964,0.02466871354409772,26.4731,-5.1000000000000085,0.6499999999999995,0.5600000000000005
1998-01-01,0.008899754424968265,-8.917955406726463e-4,0.004373784275946591,0.0019395573857234893,0.003182697338527163,-0.10000000000000053,0.025062388296429816,0.0020613189308420488,41.9,7.329749689041512,7.349230824613334,2.7766402344031604e-4,0.0012626674030435936,-0.021248801244802884,0.006463558930579261,-0.012474531191903893,6.170925666610927e-4,-0.002564591199297084,7.070585795281303e-4,0.004216976081454327,0.05999999999999961,-0.1200000000000001,-0.2699999999999996,-0.14999999999999947,-0.1299999999999999,0.0010281816113533182,24.4275,4.5,0.5,0.5800000000000001
1998-02-01,0.006965811514294984,0.006472194723018632,0.0016174896182681309,0.013942130058826052,-9.20965307511068e-4,0,-0.006872879287762146,0.0016891963523946174,41.7,7.367708572374371,7.4067107301776405,0.0019478085878752438,0.0022685558966681896,-0.0018560181992350877,-0.004429089308969125,0.007653020261724208,-0.001235330607991969,0.014589478784439613,-0.0010181285627801628,0.052310382549995094,-0.04999999999999982,0.04999999999999982,0.03000000000000025,0.05999999999999961,0.05999999999999961,0.06079069339366594,20.3863,3.8000000000000114,0.4800000000000004,0.5800000000000001
1998-03-01,0.006235391277545688,0.004438737254136349,3.515910121256738e-4,0.004939651829719338,0.005050437679512854,0.10000000000000053,-0.012618463959212178,0.0011831388130580933,41.5,7.356918242356021,7.380879035564116,-0.004367313595146527,-0.0018366854118809783,0.011026020154353944,-0.0036128687455665442,0.0033492095224954,0,0.00494796993094937,6.787856381844648e-4,-0.0272734280939404,-0.019999999999999574,-0.05999999999999961,0.08000000000000007,0.04999999999999982,0.07000000000000028,0.05055895171946201,20.5431,-3.9000000000000057,0.6200000000000001,0.6000000000000005
1998-04-01,0.00379391334335466,0.005329868776399849,0.0034253831806134727,0.0013551907000959318,0.01539507945457963,-0.40000000000000036,-0.01277972664639826,0.0022425202226568075,41.2,7.3395376954076745,7.344072850573066,4.638776341439055e-4,8.26604698325184e-5,9.844124992133274e-4,-0.006020146343893806,0.002554799753925252,0.001233806448929009,0.027703113438951377,0.0010881690117310328,0.09452796044326872,-0.040000000000000036,-0.08000000000000007,-0.010000000000000675,-0.02999999999999936,0.009999999999999787,0.032318495924197777,22.5381,2.200000000000003,0.6899999999999995,0.6399999999999997
1998-05-01,0.004649910133327495,0.007207851285554234,0.0065697125334116535,0.003409660716870988,0.0025400747070758456,0.10000000000000053,6.428801250013549e-4,0.003183550115664957,41.5,7.336936913707618,7.348587530927593,0.002783828095687113,-4.472737769898316e-4,-0.004070002538502315,0.014784911638050069,-0.005560649894611913,0.001229248983468878,-0.04607470316384532,1.254113794626477e-4,-0.0658674035676583,0.040000000000000036,0.04999999999999982,0.010000000000000675,0,-0.03000000000000025,-0.0034044579000047648,21.4485,-2.200000000000003,0.6500000000000004,0.6099999999999994
1998-06-01,0.0057903416541620345,0.00661130185940717,-0.006016655286145145,-0.00400785689576999,0.009530405912597573,0.09999999999999964,0.08261010317878359,0.0018259625114467326,41.4,7.403061091090091,7.346655163176539,-0.005010449664705874,-0.0011086923371852464,0.00361534319016954,0.004494259155906732,0.00670733734507678,-0.0012337989776680658,0.006319561840530952,-0.0022158378346244234,-0.045912679839952286,0.0699999999999994,-0.019999999999999574,-0.15000000000000036,-0.16000000000000014,-0.16999999999999993,-2.7065919047331022e-5,22.2231,-0.9000000000000057,0.5199999999999996,0.5999999999999996
1998-07-01,0.0018040782425057245,6.411078562971184e-4,-0.003852986693513749,-0.005860033216215754,-0.00712631953939713,0,-0.01490340550257585,0.0010702098236148316,41.4,7.437206366871292,7.383989457978509,0.0014825743203656927,-2.216833903823101e-5,0.0027566163658994114,-0.010041958456456612,-0.0017958367402783892,0.0012247325068361903,0.0031111933176468654,0.0033141637208951025,0.1144846817342211,-0.019999999999999574,-0.020000000000000462,-0.040000000000000036,0.019999999999999574,0.020000000000000462,0.04255886257725372,20.2518,-0.3999999999999915,0.5,0.6000000000000005
1998-08-01,0.003774529729909659,0.004556035025288452,0.020491901058277584,0.01085046987211058,-0.0076255997111864815,0,-0.06321807199306662,0.0026507688899499726,41.4,7.3864708488298945,7.4109518755836366,0.0018593928877512766,0.001208487981008588,-0.0036319803638695802,-2.930223165167334e-4,-0.006993245376401447,-0.0012292490656697908,0.007086457160497162,-0.0010883474962506412,-0.08277367920864842,0.009999999999999787,-0.05999999999999961,-0.1200000000000001,-0.03000000000000025,-0.010000000000000675,-0.0735002638137372,31.4885,-0.7999999999999972,0.4399999999999995,0.6200000000000001
1998-09-01,0.0034215365970844402,0.007405087071922445,-5.323279149607174e-4,0.009483279967032132,0.010889525481905693,0.09999999999999964,-0.027896716581155445,0.0015634256412102587,41.3,7.366445148327599,7.3632795869630385,0.00296708353016939,0.0032746841428004103,0.002337688412268335,0.002115990485594743,0.005255411508226615,-6.129319844907499e-4,0.01960423427896263,-0.001955889882776951,0.1649363143495921,-0.040000000000000036,-0.29000000000000004,-0.5300000000000002,-0.11999999999999922,-0.04999999999999982,-0.05153722920428283,39.2471,-3.5,0.1999999999999993,0.6899999999999995
1998-10-01,0.0018070537885268578,0.0033665542034144735,0.006812999094851335,0.008445068018893664,0.0165047440880155,-0.09999999999999964,0.021478209308364526,0.0016082497198954826,41.4,7.44716835960004,7.449498005382849,0.001921853616315694,1.9508274532142877e-4,5.324978188019358e-4,0.011576672957260392,-0.002451611971810763,0.0018316875010704337,-0.014056860950087291,0.002769459933881002,-0.15062391066561487,-0.4399999999999995,-0.6500000000000004,-0.27999999999999936,-0.03000000000000025,0.08999999999999986,0.011524108229345131,37.454,-3.5,0.5700000000000003,0.8099999999999996
1998-11-01,0.004735750826220908,0.0027102849782156824,-7.584271645324492e-4,0.00428449111500484,0.005986095390143831,-0.09999999999999964,0.017236302872326803,0.0021638983779137533,41.4,7.414572881350589,7.421775793644647,0.002529036130332507,-0.00043212206984222234,0.0032244503237377486,-0.010098156648599144,-3.934053433773954e-4,-0.001223983066214629,-0.012494341020601318,-0.0021505855797299134,-0.0750119306206285,-0.2400000000000002,0.4500000000000002,0.2999999999999998,0.040000000000000036,0.16000000000000014,0.10295270671964385,25.038,5.299999999999997,0.41999999999999993,0.9299999999999997
1998-12-01,0.0023499966728319777,0.00813388491040179,0.004520149593450817,0.007670693763529357,0.010667169714601243,0,0,0.0029197330194090654,41.5,7.491087593534876,7.462789157412448,-0.008070485014276763,-0.002293660918375906,0.004448743549757772,-0.014466238785828978,-0.00214312717604237,6.069721797734573e-4,-0.01131188975038988,9.682358986804473e-4,-0.017122855713268326,-0.15000000000000036,-0.020000000000000462,-0.17999999999999972,-0.1900000000000004,-0.10999999999999943,0.039088626586982755,25.4768,-2.200000000000003,0.2600000000000007,1.0100000000000007
1999-01-01,0.0038923375243360425,-8.432230355959192e-4,0.0043112451049784895,-0.0013403182902269606,5.370424080322067e-4,-0.10000000000000053,0.03176847659999993,8.147469643091654e-4,41.3,7.466227556215481,7.4570320891223805,0.002735721981843575,-4.07249463915349e-4,-0.012661662996984013,0.00218650810547949,0.004887384672445094,-3.3299645201267936e-6,0.01015584787038204,3.912249763002862e-4,0.2306070788933483,-0.04999999999999982,-0.04999999999999982,0.0699999999999994,0.020000000000000462,0.05999999999999961,0.04816374382090771,28.6168,3.4000000000000057,0.3799999999999999,1.0499999999999998
1999-02-01,0.0041219933200800085,0.00472224614958261,0.006063079650347802,0.015341991447900938,0.012725169903438527,0.10000000000000053,-0.07874067401967189,0.003275782099562363,41.4,7.4205789054108005,7.450079569807499,-0.00410279319056972,-0.001077547204106466,-0.005690983636926106,-4.3442319550646147e-4,0.0038308169675946857,-0.001823154561514606,0.002611444586903211,-0.001961977988364616,-0.13788063722208532,0.1299999999999999,0.10000000000000053,0.28000000000000025,0.16000000000000014,0.09999999999999964,-0.001755265243172488,29.5663,4.199999999999989,0.5599999999999996,0.9899999999999993
1999-03-01,0.0011455748392865672,0.004777424938891883,0.0022660526894453525,-0.0014716807052028713,0.005495543846258499,-0.20000000000000018,0.004137366265959841,9.050056790460559e-4,41.3,7.444248649496705,7.417580402414544,0.0011845560412888645,-0.0036296600422058845,0.011546133049294305,0.011080421869144708,-6.135619459968211e-5,6.069802917769707e-4,0.004879007538417746,0.0013168582531246642,0.2369691839666661,0.04999999999999982,0,0.23000000000000043,0.21999999999999975,0.14000000000000057,0.02775231109028642,26.3073,-2.3999999999999915,0.79,0.9100000000000001
1999-04-01,-0.002887141435671481,0.005970627525899275,0.0022959860915063857,-0.0016673188347571255,0.007901285725422369,0.09999999999999964,0.01881446091224248,0.002818987187827915,41.3,7.347943823148687,7.3777589082278725,0.004640371240712149,0.004941032513302801,-8.221536587509348e-4,-0.006049841820717994,-0.00430309320717015,0.006045599429250537,0.03126585190636444,0.004063026928309732,-0.03148978547272252,-0.0699999999999994,-0.15000000000000036,-0.05000000000000071,0.019999999999999574,-0.04999999999999982,0.04059538769429949,24.6938,-1.1000000000000085,0.8899999999999997,0.8400000000000007
1999-05-01,0.002276088950621258,0.0046039890412625795,0.006302647258385363,0.014561219974781991,0.007026362506678652,-0.09999999999999964,-0.022620207211641485,0.0016860331333070633,41.4,7.384610383176974,7.402451520818244,-0.0025540808535406967,-9.551894743058398e-4,0.002160637456247727,-0.008525897583675501,0.0017902633953337244,-0.006049988560882902,0.04347130625332163,-0.004164714453615659,-0.14452373032486188,0,0.20999999999999996,0.3600000000000003,0.29000000000000004,0.23999999999999932,-0.0020173771198876977,27.3765,2.200000000000003,1.04,0.79
1999-06-01,0.003606984075998909,0.0042017831515339665,-7.846779120086467e-4,0.0010197241049922923,0.003865818483792083,0.09999999999999964,-0.02552186879512064,0.0021016149838555265,41.3,7.351799869057777,7.43955930913332,-0.005625530522642919,-6.512405486205353e-4,-0.0037695120147329675,0.013568833800178481,-0.0033485840371820785,-6.025911601446055e-4,-0.08475801679170836,-3.484312637827003e-4,-0.015513162969825522,0.019999999999999574,0.07000000000000028,0.3600000000000003,0.3000000000000007,0.2999999999999998,-0.007172432070904122,24.1236,0.5,1.33,0.7899999999999991
1999-07-01,0.0024689027133355523,0.0016910038078101763,0.005769502318011099,0.0012987868220761811,0.007726889852088803,0,0.013513719166724059,0.002607301142422358,41.4,7.419979923661835,7.427738840532894,0.002993744932827447,0.0011898176123352755,0.0025152165421378214,0.0010965389200148223,0.0019250334974145744,0.0042080014002046084,0.08928279754719082,0.0023493320715735067,0.10712788368841553,0.23000000000000043,-0.020000000000000462,-0.11000000000000032,-0.040000000000000036,-0.0699999999999994,0.04323894205231227,21.4866,-1.2999999999999972,1.2400000000000002,0.7599999999999998
1999-08-01,0.0045693943783504665,0.005222498927697217,0.004007243163624885,0.007862899324059924,0.010219705780269095,-0.09999999999999964,-0.024629695106630933,0.0011660548131366966,41.5,7.4073177104694174,7.421177528595393,7.276613920890185e-4,-0.002252505350371692,-0.004058407377711681,0.001884010810562664,0.0017659488316716931,-0.0018113555556045213,-0.05628710169183293,-8.383122094084428e-4,-0.05738305518206355,0.08000000000000007,0.16999999999999993,0.15000000000000036,0.20999999999999996,0.20000000000000018,-0.03951069212242242,24.7277,-1.5,1.2200000000000006,0.75
1999-09-01,-5.565043819579785e-4,0.004999519525281215,-0.004045261045452442,-0.001814499611688447,0.004657359073815925,0,-0.004308494385725226,0.001542353319511136,41.4,7.399398083331354,7.346655163176539,-0.0025503330033718186,-2.7705620782469964e-4,0.00501918825249259,-0.00470752885484238,-0.004323895434040992,0.0017837125871578152,0.01814586424691189,0.0017660524422602464,0.05861270550504427,0.14999999999999947,-0.040000000000000036,-0.020000000000000462,-0.010000000000000675,0.049999999999998934,-0.007045530078172213,26.0494,2.700000000000003,1.2400000000000002,0.8099999999999996
1999-10-01,0.005900327548374662,0.00219730692666964,0.012148883898799312,0.008747669493372356,-8.355481073341053e-4,-0.10000000000000053,0.003103985937592313,0.0031236801702210215,41.4,7.382746449738912,7.407924322559599,0.008641753518459971,0.0016873732471704983,0.004342897228067244,-0.002897666767919027,5.174485462120515e-4,-0.0023941120502941615,-0.011295454717803466,-0.0018999129117744928,-0.16953695080001863,-0.019999999999999574,0.1800000000000006,0.1900000000000004,0.16000000000000014,0.1800000000000015,-0.013872454325128736,25.37,-4,1.25,0.830000000000001
1999-11-01,0.006831080834334813,0.004903918707874766,0.004835676101424546,0.005155496952443883,0.012933239896074866,0,-0.030239130030755845,0.0022175765384595536,41.4,7.4073177104694174,7.421775793644647,5.023584984957807e-4,-0.001067348147413938,0.01746094998367731,0.01788330568429597,0.0011997782585435601,-3.1849878077139238e-6,-0.003737147283535691,-7.87710175674583e-4,0.15127988614611887,0.21999999999999975,0.20999999999999996,-0.08000000000000007,-0.1899999999999995,-0.23000000000000043,0.06765095619570793,22.2295,4,0.96,0.79
1999-12-01,0.008145204001669626,0.011896935620237414,0.007683533835146861,0.00432253782919112,0.019860887098683833,-0.09999999999999964,-0.011602093552546933,0.00241913993576226,41.4,7.443078374348516,7.428333194190806,0.0036158387369837897,0.0017951065482080253,0.018155410455573673,-0.021097937502803532,-0.0010383738435333356,5.894189599748856e-4,0.005068812459644967,0.0014295185529427101,-0.054463218189929385,-0.1200000000000001,0.1299999999999999,0.25,0.1899999999999995,0.03999999999999915,0.026728028109572755,23.2213,-1.7999999999999972,1.08,0.6399999999999997
2000-01-01,0.00894144176114331,-0.0024273652816688696,-0.0013689853853140477,0.007931311415534381,-0.006729490239571589,0,0.03493034604345624,0.0017418279841798778,41.5,7.400009517162692,7.454141078146678,-0.010389711789849265,1.3627170515739806e-4,-0.06716249196298829,0.0021969976924944845,-0.0021003130296062267,5.852266236017201e-4,0.01742986585689632,3.9215710833762074e-4,-0.0021809611022249875,0.15000000000000036,0.1200000000000001,0.3799999999999999,0.23000000000000043,0.14000000000000057,-0.002165177931421347,24.843,6.599999999999994,1.3399999999999999,0.5499999999999998
2000-02-01,0.004111999422724111,0.00936605739070373,0.0031184257109906355,-0.01815849511055312,0.01570880754243298,0.09999999999999964,0.018380660047574437,8.392718665160004e-4,41.5,7.459914766241105,7.433666540166168,-0.012014857039064353,-0.003236149978150138,-0.023059826016191387,0.010444946398896704,0.005275866098738646,0.0011684409339398627,-0.021534517293011035,4.299432093031186e-4,0.03549846588656269,0.28000000000000025,0.22999999999999954,-0.14000000000000057,-0.10000000000000053,-0.040000000000000924,-0.026095296239902588,25.456,-0.7000000000000028,0.9699999999999998,0.6099999999999994
2000-03-01,0.0027782345682805243,0.004906026667184982,0.00354941252967933,0.01175392671282971,0.012466848705123823,-0.09999999999999964,-0.06686747217463918,0.0036768525579944367,41.4,7.38025578842646,7.409136443920128,0.011111236618702947,0.0037129997734410836,0.038959142925890866,-0.0031716480407828485,-0.0012394982013006484,0.001738971541225709,-0.030772041594969934,0.001133557751384906,-0.05857970752936703,0.11999999999999922,0.14000000000000057,-0.2599999999999998,0,0.08000000000000007,0.037686192447988986,24.7678,-4.200000000000003,0.5699999999999994,0.6899999999999995
2000-04-01,0.005362145055109124,-2.922225002901513e-4,0.005934581411047191,0.00827587310639899,-0.018579150251371246,-0.20000000000000018,-0.011531197599188303,0.0021177523314115376,41.6,7.3938782901077555,7.3758821482150125,0.008279888900456278,0.005277827527974566,0.004154137780570721,-0.0010970959677987224,-0.0013631894505348185,-0.006450085833512809,-0.010668956349568326,-0.005111188583397208,-0.16770920414960688,0.16999999999999993,-0.03000000000000025,-0.2699999999999996,-0.040000000000000036,0.030000000000001137,0.013190849658747617,29.8331,2.1000000000000085,0.33000000000000007,0.7600000000000007
2000-05-01,0.003586929703143227,0.003748573150951451,0.0027040320534066353,-0.005321316959440381,0.007263374315053639,0.20000000000000018,0.03846280734522978,0.001681895028049496,41.2,7.362010551259734,7.341483852363161,-0.016924697468247984,-0.014377289437229379,8.54828223380899e-4,0.007195320481670819,0.0010202494370599169,0.0023388399672104043,0.026389007909988216,0.0016604401119781897,0.26111227341910714,0.25,0.1299999999999999,0.4500000000000002,0.35000000000000053,0.5,-0.02978163321969518,29.429,1.5,0.6500000000000004,0.9100000000000001
2000-06-01,0.0028452285408491207,0.0021232974338962762,3.9045672638238216e-4,0.006588973015189126,0.006587476186396657,0,0.030530064141720104,-3.255516425575422e-4,41.3,7.351799869057777,7.360103972989152,0.007553737670659366,0.006297922556223412,-0.0010422629075863554,-0.005518139034073499,0.012265833220785893,0.00407025469989275,-0.0026188741764237022,0.0025515798653570343,-0.010905959456461556,0.2600000000000007,-0.09999999999999964,-0.34000000000000075,-0.3200000000000003,-0.41999999999999993,0.030192125405583248,24.3177,-4.299999999999997,0.40999999999999925,0.8100000000000005
2000-07-01,0.005313689846992986,6.970867864835029e-4,-0.0019527324535886237,-0.006321576902848847,-0.007749840543533892,0,0.013652089168328274,0.0012561960106651782,41.5,7.288244401020124,7.340835554123275,0.00289972550475337,-5.5802481201183696e-5,0.0013645460812936605,-0.004855301018627856,-0.006766416321267954,-0.0029247351269861,0.029335712588576257,-8.766020209005632e-4,-0.16763660610109632,0.009999999999999787,0.2699999999999996,-0.04999999999999982,-0.019999999999999574,-0.13000000000000078,0.007523136308313916,22.66,1.8999999999999915,0.08999999999999986,0.6999999999999993
2000-08-01,0.005456617353729598,0.005126062861568137,-0.00272663339275514,3.4703919640222125e-4,0.004513985222549977,0.09999999999999964,0.0584287930072005,4.537513896885059e-5,41.1,7.340186835320115,7.347299700743164,-0.0038108847966418224,0.00216737877114781,-0.005143274742221315,-0.002533607384170189,1.755829999776637e-4,-0.00289939315900245,-0.013957341417479618,-0.0025728234981121645,0.11446580632591763,-0.040000000000000036,0.1299999999999999,-0.21999999999999975,-0.10000000000000053,-0.08999999999999986,0.008423351116875644,20.4843,-1,-0.2599999999999998,0.71
2000-09-01,9.196619732847466e-4,0.008227657817100997,0.004604083024880801,0.010731383059047417,0.01353926839144215,-0.19999999999999973,-0.04095523014765945,7.861754483204919e-4,41.1,7.317876198626496,7.358830898342354,0.002540399130965376,0.0015116924039730861,0.002055733506412416,-0.0015914901335429832,-0.0015127407867279175,0.00519781707361755,0.019716773046095426,0.004359535604588238,0.03420821463696688,0.019999999999999574,-0.08999999999999986,-0.03000000000000025,0.07000000000000028,0.08999999999999986,-0.011789499039568163,22.3365,-0.5,-0.20000000000000018,0.7299999999999995
2000-10-01,0.0025651000024762283,-6.161650370835048e-4,-0.003893384717707171,-0.007660182212825717,-6.80395395121991e-4,0,0.002661345549514138,1.0578412492456835e-4,41.1,7.3453648404168685,7.3632795869630385,-4.551864855848464e-4,-0.004069560913151804,0.0018806768907673188,0.0037207563123509146,-0.0018613398264069048,-0.003471197939630244,-0.04221849826991608,-0.0029326015643844627,-0.10566195432493108,-0.009999999999999787,0.11000000000000032,-0.05999999999999961,-0.07000000000000028,-0.009999999999999787,-0.0545305280626005,28.214,-1,-0.3700000000000001,0.79
2000-11-01,6.242538893737049e-4,9.169449186092749e-4,2.7960447484520756e-4,-0.007307678994624922,-0.005523123747506631,0,0.10477895123317715,0.0015401576420899232,41.1,7.346655163176539,7.3864708488298945,-0.004840799497231707,-9.730427570922018e-4,0.005940268072308186,-0.0035115489499570884,5.445170170474967e-4,-2.976075822225255e-6,-0.035994212580465756,3.8447312213918394e-5,0.06302369385222528,0,0.05999999999999961,-0.020000000000000462,-0.09999999999999964,-0.0600000000000005,-0.008742261748827751,29.2119,1.7999999999999972,-0.4500000000000002,0.8299999999999992
2000-12-01,0.0023338618405599476,0.004572155016586699,-0.0032683707203071677,0.007809597183152661,-0.0019062233521136562,0,0.034549559075671255,0.0012063091423328842,40.3,7.3343293503005365,7.341483852363161,0.002265908507834702,0.006816204926945346,0.004955072199873456,0.0023993464603346837,-0.002924595022189891,5.699359289339512e-4,0.08668649556157249,1.321583853579611e-4,-0.2286846659415085,-0.10999999999999943,-0.40000000000000036,-0.47999999999999954,-0.2400000000000002,-0.2599999999999998,-0.03478425375247074,30.1045,-9.199999999999989,-0.5299999999999994,0.8099999999999996
2001-01-01,0.006064780386434876,2.1380770216783418e-4,-0.004770869350923412,-0.008055427372243074,0.016788422814585147,0.30000000000000027,-0.01749315744751634,-9.795832257886161e-5,40.7,7.3777589082278725,7.4377951216719325,0.010897847365513691,0.0010827046362553716,-0.012793080614021513,0.0040019240494189035,0.0012857943238753222,0.0034174588084159296,-0.05691745991123032,0.0032994297743291767,0.2281558363385936,-0.41999999999999993,-0.6199999999999992,-0.08000000000000007,-0.05999999999999961,-0.08999999999999986,0.0035251446561126443,27.83,-3.700000000000003,0.009999999999999787,0.7799999999999994
2001-02-01,0.002350569630227284,4.987069345254724e-4,-0.006534765134370346,0.00440259377186436,-9.312421389093828e-4,0,0.08793007250670293,6.403230460101383e-4,40.5,7.393263094763838,7.412160334945205,-0.0033183802637735127,-0.0024927349847256863,-0.005356107713693881,-0.007790182601334905,-0.0011526469035931797,-0.003435723958379988,0.02281583427186451,-0.003282470689600636,-0.037585179790100565,-0.4900000000000002,-0.27000000000000046,-0.0600000000000005,-0.05000000000000071,-0.05999999999999961,-0.02262550231574334,26.1594,-4.1000000000000085,0.21999999999999975,0.7700000000000005
2001-03-01,0.0036443284525464748,-8.265641057736417e-4,-0.0020524117552422894,-0.01205915517822298,-0.010349490568579256,0.09999999999999964,0.042065665285511145,-2.786784633475037e-4,40.5,7.371489295214277,7.413970290190444,0.002873215188428091,0.0037112915763373167,0.010043431515319057,-0.001725990685200962,-4.002787910746264e-4,-0.0017072933731263618,-0.01705417239531659,-0.001453603936347747,-0.08443934566303524,-0.1800000000000006,-0.45999999999999996,-0.20999999999999996,-0.11999999999999922,-0.03000000000000025,-0.09631777130550478,32.4231,0.9000000000000057,0.46999999999999975,0.8599999999999994
2001-04-01,-0.0018140777570376798,-6.703034443589218e-4,-0.003596380672338917,-0.007918453804228065,0.01686826832571242,0.10000000000000053,0.024365004004097912,-0.002217128596676332,40.4,7.407924322559599,7.418180822726788,4.133580185783359e-5,0.0011358817929938425,-0.001025208200519323,-0.0011674315549345948,3.3646598153502794e-4,0.0011341076065223277,-0.026622647733470117,0.00166389627059349,0.08964708986557168,-0.5099999999999998,-0.5499999999999998,0.25,0.21999999999999975,0.23000000000000043,0.0033590272734391746,32.245,-3.0999999999999943,1.2699999999999996,0.8700000000000001
2001-05-01,-0.0023900186970404746,0.004270833893292192,-0.004787344785630587,0.00860830892880493,0.004940220415367236,-0.10000000000000053,-0.005687219120590115,-3.624474302128533e-4,40.4,7.380879035564116,7.417580402414544,-0.005398780014137294,-0.012960634477913402,0.002625520588210861,-0.0022138877570290205,-0.0016692202528929556,0.003386941436940738,0.0693587319365907,8.728070005759037e-4,0.03767500274436708,-0.5899999999999999,-0.25,0.25,0.08999999999999986,0,0.0654893523201272,26.095,3.5999999999999943,1.7699999999999996,0.7800000000000002
2001-06-01,-0.0010925878596292904,6.248580071526177e-4,-0.005294243917338015,-0.013722918939121698,-0.00470701995665479,0.20000000000000018,0.00682079188508844,-8.311045101159209e-4,40.3,7.400009517162692,7.3938782901077555,0.005250037411895114,0.00868596005032174,-0.0016884718331420245,-0.006282007294131198,0.002604265885274515,-0.0028355474270282954,-0.056295377487748155,-8.672503548261545e-4,-0.0808850011470903,-0.23999999999999977,-0.1299999999999999,-0.10999999999999943,-0.11000000000000032,-0.10000000000000053,-0.025237681097165066,23.3004,0.5999999999999943,1.79,0.79
2001-07-01,5.451957432001109e-5,0.002127268114614722,-0.006424803271452895,0.0038067932743821586,-0.005025833667041013,0.09999999999999964,0.0020120731134198877,-9.679737587955373e-4,40.6,7.4205789054108005,7.37650812632622,0.004353118569453862,-0.0025606824866741817,0.005997003799585343,0.0037220588194744053,2.244430390661023e-4,-0.003943187365570644,-0.004380266274868205,-0.0020938239156800265,-0.005571045049455936,-0.20000000000000018,0.019999999999999574,-0.040000000000000036,-0.04999999999999982,0,-0.028047484314399185,24.859,-0.19999999999998863,1.7300000000000004,0.8399999999999999
2001-08-01,-0.001350380589441258,0.005664777080037986,-0.0011484395650906976,0.00822812761080094,0.009333889474399726,0.3000000000000007,0,-0.0011355379127149234,40.3,7.356918242356021,7.387090235656757,-0.0013407944604386657,7.11075922630755e-4,-9.284963604185847e-4,-1.5824514998463712e-4,9.421500351063372e-4,0.001689665285127262,-0.0019235620261692787,2.1187825282797945e-4,0.0803979562216699,-0.1200000000000001,-0.1499999999999999,-0.27000000000000046,-0.11000000000000032,-0.1200000000000001,-0.021780587816719432,24.2604,-0.9000000000000057,1.6099999999999999,0.8300000000000001
2001-09-01,5.130811920164291e-4,-0.012830412836183136,-0.005077876004763837,-0.021247871723376832,-0.02574773282477416,0.09999999999999964,0.08889402580424743,-0.0019561465613531226,40.2,7.3537223303996315,7.3556411029742534,0.0372515148442627,0.014536380929298431,0.02873638354943786,0.011054112185240328,-0.002689017433279872,0.003938120420137636,0.0260038756008818,-0.0032912807401981325,-0.09746237227735621,-0.5800000000000001,-0.7199999999999998,-0.23999999999999932,0.15000000000000036,0.17999999999999972,-0.12057011493786263,42.6457,-9.700000000000003,2.0900000000000003,0.8599999999999994
2001-10-01,-0.002186867413481508,0.02544265037093929,-0.0027452194543418074,0.029277838996064176,0.07173565852622588,0.2999999999999998,0.100001353380204,-0.002363088309735417,40.1,7.3395376954076745,7.356279876550748,-0.08086301704109022,-0.023115318990216238,-0.057787848691455146,-0.01700655619425806,0.008997042448136483,-0.0067494801576843955,-0.025362508488637303,0.0069269855054781004,-0.09330380125188142,-0.5799999999999996,-0.48,-0.16000000000000014,-0.13999999999999968,-0.11999999999999922,0.03012631014455902,34.4469,0.9000000000000057,2.41,0.8799999999999999
2001-11-01,4.3157661719384066e-4,-0.0035813113533809116,-0.006065460085318719,-0.004873698154272077,-0.030245066936405607,0.20000000000000018,-0.07167084675397817,-0.0023458098466022648,40,7.379008127628304,7.409136443920128,0.038274865869409425,0.010256812522928982,0.025462166897326277,0.002941830013246438,0.002654184790385372,0.002248138094947727,0.025098735286841922,-0.004192277878468431,0.031479826220995655,-0.40000000000000036,-0.29000000000000004,0.08000000000000007,-0.0600000000000005,-0.10000000000000053,0.04813576817811427,28.2542,1.2000000000000028,2.7800000000000002,0.8399999999999999
2001-12-01,0.0016594853280853528,-0.0011314035498202202,-4.275098074009165e-4,0.001965376147580855,-0.013412982955459896,0.20000000000000018,-0.07107004727575372,-0.0012284123363528465,40.2,7.357556200910353,7.426549072397305,0.005828228126942392,0.0016450679335022755,0.010769043240014042,-0.0016761022639553147,-0.011475174566793811,-3.1739739281277934e-7,0.02561942444471832,-3.586588405273261e-4,0.10401166632463976,-0.2699999999999998,-0.18000000000000016,0.4399999999999995,-0.20000000000000018,0.2400000000000011,0.01340909298732118,24.5395,4.8999999999999915,3.4,1.2800000000000011
2002-01-01,0.001865256191072362,0.0016059325189479168,0.006633064841170544,-9.694308498175985e-4,0.003010281672672477,0,-0.020114576139098617,-9.47136129953563e-4,40.2,7.437206366871292,7.417580402414544,-0.004045810738333877,-0.0060468700501683514,-0.01291663538075749,0.002676470269541653,-0.00713763976919779,0.002253204325119107,-0.0013003903002823947,0.001936348121117426,0.0348726783614568,-0.09000000000000008,-0.040000000000000036,-0.04999999999999982,-0.21999999999999975,-0.1800000000000006,-0.00413104379813678,23.6152,4.200000000000003,3.39,1.3200000000000003
2002-02-01,1.2156093118598221e-4,0.003954941165918768,1.1522468260949381e-4,0.003630765721208462,0.006237385420844177,0,-0.02353049741019575,-9.403850154967586e-4,40.2,7.511524648390866,7.488293515159428,-0.006402724798379111,0.001608430463663879,-0.0033762511682580154,0.014201123064982113,0.012780406230964658,-2.850153648203957e-6,-0.017391742711869718,7.803494400482336e-4,0.03553323121968477,0.010000000000000009,0.07000000000000006,-0.1299999999999999,-0.040000000000000036,0.019999999999999574,-0.0352933706752081,24.6684,-2.299999999999997,3.1900000000000004,1.38
2002-03-01,-6.29800460439256e-4,-1.9459579734437682e-4,0.0072123326949231625,-0.004945016725868001,-0.0028368915224525892,0,0.04028049455214955,-1.0709177009893267e-4,40.5,7.403670290012373,7.43307534889858,0.002349184394160986,-0.0032040956205605653,0.005476304658457387,-0.008890505980476249,-0.0059208891057522806,0.001118235796129241,0.021791482859168987,0.0010272314254589077,0.11036869548076433,-0.010000000000000009,0.07000000000000006,0.3700000000000001,0.2999999999999998,0.21999999999999975,0.04713309049691006,21.014,5,3.49,1.2999999999999998
2002-04-01,0.001245827743014516,0.005323807441850015,0.004871002165678817,0.011434994453589198,0.010972418237567894,0.20000000000000018,0.03279758833557267,-8.188661075863024e-4,40.6,7.3727463664043285,7.419979923661835,-0.00764290896947184,-0.002128802728149637,-4.458042498178827e-5,-0.0072049976215406986,-0.003138441809639403,0.0016667284637854607,-0.03405000505961464,0.0014658978355903685,-0.09031313086628767,0.020000000000000018,-0.08000000000000007,-0.07000000000000028,-0.04999999999999982,-0.08000000000000007,-0.03695493158305485,21.8145,-2.700000000000003,3.5,1.2699999999999996
2002-05-01,0.002758598486009234,-0.003879142033414773,0.0040096284673607485,0.0020726772973311824,-0.007787753624585392,-0.10000000000000053,-0.04832434373478378,1.301450353423661e-4,40.6,7.475339236566737,7.447751280047908,0.007397744983891563,0.004732341577879495,0.0011532554626008107,0.001774353493547487,0.0029633135877507044,-0.0033569520741476566,0.014154257365344591,-0.0035183843294941397,-0.044875406180285626,0,0.020000000000000018,-0.04999999999999982,-0.009999999999999787,0.0600000000000005,-0.029830888753241247,22.63,3.9000000000000057,3.43,1.3399999999999999
2002-06-01,0.002445983284040665,0.003353568731504275,0.008215019236447851,0.0032524026200828615,0.0052199649447111085,0,-0.05477380064037973,3.1380953549664525e-4,40.7,7.448333860897476,7.471932078245122,0.0013376469716694928,-2.3852513807476328e-4,2.3628945326237272e-4,0.002778516753605409,4.607090977017947e-4,-5.57879377479864e-4,0.010339711593939427,5.901004752120187e-4,-0.08526460289006765,0,-0.030000000000000027,-0.23000000000000043,-0.1200000000000001,-0.13999999999999968,-0.06234372661309351,28.599,-4.5,3.2299999999999995,1.3200000000000003
2002-07-01,-0.002996327054283654,0.0066048707826684705,-3.2197063949990223e-4,-0.0027907294297673246,0.01323110340096001,0,-0.0031039859375905365,-6.889794191149434e-4,40.4,7.411556287811163,7.460490305825338,0.001491017367366787,0.003147719667969895,-2.1139164135952626e-4,-4.6026267421517275e-4,3.3762726366148854e-4,0.0016677470823447393,-0.027315845649908077,9.544885076619991e-4,0.1112645865610924,-0.020000000000000018,-0.020000000000000018,-0.27999999999999936,-0.09999999999999964,-0.04999999999999982,-0.11530219013361975,38.4972,-4.300000000000011,2.9700000000000006,1.37
2002-08-01,-1.9187016096822163e-5,0.0014557442658729158,-0.0011111535235635017,0.009556459081204949,0.0060451551968423445,-0.09999999999999964,0.019497795713267152,-7.657993988274825e-6,40.5,7.398174092970465,7.43543801981455,-0.014906614335675528,-1.291663202760418e-4,-0.007096964220189683,0.0031398923136309875,-0.0037850616332200104,5.492318606146185e-4,-0.028594664611591547,-2.399705805373742e-4,-0.0020772117559504366,0.010000000000000009,-0.05999999999999983,-0.39000000000000057,-0.16000000000000014,-0.3200000000000003,0.009867160787155882,37.2527,-0.5,2.6399999999999997,1.21
2002-09-01,5.723655361045132e-4,-0.004635528489989049,8.486486965990636e-4,-0.008606680974896364,-0.01700373273065381,0,0.03960173811502621,-6.051669181381669e-4,40.5,7.4977617006225685,7.497207223203318,0.01761082332182884,-0.0032829763688457803,1.464421949322059e-4,-0.0019263265362052806,-0.003111991669065617,-0.0011132566975851077,0.03870240283328297,-1.6032060219206556e-4,-0.007620738178844455,0.010000000000000009,0.009999999999999787,-0.3899999999999997,-0.21999999999999975,-0.17999999999999972,-0.05027008178568604,41.656,-1.5,2.24,1.25
2002-10-01,0.0016959900728092947,0.004072708886265097,-0.002084836336934792,-0.004621011567330413,0.006652459622841889,0,-0.0048959706122069235,8.731618201807123e-4,40.3,7.4073177104694174,7.4949862339505335,-9.698231825829851e-4,0.0036332751824552645,0.0013199357452089444,0.002951917518324798,0.0013010551182386365,5.492754656621912e-4,9.766513559963386e-4,2.2796092643773136e-5,-0.07247820391945625,0,-0.04999999999999982,0.06999999999999984,0.16999999999999993,0.33000000000000007,-0.0153041699542662,41.3973,-5.5,2.36,1.4100000000000001
2002-11-01,0.0021772661020555972,0.002852012737915466,0.0055865759173183704,0.010657168552732799,0.001652694479453487,0.20000000000000018,-0.03826901891867074,-7.656000581945932e-6,40.4,7.469083884921234,7.479299637782834,-0.0019427032568453129,0.0010157017935483736,0.007430139637202515,6.713127584498935e-4,0.0034384849695818787,-5.55685554776808e-4,0.043255221764055385,-8.352572030698724e-4,-0.06565594790803786,-0.4099999999999999,-0.3500000000000001,0.10999999999999988,-0.010000000000000675,-0.11000000000000032,0.06269904673916393,32.005,3.6000000000000085,2.82,1.3100000000000005
2002-12-01,0.0022150485121841257,0.006523483024530208,-0.005576627290919234,-0.007792600453004894,0.011360449447119336,0.09999999999999964,0.054697742544425054,-0.0011567292666772033,40.5,7.488852955733459,7.547501682814967,0.004084673735982314,-0.005204233551378223,0.005789207530512819,-5.746429856401392e-4,-1.635121455993982e-4,-2.7320575526346147e-6,-0.02968059515360366,-2.696028115156679e-5,0.20692950073250316,-0.10000000000000009,-0.040000000000000036,-0.019999999999999574,-0.09999999999999964,-0.16999999999999993,-0.011884436576053758,31.8309,2.5,2.8400000000000003,1.2400000000000002
2003-01-01,-0.0027888571906107273,-1.360396149463483e-4,0.00848540572389922,0.005861756369865745,0.006991127078331161,-0.20000000000000018,-0.04758389140554975,8.274657801727869e-4,40.3,7.52456122628536,7.4999765409521215,-0.002923198406774574,0.0019497683863622939,-0.015278495804119885,-0.004834747040762366,5.594828555430809e-4,0.0027392583790168956,-0.01915723459413954,0.002021819288494875,-2.3410189964057082e-4,0,-0.020000000000000018,0.019999999999999574,-0.040000000000000036,-0.10000000000000053,-0.0037214112986045933,30.6685,-4.299999999999997,2.88,1.1799999999999997
2003-02-01,-0.0035451000479085337,-0.0032295676334177514,0.0011874209279270076,-0.011113952009345951,-0.01381718772746332,0.10000000000000053,0.039707449595113076,-0.001011440085614268,40.3,7.395721608602045,7.5251007461258,0.0030402225959598184,5.498899744313945e-4,0.002285041956272771,-0.001383829805379655,3.1551821628106325e-4,0.0010707236080316207,0.03710764571798286,0.0012172708753785955,-0.02779944278150559,0.020000000000000018,0,-0.1499999999999999,-0.21999999999999975,-0.29000000000000004,-0.06790191345952046,36.5405,-2.5,2.73,1.1099999999999994
2003-03-01,0.0014757589379161828,0.00572973878426275,-0.002631971347628159,0.009075046467570402,0.012152930382056226,0,0.03912712838881305,-0.0015805063978451273,40.4,7.453561871643373,7.471363088187097,-0.007954085495972762,-0.0027438675536508583,0.0036873048547745313,0.005633466201905968,-2.6103450183079246e-4,-0.0038288566016362324,-0.025658120485101854,-0.0016373616767477728,-0.15207799492119722,-0.010000000000000009,-0.040000000000000036,-0.08999999999999986,-0.0600000000000005,-0.10999999999999943,0.011403851179016655,35.1947,-2.3000000000000114,2.68,1.0600000000000005
2003-04-01,0.0041106909688544135,0.004711561497479089,-0.005974715309085887,-0.002899399109553613,0.0030351876115322085,0.09999999999999964,0.020495130631589475,-4.838579702468593e-4,40.1,7.404279118037268,7.497207223203318,0.007708855239821233,0.002853993092143625,-3.717039830686275e-5,0.001171970794283439,0.004004454614555897,-0.005446332794130981,-0.04191438937665204,-0.00426333098671261,-0.10507897769874042,0.010000000000000009,0,0.1499999999999999,-0.14999999999999947,-0.10000000000000053,0.049991406703177255,27.1423,8.400000000000006,2.83,1.1099999999999994
2003-05-01,0.0073345522641456995,0.003209539664832839,-2.7277943080949996e-4,0.008732372037075109,0.001956203792458311,0.09999999999999964,-0.028482018284679,1.8435445268139006e-4,40.2,7.467942332285852,7.51479976048867,0.0063311733587188,0.0037731318070708397,-3.169117995840409e-4,-0.009747258097695166,-0.001151446505330611,0.0021747825270352905,0.06026564382202704,5.520700058783135e-4,0.1680419999190339,0,-0.05999999999999983,-0.3900000000000001,-0.5200000000000005,-0.46999999999999975,0.050317570498433106,22.5485,6.099999999999994,2.5,1.1600000000000001
2003-06-01,0.0032499157894001485,0.005344303191693989,0.0012771147115513415,0.00931853092119539,0.013893827024062944,0.20000000000000018,-0.0053207338058811615,-8.449157201617652e-5,40.3,7.532088143541722,7.536363938404511,-0.005358569568086224,-0.003908506567805503,-0.00394143826466653,0.005078055863783959,-0.0038382129600869064,0.002731793126854676,-0.030763707051649547,0.0022308971295732505,0.09162326249943487,-0.040000000000000036,-0.15000000000000002,-0.23999999999999977,-0.25,-0.1899999999999995,0.05410995722617873,22.349,-2.3999999999999915,2.41,1.2200000000000006
2003-07-01,9.018988056936905e-4,0.00450297729728355,0.005125135550598792,0.007572937362400722,0.008598441116733468,-0.09999999999999964,-0.024603701308953063,-7.681406003712254e-6,40.1,7.5480289699350145,7.541683099882111,-0.004508120374993041,0.001616710931649834,0.0018099313335930844,0.011839479797531638,4.2428814690431693e-4,0.0021786442569711184,0.01726264534354094,0.001851061385676367,-0.08642062023525598,-0.20999999999999996,-0.020000000000000018,0.6499999999999999,0.5200000000000005,0.4299999999999997,0.004584616268365593,21.2068,1.2000000000000028,3.08,1.13
2003-08-01,0.0015783327649980805,0.008813436396376773,-0.002184157819974608,-4.107657103915585e-4,0.011363014781787584,-0.10000000000000053,-0.027844597967490614,-2.3815285684669618e-4,40.2,7.513709247839705,7.583756300707112,0.0018275080883434214,0.0017590961553892726,9.583526153678079e-4,-0.017526173379805776,6.795978521854096e-4,0.0010739307188858405,0.0122368130715369,4.397795675394889e-4,0.02532423381857818,0.020000000000000018,0.04999999999999993,0.4700000000000002,0.3899999999999997,0.3899999999999997,-0.003037231090607939,20.829,-1.6000000000000085,3.5,1.13
2003-09-01,0.001457009666806286,-0.0029115184273909023,0.006426751702139022,0.004059257007915207,-0.002242224583676844,0,-0.011813634941924889,7.680314963209867e-4,40.5,7.569927655242652,7.581209826196346,-0.006271935563730402,-0.01403920421624072,-0.004310728153765986,0.002262497300932864,8.407117671573872e-4,-0.0010987151606309808,-0.016144972368000055,-2.539018435090412e-4,-0.13695769967706806,-0.020000000000000018,-0.010000000000000009,-0.1800000000000006,-0.16000000000000014,-0.21999999999999975,0.02977865297839788,20.6823,-1.5999999999999943,3.3299999999999996,1.0700000000000003
2003-10-01,0.003820758705046501,0.0016156162056493173,0.0012308567584176089,0.002360689873707855,-0.0023981549728251395,-0.09999999999999964,-0.03473017860113359,0.0014346379233298734,40.6,7.584264818389059,7.60688453121963,-1.5447541186563996e-4,0.002899928519479289,0.004840538293874985,-0.0035779713744030772,4.6863654561590806e-4,-0.004327837285243774,0.040253722997464436,-0.0029924989681751057,0.17996116588753175,0,-0.019999999999999907,0.020000000000000462,-0.019999999999999574,-0.05999999999999961,0.018745356169324268,19.1843,1.8999999999999915,3.37,1.0300000000000002
2003-11-01,0.005756973218096206,0.005726289215321145,0.006682592049196856,0.0038593274212548323,0.004109516892226495,-0.20000000000000018,-0.05101777434172483,3.1427137208162037e-4,40.9,7.641564441260972,7.559038255443384,5.387660607141243e-4,0.002502432879165184,0.0028524288263573894,0.008450345423233863,-0.005777294073238792,0.0016217678716188288,-0.014771231138927199,0.0011353689309068216,-0.044880034016841375,-0.010000000000000009,0.010000000000000009,0.009999999999999787,-0.04999999999999982,-0.07000000000000028,0.010696108447547203,17.8389,4.1000000000000085,3.3699999999999997,1.0099999999999998
2003-12-01,3.7265234113093015e-4,0.001314786273705515,2.959460294098548e-4,-0.0028316097143061825,0.004229054767103335,-0.09999999999999964,-0.013171767556569236,8.273643556204746e-4,40.7,7.6290038896529575,7.594381242551817,0.004449247652250854,-0.0011855368110254005,0.0040025725089360975,0.007570068683454778,0.0048059388493584265,0.0021583702839196306,0.0017626476015211168,9.402660999189294e-4,0.008777324242793316,-0.020000000000000018,-0.030000000000000027,-0.03000000000000025,-0.03000000000000025,-0.0600000000000005,0.028858536676307445,16.3754,-1.1000000000000085,3.3699999999999997,0.9799999999999995
2004-01-01,-0.001942975363435906,0.0032401332269911265,0.001520626219034149,-0.004999228575796266,0.004284097178603119,0,0.005428366033575216,0.0012780043446785072,40.9,7.555381944240273,7.5766097669730375,-0.005603569099050354,0.0016454437451667303,-0.016038529284957193,-0.010206374382684125,5.407397698355965e-4,0.0016043385908881547,0.019456983690707474,0.0016566758463305575,0.03033165858992337,0.020000000000000018,-0.020000000000000018,-0.11999999999999922,-0.08000000000000007,-0.15999999999999925,0.04689178004819983,15.834,11.200000000000003,3.2700000000000005,0.9000000000000004
2004-02-01,0.0013150359243443432,0.0020279338386153256,0.00601430610916065,0.0077235350415509885,0.006344218747933894,-0.10000000000000053,0.0015257649121238614,4.893415395681444e-4,41,7.520776415062797,7.583756300707112,0.011875877391589462,0.005140547618026403,0.002570726986861338,0.006194422475461536,-0.002352061199854205,-0.0021586226199197256,0.018188731692441173,-0.0017332076159419785,-0.050236460276448014,0.010000000000000009,0.050000000000000044,-0.07000000000000028,-0.040000000000000036,-0.17000000000000082,0.009526057589642534,15.9247,-9.399999999999991,3.15,0.7699999999999996
2004-03-01,0.003609898036931014,0.005695421926364297,-0.004008755848768253,0.023206756423938657,0.018116331173004596,0.20000000000000018,-0.05337446059137463,0.002435496834870321,40.9,7.599901959208498,7.633369649679584,-0.006213509757932556,-6.265004426602161e-4,0.0035327758956675837,-0.0032256487636947995,0.0024210261783501608,-4.590207765886589e-6,-0.04685419509819777,-5.851603658681981e-4,0.0428971117480863,-0.010000000000000009,0.009999999999999898,-0.25,-0.16999999999999993,-0.15999999999999925,-0.01709533813402242,17.733,1.3999999999999915,2.89,0.7800000000000002
2004-04-01,0.0032205124817945574,-8.190807252397292e-4,0.0037074991758068165,-0.010711063244652763,-0.0068511962477426636,-0.20000000000000018,0.018109875597309255,0.0020795967136866267,40.7,7.602401335665818,7.635303886259415,-0.002428268186160487,7.564072190966442e-4,0.00391610373118656,-5.024492202387876e-5,-0.002369964264616442,-5.380462080903925e-4,-0.01350742423254303,3.1275248365503217e-4,-0.058424595794823286,0,0,0.5199999999999996,0.40000000000000036,0.34999999999999964,0.008310714370073136,15.7881,-1.5999999999999943,3.4099999999999997,0.7299999999999995
2004-05-01,0.005259485661714081,0.005253850305810381,0.007197750706737338,0.00278090577716128,0.012062638381983959,0,-0.03521439168539864,0.002166403364885383,41.1,7.591357046698551,7.673223121121708,-0.002705892106480867,0.005677129001790959,-8.402855017521915e-4,0.0031580098767953757,2.4297962438524223e-5,0.002657720822680787,-0.03779384286722287,0.0013919430741236027,0.09525688860346682,0,0.08000000000000007,0.3700000000000001,0.3099999999999996,0.29000000000000004,-0.027352407740604434,18.076,-4,3.6999999999999997,0.71
2004-06-01,9.987465722147704e-4,-0.00514980286008182,-0.007832838806188569,-9.30257833783088e-4,-0.006323634658173205,0,0.03736570122791072,7.362680651858966e-4,40.8,7.510977752014095,7.61085279039525,0.0066503602484146995,-0.011962678553359751,0.0025081622310416662,0.00968422817604253,-7.77356438881327e-5,-5.473099907735701e-4,0.029697233652656863,-3.987493658250685e-4,-0.1510935602732495,0.030000000000000027,0.25,0.010000000000000675,-0.03000000000000025,0.03000000000000025,0.026822868251062282,15.0452,5.3999999999999915,3.4600000000000004,0.7700000000000005
2004-07-01,0.003528476616946108,0.00875313111618059,0.007443879683666665,0.0014762811771937834,0.008228033172617444,-0.09999999999999964,-0.017341475036486642,4.475681573072876e-4,40.8,7.601901959875166,7.655390644826152,-0.008441501308094068,0.001749909460246002,0.0011314853414239323,0.0030553028107860314,-0.002057563051408806,-0.00265434619923699,0.03342251919361239,-0.0019210285154924733,0.12561275574339348,0.22999999999999998,0.06000000000000005,-0.23000000000000043,-0.1899999999999995,-0.16000000000000014,-0.024042862566822976,15.6685,1.1000000000000085,3.17,0.7999999999999998
2004-08-01,0.003980155136092733,0.0036931512865940874,6.709667193680602e-4,0.008645911724688204,-0.001570143834980442,-0.09999999999999964,-0.00658137658929725,6.596081257228548e-4,40.8,7.6128310304073565,7.628517626575055,0.011434326284351037,0.002134703573622332,-0.008885428325430489,-0.005029732453527558,0.001966208079082321,-5.295202035817681e-4,-0.038528909505110676,-4.135511170151318e-4,0.03147587979026989,0.16999999999999993,0.1499999999999999,-0.21999999999999975,-0.16999999999999993,-0.16000000000000014,-0.015409524018366483,16.5927,-0.7999999999999972,2.8000000000000003,0.8099999999999996
2004-09-01,0.0012275286297231958,0.0064399472310929795,0.0012701843581544026,0.004092226451861691,0.019897640094626468,0,-0.010324575488777299,0.0011438052081960137,40.7,7.552237287560802,7.621195162809845,-0.00398173305743299,0.0011950531975948309,0.006713625889202213,-9.403241288215014e-4,0.0034083796506312325,0.0026375486046843477,0.01172164527396724,0.0014614059249469236,-0.07712032269907221,0.18000000000000016,0.16999999999999993,-0.15000000000000036,-0.1900000000000004,-0.1900000000000004,0.02603246797633041,13.8804,-1.7000000000000028,2.48,0.8099999999999996
2004-10-01,5.319577119280439e-4,0.0023454440325085812,0.008495312737233363,0.0021141869768257493,0.0032393938272505807,0.09999999999999964,-0.009683502111165865,0.0025706760665453743,40.6,7.6362696033793735,7.64826303090192,-0.006183331641457457,-0.0010946239959146453,-0.004353666997038985,-0.0012696160510694554,0.0024277655750601923,0.0020886432803086663,0.05712426464317044,0.0023108389155916953,0.12296230961664323,0.1499999999999999,0.1100000000000001,-0.03000000000000025,0.009999999999999787,-0.05999999999999961,-4.0270799293207205e-4,15.1847,-2.5,2.34,0.7400000000000002
2004-11-01,-0.0026496811516700802,0.0017936083676275416,0.0024803554509942316,0.0018278138517420217,0.00639755795505792,-0.09999999999999964,-0.015843409484725512,5.510785803863882e-4,40.5,7.485491608030754,7.639642287858013,0.008844095590343493,-1.9040702439099277e-4,0.006374862105302803,0.00629929492092085,-0.005111400002954625,-5.489818009465353e-4,-0.06779774696456986,-4.3920712709422105e-4,-0.2371909167356283,0.16999999999999993,0.30999999999999983,0.09000000000000075,0.04999999999999982,-0.009999999999999787,0.045262849255496285,14.05,1.0999999999999943,2.1200000000000006,0.6800000000000006
2004-12-01,0.033232027873566494,0.006536550553424725,0.007936241000935595,0.015468315678328182,0.012870765034355358,0,-0.01070346609935946,9.429230556854407e-4,40.6,7.621684998724611,7.641084249174914,-0.0073882999286460915,-0.0013082067281882104,-0.0011033755613913954,3.100973145375718e-5,-3.1365896357016254e-4,-0.0047058910374122576,0.022572689331608053,-0.003313702150065545,-0.019890454562089488,0.2300000000000002,0.1200000000000001,0.040000000000000036,-0.04999999999999982,-0.04999999999999982,0.02556565141095568,13.014,4.299999999999997,2.0400000000000005,0.6800000000000006
2005-01-01,-0.02767726013242644,-0.0020981857133781645,0.0035900791158702816,0.003610332137123251,-0.010527325589341885,-0.10000000000000053,0.05430183107076125,0.00114539781182188,40.7,7.670428522190693,7.668093709082406,-0.007798027451656253,-0.0018567849898563082,-0.008917371486543146,0.006718156944402587,-0.004809664940902181,-5.217845148388633e-4,-0.003642148101406839,7.78691924049113e-4,0.1897857826142606,0.11999999999999966,0.14000000000000012,-0.010000000000000675,-0.10999999999999943,-0.13000000000000078,-0.014954366275299336,13.512,-1.5999999999999943,1.8899999999999997,0.6599999999999993
2005-02-01,7.050720050756354e-4,0.004418752771057299,0.007232846062771081,3.2025044886019316e-4,0.012484309505705227,0.10000000000000053,-0.0966943639032305,0.001896063228395306,40.7,7.699389406256737,7.656337166430183,0.009410660980005758,2.786302016524189e-4,-0.0015534036286535269,-0.005094545286733698,0.01133362376889302,0.004688457209685026,0.014182789697165354,0.0014661057901141916,-0.054054026193242954,0.2200000000000002,0.20999999999999996,-0.04999999999999982,-0.16000000000000014,-0.1999999999999993,0.015304535527348229,11.5626,-1.4000000000000057,1.63,0.6200000000000001
2005-03-01,0.003329128264871528,0.0015985603776709212,-0.0013521797796176571,-0.006844296177876075,0.00267388457159079,-0.20000000000000018,0.06293338435634332,8.94115054775213e-4,40.4,7.530479995245536,7.631431664576906,-0.003067508345417913,2.0004133610207475e-4,0.003747382364027274,0.00409410750752226,-0.005193001536046182,-5.350214919834784e-4,4.8289563172598804e-4,2.1353163290882549e-4,0.10029427974832572,0.1299999999999999,0.20000000000000018,0.33000000000000007,0.20000000000000018,0.23999999999999932,-0.003950676042554946,12.8804,-1.5,1.7599999999999998,0.6599999999999993
2005-04-01,0.0033861904133907217,0.00646878195942957,0.0021501954438223336,0.014994054536343171,0.008988269020393957,0,-0.026863642269548293,0.0027524570103238943,40.4,7.630946580890459,7.673223121121708,-0.009014042964017754,6.325744734745342e-4,0.0018063167031776572,-0.0016060573659482102,-0.0012206148815057105,-5.292702243808733e-4,-0.031308820741870136,-1.927171607878364e-4,-0.1477945827019287,0.16000000000000014,0.03999999999999959,-0.16000000000000014,-0.07000000000000028,-0.009999999999999787,-0.0258308029739851,14.0571,-4.8999999999999915,1.56,0.7199999999999998
2005-05-01,0.004418769059157057,-0.0013629857746124685,8.997205268519437e-4,-0.001913375122768457,-0.005762124063858565,-0.10000000000000053,0.01168884425031358,0.001272417165177231,40.4,7.613324979540639,7.642524134232902,0.014739146458425445,5.668741382081066e-4,-0.001422443925211958,-0.003394000605958958,-0.003481117553054247,-0.0036187765489552604,-0.03351468261600399,-0.0022343795274961664,-0.03876710741514655,0.20999999999999996,0.06000000000000005,-0.20000000000000018,-0.17999999999999972,-0.040000000000000036,0.011824051087475418,13.179,-0.7999999999999972,1.2999999999999998,0.8599999999999994
2005-06-01,0.0026080197864448706,0.008758161590810332,0.004487529157463754,0.009425967339701913,0.030060115533558474,-0.09999999999999964,-0.0038299548922999804,0.0019279923472090843,40.4,7.63433723562832,7.686162303492906,0.004689974589605406,0.0023761206604433482,0.0043632331531293644,-0.0036244050865432698,0.006092011207703862,0.0010327911409468982,0.0419203846600924,6.088397800230183e-5,0.18379572435269154,0.040000000000000036,0.13000000000000034,-0.13999999999999968,-0.1900000000000004,-0.14999999999999947,0.02013905318857301,11.2418,9.099999999999994,1.0299999999999998,0.9000000000000004
2005-07-01,0.0014984721214030827,0.007156174131843329,-0.003171466288216962,-6.576335043284587e-4,0.006826792163325379,0,-0.004152893763695431,0.0026319042059519404,40.5,7.627544390488503,7.697575346802343,-0.018344613168803647,-1.627497047227422e-4,-0.002709081043767547,0.008392205429186284,-0.0011046086817945167,0.005659640530090826,0.008350063635806038,0.003601633798144377,-0.07891066699605798,0.21999999999999975,0.25,0.17999999999999972,0.09999999999999964,0.08999999999999986,0.01649043963527763,10.489,0.5,0.9599999999999995,0.8900000000000006
2005-08-01,0.0017609373377478477,-0.004443409475758386,0.003253788346562203,0.0024580095600921226,-0.011624489914614955,-0.09999999999999964,-0.0270265610106577,0.0015104000966665865,40.5,7.647308832356238,7.704811922932594,0.014482891876191673,1.2845496742741602e-4,-0.0030695138906988717,-0.009114099847205459,-0.0012710295308195896,-3.7909411778613844e-5,0.006113482890016897,-1.9985756720597436e-4,0.05902997428604895,0.2400000000000002,0.21999999999999975,0.08000000000000007,0.03000000000000025,0.009999999999999787,0.0016595071885090462,11.9852,-7.400000000000006,0.8199999999999998,0.8700000000000001
2005-09-01,-0.0032066460125346197,-0.003941502375917949,-0.0195638287695461,-0.004835840792269508,0.0029604085857233287,0.09999999999999964,0.1924312733071929,3.791018305463467e-4,40.7,7.67368812926773,7.724446645633537,-0.005827010578189906,1.2641855309070138e-4,0.006877190543925771,-5.863108680790319e-4,-0.0028429252135726557,0.007536434331387731,-0.006593778062459421,0.005578274832137353,-0.09229324867530053,0.1200000000000001,-0.020000000000000018,-0.05999999999999961,0.040000000000000036,0.07000000000000028,0.0013468345307261487,11.959,-12.199999999999989,0.7800000000000002,0.9000000000000004
2005-10-01,0.00581691349245439,0.0026913242793478176,0.012064329407210472,-1.1836370644324745e-4,4.5444218005386006e-4,0,-0.08318283847568786,6.612258178417818e-4,41,7.632885505395133,7.682482446534506,-0.002104913161345756,-2.6147069359439e-5,-0.007510529954449119,0.008553589151869545,6.834164321229963e-4,-0.012166644172496355,0.04939068023067428,-0.008006662327802339,-0.05922653312058479,0.1599999999999997,0.29000000000000004,0.2599999999999998,0.21999999999999975,0.2699999999999996,-0.028092571497019492,14.5823,-2.700000000000003,0.75,0.9500000000000002
2005-11-01,0.00655181885345435,0.0029434702231876386,0.01117751662149491,0.01364342485327441,0.008769081370104459,0,-0.10450908946760862,0.0026405397293398636,40.9,7.671826797878781,7.704361167910313,0.0012338115574630493,-0.0025749144511237887,0.008860026742019578,-0.005608501882290895,-0.0012107329951298595,-0.006543174213322622,-0.021480093410120915,-0.003688713215953321,-0.01744841344408865,0.2200000000000002,0.16999999999999993,0.08000000000000007,0.07000000000000028,0.08999999999999986,0.03738914840433871,11.6061,7.3999999999999915,0.6600000000000001,0.9699999999999998
2005-12-01,0.003476099918291453,0.0038947962563389282,0.005151693564231508,0.005736775154536744,5.179410781241955e-4,-0.09999999999999964,-0.0026828707009993735,0.0011770934557198132,40.8,7.597897950521784,7.659171367666058,-0.001018266399004375,0.0015349432243265682,0.0040545049995319715,0.004691730099103175,0.0010961587932047934,0.005035257365645585,0.027965368473852337,0.0020908945587692074,0.08667935320370823,0.16000000000000014,0.010000000000000231,-0.07000000000000028,-0.04999999999999982,-0.0699999999999994,0.019765070655174632,10.9238,9.900000000000006,0.5799999999999996,0.9500000000000002
2006-01-01,0.012116904987502508,0.005177735086814295,0.0015766002009156566,0.0052405420678312,0.028335947003347073,-0.20000000000000018,-0.06749273303500125,0.001980901218367137,41,7.728855823852543,7.701652362642226,0.005085504806965346,0.002244644463429424,-0.010656943959195253,-0.0010391238934666092,0.015475444124882998,0.006039273514243604,-0.035290234256756925,0.004836057785718495,0.07820659734309299,0.1299999999999999,0.3500000000000001,-0.04999999999999982,-0.08000000000000007,-0.08000000000000007,0.013114167795042597,11.7115,-0.29999999999999716,0.17999999999999972,0.9500000000000002
2006-02-01,0.005181969024683042,0.002090478086955727,4.215001803382634e-4,0.0023672550538282877,-0.007587396540673197,0.09999999999999964,-0.01705071145972248,0.00224962017302488,41,7.6586995582682995,7.669028288589683,-0.00457431254015539,-0.002656474866537195,-4.987036322425809e-4,-0.002752172846069989,-0.01675534817628055,-0.005537643205254739,0.009041981636581653,-0.004237678179788595,-0.1584576911348501,0.20000000000000018,0.1899999999999995,0.15000000000000036,0.05999999999999961,0.02999999999999936,-0.0016279382787409702,11.8673,-4.5,0.14000000000000057,0.9199999999999999
2006-03-01,0.00427371399375609,0.0020983038282791355,0.002252114659746063,0.0016848898837427129,0.0038425191588782326,-0.09999999999999964,0.03713506857886628,0.002244570739286189,41.1,7.585281078639126,7.658227526161352,0.004273957598981859,-0.0014894311335194033,0.005569599100242684,6.106634632825347e-4,0.004068825185131075,0.0010017525850427589,-0.04772890514881567,0.0013379145507030898,0.0814514365018777,0.09999999999999964,0.08000000000000007,0.14999999999999947,0.1800000000000006,0.14000000000000057,0.013297788924127474,11.1908,2.200000000000003,0.20999999999999996,0.8799999999999999
2006-04-01,5.225742562355862e-4,0.0017776700164136017,0.0030320784432706915,-0.009494221571543449,0.004911031606351202,0,0.006112185543834414,0.0012635725517160523,41.2,7.507141079727608,7.599901959208498,-0.004778426869569863,0.0033799940031311593,-0.007551242279611792,0.005712582263535104,-8.831753571900691e-4,0.003491632486491092,0.14175085523676945,0.002697949101232666,0.08211327301178883,0.20000000000000018,0.08999999999999986,0.27000000000000046,0.3099999999999996,0.2699999999999996,0.006494855086375928,11.1636,-1.5,0.39000000000000057,0.8399999999999999
2006-05-01,-7.6233183683172e-4,0.0016773632870936694,2.541145564114444e-4,0.008184545527059939,-0.003385027575525612,-0.10000000000000053,0.09168041175374597,3.009649251772828e-4,41.2,7.571473648851271,7.552237287560802,0.005492027085613138,-0.004540631693355834,0.005304469802890566,0.0011107807535140068,-0.0020420362736786046,-0.0020099385370686562,-0.003235231374173253,-0.0019516853867367345,-0.08473305784898422,0.15000000000000036,0.1200000000000001,0.1200000000000001,0.11000000000000032,0.07000000000000028,-0.009382133337926923,13.4881,-8.300000000000011,0.39000000000000057,0.7999999999999998
2006-06-01,0.0012310897807044086,5.463585340521604e-4,0.0031614092164247154,-0.002756493010446448,0.005448187223395351,0,-0.085441678663571,6.309981719656577e-4,41.2,7.496652438168283,7.532088143541722,-0.012732578511945647,0.004577612543528176,-0.004439032107432794,-0.0025904859654550805,-0.008576046526876269,-5.043015696912789e-4,-0.20571934487251564,-2.1999817051021608e-4,-0.01749572523920051,0.04999999999999982,0.07000000000000028,0,-0.0600000000000005,0.03000000000000025,-0.028973629189040118,15.8913,5.800000000000011,0.3200000000000003,0.8900000000000006
2006-07-01,-8.178099617115464e-4,0.005628294238094966,-5.127465055316804e-4,-0.004350356327577742,0.003190503495511976,0.10000000000000053,0.04261416830441078,0.0014219540334252656,41.4,7.459914766241105,7.47477218239787,0.0063591632390993524,5.059532541604739e-4,-8.622889041873805e-4,-0.0033441503952369445,0.010285785562668792,0.0029553636384971327,0.1043317338437939,9.489423656416918e-4,0.04719211475199803,0.25,0.16000000000000014,-0.020000000000000462,-0.040000000000000036,-0.020000000000000462,0.005625837923097343,14.522,-0.20000000000000284,0.13999999999999968,0.9100000000000001
2006-08-01,-9.572583342691843e-4,-0.0033247323993936817,0.004379138878333855,0.005591965731383652,0.0038825858719579998,0,-0.014375099445704365,0.0012004891238337478,41.1,7.408530566894626,7.451241684987676,0.002183565901441753,-0.0015230060066926399,-0.0011121355109926512,0.007769403092996896,8.388411746960145e-4,-0.0010102649554042387,-0.04669298407713107,-2.7000886300143634e-4,-0.06592020662030684,0.009999999999999787,0.009999999999999787,-0.20999999999999996,-0.16999999999999993,-0.16999999999999993,0.02112829292352636,12.5604,-2.700000000000003,-0.08000000000000007,0.9100000000000001
2006-09-01,0.005885291093365552,0.006181205695591885,-0.0016629623569395235,-1.81281080932294e-4,-0.00580534613643735,-0.20000000000000018,0.006186077305015303,9.944356300959356e-4,41.1,7.450079569807499,7.411556287811163,-0.005846260439803963,-6.246161540985895e-4,0.0030847225049814853,-0.019101104771294786,-1.515707864196969e-4,-0.009344723028451796,-0.013710109197348608,-0.005764607507067865,-0.11584816741074988,0,-0.15000000000000036,-0.16000000000000014,-0.16999999999999993,-0.16000000000000014,0.02348767609243385,11.397,3.4000000000000057,-0.08999999999999986,0.9199999999999999
2006-10-01,0.005329403506713959,0.004311412689214755,-0.0011474759561265202,7.249272301095289e-4,-5.838168974339197e-4,-0.09999999999999964,-0.0022162427941037066,1.2423495037339194e-4,41.1,7.307202314764738,7.358830898342354,0.010161182847468808,0.0031316217011259084,-0.0016047935788172651,0.009951551709512785,-0.005544606312188449,4.7110267335970235e-4,0.041139785441655086,2.6467826805820494e-4,0.05294607747033453,0,0.11000000000000032,0.010000000000000675,0,-0.009999999999999787,0.0340487625980872,10.7972,8.199999999999989,-0.1899999999999995,0.9100000000000001
2006-11-01,0.005030740909420572,3.5944502076468154e-4,-4.204326283367976e-4,5.795636476175758e-4,0.003074733170105759,0.09999999999999964,0.033505276655635186,0.0015698762292011281,41,7.358830898342354,7.336285660021297,-0.0039501053593662405,-0.0020086659363549586,0.00934761258880723,-0.0015217052697842348,0.00449355044761468,0.0049429184806495385,-0.005257332575913765,0.0027007542415695696,0.08963586701483894,0,0.020000000000000462,-0.13000000000000078,-0.17999999999999972,-0.21999999999999975,0.018357940284173146,10.4842,-1.5,-0.34000000000000075,0.8700000000000001
2006-12-01,0.0058443720257805865,0.0057812605031006825,0.010141747096689357,0.015868534239659837,0.012000431952637669,-0.09999999999999964,-0.0069204428445743815,0.001370712182824363,41.1,7.407924322559599,7.401231264413015,-0.003433424702074639,0.0010202810473067814,0.0034406421557795497,0.0027334753426879743,0.0024806265228907165,0.0049355991027209,-0.0113936440659419,0.0032038056895258293,0.035541516840480014,-0.009999999999999787,-0.09000000000000075,-0.040000000000000036,-0.009999999999999787,0.019999999999999574,0.019807710547122603,10.499,-0.3999999999999915,-0.29000000000000004,0.8999999999999995
2007-01-01,0.001788696573022719,0.0019751565128647286,-0.0033888659943164257,-0.00611752905941465,-0.0016148082800278019,0.1999999999999993,-0.021053409197831385,0.0016234656176923323,41,7.25063551189868,7.3938782901077555,0.006793550791459602,-6.967671463105063e-4,-0.01653327698973417,-0.002446437908403709,-0.007822134236498357,-0.0037728651289015147,-0.009113439108380028,-2.117699478496604e-4,-0.17196294848932814,0.009999999999999787,0.13000000000000078,0.20000000000000018,0.08000000000000007,0.1200000000000001,0.005449604767564509,10.627,5.200000000000003,-0.22000000000000064,0.9399999999999995
2007-02-01,0.004345154911627347,-2.4965375531582623e-4,0.009378469307674386,0.005982241810761124,0.002114168660266813,-0.09999999999999964,0.017187923132254923,6.253863418752559e-4,40.9,7.299797366758161,7.37650812632622,-0.010087636925511845,-0.0031356956436781047,8.33811162788578e-4,0.002491522141860436,0.005806296159990509,0.002212943077307017,0.01898739731373933,-2.330682327444933e-4,0.21058411873416372,0.009999999999999787,0.04999999999999982,-0.040000000000000036,-0.010000000000000675,-0.05999999999999961,0.014388737452099676,10.9205,-5.6000000000000085,-0.3100000000000005,0.8900000000000006
2007-03-01,0.003757738733664695,0.001117013175689685,0.0017786154493029116,0.0012533389598416989,0.00801725060822811,-0.09999999999999964,-0.04224309158778716,0.0016270796064343784,41.3,7.3098814858247865,7.3752557780097545,0.008927267459418076,0.0024952335449803797,0.004748819514693636,-0.0015571851598297215,0.0018587473841460422,0.0013157983596601142,0.037680718232808275,5.49396281167347e-4,-0.06075019396350312,0,-0.08999999999999986,-0.16000000000000014,-0.08999999999999986,-0.010000000000000675,-0.026546662782473085,14.9213,-2.8999999999999915,-0.3800000000000008,0.9699999999999998
2007-04-01,0.0015889643887092575,9.615328285166314e-4,0.006700319901752572,-0.0017257727033150871,-0.002376121801486164,0.09999999999999964,0.03446700263787861,4.571395479917584e-4,41.3,7.306531398939505,7.293017679772782,0.005815872533891486,0.005322870865795082,0.001457942226926967,6.952354391120963e-5,-0.0019035689705582115,-0.0021904780112009803,0.04583137657921377,-0.001301707138297914,0.03307954734907703,-0.009999999999999787,-0.07000000000000028,0.13000000000000078,0.16999999999999993,0.1200000000000001,0.039502242762899265,12.246,-1.3000000000000114,-0.17999999999999972,0.9199999999999999
2007-05-01,5.195717435917402e-4,0.001470187476553697,9.559214748104949e-4,0.00666953497944256,0.012535378729257474,-0.09999999999999964,-0.05125220890920801,0.0010730937303939925,41.1,7.254884810077338,7.30854279753919,-0.006278158287780222,-0.008145446118374977,7.204094234642966e-4,0.005649333752040242,4.148783265254252e-4,0.0011283071749250695,-0.08645895465818931,5.505528114078118e-4,-0.06278405163984857,0,-0.13999999999999968,0.05999999999999961,0,0,0.031937849209096036,12.965,1.2000000000000028,0.019999999999999574,0.9199999999999999
2007-06-01,-3.948760156955444e-4,4.738943453475031e-5,5.768477837078123e-4,-0.0011383288098905098,-0.00788314634168863,0.1999999999999993,0.03535762611608817,5.506009658695632e-4,41.4,7.277938572945661,7.249215057114389,-0.011341741082108392,0.0026481031646437003,-0.0014603184155319582,6.659144135632289e-4,-8.128701425835771e-4,-0.001810404477464722,-0.01694337078380226,-7.823902187942267e-4,0.06942590882971444,0,-0.1200000000000001,0.34999999999999964,0.3200000000000003,0.3100000000000005,0.0020163096477512354,14.8819,-3,0.4899999999999993,0.9100000000000001
2007-07-01,6.915287356257238e-4,0.0030400733157920357,-0.0012002567099926864,-0.0059762921721358,0.0042548304919574065,0.10000000000000053,-0.0062057642075465935,-1.8108528079530117e-4,41.3,7.21081845347222,7.215975002651466,0.011867191902730667,-3.349674212227427e-4,2.380245125346292e-4,-0.0012221883795735522,0.002747208762004405,-5.350597127780077e-4,0.028024978105510634,-5.927997221926162e-4,0.03324184286095999,0.009999999999999787,0.20999999999999996,-0.09999999999999964,-0.05999999999999961,-0.04999999999999982,0.004296688543782068,17.2476,5.1000000000000085,0.17999999999999972,0.9199999999999999
2007-08-01,-6.429628425941303e-5,0.004207703819537834,0.0019240393848489745,0.012473825738407385,0.005254710579977839,-0.10000000000000053,0.021319402017594413,-2.245912991192256e-4,41.3,7.1929342212158,7.186144304522325,6.47254181942003e-4,0.006113334560575723,-0.0012088805254792945,0.005263548415515018,-6.42965560601283e-4,-0.001470779266562694,-0.059448050825452015,-8.437556310711969e-4,-0.11908971814007341,-0.2400000000000002,-0.6200000000000001,-0.33000000000000007,0.05999999999999961,0,-0.04443263293346522,25.12,-7,0.46999999999999975,0.8600000000000003
2007-09-01,0.001356448973682589,8.464713234239696e-4,0.002220126784417964,4.8439663342669803e-4,0.004121544578810088,0.10000000000000053,-0.020840665871851627,6.374178997052837e-4,41.3,7.075808863978387,7.13966033596492,-0.0037110394388015777,-0.007886168744892785,-0.0034995392058432273,0.012797391753347931,-0.0014413977610487905,0.003920367045320283,0.03411285930372987,0.0031634959732969037,0.12350948708927323,-0.07999999999999918,-0.31000000000000005,-0.15000000000000036,-0.04999999999999982,-0.0600000000000005,0.028798564417291672,22.1821,0,0.6299999999999994,0.8499999999999996
2007-10-01,-0.0012515618991635336,7.870455071863347e-4,-0.002824061214514728,0.005298601927520963,0.005853941631832171,0,0.046295183260985695,5.50170494335589e-4,41.2,7.142036574706803,7.083387847625295,0.0031219760487770642,-4.2327487912707795e-4,0.004587303995990055,-0.013465754295117094,6.209784746573632e-4,-0.0011501058443394996,0.03906776710100868,-8.160666726251264e-4,-0.02356415730115735,-0.1800000000000006,0.009999999999999787,0.010000000000000675,-0.08000000000000007,-0.10999999999999943,0.028018350283972815,18.8595,-2.5,0.6300000000000003,0.8200000000000003
2007-11-01,-6.53059318159066e-4,0.00208795280602736,0.005320711796714228,-0.00243066179988638,0.009359259103627338,0,0.02333564678029809,8.246886182927682e-4,41.3,7.087573705557973,7.1098794630722715,-0.008210805462210757,0.0013921408808936775,0.004440993664750259,-0.004706988717551042,-0.0027451418113138004,0.004749669681774371,-0.06888275149656131,0.002260437754967981,0.017679766501633942,-0.2699999999999996,-0.6299999999999999,-0.3799999999999999,-0.21999999999999975,-0.08000000000000007,-0.05080595078666139,26.6571,-4.800000000000011,0.8800000000000003,0.96
2007-12-01,0.004272489952146685,-6.32963344425086e-4,3.4876070631284506e-4,-0.008178672245351848,-0.011411335676964285,0.2999999999999998,0.035665867370884285,7.517547320627926e-4,41.1,6.9440872082295275,7.046647277848756,0.006690547053325169,6.298781497111605e-4,-0.0029029541089187205,0.0028101634729038594,7.143936120215244e-4,-0.004934340679924709,0.010859365289063838,-0.0029785456990047976,-0.12421808321479233,-0.25,-0.27,-0.05000000000000071,0.04999999999999982,0.25,0.01075925977866099,23.0965,-0.5999999999999943,1.0999999999999996,1.1600000000000001
2008-01-01,0.001171231241995585,-1.6416702859345378e-4,-0.0013243734009682484,0.00501531811766931,0.002177299456620929,0,-0.027514655140176814,-2.890319597348423e-5,41.1,6.988413181999592,6.9975959829819265,0.001960353742621379,4.2268006665757696e-4,-0.011384600039006543,-8.626609936577267e-4,-7.688813884119128e-4,5.479519642248576e-4,0.04516771939058195,2.1010469082050065e-4,0.04423162532732672,-0.30000000000000027,-0.25,-0.35999999999999943,-0.16000000000000014,-0.11000000000000032,-0.07033037731565628,28.1161,2.9000000000000057,0.9900000000000002,1.21
2008-02-01,0.0010390072752812785,-0.003465515747414827,-0.003929670898134674,-0.009603096304960701,-0.008864108872041143,-0.09999999999999964,0.023341687001028788,-4.62564785385311e-4,41.1,7.005789019253503,6.921658184151129,-0.0011681546906814333,0.0069611993490728,0.006589437809037868,-0.010323212502842516,0.0028499228785410224,-0.0010268667297195222,0.07488368962229419,-5.266670535615248e-4,0.012280383233086667,-0.96,-0.6299999999999999,0,0.20000000000000018,0.28000000000000025,-0.017479035736156057,27.1565,-7.6000000000000085,1.62,1.29
2008-03-01,0.001189591882308605,0.0024916858794759023,-0.003050488801082274,-0.013341918986307988,0.0028466061537208986,0.1999999999999993,0.04690009676713025,-5.061753499440158e-4,41.3,6.912742820493176,6.874198495453294,0.004036875308191412,-0.0027985979926548055,0.005535754102496959,0.009277747351217336,6.630142111738735e-4,0.001156733255291087,-0.0169610418895898,8.651433741366787e-4,0.0762325617097197,-0.3700000000000001,-0.8600000000000001,-0.23000000000000043,-0.020000000000000462,0.0699999999999994,-0.02839464513284362,29.009,-1.2999999999999972,2.25,1.38
2008-04-01,-0.002829381231398642,0.0016186167882086266,-0.006472955790125745,0.010138667006017954,-9.534508517017315e-4,-0.09999999999999964,-0.010789978800968214,-0.001585262461233583,41.2,6.920671504248683,6.915723448631314,-0.0040523686972804285,-0.003116416900640573,-0.007577539084247853,-0.001626244571587776,-0.001498658517652629,-0.001259934927237083,-0.05707960830396086,-0.0010099092572932733,-0.03742944085710587,-0.33000000000000007,0.030000000000000027,0.17000000000000037,0.040000000000000036,0.08000000000000007,0.03984288306310191,22.5268,-6.899999999999999,2.39,1.42
2008-05-01,0.04152739093576052,0.001861685538252722,-0.006076205184033512,-0.00693712517688283,0.009382516095588045,0.40000000000000036,0.02010256322120796,-0.0013556178654283713,41,6.880384082186005,6.902742737158593,-5.060076777283484e-4,-0.0038804506675393924,0.008772749785656231,-0.012358004659263955,-0.0012571774360630172,0.00358834510261552,-0.05230383424054352,0.0024328353181681805,0.043557891104144986,-0.2999999999999998,0.43999999999999995,0.19999999999999973,0.020000000000000462,-0.040000000000000036,0.02361584897001201,18.7919,-2.8000000000000043,2.15,1.3599999999999994
2008-06-01,-0.02432054567191777,-0.0018499659871116236,-0.0023354873224965544,-0.0013377731630122014,0.0018204489407889213,0.1999999999999993,0.04387077736961409,-0.001110510404492615,41,6.952728644624869,7.07326971745971,0.006569392022423237,7.724010666496639e-4,0.0011618366408390202,0.003640532494355142,-0.0014158423635546313,0.004523666729042475,0.009305035377841442,0.002947388542785312,-0.04196523463915014,0.020000000000000018,0.13000000000000012,0.21999999999999975,0.10999999999999943,0.14000000000000057,-0.04516758070712523,23.1914,-3.3999999999999986,2.2399999999999993,1.3900000000000006
2008-07-01,-0.016256338456758,-0.004828345014150415,-0.003580204065057657,-0.01739528633226861,-0.003617013664772628,0.20000000000000018,0.03776448753251316,-0.001453509754584914,41,6.827629234502852,6.825460036255307,0.0036728937439951537,0.003671730745642421,0.0014931560381823417,0.0047411471899909685,8.107408149786721e-4,-0.003307653403661348,0.0444141093241619,-0.002586203320439573,-0.06955373198517822,0.009999999999999787,-0.2300000000000002,-0.08999999999999986,-0.009999999999999787,0.08999999999999986,-0.06461158997665173,25.6322,4.800000000000004,2.38,1.4900000000000002
2008-08-01,-0.006313326962839483,-1.17768984496891e-4,-0.01582441580561067,-0.007371274678428463,-0.008148036420273286,0.2999999999999998,0.08428572271805201,-0.0020894845412335883,40.9,6.7381524945959574,6.754604099487962,-0.021365843938263573,-0.004217299548688658,-0.007352604174683641,-0.008876456910709152,-0.0036588308743006337,-0.008605650001800136,-0.06585636600458056,-0.0054518321725467445,-0.13115156828960117,-0.009999999999999787,0.09000000000000008,-0.11999999999999966,-0.03000000000000025,-0.009999999999999787,0.01901743149552093,20.9769,1.7999999999999972,2.17,1.5100000000000007
2008-09-01,6.951693123795621e-4,-0.006664721863145928,-0.04504760056956236,-0.02490385622480673,-0.015533713302676944,0,0.0691468242237665,-0.0032776981817814743,40.5,6.709304340258298,6.680854678790215,0.04774851984264217,0.006623768905482663,0.0699979166917819,0.011126692905823354,0.0013190699272680462,0.0023443109079686053,-0.03848121424448614,0.0016406344957058394,0.019410769651135418,-0.18999999999999995,-0.5900000000000001,-0.20000000000000018,0.010000000000000675,0.15999999999999925,-0.051660127954593626,30.7233,7.299999999999997,2.56,1.6599999999999993
2008-10-01,0.006745257609425792,-0.0015425143664575813,0.009892320608246408,-0.009362175033537312,-0.03646266809020027,0.40000000000000036,0.023956429142282687,-0.00343520873969716,40.5,6.655440350367647,6.601230118728877,-0.030022592754099797,0.0044402135863066405,0.15179972671814568,0.02473553031326503,-3.53256038689409e-4,-0.009490342699231213,-0.05491640160062605,-0.00745739925603317,-0.18877315736029843,-0.8400000000000001,-0.45999999999999985,0.1200000000000001,0.6299999999999999,1.5700000000000012,-0.22804481527030163,62.9648,-12.699999999999996,3.14,2.6000000000000005
2008-11-01,0.007088781336170413,-0.003068362618562581,-0.013288653060593347,-0.027664146422141656,-0.04020080540572302,0.2999999999999998,0.08960314083885201,-0.005518046933088883,40.1,6.480044561926653,6.439350371100098,0.01926854032364833,-0.006424388198093212,0.01586791545741395,-0.0429538249040089,-0.0016494687245547368,-0.009228477693260295,-0.006301315047559264,-0.005245505576133347,0.01567061220950361,-0.58,-0.48000000000000004,-0.28000000000000025,-0.16000000000000014,0.33000000000000007,-0.09268769254769094,62.7229,-2.3000000000000043,3.34,3.0900000000000007
2008-12-01,-0.00646779416843124,-0.002910550406759249,-0.028604196853907915,-0.005446870837385376,-0.02352584289965165,0.5,0.08161012929066835,-0.005148130753267921,39.8,6.327936783729195,6.317164686747284,0.028606909147705473,0.015384551910770483,-0.09394714125213355,-0.004237064411350744,0.0012539518663956528,0.009596489038736777,0.06390853307877808,0.006268490251815528,-0.048172491517878946,-0.23,-0.16,-1.1099999999999999,-1.0700000000000003,-0.7800000000000011,-0.0062251706203309,51.1192,4.800000000000004,2.39,3.38
2009-01-01,-0.009375742856535751,0.0045410469982059,-0.02525918032014296,-0.021429287867297475,0.01533898937903544,0.5,0.014084739881738528,-0.005719082242483964,39.7,6.194405391104672,6.300785794663244,-0.06778432215751007,-0.011674127845793691,-0.11742988260237208,0.0015253876921299536,7.492752831446126e-4,0.01079517938634833,0.07281158082255157,0.005716520022025939,0.35408132110055357,-0.010000000000000009,0.1,0.10000000000000009,0,-0.28999999999999915,-0.013745526606019354,45.5042,1.1000000000000014,2.39,3.0900000000000007
2009-02-01,-0.011586868899074787,-0.004111088434809673,-0.006104174649481209,0.006187474504690371,-0.004287698219719971,0.5000000000000009,0.11855973472455617,-0.005691969218606374,39.6,6.366470447731438,6.324358962381311,0.001965291782043188,-0.006573391738250223,-0.11888397296281283,0.0015038767546817766,-1.090048670295829e-4,0.0011084678991784003,-0.10321903033371616,0.0016781442611639719,-0.08120423299156476,0.07,0.16999999999999998,0.3500000000000001,0.21999999999999975,-0.0600000000000005,-0.0722718515691172,46.3349,-4.900000000000006,2.5700000000000003,2.8100000000000005
2009-03-01,-0.0024178520593807207,-0.004140049467579843,-0.015779695625957935,-0.020849622358856124,-0.017640739485923262,0.3999999999999986,0.023404099129042066,-0.006207484691135079,39.3,6.22455842927536,6.240275845170769,0.017342657278449636,0.0043844474091816465,0.14524991866702397,-0.006181641153204076,-7.226125825905427e-4,-0.004623812772718061,0.09929616338422331,-0.0028912029619423407,0.26693252373598364,-0.04000000000000001,-0.09,-0.050000000000000266,0.23000000000000043,0.33999999999999986,-0.06159298168708016,45.2124,1,2.61,2.92
2009-04-01,0.0022545007908618686,-0.0014878990973778983,-0.008325115063071209,-0.007818099380612509,0.005221378970277968,0.3000000000000007,-0.048960827195701384,-0.0050773245469404316,39.4,6.169610732491456,6.255750041753367,0.013061257891838096,-0.007472955286628391,0.00894249313258122,0.0011835697769333464,-0.001019549962066435,0.0019943462934701728,-0.025683729393144894,0.002527608744403942,-0.16609853650669582,-0.03,-0.04999999999999999,0.11000000000000032,-0.11000000000000032,-0.02999999999999936,0.11352253773308796,37.7324,7.799999999999997,2.77,3.000000000000001
2009-05-01,0.01303145776667236,9.122007474049454e-4,-0.010150910930024182,4.308992277710644e-4,0.008253876690957895,0.40000000000000036,-0.025409715525368526,-0.002681465701289909,39.3,6.29156913955832,6.320768294250582,-0.016844799231486185,0.006339867791963272,-0.04989103578561416,-0.0019143892284931852,0.006683721323318181,4.6383658045012766e-4,0.08581147681826984,-3.8663441590891523e-4,0.13540157394596442,0.03,0.01999999999999999,0.3599999999999999,0.15000000000000036,-0.33000000000000007,0.062011455300946317,31.8886,3.6000000000000085,3.11,2.5200000000000005
2009-06-01,-0.017208540474429768,2.758968163414366e-4,-0.003775936043751038,-0.0015821230926231777,0.01582466074080635,0.09999999999999964,-0.022723555723842992,-0.003512719108719864,39.6,6.371611847231857,6.398594934535208,0.02155842893930693,-0.005705476436281387,-0.06527707649310788,-0.00815310228793642,-0.013968119026525727,0.006794947522793748,-0.013839527593476397,0.00488079739093461,-0.00876378248685894,0.03,0,0.43000000000000016,0.07000000000000028,-0.5600000000000005,0.025934853640319666,28.8608,2.0999999999999943,3.54,1.8899999999999997
2009-07-01,-0.0038150075708731634,0.003328746413212791,0.011226962849123723,0.014662949675505743,0.004334010391193743,0,-0.054531646320421956,-0.0026369206891825314,39.9,6.386879319362645,6.38856140554563,-0.022984657839387523,-6.982937780612986e-4,0.04684624889385347,-0.005900093135995377,0.010539542280378456,-0.008563369710596902,-0.0032830844758127142,-0.005809752098464571,-0.2472926817297605,-0.04999999999999999,0,-0.16000000000000014,-0.20000000000000018,-0.41000000000000014,0.010419334408791947,26.2151,-4.799999999999997,3.38,1.6799999999999997
2009-08-01,-0.0018336390764410737,0.008949244542455936,0.010907281117748191,5.729419988291795e-4,0.017574748009666408,0.09999999999999964,-0.01296988954845979,-0.0014551918442506917,40,6.373319789577012,6.423246963533519,-0.0037329353372035357,-5.55450728047191e-4,0.028000860275301243,0.005262026821998944,-0.0017586321750258094,0.00364086964603505,0.05948280050433841,0.002784753795281425,0.1868612321048575,0,-0.009999999999999981,0.029999999999999805,-0.15000000000000036,-0.5099999999999998,0.07601509707268228,25.366,-0.29999999999999716,3.42,1.3200000000000003
2009-09-01,0.0025300434209292177,-0.009272054667150087,0.008775750967465079,0.0011827333410536767,-0.025614895554131323,0.20000000000000107,-0.02114472922894528,-0.001725996615954628,40.1,6.371611847231857,6.411818267709897,0.004452350379638759,-1.0636069721670083e-4,0.02950790959251215,0.004655849674063184,-5.238421104980517e-4,-0.0014138343240430729,-0.01693780376129439,-0.0012838086552129369,-0.12600978835369858,-0.010000000000000009,-0.05000000000000002,-0.18999999999999995,-0.1299999999999999,-0.27000000000000046,0.03390320228058652,24.9017,7.799999999999997,3.28,1.1799999999999997
2009-10-01,-0.0030989402154482093,0.0011353519914045762,0.0026918316470805337,0.004910758056011488,0.010808512162556738,0.1999999999999993,-0.041202584439217205,-0.0014213878978210914,40.2,6.280395838960195,6.368187186350492,0.00471128702533008,0.0032687785284775117,0.0208338140072728,-0.0030951636662521764,-0.002604000075717039,0.001068409531749026,-0.06536533528881172,0.0021745795583614225,0.11038460604921418,-0.03,-0.04999999999999999,-0.009999999999999787,0.020000000000000462,-0.019999999999999574,0.021883167130382297,24.6223,-2.9000000000000057,3.3200000000000003,1.1399999999999997
2009-11-01,0.0024778301895214128,-0.0016018173289307214,0.004328725221761864,0.007479351482349017,0.008114154020807618,-0.09999999999999964,-0.0616243600635169,-3.075503613914066e-5,40.5,6.376726947898627,6.434546518787453,-0.004504638811097195,3.1920738280710736e-4,-0.027732611426636744,0.008575260938125773,0.005757278885596406,3.4556154634568514e-4,0.01937930063480664,-0.0012928611315334848,-0.058239230755612326,0,-0.020000000000000004,0.009999999999999787,0.040000000000000036,0.03000000000000025,0.018936146806125542,23.7799,-3.1999999999999886,3.35,1.13
2009-12-01,0.00424627455305604,0.006094707183936343,0.00404986001487373,0.0033555368676143615,0.00418604368048392,0,-0.017356229456542138,-0.0019240691519932795,40.6,6.364750756851911,6.498282149476434,0.00265194005872349,-0.003986283850107242,-0.04380324720037265,-0.006168414253187038,0.005178525073297635,-0.0028229553901333304,0.012446919926774491,-0.001916791147298369,-0.07899482239777278,0,0,0.18999999999999995,0.0699999999999994,0.04999999999999982,0.020296814481387315,20.9744,5.099999999999994,3.54,1.1100000000000003
2010-01-01,0.004315243487768683,-0.0018328538134264605,0.010840638479048259,-0.0028644231457857217,0.0010533631137352728,-0.09999999999999964,-0.011809937325784503,-4.622318093261413e-5,40.9,6.419994928147142,6.455198563340122,-0.016555965396721994,-0.00349750436859253,-0.01630803475053888,-0.0019746399287745575,-0.010499390578306844,1.2848072104887365e-4,-0.03218000508449581,0.0016096412517345726,0.10103740798477912,-0.009999999999999995,0.009999999999999995,0.14000000000000012,0,-0.1200000000000001,0.011817717079914303,20.9652,1.9000000000000057,3.67,0.9900000000000002
2010-02-01,1.146188478884369e-5,0.0037335659645503227,0.0037459440910962982,0.006582555092194298,0.0014351538475469994,0,0.012324737851955092,-7.475713912725723e-4,40.5,6.403574197934815,6.476972362889683,0.025626470247640754,0.00989483686643311,0.0740233876290155,0.009300680911318082,-8.196643323579167e-4,-0.001600751752591556,-0.08712037953629004,-0.002210167043388722,-0.07469534491226959,0.020000000000000004,0.05,-0.040000000000000036,0.08999999999999986,0.08999999999999986,-0.031113259218861877,22.2187,-0.8000000000000114,3.58,0.9900000000000002
2010-03-01,0.003737055793731514,0.004771470268220668,0.006833361127325688,0.012599641245886417,0.02154028929786378,0.09999999999999964,-0.03242962007641026,0.0012328082618502378,41,6.455198563340122,6.532334292222349,-0.007783284607886465,-0.006279321796849757,-0.07547912348120889,0.0011121580631607841,0.010574572299677953,0.0012835431226418947,0.14172371249738358,0.0014302104580545816,0.08444422200204471,0.03,0.039999999999999994,0.040000000000000036,-0.08000000000000007,-0.07000000000000028,0.05613620716773493,17.6603,0,3.58,1
2010-04-01,0.0084091622719668635,0.0020413347737706644,0.003386556200029922,0.00890454226080628,0.008308949521062203,0,-0.002661699734860079,0.0019616522627963207,41.1,6.532334292222349,6.456769655572163,-0.014657289825007247,0.004111201214698212,-0.014880380071671695,0.009378811933705933,-0.008255240708512801,-1.0129916802092964e-4,-0.009167212024272509,-8.652986988231248e-4,-0.02205621144766301,0.04000000000000001,0.010000000000000009,0.1200000000000001,0.020000000000000462,-0.019999999999999574,0.03854276174277427,17.3652,-1.3999999999999915,3.69,0.96
2010-05-01,0.007835963049627637,0.0024840930828267105,0.013418531682922286,-0.0031358763896633945,-0.00864332441608262,-0.3000000000000007,-0.020681478191281855,0.004011310663571521,41.4,6.368187186350492,6.354370040797351,0.01407602775587602,0.0026501644257681534,0.030811145401717255,-0.00701448267993765,0.003322742436049353,-7.499212424511015e-4,-0.1330994154020031,-2.2165821171071798e-4,-0.1737213130091213,0,0,-0.43000000000000016,-0.33000000000000007,-0.20000000000000018,-0.062249358284833356,32.6959,1.3999999999999915,3.26,1.0899999999999999
2010-06-01,9.804263926600498e-4,0.0024310195825574255,0.0018475022092525606,0.009589505215798155,-9.864806806554327e-4,-0.1999999999999993,0.0023915654403641184,-0.0010262223667432124,41,6.284134161070802,6.375024819828097,0.005981982601741542,-0.004099487790911738,-0.00388884753699692,0.0031597003617482855,-3.9902471411856766e-4,1.0102428684710674e-4,0.02553964754131588,-7.417909213787155e-4,0.15485756464126155,-0.020000000000000018,-0.04000000000000001,-0.21999999999999975,-0.08000000000000007,0.1800000000000006,-0.037769044812346664,29.7614,2.4000000000000057,3.08,1.3500000000000005
2010-07-01,0.0021677756354936406,0.002729313685071233,0.003789845743598974,0.008437885108493859,0.003157921624882931,0,-0.0028270106900052383,-7.205163500998424e-4,41.1,6.302618975744905,6.361302477572996,-0.016892652593003987,-8.957588156999208e-4,8.785357963683182e-4,0.0047330833674887884,0.0025667439458274544,0.0022863915390862743,0.053949596709037984,0.0012730667026641385,-0.006797311050118715,0,0.04000000000000001,-0.1900000000000004,-0.16000000000000014,-0.22000000000000064,-0.0032914839531485995,25.5846,-8.200000000000003,2.8499999999999996,1.29
2010-08-01,0.003716068905324832,0.0024185221423138614,0.00365793559629779,5.0773157619588e-4,0.004523543878876879,0.09999999999999964,0.03382895902928418,7.66780022232183e-6,41.2,6.395261598115449,6.363028103540465,0.018624146840162226,0.004266150085625142,0.003752446847994584,-3.68997985671804e-4,-4.7058250694753667e-4,-4.072119341191893e-4,0.08011281260685887,5.187345704795732e-4,-0.007570949810323135,0.010000000000000009,0,-0.3099999999999996,-0.22999999999999954,-0.34999999999999964,0.006903325862904985,24.6424,1.1000000000000085,2.54,1.17
2010-09-01,6.273805844507763e-4,9.447882802549046e-4,0.00294342526586977,-1.5525823924811277e-4,0.008529109957690295,0,-0.04631953447944959,-5.675760819343623e-4,41.4,6.386879319362645,6.333279628139691,-0.004267791180886604,-0.0020476509836395707,-0.016134775361307696,-1.5747796059173425e-4,3.5582561146974e-4,1.536495834182361e-4,-0.04733427330441131,-3.7711594018752237e-4,-0.02572716882196424,0,-0.010000000000000009,-0.050000000000000266,0.040000000000000036,0,0.0315049411415087,22.2046,-0.7000000000000028,2.5,1.13
2010-10-01,7.731372227013367e-4,0.0025499673239623988,-0.002837691245095364,0.005149022075178422,0.01139491207090515,-0.09999999999999964,-0.014884202360144982,0.0021382349704754944,41.3,6.297109319933935,6.324358962381311,-0.001949979208091257,0.0021453141231191353,0.016690591529963328,0.001026462711839038,0.0049870805956953035,0.001861852391138008,0.05142932794408406,0.0021910904836568434,0.1037381575502625,0,-0.01999999999999999,-0.10999999999999988,0.14999999999999947,0.05999999999999961,0.043169159346688524,20.3284,-0.5,2.41,1.04
2010-11-01,0.0012964135948330124,0.0025318821450852624,8.691845526112019e-4,0.0028502108422951977,0.009040604287470444,0.40000000000000036,-0.04708503859732005,9.79454491586651e-4,41.3,6.300785794663244,6.327936783729195,0.018595497208892198,-0.003337615385392567,0.005539552281814686,0.0023843552581208627,-0.005561004377444334,-9.451618425613262e-4,-0.05575287094456183,-0.0011954147314066077,-0.05690297544241307,0,0.010000000000000009,0.21999999999999975,0.1900000000000004,0.20000000000000018,0.023042863564302074,19.8765,3.8999999999999915,2.6199999999999997,1.0499999999999998
2010-12-01,0.006134513659825203,0.001321463539081691,0.009737829134778053,0.0017767253711511444,0.007011113663461188,-0.5,-0.014176256309001545,6.193157905567404e-4,41.3,6.289715570908998,6.448889394146858,-0.022073993638989542,0.00148041605978122,0.01621088323872044,0.002421236999229137,0.06987355068013024,0.0014778945796152243,-0.013742227333357171,2.7000530482634844e-4,0.029620541501564013,-0.010000000000000009,0,0.5300000000000002,0.14999999999999947,0.17999999999999972,0.034948361274036444,17.4159,2.9000000000000057,3.15,1.08
2011-01-01,0.012997694785513048,0.0011230297509614573,-0.0021083561409289686,0.012182221489698719,0.006649500734292602,-0.20000000000000107,0.015465747138874164,5.350311656826534e-5,41,6.4457198193855785,6.3561076606958915,6.83937590308048e-4,-0.0013026240492663987,-0.006801730090741032,-0.001656001193662604,-0.06529934132322168,-7.707365580431613e-4,0.02920360656639076,7.380099984359845e-4,-0.052344964966369645,-0.009999999999999981,0.009999999999999981,0.10000000000000009,0.020000000000000462,-0.009999999999999787,0.03256037094561748,17.4319,-0.29999999999999716,3.24,1.0499999999999998
2011-02-01,0.002927836200749212,-2.7774563307847444e-4,-0.0039787481289410565,-0.014426347817144247,0.008419589300418195,-0.09999999999999964,-0.06110798604078305,0.0016724391338929223,41.4,6.248042874508429,6.295266001439646,0.007595115685768761,0.004662842676117052,0.0616977387334563,3.079403795940294e-4,-0.003410618762407225,-2.8475629380686485e-5,-0.01617768060892466,-2.1591608102866644e-4,-0.002470953865225667,-0.010000000000000009,-0.01999999999999999,0.18999999999999995,0.17999999999999972,0.0600000000000005,0.029575000749873404,17.2866,3.299999999999997,3.45,0.9300000000000006
2011-03-01,-0.002296093878547012,0.003454753717766934,0.010348991071804647,0.01138975555805466,0.00894012049997528,0,0.011145626214917215,0.001722968505584177,41.4,6.396929655216146,6.368187186350492,0.0012099078213019254,-6.979092263552644e-4,0.0028908908755616025,0.002715287453689541,-9.800062084259764e-4,0.0019508921342312746,-0.035522432058514575,0.001229947646407048,0.13722650347213516,-0.01999999999999999,-0.03,-0.16999999999999993,-0.08999999999999986,-0.1200000000000001,-0.012667701894043759,20.5593,-10,3.31,0.9000000000000004
2011-04-01,-0.001611557193609059,-0.001188752008233429,-0.00323549938184442,-0.003654749792293188,0.005500319813071641,0.09999999999999964,0.035329103666866146,0.0023965409999622267,41.4,6.317164686747284,6.364750756851911,-0.013754567968217835,5.563324205120068e-4,-0.03837092624097327,0.0012680339134227836,0.0016322117167053563,-4.7709533660089676e-4,0.029070994607077516,2.216903151062155e-4,-0.07231657161368954,-0.04000000000000001,-0.04000000000000001,0.04999999999999982,0.03000000000000025,-0.010000000000000675,0.020501476777409877,16.2042,2.299999999999997,3.4,0.8599999999999994
2011-05-01,-0.0010408703543092201,-0.0011554817332930511,0.0012053529354325576,-0.007879598078464056,-8.452688927782503e-4,-0.09999999999999964,0.004507183528629,8.127580669281542e-4,41.5,6.329720905522696,6.42648845745769,0.02297507567131607,9.289376293253326e-4,-0.013535317677403569,0.0045759692150681985,-0.0019800140542969302,-0.0015064522579359974,-0.04541073079411451,-0.001202004172034421,-0.1491590604279125,-0.010000000000000009,-0.019999999999999997,-0.29000000000000004,-0.20000000000000018,-0.23999999999999932,0.005093987388108623,16.9607,4.5,3.13,0.8200000000000003
2011-06-01,0.004473709697702333,0.0023211646264567065,0.0030203149621863545,0.010054163057127141,0.008239674898197435,0.09999999999999964,-0.010110106930294904,0.0017220782983926597,41.4,6.410174881966167,6.455198563340122,-0.012073395631347239,1.2218175935174713e-4,0.0032916266102382963,-0.007867380636609411,-2.0430089775835825e-4,-0.0031766637911196938,0.01970050933923151,-0.0032360463050276067,0.031443372388113566,0,0,-0.16999999999999993,0.03000000000000025,-0.03000000000000025,-0.03886839050217805,19.4515,-2.799999999999997,2.96,0.7599999999999998
2011-07-01,0.0043008712677909955,0.0017402232107350812,0.004915055867338758,0.00452701733487082,-3.861368916542318e-4,-0.09999999999999964,-0.013600739229781666,4.6983223307073274e-4,41.4,6.434546518787453,6.431331081933479,0.005302224766958297,0.00939229579098999,-0.01756483590062885,0.004934190403460548,0.010062899017500015,0.002616610518663798,0.031066313889829722,0.0019054690446571598,0.0603214004712207,-0.01999999999999999,0,0,-0.0600000000000005,0.009999999999999787,0.029016611928066816,19.1724,-7.799999999999997,2.96,0.8300000000000001
2011-08-01,-5.18481131013715e-4,-6.104619543529921e-4,0.006728443816048646,0.007394187486859494,0.0011127350735904429,0,-0.007541697344027654,9.995533132176604e-4,41.4,6.371611847231857,6.472346294500901,0.04163122840955502,0.0022854278737440836,-0.023757945475096243,0.0063170146466626775,-0.017293542838416442,5.328867702472095e-4,-0.05307286096219954,6.518610530248381e-4,-0.1277940175311345,0.03,-0.02,-0.7000000000000002,-0.5599999999999996,-0.39999999999999947,-0.1115515016339188,36.0196,-7.900000000000006,2.28,0.9900000000000002
2011-09-01,-0.0013157298682564544,0.001646242507532314,-8.274225944706615e-4,-0.00651818001164628,0.011065039300182988,0,0.019946264182378215,0.001656149114312555,41.4,6.476972362889683,6.413458957167357,-0.055926573250437706,-0.017655979371465236,0.0025913883940003046,-0.009813958940072531,0.009033526283317883,-9.80303833027385e-4,-0.015418311456041778,-9.47998836605457e-4,0.11011559977491014,-0.020000000000000004,-0.01,-0.31999999999999984,-0.28000000000000025,-0.09000000000000075,-0.009689842219560596,37.1545,3.700000000000003,1.97,1.1799999999999997
2011-10-01,3.446538821432199e-4,0.0018042974744743034,0.006916436587234287,0.012545476824289636,0.0056805737281333535,-0.1999999999999993,-0.03743654868997304,0.0015779721428899052,41.5,6.413458957167357,6.508769136971682,0.0018292488300435394,0.0013119159184853402,0.007591672891268608,0.003324954177037931,-4.817685609648237e-4,-0.0014942137789084597,-0.028298229014500187,-0.0013832229443062616,0.01767637459195104,-0.009999999999999995,0.01,0.16999999999999993,-0.10999999999999988,0.10000000000000053,0.028005694066489895,32.7655,1.2999999999999972,2.13,1.3900000000000001
2011-11-01,-0.0010536217206809084,-0.0016892769431828825,-8.659124192433865e-5,-0.00362452333116714,0.0031738636335152393,-0.20000000000000107,-0.03322480807142192,0.0010330151007398314,41.5,6.566672429803241,6.559615237493242,0.020822963522659776,0.0019425146485474443,-0.0123969332267988,0.0015064661377932609,0.0036862677780789,0.001171165203519564,0.059659418002603104,0.0020230025159522214,0.10846886588075666,0.009999999999999995,-0.01,-0.14000000000000012,-0.10999999999999988,-0.23000000000000043,0.01577916073816077,31.9011,2.9000000000000057,1.9999999999999998,1.2699999999999996
2011-12-01,0.009001232618862431,4.4845370467161416e-4,0.0052922619015616235,0.008725641116141603,0.001467279034482516,-0.09999999999999964,-0.03197662326609674,0.0014910876404314877,41.6,6.542471960506805,6.546785410760524,-0.032322633704599646,-4.419758648257499e-4,0.017794442208755257,-0.001657019183459063,-0.001976198082649816,-0.0016084646385259305,-0.009472104109184976,-0.00146718235737886,-0.10387680813530054,-0.009999999999999995,0,-0.029999999999999805,0.06000000000000005,0.11000000000000032,0.01368586473400768,24.6171,6.200000000000003,1.97,1.3199999999999998
2012-01-01,0.0026709320872644327,0.003855293749750466,0.005946556615738174,0.005895839180031004,0.009192356268803437,-0.1999999999999993,0.001987413704839014,0.002682870700997597,41.8,6.583409222158765,6.568077911411976,0.024029825402868354,0.002604817896203926,0.002624847114650386,0.004844047276747254,0.0011309553118117321,0.0024828119152928707,0.06506843072877988,0.002836669336151232,0.0029069860660957403,0.009999999999999995,0.019999999999999997,-0.010000000000000009,-0.08000000000000007,-0.019999999999999574,0.04502509774708674,20.3742,5.099999999999994,1.94,1.3800000000000003
2012-02-01,0.005038512940457096,0.006039830886842346,0.003210503784291774,0.0035952408693713522,0.012256497992948923,0,-0.039141298702457306,0.001971862248726808,41.8,6.556778356158042,6.6039438246004725,-0.014127343853052032,-0.002247391420423739,0.01203337631393886,0.003989677514702805,-0.004333992051545721,-5.853271203939414e-4,-0.009889337004791443,-0.0011798520416634872,0.0030531294246332052,0.020000000000000004,0.06,0,0,-0.09000000000000075,0.03913701917921397,18.3541,0.29999999999999716,1.88,1.2899999999999996
2012-03-01,0.0029857265333284033,-0.0013099070700075544,-0.0051911748236843636,-9.264602164442692e-4,0.0035317743401073187,-0.10000000000000142,0.009180032955212525,0.0017960312547860013,41.6,6.543911845564792,6.692083742506628,0.006930885834735889,-8.095578715412444e-4,-0.034749207151266504,-0.012466431924341492,0.00441921143789159,-4.3882905469416755e-5,-0.032992526260247956,-3.2311692550557325e-4,0.01795566315774444,0.03,-0.009999999999999995,0.19999999999999996,0.14000000000000012,0.09000000000000075,0.026809497027675988,15.8857,0.9000000000000057,2.09,1.2400000000000002
2012-04-01,0.00371961450767877,9.22808821916199e-4,0.007167758505782551,0.003256247433027326,-0.004136070983996376,0,0.04049460869313748,5.755438861587692e-4,41.7,6.6240652277998935,6.595780513961311,-0.005079884536820067,9.40134629955125e-4,0.008838738931332024,0.008629688582675321,6.473875452606137e-4,-4.318713653237438e-4,-0.031735455152853476,-5.966389817819717e-4,-0.06511133968233374,0.010000000000000009,0,-0.1200000000000001,-0.03000000000000025,-0.040000000000000036,-0.0020247370616681692,17.876,0.20000000000000284,1.9699999999999998,1.2300000000000004
2012-05-01,-1.593776039037209e-4,6.832234485010247e-5,0.002306548336549419,0.0030278117884723343,-0.0017793122051070753,0,-0.02184793952586972,8.066986297841083e-4,41.6,6.56244409369372,6.679599185844383,0.004156970223847978,-0.0010545491511155802,-0.0030487851716811676,-0.005713851258463798,-7.089746468125213e-4,-0.003729732536356778,0.0012143944598106415,-0.0024377283429632968,-0.05991155784474067,0.01999999999999999,0.009999999999999995,-0.24999999999999978,-0.16000000000000014,-0.1200000000000001,-0.033115171647048136,21.1563,2.8999999999999915,1.71,1.2700000000000005
2012-06-01,-4.456568114576953e-4,-0.0010481225895730972,5.529183852992503e-5,-0.00279107582990612,-0.00891858231091014,0,0.015145765807993428,5.896732709249619e-4,41.7,6.6293632534374485,6.677083461247136,1.7729160472157446e-5,0.0026511830228237443,0.009744260637265079,0.006033731670845199,-5.224489707327251e-4,0.0012436169727081392,0.0023185233443090425,6.142844248104851e-4,-0.051793461382509065,0,0,-0.17999999999999994,-0.1599999999999997,-0.05000000000000071,-0.013352295190864893,21.0661,-6.099999999999994,1.53,1.3799999999999994
2012-07-01,-0.006462435043985693,0.0020951477683031072,0.0020967842001429204,0.001900959692733295,0.0045911342021618395,0,-0.017826732561252,0.0010814077252092602,41.7,6.606650186198215,6.744059186311348,0.0088678460449918,-0.0017661428859963024,0.010134258181946798,-0.0023916698928809765,-7.905854561442993e-4,0.0011154730280749092,0.013728423351993868,8.697949260900728e-4,0.2038414660323591,0,0.010000000000000009,-0.09000000000000008,-0.2400000000000002,-0.14999999999999947,0.02705829083283806,17.379,-0.9000000000000057,1.43,1.4700000000000002
2012-08-01,-0.00222630500047849,2.047245892757843e-4,-0.00428827046970337,-8.909091498381372e-4,0.01233868830858853,-0.09999999999999964,0.0020113985996861317,0.0013482562239026663,41.5,6.625392368007956,6.733401891837359,-5.489744160502852e-4,0.0017401133738879082,-0.009918259398230767,-0.002904232033315246,7.643635694627449e-4,0.0055039495126223414,0.019197950577240164,0.002995738338466225,0.0036201649454916662,-0.03,0,0.1499999999999999,0.08000000000000007,0.040000000000000036,0.0316105690057924,15.3024,2,1.5799999999999998,1.4300000000000002
2012-09-01,0.007479549683454323,0.00140918722321981,-7.33960055224081e-4,0.0015053226149106536,0.007970201430481438,-0.2999999999999998,0.02264847487234789,0.0013315729776177676,41.5,6.741700694652055,6.835184586147301,-0.0030375311471848576,8.916013667743528e-4,-0.022370425368335667,-0.002249433126966238,-0.0023148706358480098,-0.0010327978796649262,0.0752224949003848,-3.1678843113081e-4,-0.06252471137743587,0.010000000000000009,0.009999999999999995,0.040000000000000036,0.010000000000000231,-0.07000000000000028,0.028081806770415163,15.4389,4,1.6099999999999999,1.3499999999999996
2012-10-01,0.006708434731747204,-6.814077887540293e-5,0.0034679632891858603,-0.0038719838604635015,-4.703367270035841e-4,0,-0.03545619966225644,0.001121905127240197,41.5,6.818924065275521,6.787844982309579,2.2783254146485632e-4,-0.001412512868400384,0.027767434404253777,0.004486986966043105,0.0027424765083061686,-0.0020667551090580716,-0.05926843457014197,-8.275804529400688e-5,-0.06183443683226564,0.01999999999999999,-0.009999999999999995,0.030000000000000027,-0.020000000000000018,-0.2599999999999998,-0.003887220121582935,16.5407,4.299999999999997,1.65,1.1099999999999999
2012-11-01,0.013514021510513174,0.004351676140460725,0.0036609386281414302,0.01826004906174461,0.005554440887395984,-0.09999999999999964,0.0851439628148345,0.0011651509891663636,41.5,6.725033642166843,6.821107472256465,-0.005258242616181796,2.1928846255292456e-4,0.006820065777289663,-0.005078334554519337,0.0023859041828373506,-0.004373920928477659,-0.0494529761619491,-0.0036400471667423773,0.022876702473250354,0,-0.010000000000000009,-0.10000000000000009,0.029999999999999805,-0.07000000000000028,-0.030584978522644413,16.6799,0.10000000000000853,1.5599999999999998,1.0099999999999998
2012-12-01,0.02450443143005998,4.070004126184301e-4,0.0023667469005932418,0.00369666068906227,0.0034590400884990657,0.20000000000000018,-0.1112622859559469,0.0018451351849684272,41.7,6.883462586413092,6.846943139585379,-7.247194351860387e-4,0.005076495327761776,-0.002377315147401582,0.0061045740471854515,-0.00189140581876579,0.0015596672384310395,0.046119402497653894,5.254667358443044e-4,0.05120930567698334,0,-0.01999999999999999,0.07000000000000006,0.1499999999999999,0.1200000000000001,0.019725149615092086,17.5331,-9.799999999999997,1.65,0.98
2013-01-01,-0.05117101489187448,0.00444359962909413,2.451126233573575e-4,0.003098839849119628,0.008295238168555485,0.09999999999999964,-0.01685433155498295,0.001353895986429876,41.6,6.78897174299217,6.84587987526405,-0.0014749740152435464,-0.009542381936245903,0.013357984399969602,-0.0045002956585262766,-8.898950412188356e-4,0.0020999187021262244,-0.022236370482047185,0.0020592969007369177,0.05225342268036037,-0.01999999999999999,0,0.18999999999999995,0.1499999999999999,0.10000000000000053,0.04004407282603495,13.3738,0.8999999999999915,1.8399999999999999,0.9300000000000006
2013-02-01,-0.0019921336778558896,-1.6881151109515713e-4,0.004666005179331911,0.004083901791961608,0.011515064204374426,-0.2999999999999998,0,0.002127016111998614,41.9,6.8690144506657065,6.887552571664617,-0.009635488214878585,-4.1372822308360924e-4,0.012797950605391684,-0.0029603676084741792,0.0013012088562227575,0.0034364080824751397,0.011517196832683041,0.0016502354086913584,-0.06380344794686987,0.009999999999999981,0.03,0.07000000000000006,0.10000000000000009,0.11999999999999922,0.021325961667452376,13.903,3.799999999999997,1.88,0.9499999999999997
2013-03-01,0.003489425286923975,0.001282253341953421,0.004020487651326121,-0.00539819784006923,-0.007101353092847873,-0.20000000000000018,-0.0034052246298390543,0.0010618138841689273,41.9,6.917705609835305,6.841615476477592,0.006147124939908544,0.003521469432268276,-0.0060514011031829185,0.0011527561592989954,-0.0028860122092009277,-0.008231117822907308,-0.040361017062647164,-0.004870473799226005,-0.030733923377415096,-0.009999999999999981,-0.010000000000000009,-0.020000000000000018,0.03000000000000025,0,0.025151988284480176,13.0279,1,1.8699999999999999,0.9199999999999995
2013-04-01,0.004070160125351663,2.2478729596819846e-4,-8.633445250438854e-4,-0.001416519737487576,-0.004915773162595727,0.09999999999999964,-0.013017850669003295,0.0013551235309616771,41.8,6.727431724850855,6.919683849847411,0.008490499597331613,-0.0027415531024175266,-0.005241693002979275,2.0185202425970772e-4,3.6306170571975827e-4,7.257178396118391e-4,-0.027165975455406333,3.0231694905058504e-4,0.01351484335377684,0.009999999999999981,-0.03,-0.19999999999999996,-0.20000000000000018,-0.2599999999999998,0.012731108385052536,14.0954,-2.1999999999999886,1.7,0.8599999999999999
2013-05-01,0.004808665541846224,0.0028504115360323823,7.806732341153477e-4,0.011251526535483336,0.006032761838209666,-0.09999999999999964,0.0014388491690979777,0.0016325453678831536,41.7,6.835184586147301,6.910750787961936,-0.004085289713369633,6.329690881177186e-4,0.008536964653455215,-0.00352911238436171,2.806516342968024e-4,0.002504231885128938,0.03365310202705629,0.0017499034933186053,0.03980807774972739,-0.039999999999999994,-0.019999999999999997,0.16999999999999993,0.16000000000000014,0.14000000000000057,0.043077296234266704,13.3657,8.099999999999994,1.89,0.8400000000000003
2013-06-01,8.15175303436888e-6,-2.017303992136732e-4,0.0020727838311218605,-0.0031094861898832704,0.0030542696325319696,0,-0.00909950670972215,0.0013510836422714334,41.8,6.732210706467206,6.848005274576363,-0.00838919181026121,0.00213388273444437,-0.007553682920434568,0.00550441803544377,5.939440200428692e-4,0.0019635097711665495,0.024105261638451836,0.0014847871426741932,-0.018726976245384108,-0.020000000000000004,0.010000000000000002,0.3699999999999999,0.37999999999999945,0.45999999999999996,-0.012932074499374835,17.1448,-0.4000000000000057,2.25,0.9200000000000008
2013-07-01,-0.0020877954421045786,0.0012321618155013425,-0.00310675204574995,1.8327340826473915e-4,0.005737076488282256,-0.20000000000000018,0.004054450963893785,8.215058957627974e-4,41.7,6.779921907472252,6.904750769961838,0.009404713499588269,-0.00169527686411719,7.611017854660673e-4,-8.301873824079209e-4,8.049904222318105e-5,-4.2204053475902725e-4,-0.018337268255793404,-9.752926839343701e-4,0.07748318866301673,0,-0.010000000000000002,0.28000000000000025,0.07000000000000028,0.1299999999999999,0.03036629311931449,13.7966,1,2.54,0.9800000000000004
2013-08-01,0.0017347636659863497,0.001510126522352273,0.00576546223913077,0.004141211151036828,-0.0014073876748472713,-0.09999999999999964,-0.037095804741030136,0.0018678792554904788,41.9,6.821107472256465,6.871091294610546,-0.004879684834130593,0.0017307708620410978,0.004749132642936971,-0.005857518390771865,1.6834319255387697e-4,4.2890664417516433e-4,0.0517016330604676,2.382336561872478e-4,-0.06941356750165895,-0.009999999999999995,0,0.16000000000000014,0.20000000000000018,0.09999999999999964,8.446224710434436e-4,14.141,-3,2.7,0.8799999999999999
2013-09-01,0.004112458405774788,0.0030022846594235375,0.005071694571082475,0.0034686674429007525,8.612539950583198e-4,0,-0.05994998440844057,0.0012798620958882623,41.8,6.745236349484363,6.911747300251674,0.009782029595045927,1.9234224323128046e-4,-0.006729526792602414,0.00370916852173675,2.5924702454638293e-4,-0.0020075719652394852,-0.03535735389634542,-0.0010435756670537089,-0.021193735564570382,0,-0.02,0.06999999999999984,0.09999999999999964,0.04999999999999982,0.010175051893412501,14.9695,-4.599999999999994,2.79,0.8300000000000001
2013-10-01,-0.003395246937662577,0.003226598851751028,-7.890413557394282e-4,0.0054205633142832,0.0032990754780879428,0,0.13253567413142164,0.0016066489496484593,41.9,6.829793737512425,6.950814768442584,0.004205223370465028,0.005809303679079392,0.0034385882265492995,0.0017418509013289452,-4.4818732397367e-4,1.5821419735839726e-4,0.011507161519835662,8.84667576865894e-4,-0.05298471059368648,0.009999999999999995,0.030000000000000002,-0.18999999999999995,-0.10999999999999943,-0.16000000000000014,0.019289163448207525,15.1417,-4.299999999999997,2.5700000000000003,0.7799999999999994
2013-11-01,0.0025563883616577243,0.004101637534612124,0.0023333600077277694,0.012085582597617162,0.0028205271380770114,-0.2999999999999998,-0.08830548138368322,0.0020046879948161234,42,7.003065458786462,6.9363427358340495,-0.014636850564701653,-0.010599717433150246,-0.0028507731518949697,-3.090716899034618e-4,0.0014023647209668866,0.0013077025820873445,-0.02566611528230478,1.6450813382373752e-4,-0.013135798617097016,-0.009999999999999995,0.020000000000000004,0.10000000000000009,0.09999999999999964,0.07000000000000028,0.03625842084207509,12.8516,1.8999999999999915,2.6500000000000004,0.75
2013-12-01,0.0022489105920087127,9.067386781316245e-4,0.0020086317141130294,-0.0038103511302036708,0.005441331911924863,-0.20000000000000018,0.05281559640173228,4.150148045098945e-4,41.9,6.90975328164481,6.912742820493176,0.010441749357979369,0.0051088560050107645,-0.017259626775967263,0.003953439261513481,-0.001902594803308233,7.97889047788658e-4,0.02371979152865311,2.571245329345828e-4,0.10813186076946657,0.009999999999999995,0,0.17999999999999972,-0.009999999999999787,0,0.013499419774476884,14.0258,7.400000000000006,2.83,0.7599999999999998
2014-01-01,0.005100063495003582,-0.0033102531735904606,-0.003563932744874876,-0.010196988003794871,-0.007868158257515745,-0.10000000000000053,-0.057243422553392875,0.001367601164657728,41.6,6.78897174299217,6.883462586413092,0.001484134687392391,3.8825844417544886e-4,-0.005934819121364399,-0.001994111880445182,0.0012483790444992593,-2.1943777579114254e-4,-0.018895542222018946,3.2823354113986625e-4,-0.07069646590588619,-0.01999999999999999,-0.030000000000000006,-0.040000000000000036,-0.1299999999999999,-0.1899999999999995,0.008032791241486592,14.4177,-1.2999999999999972,2.82,0.7000000000000002
2014-02-01,0.005573577264419427,0.0045363594461269585,0.007528506037616012,0.008443217085591925,0.012495680501260154,0.10000000000000053,0.025681169657456593,0.0010970928143727576,41.6,6.8501261661455,6.946013991099227,-0.008895676650169548,-3.9695665367389665e-4,0.024791521202963906,0.01264363738591534,-3.532380389437151e-4,-0.0013210685098741237,0.017396396867247255,-0.0015962308028383276,0.09478383148606007,0,0.010000000000000002,-0.1499999999999999,-0.040000000000000036,-0.09000000000000075,-0.002923560910733869,15.4174,0.3999999999999915,2.66,0.6499999999999995
2014-03-01,0.005198986293775576,0.005702035373285064,0.009638605074811402,0.008073119151754682,0.01072607500936762,0,-0.04343539903177174,0.001980435690111193,42,6.877296071497429,6.9726062513017535,0.0010570073659303958,-0.002687396062048819,-0.014143650484534476,-0.012163953345549317,-1.9250535692094672e-4,9.397999325484463e-4,0.002046001940594344,0.0011262663752100721,-0.06366627146869863,0.009999999999999995,0,0.010000000000000231,-0.07000000000000028,-0.040000000000000036,0.025258368891180716,15.0074,-1.5999999999999943,2.6700000000000004,0.6799999999999997
2014-04-01,0.002985456711202872,0.0016341575388754137,9.672024963487402e-4,0.0011228980542252742,0.01019404748361552,-0.5,0.00543690659673679,0.0022585628642382005,41.9,6.949856455000773,6.993932975223189,0.0020446162903082765,7.891478976098654e-4,-0.002139569521593998,0.0025172126893409086,5.915621793235459e-4,-1.775229726863614e-4,-0.003592773098081814,1.7273340947454585e-4,0.012718889795355182,0.009999999999999995,-0.020000000000000004,-0.010000000000000231,-0.13999999999999968,-0.15999999999999925,3.9701914261058846e-4,14.3339,4.099999999999994,2.68,0.6600000000000001
2014-05-01,0.002784536090697287,0.0021674410797096755,0.00382432097151586,0.0027460556866376606,0.0016600164178495191,0.09999999999999964,-0.028122189427820743,0.0015534180119498586,42.1,6.914730892718563,6.925595197110468,-0.005022913366302895,0.0017158937000392172,-0.01635950477193404,-0.003340939037009605,-2.059612929876664e-4,3.8747314177633996e-5,5.111162659847679e-4,-1.2666158685625817e-4,-0.01144338529089417,0,0,-0.1499999999999999,-0.08000000000000007,-0.14000000000000057,0.013590937029833938,12.2317,-2.1999999999999886,2.5300000000000002,0.5999999999999996
2014-06-01,0.0037101605488807365,0.0035039304937027893,0.0034263137889523065,-1.3474805833268988e-4,0.002464977266155799,-0.20000000000000018,-9.564802259554028e-4,0.0024300472368903314,42.1,6.814542897259958,6.917705609835305,0.00739472622405124,-8.491114035305003e-4,0.014362073601668968,3.0750630814413427e-4,6.612788357376331e-4,-5.80937202943943e-4,0.009150009721015984,-5.578112735404872e-4,0.033642921608786125,0.010000000000000009,0.010000000000000002,0.040000000000000036,0.08999999999999986,0.040000000000000036,0.02988082173855222,11.4496,0.5999999999999943,2.56,0.5499999999999998
2014-07-01,0.002705491329466625,0.002166069758375855,0.0022187855179991445,0.006107696605381463,0.001809714026078879,0.10000000000000053,-0.0382005000953356,0.0016119634178224373,42,6.98933526597456,6.98100574072173,-0.004278484530307658,-6.723206111480806e-5,7.137520534179487e-4,0.00289244573930425,-7.437145047468618e-4,-1.954078760455502e-4,0.006887095032257484,3.274384757467885e-4,-0.05573523002470271,-0.010000000000000009,-0.010000000000000002,-0.06000000000000005,-0.08999999999999986,-0.0699999999999994,0.01326995971007694,12.0922,-0.7000000000000028,2.5100000000000002,0.5700000000000003
2014-08-01,0.005043581524873275,0.006772634208568107,-0.0018898378264742277,0.0018919022813275177,0.007679296061402496,-0.10000000000000053,8.281573972297451e-4,0.0014083396138264703,42,6.891625897052253,6.953684210870537,-0.024996559094808468,-0.002689099478144996,0.011125874414664949,-8.552479977579353e-4,-3.2308943690573244e-4,-0.001284866551711339,-0.0061743151000568375,-0.0015411958255606706,-0.04946817290899208,0,0,-0.1200000000000001,-0.08000000000000007,-0.040000000000000036,-0.0058811290252291926,13.3254,0.7000000000000028,2.39,0.6100000000000003
2014-09-01,0.003471154923483155,2.915467656263715e-4,0.0028693197501494794,-2.1097935069569473e-4,-0.002762407045596049,-0.1999999999999993,-0.023451661035050364,0.0021087974762732387,42.1,6.930494765951626,6.981934677156389,0.04416251599433796,0.0014832794016399475,-0.027656521094558073,-0.0017540855151514378,9.144130491023361e-6,2.3160259124743732e-4,-0.019287141962839982,4.7231257757474054e-4,0.03538095167838229,0,-0.009999999999999998,0.10999999999999988,0.03000000000000025,0.10999999999999943,0.01603165751778679,13.4618,2.0999999999999943,2.51,0.6899999999999995
2014-10-01,0.005065882107821551,0.006392617551052915,1.1933608402614482e-4,0.0014813238543496254,0.003976378990692808,-0.20000000000000018,-0.021414094503816372,0.001675258123759349,42.1,6.97914527506881,6.9975959829819265,-0.01958731261179736,0.0028071689701629765,-0.0054986239671297454,-0.0051971307353406715,-0.0032376475373538938,-2.6952193306950534e-4,-0.026955884010647857,-6.468361759717212e-4,-0.06418519231187236,0,0,-0.22999999999999998,-0.1900000000000004,-0.10999999999999943,-0.028476672964441896,18.2073,2.3000000000000114,2.28,0.7700000000000005
2014-11-01,0.005691443244744576,0.0025392281322931254,0.006153151350189567,0.0024688829770553866,0.002797637937794306,0.09999999999999964,0.009821738298500193,0.0020937028660323875,42.2,6.90875477931522,6.9650803456014065,-0.003983758822729833,-0.0028857883074113744,-0.0318500145259506,0.009041659511112243,0.003129547583508696,-0.0016865010937596736,0.0363849676478889,-6.576927634052154e-4,-0.008313433306819995,0,0,0.03000000000000025,0,0.09999999999999964,0.05390773291510076,13.4181,1.8999999999999915,2.31,0.8700000000000001
2014-12-01,0.006836247823734709,0.0027675836586356084,-7.906777172816959e-5,0.00571289315603174,-0.006957674006367043,-0.20000000000000018,-0.024649746568117692,0.001953975248547124,42.1,6.9782137426306985,6.977281341630747,0.02043157377025473,0.0036693947560220153,0.07051462705483047,2.2847935166137034e-4,0.002460192873332545,-0.001204942073582238,-0.0061770912848553294,-8.037215478786663e-4,-0.13792465632668716,0.03,0.009999999999999998,-0.1200000000000001,-0.1299999999999999,-0.04999999999999982,0.004733055258622443,16.1928,4.799999999999997,2.18,0.9500000000000002
2015-01-01,0.008750246445810461,0.002376779039362731,-0.007879228487476908,0.0019775411071840665,-0.00443193108674933,0.10000000000000053,0.01083737228050552,0.0014523089990206017,42,6.98933526597456,6.955592608396297,-0.02320353695398758,2.1184827238229786e-4,-0.006038132337343072,-0.0018833219792036004,-0.0019401432888148662,-0.003301316834362744,-0.025251322028327472,-0.00305057589531188,0.017902574042751418,-0.009999999999999995,0,-0.33000000000000007,-0.33000000000000007,-0.29000000000000004,-0.012781714508435016,19.037,4.5,1.8499999999999999,0.9900000000000002
2015-02-01,0.0036398295924033874,0.002360522962808531,-0.006405903226315068,-0.004021895403480968,-0.002546395912755628,-0.20000000000000018,0.04636985895797352,0.0018408292481275623,41.9,6.786716950605081,7.027314514039777,0.023343194933360678,0.0024773917121176936,-0.06573412308438265,-0.0012366275460005127,-0.0010817701684278092,0.008922130380985216,0.026668321617602686,0.0065773702242371,0.296361835646362,0,-0.009999999999999998,0.10000000000000009,0.1499999999999999,0.05999999999999961,0.026286187871833455,15.8675,-2.6999999999999886,1.96,0.8999999999999999
2015-03-01,-0.0018345066915586017,0.0030010786102012688,-0.0033518725083752088,0.0055356713949628045,0.015168176158306679,-0.09999999999999964,-0.05896624664365824,6.814552171441335e-4,41.8,6.866933284461882,6.977281341630747,-0.031240525377680406,-0.01002779536779208,0.09327036460499372,0.004930420717473183,9.831939312014981e-4,1.5889270808333578e-4,-0.025538039924185796,1.205897716269888e-4,-0.12485098879609247,0,0.009999999999999998,0.06000000000000005,0.03000000000000025,0.03000000000000025,-0.001061941049154136,14.7123,-2.4000000000000057,2.0100000000000002,0.8999999999999999
2015-04-01,0.0029813324773808603,0.0018301557566653415,-0.005470746111496005,0.007754980873869499,0.0018960583574791912,0,0.007017572658645221,0.0019353541251181383,41.8,7.081708586105575,7.061334366910438,0.008464671531807966,0.0030036348640702926,-0.04119275060451422,-0.006146554832132445,-0.001039253423977371,-0.0016483937041993357,0.030919187290297856,-0.0010020918369022525,0.18595116656043098,0.009999999999999995,-0.009999999999999998,-0.10000000000000009,-0.1200000000000001,-0.05999999999999961,0.007123639356141354,13.5328,2.9000000000000057,1.92,0.9600000000000004
2015-05-01,0.002091772277417192,0.003007711501060051,-0.0044228298448434344,-0.010338101147407741,0.007783746246502687,0.1999999999999993,-0.04286370443178278,0.002419236220632115,41.8,6.983789965258135,7.148345743900068,-0.008658891193604745,-5.428517058732041e-4,-0.03459144199045561,5.321629074863665e-4,2.657205700309362e-4,0.002250383811671419,0.01792767663491368,0.0015107294772853663,-0.04501846092801376,0,0,0.26000000000000023,0.45999999999999996,0.40999999999999925,0.008120230984057564,13.1924,-5.200000000000003,2.18,0.9099999999999997
2015-06-01,4.1329400854905884e-4,7.057646515269411e-4,-0.0031500185136206227,0.0017223123888658876,1.9638828310242218e-4,-0.2999999999999998,-9.12825257358918e-4,0.001207426880247553,41.8,7.094234845924755,7.229113877793302,0.020340041020425303,0.0010698826320822974,0.019897449938772738,4.799338572736289e-4,0.0022491292850901345,-5.282225323384182e-4,-0.05464856937267104,-4.56837454366088e-4,-0.07558364901872183,0.010000000000000009,0,0.1599999999999997,0.2100000000000004,0.2400000000000002,-0.006007764025358853,14.5708,5.3999999999999915,2.34,0.9399999999999995
2015-07-01,0.0016398973256794847,0.0037102283936594205,0.0064600821906077854,0.0027431491883422865,0.009071619775745887,-0.09999999999999964,0.014506147389029778,0.0019880161640966065,41.8,7.044032897274685,7.038783541388542,-0.005469945137690502,2.626092552642234e-4,0.018131462747028593,-0.0039223428441435,-0.003138902436369051,-0.0011790342677207022,-0.0018534364935582914,-0.001027769604070805,-0.17071390704738,0,0.009999999999999998,-0.040000000000000036,-0.040000000000000036,0.07000000000000028,-0.002456224422098252,14.6217,-3,2.29,1.0499999999999998
2015-08-01,0.001984583611696067,0.002462371511309236,-0.00184021074428653,0.0012486196235652613,-2.1045699796395922e-4,-0.10000000000000053,-0.009223322460551131,9.432767597434832e-4,41.8,7.029972911706386,7.060476365999801,-0.013587622056485671,7.780939163559708e-5,-0.004818071828141868,0.0023727249674898587,-2.1256660360791102e-5,-0.0015892639933374753,-0.0026193155095750598,-8.405394446757697e-4,-0.01021351330126663,0.010000000000000009,0.04000000000000001,-0.1499999999999999,-0.11000000000000032,-0.009999999999999787,-0.026256887566729503,19.9964,-1.1999999999999886,2.1,1.1500000000000004
2015-09-01,0.0026647701598516704,5.858843882942111e-4,-0.002794967313555219,0.009743476678540475,-0.004495786258528867,-0.09999999999999964,-0.02092971571013713,0.001054852418487684,41.8,7.1098794630722715,7.042286171939743,0.01470851556745778,0.001336503755087648,0.005368428455419405,-0.0010805480454436633,0.0033188655572615744,-0.002245916045929164,0.05329692493968352,-0.001455699006989164,0.2307910312190411,0,-0.05,0,0.03000000000000025,0.14999999999999947,-0.047413328564345214,24.2515,-4.700000000000003,2.15,1.2699999999999996
2015-10-01,0.002410092335370706,6.900662110034261e-4,-0.0048472353195281315,-0.0021137608827892507,-0.002672556680888505,0,-0.009319731948801646,0.0021344275693024883,41.8,6.964135612418245,7.05617528410041,-0.014469952324670743,-8.361284483147102e-4,-0.0031957380075446906,0.0014554036231970713,-0.0030173433463396293,0.003239109937318574,-0.010787363183448306,0.0013839839411593502,-0.0429604523085505,-0.020000000000000018,0,-0.10000000000000009,-0.1200000000000001,0,0.06264574139961088,16.4927,2.799999999999997,2.05,1.3899999999999997
2015-11-01,-1.5664451981756145e-4,0.0016604794140580026,-0.0073845177316860244,-0.0019889304822395815,0.0036632744641842407,0.09999999999999964,0.005602255548669888,0.0016048386867613118,41.8,7.066466970136958,7.126087273299125,0.025251765128901482,0.0032404890991966084,-0.021250179373646816,6.499011482006267e-4,-8.706495831543037e-4,2.0491170130476632e-4,-0.054600850386869126,6.25592923513274e-4,-0.10146122706435134,0,0.09999999999999999,0.18999999999999995,0.10999999999999943,0.1200000000000001,0.004547433049563843,16.177,1.2999999999999972,2.1399999999999997,1.4000000000000004
2015-12-01,0.004232817610194672,0.0031566965313816198,-0.004916123240685799,-0.0014414801386859466,0.004183803068563918,-0.09999999999999964,0.009267906930780612,0.001881876134723015,41.8,7.044032897274685,7.099201743553092,-0.008356090409472827,-0.0016708708905888159,-0.030251782984869635,-0.005030895196161289,-0.04013221897311681,-0.0022700367528676324,0.04098106048128969,-0.0014666444926252353,-0.04673011470835142,0.12,0.11000000000000001,-0.019999999999999574,-0.08999999999999941,0,-0.01283786707892709,18.3855,1.2999999999999972,2.0100000000000002,1.4899999999999998
2016-01-01,0.0013139610276180491,0.0016732752803738649,0.005226534839914088,6.835433243139732e-4,-0.006086575847630726,-0.20000000000000018,0.03124118947995491,9.291376106368432e-4,41.9,6.9957661563048505,7.065613363597717,-0.009967804014230808,0.005258420673991182,0.03229009034726715,0.0022882257156453534,0.04118606846117423,6.175835690642728e-4,5.219856292626446e-4,0.0012514089961843666,-0.02830293518195015,0.10000000000000003,0.03,-0.15000000000000036,0.029999999999999805,-0.009999999999999787,-0.06823230573956618,23.5714,-0.5999999999999943,1.8299999999999998,1.4500000000000002
2016-02-01,5.50146034825616e-4,0.006644611489022623,-0.005198264319299817,0.007965863480574598,0.008273490031154296,0.10000000000000053,-0.04704812017779325,0.001374656988401668,41.8,7.110696122978827,7.066466970136958,0.011006970565258456,-0.0052830279275379866,0.03212197830235475,0.006179839634201656,2.5660519934866954e-4,-8.720114457840822e-4,0.050674961177859856,-9.335926742854994e-4,0.1164763348186999,0.03999999999999998,0.04999999999999999,-0.30999999999999983,-0.040000000000000036,-0.11000000000000032,-0.008148400629719,22.5028,-0.29999999999999716,1.47,1.38
2016-03-01,-6.245761141698836e-5,-0.003730865577798781,-0.007447561483016507,4.007970962103258e-4,-0.0028498063860098455,0.09999999999999964,-0.013207739167777177,0.001776576830446075,41.8,7.01301578963963,7.0192966537150445,-0.006439741244008701,-0.001718178770518719,-0.014156207558050582,0.003425357091571435,4.8615137252383533e-4,0.0044604531351639665,-0.01043725750796387,0.0028602836361271144,0.2577438236080263,-0.020000000000000018,-0.020000000000000018,0.10999999999999988,-0.14000000000000012,-0.20999999999999996,0.060615039528459924,15.6595,-0.7000000000000028,1.5999999999999999,1.31
2016-04-01,-0.0015369655405894633,0.002647145525610739,0.0033764655587065207,-9.196700797122759e-4,0.005412433792649551,0.09999999999999964,0.010392157767613597,0.0013425295129572135,41.8,7.0587581525186645,7.05617528410041,0.008449555588370572,0.00219747828627348,-0.013228551364100838,-0.007408432217117067,-4.19691162486302e-4,6.934339142823376e-4,-0.034860872933756504,9.338344961857814e-4,-0.13208335595924448,0.010000000000000009,-0.05999999999999997,-0.07999999999999985,-0.19999999999999973,-0.33999999999999986,0.026158968489260026,14.216,-2,1.58,1.17
2016-05-01,-4.751252673251827e-4,0.0016406048120627403,-0.002270369719856724,-0.005628755256378071,0.0027783290363707636,-0.2999999999999998,0.03145495216788596,3.1276607090546804e-4,41.9,7.045776576879511,7.094234845924755,-0.0019033485978248166,-9.775718787512488e-4,-0.0028804556599162368,-6.20562847924333e-4,-2.222524497845768e-4,-0.0014620211320552912,0.010105447053464722,-0.0016394447167167314,0.05471997335041712,0,0.04000000000000001,0,0.029999999999999805,-0.11000000000000032,-0.004824826014268702,14.7401,5.700000000000003,1.54,1.0299999999999998
2016-06-01,0.0010482839873660055,0.00443368469490224,0.004712588491569747,0.005976452441919022,0.010599310821000074,0.10000000000000053,-0.034278483455493,0.0017080609333799401,41.8,7.0925737159746784,7.0967213784947605,-0.009643678336814787,-5.338037247870631e-4,0.006571772839931711,-0.005892500541463619,-8.302845100480738e-4,4.1080564287998556e-4,0.003503031068535556,1.193944331054908e-4,-0.09355040472809106,0.010000000000000009,0,-0.17000000000000015,-0.1499999999999999,-0.14999999999999947,0.008839804613195668,18.5502,-1.2000000000000028,1.3699999999999999,1.0300000000000002
2016-07-01,0.004246666132841526,0.0018253607078273504,0.001171402354962936,-7.992080454375383e-4,-9.955268781123294e-4,-0.10000000000000053,-0.022301505611748595,0.0025912314527385405,42,7.122059881629142,7.088408778675395,-0.0018828189904880333,-5.108767192538721e-4,-0.011079951084088435,0.0021030967357287267,2.7931927671787093e-4,-0.0032759390773478003,0.017816020494809237,-0.0015779515381444398,-0.1310080273896168,0.010000000000000009,0.02999999999999997,-0.1399999999999999,-0.2200000000000002,-0.3100000000000005,0.03071974391774024,13.0704,-3.5,1.2,0.94
2016-08-01,0.0011102550604604744,0.001075197351076973,-0.0015082196772331358,0.007601861195622561,3.489916510819313e-4,0.10000000000000053,0.01568209609907356,9.82080568036281e-4,41.8,7.065613363597717,7.0909098220799835,0.02109195324737989,0.0023051092853574318,0.02559952928849185,-0.006521718287658906,0.0016459465787281857,0.002351341723498379,-0.02895919882871656,0.001219247034020654,0.08962251881489847,0.010000000000000009,0,0.06000000000000005,0.040000000000000036,0.020000000000000462,0.013212161550955948,12.2931,-0.20000000000000284,1.26,0.9200000000000004
2016-09-01,0.0023537347415807375,0.002667635819674885,-0.0010556910872727698,0.0014181466242124685,0.006888162587934232,0.09999999999999964,-0.0466103784416223,0.002106143464530419,41.9,6.97354301952014,7.172424577124845,-0.01831414232095696,-0.0018895537240659621,-0.03304568476396952,0.012318828656036729,-3.0690198149407877e-4,7.722611045837269e-4,-0.005768965230544154,5.049533004202189e-4,0.008667160668677898,0,-0.010000000000000009,0.06999999999999984,0.0900000000000003,0.0699999999999994,-0.009130039869454265,14.1336,1.4000000000000057,1.3399999999999999,0.8999999999999995
2016-10-01,0.001715900843580087,-4.594298046560752e-4,1.559439981937416e-4,0.0012302124728318375,0.0017443986855916194,-0.09999999999999964,0.016952899604948612,6.826809628215358e-4,42,7.180069874302796,7.134093721192866,0.0010739888493862537,9.786249246754863e-4,-0.023437673764593825,-0.001526774707863332,-0.0010938203640069588,-2.798275010134077e-4,0.023546317672371586,1.4813684730086152e-4,0.08672510370657527,0,0.040000000000000036,0.13000000000000012,0.09999999999999964,0.07000000000000028,-0.006822155828836607,14.5743,-4,1.43,0.8700000000000001
2016-11-01,0.002658360292461026,0.0016835450243295469,-0.004180408725706464,3.8668696759280863e-4,9.914744224381877e-5,-0.20000000000000018,-0.04008113011746772,8.06204371674113e-4,41.9,7.038783541388542,7.114769448366463,7.93144418070213e-4,-1.6101371020482702e-5,0.060858987467035774,-0.006149259405009211,-7.652046032298188e-4,-0.001161694380113154,0.015888721872483025,-0.00171149556553285,-0.18334944173738554,0.009999999999999953,0.12,0.3800000000000001,0.3500000000000001,0.33000000000000007,0.010199693347098027,14.994,6.599999999999994,1.6900000000000002,0.8500000000000001
2016-12-01,0.0029248240444506024,0.007009730536254644,0.0068125945893555695,0.012117947661518969,0.011855193124004515,0,0.02590766450354387,0.0015485685720744158,41.9,7.132497551660044,7.129297548929373,-0.00502960636984362,-0.0021685675899032475,-0.04345041649193426,-0.004301382009637145,7.299118327530607e-5,0.0013430876020397164,-0.042467859717473466,0.0013836923264562984,0.21583464375649797,0.13000000000000006,0.06,0.3500000000000001,0.19999999999999973,0.1200000000000001,0.037015573142006986,12.3985,4.400000000000006,1.9800000000000002,0.7700000000000005
2017-01-01,0.0029946702569585426,5.971085953575539e-4,-0.002632185863649106,0.002777802995506562,0.01105761187961285,0,-0.03305419823761824,0.0015118407475629425,41.9,7.081708586105575,7.172424577124845,0.016432454192537804,0.0021937081065566133,0.04535856180999431,0.002080126835984686,3.538847636654907e-4,0.0015135845179763407,0.02163375014751079,0.002110880740575638,-0.11929744734147363,0.10999999999999999,0,-0.06000000000000005,-0.13999999999999968,-0.16999999999999993,0.01260148261642513,11.6213,0.29999999999999716,1.9200000000000002,0.7400000000000002
2017-02-01,0.0029437982918434358,5.36081861410409e-4,-0.004022819294649871,-0.0015959085970873588,-2.756553292151409e-4,-0.10000000000000053,-0.05800255015778433,0.0015095585350231033,41.9,7.147559271189454,7.1180162044653335,-0.012752148149951736,-6.147323310408126e-4,0.023180277811661654,8.836651317194466e-4,-0.0010355801307468937,-0.0024435350003608747,0.018824881806572158,-0.0024717638384270657,0.008161038785834407,0.010000000000000009,0.010000000000000009,-0.010000000000000231,0.03000000000000025,-0.020000000000000462,0.023796841957566706,11.4539,-2.200000000000003,1.9,0.6899999999999995
2017-03-01,0.0036590533893789967,0.0044293620592696925,0.006577241165916625,-0.002097537705445518,-0.0013147148639571782,-0.1999999999999993,0.015086493033379611,8.29286895106307e-4,41.8,7.081708586105575,7.148345743900068,0.010198738891403991,-4.195074386217357e-4,-0.012199519662130953,-0.008736582526283065,-2.765783402836064e-5,-0.002058701222171777,-0.03743696363815552,-0.0018687832640189583,-0.09889591307805556,0.13,0.21999999999999997,0.06000000000000005,0.05999999999999961,0.040000000000000036,0.006865059565405396,11.7747,0.6000000000000085,1.74,0.6699999999999999
2017-04-01,0.0017968574982294427,3.321673952880744e-4,0.010135936505023757,-0.0035263611140674556,0.0034490588042768167,0,-0.02578411715571427,0.0014034225269625722,42,7.044032897274685,7.1316985104669115,-0.013747263494828132,-4.212896424586887e-4,-0.03792562041478753,0.009846893221647335,2.245202071868846e-4,0.001700702680034638,0.024148585561324154,0.0024193080414338652,0.1150573302826845,0.10999999999999999,0.06000000000000005,-0.18000000000000016,-0.13999999999999968,-0.10999999999999943,0.005674503619333748,13.1576,0.09999999999999432,1.4999999999999998,0.7000000000000002
2017-05-01,0.0063145214803430605,6.338315327063526e-4,0.0011830347817092246,0.004032787558733375,-0.005435182501804192,0,0.047995500918428746,0.0014082872498484278,41.9,7.053585727193677,7.0967213784947605,0.01853431521954718,-3.127030090084304e-4,-0.003441095380305015,7.449324977342187e-4,-6.618799407949183e-4,-0.0020076695167965397,-0.029996370987028342,-0.0023383354337251916,-0.08631906661996958,0.010000000000000009,0.08999999999999997,0,-0.020000000000000018,-0.020000000000000462,0.015160154565969641,10.7091,0.09999999999999432,1.4099999999999997,0.6999999999999997
2017-06-01,0.0010136154217175175,0.003193222643862903,0.0020579802852100926,0.0033100709989550836,0.0051213410149717475,-0.10000000000000053,0.036965194233470555,0.0013858407545637164,42,7.130098510125578,7.210079628170788,-0.01597158930850462,-0.002247090088921766,0.00937585157482701,-0.0014720216403043551,6.631315832077433e-4,0.0014256940796917306,0.019831260625249314,0.0012736036144485041,-0.018646760668923346,0.13,0.08999999999999997,-0.10999999999999988,-0.16999999999999993,-0.17999999999999972,0.016002528120612425,10.4414,-2.0999999999999943,1.21,0.69
2017-07-01,0.003350577215126549,0.002513255987696361,-0.0023975598889283134,0.004020120608787536,-8.81512848618371e-5,0,0.011227062593784254,0.0012885413655823186,41.9,7.095064377287131,7.135687347028144,0.0036960603044740026,0.002593514792261331,0.01170451457769417,9.57275490332421e-4,6.163275311941163e-4,-3.238201380506567e-4,-0.0016343249746757493,-4.71525790047167e-4,0.10208643050157429,0.10999999999999988,0.09000000000000008,0.1299999999999999,0.020000000000000018,0.019999999999999574,0.008228209161258881,10.2381,-1.5999999999999943,1.2499999999999998,0.6899999999999995
2017-08-01,0.0018196117688820124,1.1999760019154593e-4,-0.0041471676206601416,0.005556905510060162,0.001999766537023717,0.10000000000000053,-0.012235635548668355,0.0010010522098102825,42,7.055312843339752,7.1846291527173145,0.004078124642854064,1.433715207692643e-4,0.021121120837452878,0.0023275364883419414,-0.0015351227799786926,0.0035136428427833266,0.04161109593586332,0.0018711074825397134,-0.001799713388818791,0.010000000000000009,-0.06000000000000005,-0.10999999999999988,-0.07000000000000028,-0.08000000000000007,8.634875656676755e-4,11.9212,3.3999999999999915,1.2,0.6799999999999997
2017-09-01,0.002720869854007546,0.005454658698304193,0.001031641609603895,0.004839165576218107,0.02060930247149173,-0.10000000000000053,0.09485140106525947,5.98790189567211e-4,41.9,7.074116816197362,7.149131598557407,-0.01505485839435039,-8.054505176726678e-4,-0.038868318634941446,0.005131614879896773,-1.2301734964026423e-5,0.0012521573773192074,-0.0262064828685169,0.0014801511541895351,0.0065926262306978956,-0.010000000000000009,0.020000000000000018,-0.009999999999999787,0,-0.009999999999999787,0.01479903995825893,10.4955,-1.7000000000000028,1.1700000000000002,0.6699999999999999
2017-10-01,0.003958106221398694,9.443105992348322e-4,0.012242951327366747,0.005663991875707097,8.047647548163894e-4,-0.09999999999999964,-0.1173013235044813,9.722699868781604e-4,42,7.136483208590247,7.212294468500341,0.016339520035103305,7.787597541746294e-4,-0.0024571772553425575,-0.004223158578452235,0.002195177441381091,-0.0043186444789826695,-0.012214399850898339,-0.0024181273233336853,-0.0016650220030873797,0,0.040000000000000036,0.1599999999999997,-0.029999999999999805,0.020000000000000462,0.025412073530402424,10.0785,5.6000000000000085,1.2899999999999998,0.7200000000000002
2017-11-01,0.002504976270799375,0.005469367418132087,0.002389626780567866,0.007444953784409236,0.010118616492331256,0,0.022449922439221837,0.0015143132632378098,42.1,7.149131598557407,7.1693500166706,-0.006235555501032053,-0.0019493860098460658,0.03168820146453122,-0.007943378283481017,-7.450662998174096e-4,0.0018897025671948953,-0.020449006080247578,1.2743870059939155e-4,0.05886395831310143,0.010000000000000009,0.15999999999999992,-0.009999999999999787,-0.03000000000000025,-0.05000000000000071,0.014216031327456413,10.5077,-2.200000000000003,1.12,0.6999999999999997
2017-12-01,0.002111895466393676,0.007775859331887958,0.0019533298635989738,0.006585444475172508,0.005467933398263014,-0.10000000000000053,-0.021006176700147705,0.001017307884382035,41.8,7.0707241072602764,7.1785454837637,-0.007608391792821578,0.00189193077383365,-0.03472638322590704,0.0027674786404503493,-0.0011594728902686313,-5.597817481461931e-4,-0.005787275369137923,1.7791444464343442e-5,-0.07192499655444662,0.14000000000000012,0.09000000000000008,0.04999999999999982,-0.06000000000000005,-0.04999999999999982,0.02690564452555222,10.234,-2.5999999999999943,1.0799999999999998,0.71
2018-01-01,0.0011434269429155819,-0.0010398376436020484,-1.872595501151153e-5,-0.01322386906097961,-0.00450156200579066,-0.09999999999999964,-0.030765218044461307,9.282378039170425e-4,41.9,7.1693500166706,7.183111701743281,0.015388105563745924,-0.0035772204672124275,0.007789434289110275,0.0024160261802039784,3.8400395124860154e-4,0.002139651595654435,0.06382065078280252,0.0022930475746845147,0.07415620843701554,0.10999999999999988,0.08999999999999986,0.18000000000000016,0.040000000000000036,0.040000000000000036,0.046013536513940245,10.987,-0.20000000000000284,1.1700000000000002,0.71
2018-02-01,0.001490510001247003,4.4157259434918217e-4,0.002421606629052775,0.004990439108164324,0.00542134748159917,0.09999999999999964,-0.062486076947735114,0.0026647384509637106,42.3,7.152268856032539,7.186144304522325,-0.02317361896095349,0.0019196249802959642,0.014717445189331713,-8.416589490209958e-4,8.953756844807259e-4,-0.0015556545756503226,-0.0416321866261109,-0.0016002138545854194,-0.11916002481182542,0.010000000000000009,0.16000000000000014,0.2799999999999998,0.27,0.25,-0.030808848404093148,22.5922,4,1.2899999999999998,0.69
2018-03-01,0.002654003677886152,0.002889934759162216,0.004886354634384027,-0.002214183605758535,1.63199369049849e-4,-0.09999999999999964,0.021486950197807886,0.0015253062005484708,42.2,7.183870715062453,7.233455418621439,0.023034024881981807,0.00147550296532728,-0.022128766697269597,0.00412981829431569,-0.0018791129800650452,-0.0024963259746719757,-0.013717209621471937,-0.001077640158072768,0.03134996752451613,0.09000000000000008,0.1299999999999999,-0.020000000000000018,0.050000000000000266,0.1299999999999999,-8.838872380376728e-4,18.8985,1.7000000000000028,1.14,0.7699999999999996
2018-04-01,0.0011190773695783918,8.995620131022619e-4,0.01095858190317145,1.0657027192984003e-4,9.088430434367467e-5,0,-0.01922706223037096,9.571894415394411e-4,42.4,7.151485463904735,7.228388451573604,-0.01357740406091601,-0.0027924833863171017,-0.0052904996254419245,0.01516896529159073,0.00109017828511071,0.002408677154569716,0.023029519411160493,0.0013164822878621862,0.046593059230154665,0.17999999999999994,0.06000000000000005,0.03000000000000025,-0.020000000000000018,0.03000000000000025,-0.018348659050624327,18.2708,-2.6000000000000085,1.11,0.8199999999999998
2018-05-01,0.0026368176305382462,0.0030739078905082096,-0.009045665423148996,0.007412669339673883,0.015994374448494497,-0.20000000000000018,-0.0011293055971517418,0.002140247551084329,42.1,7.213031659834869,7.198931240688173,-0.0013403361585666573,0.002692496055033189,0.005396755682845367,-0.01743443442927184,8.239915045340496e-4,-3.456166223090307e-4,-0.005943236289312814,-6.626819465971323e-4,1.7835931553111806e-4,0.010000000000000009,0.10000000000000009,0.10999999999999988,0.1499999999999999,0.16000000000000014,0.01787495866465605,14.1243,-0.7999999999999972,1.1199999999999999,0.8300000000000001
2018-06-01,0.003957200116875725,9.641370990083331e-4,0.007739323183955982,-0.004682196174471187,-0.0035268233684124795,0.20000000000000018,0.006083154953406833,0.0014712850194680271,42.2,7.083387847625295,7.20414929203594,0.0023225610675670083,3.1035197380724355e-4,0.007497177052378845,0.004969931832261132,-0.003360917633079552,-0.0013546650592184406,-0.0010064021671167822,-8.552823934833143e-4,-0.08538939829708614,0.1200000000000001,0.039999999999999813,-0.06999999999999984,-0.040000000000000036,0,0.019378007455770785,13.5986,0.20000000000000284,1.0100000000000002,0.8700000000000001
2018-07-01,0.004593921371096599,0.0021197779254498172,0.0016130706732431221,0.002228556066251386,0.005926576017870389,-0.20000000000000018,-0.06065269947925245,4.094248309591819e-4,42.2,7.0967213784947605,7.195937226475569,0.006379864876329577,-0.001861882267977677,-0.0022252773376614243,-0.002092654155055662,0.0027051596824723134,-1.2022356735386097e-4,-0.06059815330969176,1.9509069240886134e-4,0.07541941272655883,0.08999999999999986,0.06000000000000005,-0.020000000000000018,-0.08999999999999986,-0.040000000000000036,0.01416392489912166,13.2849,-0.29999999999999716,0.9300000000000002,0.9199999999999999
2018-08-01,0.0036386976384470415,0.002105600995292889,0.006442729109767065,0.004863032083651575,6.14238804132583e-4,0,-0.004784698123335929,0.0017365131300071113,42.1,7.160845906664299,7.149131598557407,-0.004588200873469006,0.0010867914371299747,-5.254657255484574e-4,-0.003426247295410967,7.878489732906502e-4,0.0010052095960375595,0.028585678937266046,-3.6305948157622225e-4,-0.08681251464827433,0,0.06999999999999984,0,0.009999999999999787,-0.020000000000000462,0.0227136914158228,12.5651,-1.7000000000000028,0.8600000000000003,0.8899999999999997
2018-09-01,-3.828335627371615e-4,-0.0017851084051550004,6.505452749951957e-4,-3.4212311453174493e-4,-0.003935222226024493,-0.09999999999999964,-0.01595392794224182,5.290704222371545e-4,42,7.1308988302963465,7.1808311990445555,4.568091701671051e-4,-0.0010097183942008314,0.0024706771641067604,0.004887721413354029,-0.0016036109023129796,2.7443270509319717e-4,0.02622932572433445,0.0013576225597979885,0.07339437924376035,0.040000000000000036,0.10000000000000009,0.10999999999999988,0.10000000000000009,0.11000000000000032,0.015168748229911877,12.845,3.8999999999999915,0.8700000000000001,0.8999999999999999
2018-10-01,0.0014505204492056833,0.002918549391401015,-0.0011033900564871857,-0.0032179957215348054,0.009938103280145327,0.09999999999999964,0.03730705241281029,0.0011241820752729836,42.1,7.107425474110705,7.148345743900068,0.005273327973448261,-0.0016550179036318724,-0.0040730939630790886,0.003656551385964768,7.425849786297789e-4,2.7668946974124253e-4,-0.006272890407280407,-3.258056171304702e-4,-0.024008934745752164,0.24,0.1200000000000001,0.1499999999999999,0.1599999999999997,0.1900000000000004,-0.04081481435188028,19.7307,-1.5,0.8999999999999999,0.9300000000000006
2018-11-01,0.0022416568241379053,0.005320625339604312,7.930645244380585e-4,0.0032987558300519026,0.004899182887864839,0,0.05591873077902143,6.084046947911759e-4,41.9,7.074116816197362,7.200424892944957,-0.014476619667071589,5.183405418218712e-4,-0.001760404205855437,-6.324140699929259e-4,3.676418483564703e-4,-0.003041287567648432,-0.00639218653598661,-0.001385631146104238,-0.22418023577204416,0.010000000000000231,0.08000000000000007,-0.029999999999999805,0.08000000000000007,0.14999999999999947,-0.022594354509174686,19.3379,-1.0999999999999943,0.79,1
2018-12-01,0.011411689852202755,-0.008588808105129964,2.450018435427026e-4,-0.002221153061388037,-0.019719921146091224,0.10000000000000009,-0.002889854184104479,0.0012824539372999766,42.1,6.9985096422506015,7.183111701743281,0.023982166882726474,0.00714347909165447,-0.009239088024550313,0.0025472179411245577,2.447247649275397e-4,0.001389099091614554,0.017433297897937905,3.504772759166386e-4,0.07683063069224705,0.06999999999999984,0.040000000000000036,-0.29000000000000004,-0.20000000000000018,-0.08999999999999986,-0.058960017652593955,25.1541,0.7999999999999972,0.45999999999999996,1.1100000000000003
2019-01-01,0.004184428507432614,0.002871140242866943,-0.00666522303835837,0.0020915086658650495,0.00270940074049264,0.10000000000000009,-0.008270975953424298,0.001667400709122191,42,7.111512116496157,7.134093721192866,-0.01891835937623121,-0.0041062978369286185,0.006040468490173367,-0.003554285074927499,-4.0738107188609263e-4,-0.0014999711921515058,-0.014861268122405846,-0.0012077607205629448,0.17684500203277675,0.1299999999999999,0,-0.1200000000000001,-0.08999999999999941,-0.009999999999999787,0.015491062866141547,19.4215,-7.099999999999994,0.33999999999999986,1.19
2019-02-01,0.0022742432974052207,4.938582533542402e-4,-0.005479088490066175,-0.0019104830594756095,0.00266954345654824,-0.20000000000000018,-0.0011229647446224789,3.9983473502758216e-5,41.7,7.02197642307216,7.1592919047975645,0.004018199880064799,-0.0019716669168410306,0.017916780780632635,-0.006513712129112115,-9.117015105157833e-4,0.003812072447292536,0.035917934253884454,0.002346021069810078,0.030302325862495927,0,0.020000000000000018,-0.029999999999999805,-0.14000000000000012,-0.16999999999999993,0.05501690361573264,15.0976,2.5999999999999943,0.29000000000000004,1.1600000000000001
2019-03-01,0.0017871213028683997,0.006994283576824856,3.752804925412079e-4,-0.002222848491028273,0.015218604126063795,0,-0.0492846684389896,0.0015314958380265864,41.7,7.0825485693553,7.166265974133638,-0.008554656565818775,6.827872709322946e-4,0.0063447891981560645,-5.135987931081942e-4,3.4113938559521273e-4,7.778995492548901e-4,-0.022708001445896464,4.333539105916273e-4,-0.01057249105285063,0.010000000000000231,0.009999999999999787,-0.11000000000000032,-0.020000000000000018,-0.11000000000000032,0.017673211862536675,14.5147,4.6000000000000085,0.16999999999999993,1.0699999999999998
2019-04-01,-6.130061632578787e-4,8.651891164568326e-5,-0.005865977141161771,-0.007628407790813085,1.021394203970516e-4,-0.09999999999999964,-0.00972608781999007,0.00198080413599655,41.6,7.148345743900068,7.186901020411631,0.02005468122978371,-0.001163280098003483,-0.03675019762522602,-0.005816721783489243,-3.7472670558713617e-4,-2.2030441504838905e-5,-0.006754198042187021,5.561925891628405e-4,0.03706511020692016,0.009999999999999787,-0.020000000000000018,-0.040000000000000036,-0.08000000000000007,-0.13999999999999968,0.034980387588162465,12.7691,-1.2000000000000028,0.1499999999999999,1.0100000000000002
2019-05-01,3.708918509222059e-4,0.0036940950947261797,0.0011530983463270417,0.006178907244418497,0.010752192057571719,-0.10000000000000009,0.04086966918832857,1.8591433386561107e-4,41.6,7.164720378771857,7.205635176410364,-0.013866639620609078,0.004750884355033236,0.015512609346275852,0.005459217539240058,4.970210387558183e-4,-0.0035058266475829214,-0.024340231577834714,-0.002094017116109903,-0.14227740727598448,-0.029999999999999805,-0.029999999999999805,-0.1299999999999999,-0.020000000000000018,-0.07000000000000028,-0.017049962300823118,16.5037,2.799999999999997,0.04999999999999982,0.96
2019-06-01,0.0015701831486971685,0.0033751029988158265,4.4427195055796176e-4,0.0011855289968671912,0.0010099090752131445,0,0.03020288172989183,0.0014462949512417111,41.7,7.1252830915107115,7.1693500166706,0.01144275928500349,0.0013917209824203525,0.02221831024481702,8.152080956946861e-7,3.614814735453109e-4,-5.719684981952966e-4,0.028512732646543526,-2.5174077245804227e-4,-0.0583408088786701,-0.010000000000000231,-0.18000000000000016,-0.33000000000000007,-0.25,-0.16999999999999993,0.012345062157089082,15.8726,-1.7999999999999972,-0.10000000000000009,1.04
2019-07-01,-3.4313631272731016e-4,0.004713688397468552,-0.0048606038693659315,6.37397164817699e-4,0.007571446996301745,0.10000000000000009,-0.07704985502667938,6.428630823656079e-4,41.5,7.122866658599083,7.229113877793302,-0.0033563543599388623,-0.002546155529023153,-0.013733126276731511,8.647990159031949e-4,-3.859342506018493e-5,0.002630382781233287,0.005864833178693019,8.590358220237349e-4,0.15499157090814997,0.020000000000000018,-0.06999999999999984,-0.009999999999999787,-0.1299999999999999,-0.17999999999999972,0.03599945667808235,13.309,0.20000000000000284,-0.040000000000000036,0.9900000000000002
2019-08-01,0.004427879873402318,0.003830732048601071,0.0068257248349024024,0.0026207215232609826,0.006792945823683283,-0.10000000000000009,0.011919092237210549,0.0015557404985528933,41.5,7.226209010100671,7.301147805856032,-0.01189671093263378,-9.081548355460711e-5,0.007836394993455897,0.004945775134678421,7.193601116259885e-4,-0.0013908652400491661,-0.011196194108960889,-8.695362688264652e-4,-0.09334084759281236,-0.27,-0.15000000000000013,-0.43000000000000016,-0.31000000000000005,-0.41000000000000014,-0.03346648437002919,19.4147,-8.600000000000009,-0.32000000000000006,0.8900000000000001
2019-09-01,0.0018257942093633517,0.001617013983479687,-0.0033894417233817364,-0.0031983454421382618,-0.0064178376811074855,-0.10000000000000009,-0.00713439411387462,0.001282492176738259,41.5,7.1785454837637,7.292337176173877,0.016112313746729612,0.001002171221118786,-0.02462263595133507,-0.005022199081441414,-0.001083922448408714,6.233114190656863e-4,0.018589494395828687,1.4439808687427558e-4,0.08360121535252052,-0.08999999999999986,-0.06000000000000005,0.07000000000000006,0.04999999999999982,0.040000000000000036,0.02879957393630761,15.7324,3.4000000000000057,-0.18999999999999995,0.8800000000000003
2019-10-01,0.0019556617052014502,6.613787860487719e-5,-0.008478362664281036,-0.01129560931038398,0.0026786168006687205,0.10000000000000009,0.013041085829264887,6.274251010740528e-4,41.4,7.1891677384203225,7.328437352895162,-0.0038566895989777805,0.00254653228431323,0.03674578363673753,-0.0027820913892080412,7.498872278919322e-4,0.0012856297646477444,-0.03240593070062037,0.0011647003936792188,-0.09223168938880244,-0.20999999999999996,-0.24,0.010000000000000009,-0.020000000000000018,0.009999999999999787,-0.0015033963474886392,15.0714,2.299999999999997,0.06000000000000005,0.9100000000000001
2019-11-01,0.003446079402358748,0.005361488426824934,0.005006764315212742,0.0051616453959351105,0.006960958495369596,0,0.05566534845708304,0.001372357767312593,41.4,7.210079628170788,7.336285660021297,-0.004117702075188134,-0.0018069545349881366,0.003600479000093415,-6.693368288122059e-4,-0.0010463396275621761,-1.1826327980024587e-5,0.02769629379069105,-7.430751583621387e-4,0.10926507238252903,-0.28,-0.10999999999999988,0.10000000000000009,0.050000000000000266,0.020000000000000018,0.041837034927062255,12.3952,1.2999999999999972,0.27,0.8799999999999999
2019-12-01,-0.004623594931599584,0.001615054154886053,-0.0023266844944638265,-0.00421359871095639,0.003205575898919122,0,0.05040163137706877,8.370048896537696e-4,41.4,7.344719054149673,7.274479558773871,0.011210654650716023,-0.0025437759679007854,0.013778290465216614,-0.004098874782158646,5.975323488165429e-4,9.651950158673372e-5,-0.005367195677851377,0.001687693935966017,-0.00656929944591278,0,0,0.050000000000000044,-0.050000000000000266,-0.06000000000000005,0.022877152854855254,13.6104,2.5,0.32000000000000006,0.8700000000000001
