method,horizon,forecast_quarter,target_quarter,selected_variable,selection_stage
LASSO,1,2005 Q2,2005 Q3,RPI_m1,NA
LASSO,1,2005 Q2,2005 Q3,DPCERA3M086SBEA_m1,NA
LASSO,1,2005 Q2,2005 Q3,UNRATE_m5,NA
LASSO,1,2005 Q2,2005 Q3,S&P 500_m2,NA
Elastic net,1,2005 Q2,2005 Q3,RPI_m1,NA
Elastic net,1,2005 Q2,2005 Q3,DPCERA3M086SBEA_m1,NA
Elastic net,1,2005 Q2,2005 Q3,UNRATE_m5,NA
Elastic net,1,2005 Q2,2005 Q3,S&P 500_m2,NA
Threshold ridge,1,2005 Q2,2005 Q3,RPI_m1,NA
Threshold ridge,1,2005 Q2,2005 Q3,RPI_m4,NA
Threshold ridge,1,2005 Q2,2005 Q3,DPCERA3M086SBEA_m1,NA
Threshold ridge,1,2005 Q2,2005 Q3,RETAILx_m1,NA
Threshold ridge,1,2005 Q2,2005 Q3,UNRATE_m4,NA
Threshold ridge,1,2005 Q2,2005 Q3,UNRATE_m5,NA
Threshold ridge,1,2005 Q2,2005 Q3,PAYEMS_m0,NA
Threshold ridge,1,2005 Q2,2005 Q3,M1SL_m3,NA
Threshold ridge,1,2005 Q2,2005 Q3,M2SL_m1,NA
Threshold ridge,1,2005 Q2,2005 Q3,BOGMBASE_m2,NA
Threshold ridge,1,2005 Q2,2005 Q3,PPICMM_m4,NA
Threshold ridge,1,2005 Q2,2005 Q3,OILPRICEx_m0,NA
Threshold ridge,1,2005 Q2,2005 Q3,S&P 500_m2,NA
Post-threshold ridge,1,2005 Q2,2005 Q3,RPI_m1,NA
Post-threshold ridge,1,2005 Q2,2005 Q3,RPI_m4,NA
Post-threshold ridge,1,2005 Q2,2005 Q3,DPCERA3M086SBEA_m1,NA
Post-threshold ridge,1,2005 Q2,2005 Q3,RETAILx_m1,NA
Post-threshold ridge,1,2005 Q2,2005 Q3,UNRATE_m4,NA
Post-threshold ridge,1,2005 Q2,2005 Q3,UNRATE_m5,NA
Post-threshold ridge,1,2005 Q2,2005 Q3,PAYEMS_m0,NA
Post-threshold ridge,1,2005 Q2,2005 Q3,M1SL_m3,NA
Post-threshold ridge,1,2005 Q2,2005 Q3,M2SL_m1,NA
Post-threshold ridge,1,2005 Q2,2005 Q3,BOGMBASE_m2,NA
Post-threshold ridge,1,2005 Q2,2005 Q3,PPICMM_m4,NA
Post-threshold ridge,1,2005 Q2,2005 Q3,OILPRICEx_m0,NA
Post-threshold ridge,1,2005 Q2,2005 Q3,S&P 500_m2,NA
OCMT,1,2005 Q2,2005 Q3,RPI_m1,1
OCMT,1,2005 Q2,2005 Q3,UNRATE_m5,1
BMT,1,2005 Q2,2005 Q3,RPI_m1,1
Threshold ridge,1,2005 Q3,2005 Q4,RPI_m1,NA
Threshold ridge,1,2005 Q3,2005 Q4,RPI_m4,NA
Threshold ridge,1,2005 Q3,2005 Q4,DPCERA3M086SBEA_m1,NA
Threshold ridge,1,2005 Q3,2005 Q4,CMRMTSPLx_m0,NA
Threshold ridge,1,2005 Q3,2005 Q4,RETAILx_m1,NA
Threshold ridge,1,2005 Q3,2005 Q4,UNRATE_m4,NA
Threshold ridge,1,2005 Q3,2005 Q4,UNRATE_m5,NA
Threshold ridge,1,2005 Q3,2005 Q4,PAYEMS_m0,NA
Threshold ridge,1,2005 Q3,2005 Q4,M1SL_m3,NA
Threshold ridge,1,2005 Q3,2005 Q4,BOGMBASE_m2,NA
Threshold ridge,1,2005 Q3,2005 Q4,BUSLOANS_m0,NA
Threshold ridge,1,2005 Q3,2005 Q4,PPICMM_m4,NA
Threshold ridge,1,2005 Q3,2005 Q4,PCEPI_m2,NA
Threshold ridge,1,2005 Q3,2005 Q4,S&P 500_m2,NA
Post-threshold ridge,1,2005 Q3,2005 Q4,RPI_m1,NA
Post-threshold ridge,1,2005 Q3,2005 Q4,RPI_m4,NA
Post-threshold ridge,1,2005 Q3,2005 Q4,DPCERA3M086SBEA_m1,NA
Post-threshold ridge,1,2005 Q3,2005 Q4,CMRMTSPLx_m0,NA
Post-threshold ridge,1,2005 Q3,2005 Q4,RETAILx_m1,NA
Post-threshold ridge,1,2005 Q3,2005 Q4,UNRATE_m4,NA
Post-threshold ridge,1,2005 Q3,2005 Q4,UNRATE_m5,NA
Post-threshold ridge,1,2005 Q3,2005 Q4,PAYEMS_m0,NA
Post-threshold ridge,1,2005 Q3,2005 Q4,M1SL_m3,NA
Post-threshold ridge,1,2005 Q3,2005 Q4,BOGMBASE_m2,NA
Post-threshold ridge,1,2005 Q3,2005 Q4,BUSLOANS_m0,NA
Post-threshold ridge,1,2005 Q3,2005 Q4,PPICMM_m4,NA
Post-threshold ridge,1,2005 Q3,2005 Q4,PCEPI_m2,NA
Post-threshold ridge,1,2005 Q3,2005 Q4,S&P 500_m2,NA
OCMT,1,2005 Q3,2005 Q4,RPI_m1,1
OCMT,1,2005 Q3,2005 Q4,UNRATE_m5,1
BMT,1,2005 Q3,2005 Q4,RPI_m1,1
Threshold ridge,1,2005 Q4,2006 Q1,RPI_m1,NA
Threshold ridge,1,2005 Q4,2006 Q1,RPI_m4,NA
Threshold ridge,1,2005 Q4,2006 Q1,DPCERA3M086SBEA_m1,NA
Threshold ridge,1,2005 Q4,2006 Q1,CMRMTSPLx_m0,NA
Threshold ridge,1,2005 Q4,2006 Q1,RETAILx_m1,NA
Threshold ridge,1,2005 Q4,2006 Q1,UNRATE_m4,NA
Threshold ridge,1,2005 Q4,2006 Q1,UNRATE_m5,NA
Threshold ridge,1,2005 Q4,2006 Q1,PAYEMS_m0,NA
Threshold ridge,1,2005 Q4,2006 Q1,M1SL_m3,NA
Threshold ridge,1,2005 Q4,2006 Q1,BOGMBASE_m2,NA
Threshold ridge,1,2005 Q4,2006 Q1,BUSLOANS_m0,NA
Threshold ridge,1,2005 Q4,2006 Q1,PPICMM_m4,NA
Threshold ridge,1,2005 Q4,2006 Q1,PCEPI_m2,NA
Threshold ridge,1,2005 Q4,2006 Q1,S&P 500_m2,NA
Post-threshold ridge,1,2005 Q4,2006 Q1,RPI_m1,NA
Post-threshold ridge,1,2005 Q4,2006 Q1,RPI_m4,NA
Post-threshold ridge,1,2005 Q4,2006 Q1,DPCERA3M086SBEA_m1,NA
Post-threshold ridge,1,2005 Q4,2006 Q1,CMRMTSPLx_m0,NA
Post-threshold ridge,1,2005 Q4,2006 Q1,RETAILx_m1,NA
Post-threshold ridge,1,2005 Q4,2006 Q1,UNRATE_m4,NA
Post-threshold ridge,1,2005 Q4,2006 Q1,UNRATE_m5,NA
Post-threshold ridge,1,2005 Q4,2006 Q1,PAYEMS_m0,NA
Post-threshold ridge,1,2005 Q4,2006 Q1,M1SL_m3,NA
Post-threshold ridge,1,2005 Q4,2006 Q1,BOGMBASE_m2,NA
Post-threshold ridge,1,2005 Q4,2006 Q1,BUSLOANS_m0,NA
Post-threshold ridge,1,2005 Q4,2006 Q1,PPICMM_m4,NA
Post-threshold ridge,1,2005 Q4,2006 Q1,PCEPI_m2,NA
Post-threshold ridge,1,2005 Q4,2006 Q1,S&P 500_m2,NA
OCMT,1,2005 Q4,2006 Q1,RPI_m1,1
OCMT,1,2005 Q4,2006 Q1,UNRATE_m5,1
BMT,1,2005 Q4,2006 Q1,RPI_m1,1
Threshold ridge,1,2006 Q1,2006 Q2,RPI_m1,NA
Threshold ridge,1,2006 Q1,2006 Q2,RPI_m4,NA
Threshold ridge,1,2006 Q1,2006 Q2,DPCERA3M086SBEA_m1,NA
Threshold ridge,1,2006 Q1,2006 Q2,INDPRO_m3,NA
Threshold ridge,1,2006 Q1,2006 Q2,CMRMTSPLx_m0,NA
Threshold ridge,1,2006 Q1,2006 Q2,RETAILx_m1,NA
Threshold ridge,1,2006 Q1,2006 Q2,UNRATE_m4,NA
Threshold ridge,1,2006 Q1,2006 Q2,UNRATE_m5,NA
Threshold ridge,1,2006 Q1,2006 Q2,CLAIMSx_m1,NA
Threshold ridge,1,2006 Q1,2006 Q2,PAYEMS_m0,NA
Threshold ridge,1,2006 Q1,2006 Q2,M1SL_m3,NA
Threshold ridge,1,2006 Q1,2006 Q2,BOGMBASE_m2,NA
Threshold ridge,1,2006 Q1,2006 Q2,BUSLOANS_m0,NA
Threshold ridge,1,2006 Q1,2006 Q2,NONREVSL_m2,NA
Threshold ridge,1,2006 Q1,2006 Q2,PPICMM_m4,NA
Threshold ridge,1,2006 Q1,2006 Q2,OILPRICEx_m0,NA
Threshold ridge,1,2006 Q1,2006 Q2,S&P 500_m2,NA
Post-threshold ridge,1,2006 Q1,2006 Q2,RPI_m1,NA
Post-threshold ridge,1,2006 Q1,2006 Q2,RPI_m4,NA
Post-threshold ridge,1,2006 Q1,2006 Q2,DPCERA3M086SBEA_m1,NA
Post-threshold ridge,1,2006 Q1,2006 Q2,INDPRO_m3,NA
Post-threshold ridge,1,2006 Q1,2006 Q2,CMRMTSPLx_m0,NA
Post-threshold ridge,1,2006 Q1,2006 Q2,RETAILx_m1,NA
Post-threshold ridge,1,2006 Q1,2006 Q2,UNRATE_m4,NA
Post-threshold ridge,1,2006 Q1,2006 Q2,UNRATE_m5,NA
Post-threshold ridge,1,2006 Q1,2006 Q2,CLAIMSx_m1,NA
Post-threshold ridge,1,2006 Q1,2006 Q2,PAYEMS_m0,NA
Post-threshold ridge,1,2006 Q1,2006 Q2,M1SL_m3,NA
Post-threshold ridge,1,2006 Q1,2006 Q2,BOGMBASE_m2,NA
Post-threshold ridge,1,2006 Q1,2006 Q2,BUSLOANS_m0,NA
Post-threshold ridge,1,2006 Q1,2006 Q2,NONREVSL_m2,NA
Post-threshold ridge,1,2006 Q1,2006 Q2,PPICMM_m4,NA
Post-threshold ridge,1,2006 Q1,2006 Q2,OILPRICEx_m0,NA
Post-threshold ridge,1,2006 Q1,2006 Q2,S&P 500_m2,NA
OCMT,1,2006 Q1,2006 Q2,RPI_m1,1
OCMT,1,2006 Q1,2006 Q2,UNRATE_m5,1
BMT,1,2006 Q1,2006 Q2,RPI_m1,1
LASSO,1,2006 Q2,2006 Q3,RPI_m1,NA
Elastic net,1,2006 Q2,2006 Q3,RPI_m1,NA
Threshold ridge,1,2006 Q2,2006 Q3,RPI_m1,NA
Threshold ridge,1,2006 Q2,2006 Q3,DPCERA3M086SBEA_m1,NA
Threshold ridge,1,2006 Q2,2006 Q3,INDPRO_m3,NA
Threshold ridge,1,2006 Q2,2006 Q3,CMRMTSPLx_m0,NA
Threshold ridge,1,2006 Q2,2006 Q3,RETAILx_m1,NA
Threshold ridge,1,2006 Q2,2006 Q3,UNRATE_m4,NA
Threshold ridge,1,2006 Q2,2006 Q3,UNRATE_m5,NA
Threshold ridge,1,2006 Q2,2006 Q3,M1SL_m3,NA
Threshold ridge,1,2006 Q2,2006 Q3,BOGMBASE_m2,NA
Threshold ridge,1,2006 Q2,2006 Q3,BUSLOANS_m0,NA
Threshold ridge,1,2006 Q2,2006 Q3,PPICMM_m4,NA
Threshold ridge,1,2006 Q2,2006 Q3,OILPRICEx_m0,NA
Threshold ridge,1,2006 Q2,2006 Q3,S&P 500_m2,NA
Post-threshold ridge,1,2006 Q2,2006 Q3,RPI_m1,NA
Post-threshold ridge,1,2006 Q2,2006 Q3,DPCERA3M086SBEA_m1,NA
Post-threshold ridge,1,2006 Q2,2006 Q3,INDPRO_m3,NA
Post-threshold ridge,1,2006 Q2,2006 Q3,CMRMTSPLx_m0,NA
Post-threshold ridge,1,2006 Q2,2006 Q3,RETAILx_m1,NA
Post-threshold ridge,1,2006 Q2,2006 Q3,UNRATE_m4,NA
Post-threshold ridge,1,2006 Q2,2006 Q3,UNRATE_m5,NA
Post-threshold ridge,1,2006 Q2,2006 Q3,M1SL_m3,NA
Post-threshold ridge,1,2006 Q2,2006 Q3,BOGMBASE_m2,NA
Post-threshold ridge,1,2006 Q2,2006 Q3,BUSLOANS_m0,NA
Post-threshold ridge,1,2006 Q2,2006 Q3,PPICMM_m4,NA
Post-threshold ridge,1,2006 Q2,2006 Q3,OILPRICEx_m0,NA
Post-threshold ridge,1,2006 Q2,2006 Q3,S&P 500_m2,NA
OCMT,1,2006 Q2,2006 Q3,RPI_m1,1
OCMT,1,2006 Q2,2006 Q3,UNRATE_m5,1
BMT,1,2006 Q2,2006 Q3,RPI_m1,1
LASSO,1,2006 Q3,2006 Q4,RPI_m1,NA
LASSO,1,2006 Q3,2006 Q4,UNRATE_m5,NA
Elastic net,1,2006 Q3,2006 Q4,RPI_m1,NA
Elastic net,1,2006 Q3,2006 Q4,UNRATE_m5,NA
Elastic net,1,2006 Q3,2006 Q4,S&P 500_m2,NA
Threshold ridge,1,2006 Q3,2006 Q4,RPI_m1,NA
Threshold ridge,1,2006 Q3,2006 Q4,DPCERA3M086SBEA_m1,NA
Threshold ridge,1,2006 Q3,2006 Q4,INDPRO_m1,NA
Threshold ridge,1,2006 Q3,2006 Q4,INDPRO_m3,NA
Threshold ridge,1,2006 Q3,2006 Q4,CMRMTSPLx_m0,NA
Threshold ridge,1,2006 Q3,2006 Q4,RETAILx_m1,NA
Threshold ridge,1,2006 Q3,2006 Q4,UNRATE_m5,NA
Threshold ridge,1,2006 Q3,2006 Q4,CLAIMSx_m1,NA
Threshold ridge,1,2006 Q3,2006 Q4,PAYEMS_m0,NA
Threshold ridge,1,2006 Q3,2006 Q4,M1SL_m3,NA
Threshold ridge,1,2006 Q3,2006 Q4,M2SL_m1,NA
Threshold ridge,1,2006 Q3,2006 Q4,BOGMBASE_m2,NA
Threshold ridge,1,2006 Q3,2006 Q4,BUSLOANS_m0,NA
Threshold ridge,1,2006 Q3,2006 Q4,PPICMM_m4,NA
Threshold ridge,1,2006 Q3,2006 Q4,OILPRICEx_m0,NA
Threshold ridge,1,2006 Q3,2006 Q4,S&P 500_m2,NA
Post-threshold ridge,1,2006 Q3,2006 Q4,RPI_m1,NA
Post-threshold ridge,1,2006 Q3,2006 Q4,DPCERA3M086SBEA_m1,NA
Post-threshold ridge,1,2006 Q3,2006 Q4,INDPRO_m1,NA
Post-threshold ridge,1,2006 Q3,2006 Q4,INDPRO_m3,NA
Post-threshold ridge,1,2006 Q3,2006 Q4,CMRMTSPLx_m0,NA
Post-threshold ridge,1,2006 Q3,2006 Q4,RETAILx_m1,NA
Post-threshold ridge,1,2006 Q3,2006 Q4,UNRATE_m5,NA
Post-threshold ridge,1,2006 Q3,2006 Q4,CLAIMSx_m1,NA
Post-threshold ridge,1,2006 Q3,2006 Q4,PAYEMS_m0,NA
Post-threshold ridge,1,2006 Q3,2006 Q4,M1SL_m3,NA
Post-threshold ridge,1,2006 Q3,2006 Q4,M2SL_m1,NA
Post-threshold ridge,1,2006 Q3,2006 Q4,BOGMBASE_m2,NA
Post-threshold ridge,1,2006 Q3,2006 Q4,BUSLOANS_m0,NA
Post-threshold ridge,1,2006 Q3,2006 Q4,PPICMM_m4,NA
Post-threshold ridge,1,2006 Q3,2006 Q4,OILPRICEx_m0,NA
Post-threshold ridge,1,2006 Q3,2006 Q4,S&P 500_m2,NA
OCMT,1,2006 Q3,2006 Q4,RPI_m1,1
BMT,1,2006 Q3,2006 Q4,RPI_m1,1
Elastic net,1,2006 Q4,2007 Q1,RPI_m1,NA
Threshold ridge,1,2006 Q4,2007 Q1,RPI_m1,NA
Threshold ridge,1,2006 Q4,2007 Q1,DPCERA3M086SBEA_m1,NA
Threshold ridge,1,2006 Q4,2007 Q1,INDPRO_m1,NA
Threshold ridge,1,2006 Q4,2007 Q1,INDPRO_m3,NA
Threshold ridge,1,2006 Q4,2007 Q1,CMRMTSPLx_m0,NA
Threshold ridge,1,2006 Q4,2007 Q1,RETAILx_m1,NA
Threshold ridge,1,2006 Q4,2007 Q1,UNRATE_m5,NA
Threshold ridge,1,2006 Q4,2007 Q1,CLAIMSx_m1,NA
Threshold ridge,1,2006 Q4,2007 Q1,PAYEMS_m0,NA
Threshold ridge,1,2006 Q4,2007 Q1,M1SL_m3,NA
Threshold ridge,1,2006 Q4,2007 Q1,M2SL_m1,NA
Threshold ridge,1,2006 Q4,2007 Q1,BOGMBASE_m2,NA
Threshold ridge,1,2006 Q4,2007 Q1,PPICMM_m4,NA
Threshold ridge,1,2006 Q4,2007 Q1,OILPRICEx_m0,NA
Threshold ridge,1,2006 Q4,2007 Q1,S&P 500_m2,NA
Post-threshold ridge,1,2006 Q4,2007 Q1,RPI_m1,NA
Post-threshold ridge,1,2006 Q4,2007 Q1,DPCERA3M086SBEA_m1,NA
Post-threshold ridge,1,2006 Q4,2007 Q1,INDPRO_m1,NA
Post-threshold ridge,1,2006 Q4,2007 Q1,INDPRO_m3,NA
Post-threshold ridge,1,2006 Q4,2007 Q1,CMRMTSPLx_m0,NA
Post-threshold ridge,1,2006 Q4,2007 Q1,RETAILx_m1,NA
Post-threshold ridge,1,2006 Q4,2007 Q1,UNRATE_m5,NA
Post-threshold ridge,1,2006 Q4,2007 Q1,CLAIMSx_m1,NA
Post-threshold ridge,1,2006 Q4,2007 Q1,PAYEMS_m0,NA
Post-threshold ridge,1,2006 Q4,2007 Q1,M1SL_m3,NA
Post-threshold ridge,1,2006 Q4,2007 Q1,M2SL_m1,NA
Post-threshold ridge,1,2006 Q4,2007 Q1,BOGMBASE_m2,NA
Post-threshold ridge,1,2006 Q4,2007 Q1,PPICMM_m4,NA
Post-threshold ridge,1,2006 Q4,2007 Q1,OILPRICEx_m0,NA
Post-threshold ridge,1,2006 Q4,2007 Q1,S&P 500_m2,NA
OCMT,1,2006 Q4,2007 Q1,RPI_m1,1
OCMT,1,2006 Q4,2007 Q1,UNRATE_m5,1
BMT,1,2006 Q4,2007 Q1,RPI_m1,1
Threshold ridge,1,2007 Q1,2007 Q2,RPI_m1,NA
Threshold ridge,1,2007 Q1,2007 Q2,DPCERA3M086SBEA_m1,NA
Threshold ridge,1,2007 Q1,2007 Q2,INDPRO_m1,NA
Threshold ridge,1,2007 Q1,2007 Q2,INDPRO_m3,NA
Threshold ridge,1,2007 Q1,2007 Q2,CMRMTSPLx_m0,NA
Threshold ridge,1,2007 Q1,2007 Q2,RETAILx_m1,NA
Threshold ridge,1,2007 Q1,2007 Q2,UNRATE_m5,NA
Threshold ridge,1,2007 Q1,2007 Q2,CLAIMSx_m1,NA
Threshold ridge,1,2007 Q1,2007 Q2,PAYEMS_m0,NA
Threshold ridge,1,2007 Q1,2007 Q2,M1SL_m3,NA
Threshold ridge,1,2007 Q1,2007 Q2,M2SL_m1,NA
Threshold ridge,1,2007 Q1,2007 Q2,BOGMBASE_m2,NA
Threshold ridge,1,2007 Q1,2007 Q2,PPICMM_m4,NA
Threshold ridge,1,2007 Q1,2007 Q2,OILPRICEx_m0,NA
Threshold ridge,1,2007 Q1,2007 Q2,OILPRICEx_m1,NA
Threshold ridge,1,2007 Q1,2007 Q2,S&P 500_m2,NA
Post-threshold ridge,1,2007 Q1,2007 Q2,RPI_m1,NA
Post-threshold ridge,1,2007 Q1,2007 Q2,DPCERA3M086SBEA_m1,NA
Post-threshold ridge,1,2007 Q1,2007 Q2,INDPRO_m1,NA
Post-threshold ridge,1,2007 Q1,2007 Q2,INDPRO_m3,NA
Post-threshold ridge,1,2007 Q1,2007 Q2,CMRMTSPLx_m0,NA
Post-threshold ridge,1,2007 Q1,2007 Q2,RETAILx_m1,NA
Post-threshold ridge,1,2007 Q1,2007 Q2,UNRATE_m5,NA
Post-threshold ridge,1,2007 Q1,2007 Q2,CLAIMSx_m1,NA
Post-threshold ridge,1,2007 Q1,2007 Q2,PAYEMS_m0,NA
Post-threshold ridge,1,2007 Q1,2007 Q2,M1SL_m3,NA
Post-threshold ridge,1,2007 Q1,2007 Q2,M2SL_m1,NA
Post-threshold ridge,1,2007 Q1,2007 Q2,BOGMBASE_m2,NA
Post-threshold ridge,1,2007 Q1,2007 Q2,PPICMM_m4,NA
Post-threshold ridge,1,2007 Q1,2007 Q2,OILPRICEx_m0,NA
Post-threshold ridge,1,2007 Q1,2007 Q2,OILPRICEx_m1,NA
Post-threshold ridge,1,2007 Q1,2007 Q2,S&P 500_m2,NA
OCMT,1,2007 Q1,2007 Q2,RPI_m1,1
OCMT,1,2007 Q1,2007 Q2,UNRATE_m5,1
BMT,1,2007 Q1,2007 Q2,RPI_m1,1
LASSO,1,2007 Q2,2007 Q3,UNRATE_m5,NA
Threshold ridge,1,2007 Q2,2007 Q3,RPI_m1,NA
Threshold ridge,1,2007 Q2,2007 Q3,DPCERA3M086SBEA_m1,NA
Threshold ridge,1,2007 Q2,2007 Q3,INDPRO_m1,NA
Threshold ridge,1,2007 Q2,2007 Q3,INDPRO_m3,NA
Threshold ridge,1,2007 Q2,2007 Q3,CMRMTSPLx_m0,NA
Threshold ridge,1,2007 Q2,2007 Q3,RETAILx_m1,NA
Threshold ridge,1,2007 Q2,2007 Q3,UNRATE_m5,NA
Threshold ridge,1,2007 Q2,2007 Q3,CLAIMSx_m1,NA
Threshold ridge,1,2007 Q2,2007 Q3,PAYEMS_m0,NA
Threshold ridge,1,2007 Q2,2007 Q3,M1SL_m3,NA
Threshold ridge,1,2007 Q2,2007 Q3,M2SL_m1,NA
Threshold ridge,1,2007 Q2,2007 Q3,BOGMBASE_m2,NA
Threshold ridge,1,2007 Q2,2007 Q3,PPICMM_m4,NA
Threshold ridge,1,2007 Q2,2007 Q3,OILPRICEx_m0,NA
Threshold ridge,1,2007 Q2,2007 Q3,S&P 500_m2,NA
Post-threshold ridge,1,2007 Q2,2007 Q3,RPI_m1,NA
Post-threshold ridge,1,2007 Q2,2007 Q3,DPCERA3M086SBEA_m1,NA
Post-threshold ridge,1,2007 Q2,2007 Q3,INDPRO_m1,NA
Post-threshold ridge,1,2007 Q2,2007 Q3,INDPRO_m3,NA
Post-threshold ridge,1,2007 Q2,2007 Q3,CMRMTSPLx_m0,NA
Post-threshold ridge,1,2007 Q2,2007 Q3,RETAILx_m1,NA
Post-threshold ridge,1,2007 Q2,2007 Q3,UNRATE_m5,NA
Post-threshold ridge,1,2007 Q2,2007 Q3,CLAIMSx_m1,NA
Post-threshold ridge,1,2007 Q2,2007 Q3,PAYEMS_m0,NA
Post-threshold ridge,1,2007 Q2,2007 Q3,M1SL_m3,NA
Post-threshold ridge,1,2007 Q2,2007 Q3,M2SL_m1,NA
Post-threshold ridge,1,2007 Q2,2007 Q3,BOGMBASE_m2,NA
Post-threshold ridge,1,2007 Q2,2007 Q3,PPICMM_m4,NA
Post-threshold ridge,1,2007 Q2,2007 Q3,OILPRICEx_m0,NA
Post-threshold ridge,1,2007 Q2,2007 Q3,S&P 500_m2,NA
OCMT,1,2007 Q2,2007 Q3,RPI_m1,1
OCMT,1,2007 Q2,2007 Q3,UNRATE_m5,1
BMT,1,2007 Q2,2007 Q3,RPI_m1,1
LASSO,1,2007 Q3,2007 Q4,UNRATE_m5,NA
Threshold ridge,1,2007 Q3,2007 Q4,RPI_m1,NA
Threshold ridge,1,2007 Q3,2007 Q4,DPCERA3M086SBEA_m1,NA
Threshold ridge,1,2007 Q3,2007 Q4,INDPRO_m1,NA
Threshold ridge,1,2007 Q3,2007 Q4,INDPRO_m3,NA
Threshold ridge,1,2007 Q3,2007 Q4,CMRMTSPLx_m0,NA
Threshold ridge,1,2007 Q3,2007 Q4,RETAILx_m1,NA
Threshold ridge,1,2007 Q3,2007 Q4,UNRATE_m5,NA
Threshold ridge,1,2007 Q3,2007 Q4,CLAIMSx_m1,NA
Threshold ridge,1,2007 Q3,2007 Q4,PAYEMS_m0,NA
Threshold ridge,1,2007 Q3,2007 Q4,M1SL_m3,NA
Threshold ridge,1,2007 Q3,2007 Q4,M2SL_m1,NA
Threshold ridge,1,2007 Q3,2007 Q4,BOGMBASE_m2,NA
Threshold ridge,1,2007 Q3,2007 Q4,PPICMM_m4,NA
Threshold ridge,1,2007 Q3,2007 Q4,OILPRICEx_m0,NA
Threshold ridge,1,2007 Q3,2007 Q4,S&P 500_m2,NA
Post-threshold ridge,1,2007 Q3,2007 Q4,RPI_m1,NA
Post-threshold ridge,1,2007 Q3,2007 Q4,DPCERA3M086SBEA_m1,NA
Post-threshold ridge,1,2007 Q3,2007 Q4,INDPRO_m1,NA
Post-threshold ridge,1,2007 Q3,2007 Q4,INDPRO_m3,NA
Post-threshold ridge,1,2007 Q3,2007 Q4,CMRMTSPLx_m0,NA
Post-threshold ridge,1,2007 Q3,2007 Q4,RETAILx_m1,NA
Post-threshold ridge,1,2007 Q3,2007 Q4,UNRATE_m5,NA
Post-threshold ridge,1,2007 Q3,2007 Q4,CLAIMSx_m1,NA
Post-threshold ridge,1,2007 Q3,2007 Q4,PAYEMS_m0,NA
Post-threshold ridge,1,2007 Q3,2007 Q4,M1SL_m3,NA
Post-threshold ridge,1,2007 Q3,2007 Q4,M2SL_m1,NA
Post-threshold ridge,1,2007 Q3,2007 Q4,BOGMBASE_m2,NA
Post-threshold ridge,1,2007 Q3,2007 Q4,PPICMM_m4,NA
Post-threshold ridge,1,2007 Q3,2007 Q4,OILPRICEx_m0,NA
Post-threshold ridge,1,2007 Q3,2007 Q4,S&P 500_m2,NA
OCMT,1,2007 Q3,2007 Q4,RPI_m1,1
OCMT,1,2007 Q3,2007 Q4,UNRATE_m5,1
BMT,1,2007 Q3,2007 Q4,RPI_m1,1
Threshold ridge,1,2007 Q4,2008 Q1,RPI_m1,NA
Threshold ridge,1,2007 Q4,2008 Q1,DPCERA3M086SBEA_m1,NA
Threshold ridge,1,2007 Q4,2008 Q1,INDPRO_m1,NA
Threshold ridge,1,2007 Q4,2008 Q1,CMRMTSPLx_m0,NA
Threshold ridge,1,2007 Q4,2008 Q1,RETAILx_m1,NA
Threshold ridge,1,2007 Q4,2008 Q1,UNRATE_m5,NA
Threshold ridge,1,2007 Q4,2008 Q1,CLAIMSx_m1,NA
Threshold ridge,1,2007 Q4,2008 Q1,PAYEMS_m0,NA
Threshold ridge,1,2007 Q4,2008 Q1,M1SL_m3,NA
Threshold ridge,1,2007 Q4,2008 Q1,M2SL_m1,NA
Threshold ridge,1,2007 Q4,2008 Q1,BOGMBASE_m2,NA
Threshold ridge,1,2007 Q4,2008 Q1,BOGMBASE_m4,NA
Threshold ridge,1,2007 Q4,2008 Q1,PPICMM_m4,NA
Threshold ridge,1,2007 Q4,2008 Q1,OILPRICEx_m0,NA
Threshold ridge,1,2007 Q4,2008 Q1,S&P 500_m2,NA
Post-threshold ridge,1,2007 Q4,2008 Q1,RPI_m1,NA
Post-threshold ridge,1,2007 Q4,2008 Q1,DPCERA3M086SBEA_m1,NA
Post-threshold ridge,1,2007 Q4,2008 Q1,INDPRO_m1,NA
Post-threshold ridge,1,2007 Q4,2008 Q1,CMRMTSPLx_m0,NA
Post-threshold ridge,1,2007 Q4,2008 Q1,RETAILx_m1,NA
Post-threshold ridge,1,2007 Q4,2008 Q1,UNRATE_m5,NA
Post-threshold ridge,1,2007 Q4,2008 Q1,CLAIMSx_m1,NA
Post-threshold ridge,1,2007 Q4,2008 Q1,PAYEMS_m0,NA
Post-threshold ridge,1,2007 Q4,2008 Q1,M1SL_m3,NA
Post-threshold ridge,1,2007 Q4,2008 Q1,M2SL_m1,NA
Post-threshold ridge,1,2007 Q4,2008 Q1,BOGMBASE_m2,NA
Post-threshold ridge,1,2007 Q4,2008 Q1,BOGMBASE_m4,NA
Post-threshold ridge,1,2007 Q4,2008 Q1,PPICMM_m4,NA
Post-threshold ridge,1,2007 Q4,2008 Q1,OILPRICEx_m0,NA
Post-threshold ridge,1,2007 Q4,2008 Q1,S&P 500_m2,NA
OCMT,1,2007 Q4,2008 Q1,RPI_m1,1
BMT,1,2007 Q4,2008 Q1,RPI_m1,1
LASSO,1,2008 Q1,2008 Q2,RPI_m1,NA
LASSO,1,2008 Q1,2008 Q2,UNRATE_m5,NA
Elastic net,1,2008 Q1,2008 Q2,RPI_m1,NA
Elastic net,1,2008 Q1,2008 Q2,UNRATE_m5,NA
Elastic net,1,2008 Q1,2008 Q2,BOGMBASE_m2,NA
Threshold ridge,1,2008 Q1,2008 Q2,RPI_m1,NA
Threshold ridge,1,2008 Q1,2008 Q2,DPCERA3M086SBEA_m1,NA
Threshold ridge,1,2008 Q1,2008 Q2,INDPRO_m3,NA
Threshold ridge,1,2008 Q1,2008 Q2,CMRMTSPLx_m0,NA
Threshold ridge,1,2008 Q1,2008 Q2,RETAILx_m1,NA
Threshold ridge,1,2008 Q1,2008 Q2,UNRATE_m5,NA
Threshold ridge,1,2008 Q1,2008 Q2,CLAIMSx_m1,NA
Threshold ridge,1,2008 Q1,2008 Q2,PAYEMS_m0,NA
Threshold ridge,1,2008 Q1,2008 Q2,M1SL_m3,NA
Threshold ridge,1,2008 Q1,2008 Q2,BOGMBASE_m0,NA
Threshold ridge,1,2008 Q1,2008 Q2,BOGMBASE_m2,NA
Threshold ridge,1,2008 Q1,2008 Q2,PPICMM_m4,NA
Threshold ridge,1,2008 Q1,2008 Q2,OILPRICEx_m0,NA
Threshold ridge,1,2008 Q1,2008 Q2,S&P 500_m2,NA
Post-threshold ridge,1,2008 Q1,2008 Q2,RPI_m1,NA
Post-threshold ridge,1,2008 Q1,2008 Q2,DPCERA3M086SBEA_m1,NA
Post-threshold ridge,1,2008 Q1,2008 Q2,INDPRO_m3,NA
Post-threshold ridge,1,2008 Q1,2008 Q2,CMRMTSPLx_m0,NA
Post-threshold ridge,1,2008 Q1,2008 Q2,RETAILx_m1,NA
Post-threshold ridge,1,2008 Q1,2008 Q2,UNRATE_m5,NA
Post-threshold ridge,1,2008 Q1,2008 Q2,CLAIMSx_m1,NA
Post-threshold ridge,1,2008 Q1,2008 Q2,PAYEMS_m0,NA
Post-threshold ridge,1,2008 Q1,2008 Q2,M1SL_m3,NA
Post-threshold ridge,1,2008 Q1,2008 Q2,BOGMBASE_m0,NA
Post-threshold ridge,1,2008 Q1,2008 Q2,BOGMBASE_m2,NA
Post-threshold ridge,1,2008 Q1,2008 Q2,PPICMM_m4,NA
Post-threshold ridge,1,2008 Q1,2008 Q2,OILPRICEx_m0,NA
Post-threshold ridge,1,2008 Q1,2008 Q2,S&P 500_m2,NA
OCMT,1,2008 Q1,2008 Q2,RPI_m1,1
BMT,1,2008 Q1,2008 Q2,RPI_m1,1
LASSO,1,2008 Q2,2008 Q3,UNRATE_m5,NA
Elastic net,1,2008 Q2,2008 Q3,RPI_m1,NA
Elastic net,1,2008 Q2,2008 Q3,UNRATE_m5,NA
Threshold ridge,1,2008 Q2,2008 Q3,RPI_m1,NA
Threshold ridge,1,2008 Q2,2008 Q3,DPCERA3M086SBEA_m0,NA
Threshold ridge,1,2008 Q2,2008 Q3,DPCERA3M086SBEA_m1,NA
Threshold ridge,1,2008 Q2,2008 Q3,INDPRO_m3,NA
Threshold ridge,1,2008 Q2,2008 Q3,CMRMTSPLx_m0,NA
Threshold ridge,1,2008 Q2,2008 Q3,RETAILx_m1,NA
Threshold ridge,1,2008 Q2,2008 Q3,UNRATE_m4,NA
Threshold ridge,1,2008 Q2,2008 Q3,UNRATE_m5,NA
Threshold ridge,1,2008 Q2,2008 Q3,CLAIMSx_m1,NA
Threshold ridge,1,2008 Q2,2008 Q3,PAYEMS_m0,NA
Threshold ridge,1,2008 Q2,2008 Q3,M1SL_m3,NA
Threshold ridge,1,2008 Q2,2008 Q3,BOGMBASE_m2,NA
Threshold ridge,1,2008 Q2,2008 Q3,PPICMM_m4,NA
Threshold ridge,1,2008 Q2,2008 Q3,OILPRICEx_m0,NA
Threshold ridge,1,2008 Q2,2008 Q3,S&P 500_m2,NA
Post-threshold ridge,1,2008 Q2,2008 Q3,RPI_m1,NA
Post-threshold ridge,1,2008 Q2,2008 Q3,DPCERA3M086SBEA_m0,NA
Post-threshold ridge,1,2008 Q2,2008 Q3,DPCERA3M086SBEA_m1,NA
Post-threshold ridge,1,2008 Q2,2008 Q3,INDPRO_m3,NA
Post-threshold ridge,1,2008 Q2,2008 Q3,CMRMTSPLx_m0,NA
Post-threshold ridge,1,2008 Q2,2008 Q3,RETAILx_m1,NA
Post-threshold ridge,1,2008 Q2,2008 Q3,UNRATE_m4,NA
Post-threshold ridge,1,2008 Q2,2008 Q3,UNRATE_m5,NA
Post-threshold ridge,1,2008 Q2,2008 Q3,CLAIMSx_m1,NA
Post-threshold ridge,1,2008 Q2,2008 Q3,PAYEMS_m0,NA
Post-threshold ridge,1,2008 Q2,2008 Q3,M1SL_m3,NA
Post-threshold ridge,1,2008 Q2,2008 Q3,BOGMBASE_m2,NA
Post-threshold ridge,1,2008 Q2,2008 Q3,PPICMM_m4,NA
Post-threshold ridge,1,2008 Q2,2008 Q3,OILPRICEx_m0,NA
Post-threshold ridge,1,2008 Q2,2008 Q3,S&P 500_m2,NA
OCMT,1,2008 Q2,2008 Q3,RPI_m1,1
OCMT,1,2008 Q2,2008 Q3,UNRATE_m5,1
BMT,1,2008 Q2,2008 Q3,RPI_m1,1
Threshold ridge,1,2008 Q3,2008 Q4,DPCERA3M086SBEA_m0,NA
Threshold ridge,1,2008 Q3,2008 Q4,DPCERA3M086SBEA_m1,NA
Threshold ridge,1,2008 Q3,2008 Q4,INDPRO_m3,NA
Threshold ridge,1,2008 Q3,2008 Q4,CMRMTSPLx_m0,NA
Threshold ridge,1,2008 Q3,2008 Q4,UNRATE_m4,NA
Threshold ridge,1,2008 Q3,2008 Q4,UNRATE_m5,NA
Threshold ridge,1,2008 Q3,2008 Q4,CLAIMSx_m1,NA
Threshold ridge,1,2008 Q3,2008 Q4,PAYEMS_m0,NA
Threshold ridge,1,2008 Q3,2008 Q4,M1SL_m3,NA
Threshold ridge,1,2008 Q3,2008 Q4,BOGMBASE_m0,NA
Threshold ridge,1,2008 Q3,2008 Q4,BOGMBASE_m2,NA
Threshold ridge,1,2008 Q3,2008 Q4,PPICMM_m4,NA
Threshold ridge,1,2008 Q3,2008 Q4,OILPRICEx_m0,NA
Threshold ridge,1,2008 Q3,2008 Q4,S&P 500_m2,NA
Post-threshold ridge,1,2008 Q3,2008 Q4,DPCERA3M086SBEA_m0,NA
Post-threshold ridge,1,2008 Q3,2008 Q4,DPCERA3M086SBEA_m1,NA
Post-threshold ridge,1,2008 Q3,2008 Q4,INDPRO_m3,NA
Post-threshold ridge,1,2008 Q3,2008 Q4,CMRMTSPLx_m0,NA
Post-threshold ridge,1,2008 Q3,2008 Q4,UNRATE_m4,NA
Post-threshold ridge,1,2008 Q3,2008 Q4,UNRATE_m5,NA
Post-threshold ridge,1,2008 Q3,2008 Q4,CLAIMSx_m1,NA
Post-threshold ridge,1,2008 Q3,2008 Q4,PAYEMS_m0,NA
Post-threshold ridge,1,2008 Q3,2008 Q4,M1SL_m3,NA
Post-threshold ridge,1,2008 Q3,2008 Q4,BOGMBASE_m0,NA
Post-threshold ridge,1,2008 Q3,2008 Q4,BOGMBASE_m2,NA
Post-threshold ridge,1,2008 Q3,2008 Q4,PPICMM_m4,NA
Post-threshold ridge,1,2008 Q3,2008 Q4,OILPRICEx_m0,NA
Post-threshold ridge,1,2008 Q3,2008 Q4,S&P 500_m2,NA
OCMT,1,2008 Q3,2008 Q4,UNRATE_m5,1
BMT,1,2008 Q3,2008 Q4,UNRATE_m5,1
Threshold ridge,1,2008 Q4,2009 Q1,RPI_m4,NA
Threshold ridge,1,2008 Q4,2009 Q1,DPCERA3M086SBEA_m0,NA
Threshold ridge,1,2008 Q4,2009 Q1,DPCERA3M086SBEA_m1,NA
Threshold ridge,1,2008 Q4,2009 Q1,INDPRO_m0,NA
Threshold ridge,1,2008 Q4,2009 Q1,INDPRO_m1,NA
Threshold ridge,1,2008 Q4,2009 Q1,CMRMTSPLx_m0,NA
Threshold ridge,1,2008 Q4,2009 Q1,RETAILx_m1,NA
Threshold ridge,1,2008 Q4,2009 Q1,UNRATE_m1,NA
Threshold ridge,1,2008 Q4,2009 Q1,UNRATE_m5,NA
Threshold ridge,1,2008 Q4,2009 Q1,CLAIMSx_m1,NA
Threshold ridge,1,2008 Q4,2009 Q1,PAYEMS_m0,NA
Threshold ridge,1,2008 Q4,2009 Q1,M1SL_m0,NA
Threshold ridge,1,2008 Q4,2009 Q1,M1SL_m3,NA
Threshold ridge,1,2008 Q4,2009 Q1,M2SL_m1,NA
Threshold ridge,1,2008 Q4,2009 Q1,BOGMBASE_m2,NA
Threshold ridge,1,2008 Q4,2009 Q1,BUSLOANS_m4,NA
Threshold ridge,1,2008 Q4,2009 Q1,PPICMM_m4,NA
Threshold ridge,1,2008 Q4,2009 Q1,OILPRICEx_m0,NA
Threshold ridge,1,2008 Q4,2009 Q1,S&P 500_m2,NA
Threshold ridge,1,2008 Q4,2009 Q1,CREDIT_SPREAD_m0,NA
Threshold ridge,1,2008 Q4,2009 Q1,CREDIT_SPREAD_m1,NA
Post-threshold ridge,1,2008 Q4,2009 Q1,RPI_m4,NA
Post-threshold ridge,1,2008 Q4,2009 Q1,DPCERA3M086SBEA_m0,NA
Post-threshold ridge,1,2008 Q4,2009 Q1,DPCERA3M086SBEA_m1,NA
Post-threshold ridge,1,2008 Q4,2009 Q1,INDPRO_m0,NA
Post-threshold ridge,1,2008 Q4,2009 Q1,INDPRO_m1,NA
Post-threshold ridge,1,2008 Q4,2009 Q1,CMRMTSPLx_m0,NA
Post-threshold ridge,1,2008 Q4,2009 Q1,RETAILx_m1,NA
Post-threshold ridge,1,2008 Q4,2009 Q1,UNRATE_m1,NA
Post-threshold ridge,1,2008 Q4,2009 Q1,UNRATE_m5,NA
Post-threshold ridge,1,2008 Q4,2009 Q1,CLAIMSx_m1,NA
Post-threshold ridge,1,2008 Q4,2009 Q1,PAYEMS_m0,NA
Post-threshold ridge,1,2008 Q4,2009 Q1,M1SL_m0,NA
Post-threshold ridge,1,2008 Q4,2009 Q1,M1SL_m3,NA
Post-threshold ridge,1,2008 Q4,2009 Q1,M2SL_m1,NA
Post-threshold ridge,1,2008 Q4,2009 Q1,BOGMBASE_m2,NA
Post-threshold ridge,1,2008 Q4,2009 Q1,BUSLOANS_m4,NA
Post-threshold ridge,1,2008 Q4,2009 Q1,PPICMM_m4,NA
Post-threshold ridge,1,2008 Q4,2009 Q1,OILPRICEx_m0,NA
Post-threshold ridge,1,2008 Q4,2009 Q1,S&P 500_m2,NA
Post-threshold ridge,1,2008 Q4,2009 Q1,CREDIT_SPREAD_m0,NA
Post-threshold ridge,1,2008 Q4,2009 Q1,CREDIT_SPREAD_m1,NA
OCMT,1,2008 Q4,2009 Q1,PAYEMS_m0,1
OCMT,1,2008 Q4,2009 Q1,CREDIT_SPREAD_m0,1
BMT,1,2008 Q4,2009 Q1,PAYEMS_m0,1
Threshold ridge,1,2009 Q1,2009 Q2,RPI_m2,NA
Threshold ridge,1,2009 Q1,2009 Q2,RPI_m3,NA
Threshold ridge,1,2009 Q1,2009 Q2,RPI_m4,NA
Threshold ridge,1,2009 Q1,2009 Q2,DPCERA3M086SBEA_m0,NA
Threshold ridge,1,2009 Q1,2009 Q2,DPCERA3M086SBEA_m1,NA
Threshold ridge,1,2009 Q1,2009 Q2,INDPRO_m0,NA
Threshold ridge,1,2009 Q1,2009 Q2,INDPRO_m1,NA
Threshold ridge,1,2009 Q1,2009 Q2,CMRMTSPLx_m0,NA
Threshold ridge,1,2009 Q1,2009 Q2,UNRATE_m1,NA
Threshold ridge,1,2009 Q1,2009 Q2,UNRATE_m5,NA
Threshold ridge,1,2009 Q1,2009 Q2,CLAIMSx_m1,NA
Threshold ridge,1,2009 Q1,2009 Q2,PAYEMS_m0,NA
Threshold ridge,1,2009 Q1,2009 Q2,M1SL_m0,NA
Threshold ridge,1,2009 Q1,2009 Q2,M2SL_m1,NA
Threshold ridge,1,2009 Q1,2009 Q2,BUSLOANS_m4,NA
Threshold ridge,1,2009 Q1,2009 Q2,PPICMM_m4,NA
Threshold ridge,1,2009 Q1,2009 Q2,OILPRICEx_m0,NA
Post-threshold ridge,1,2009 Q1,2009 Q2,RPI_m2,NA
Post-threshold ridge,1,2009 Q1,2009 Q2,RPI_m3,NA
Post-threshold ridge,1,2009 Q1,2009 Q2,RPI_m4,NA
Post-threshold ridge,1,2009 Q1,2009 Q2,DPCERA3M086SBEA_m0,NA
Post-threshold ridge,1,2009 Q1,2009 Q2,DPCERA3M086SBEA_m1,NA
Post-threshold ridge,1,2009 Q1,2009 Q2,INDPRO_m0,NA
Post-threshold ridge,1,2009 Q1,2009 Q2,INDPRO_m1,NA
Post-threshold ridge,1,2009 Q1,2009 Q2,CMRMTSPLx_m0,NA
Post-threshold ridge,1,2009 Q1,2009 Q2,UNRATE_m1,NA
Post-threshold ridge,1,2009 Q1,2009 Q2,UNRATE_m5,NA
Post-threshold ridge,1,2009 Q1,2009 Q2,CLAIMSx_m1,NA
Post-threshold ridge,1,2009 Q1,2009 Q2,PAYEMS_m0,NA
Post-threshold ridge,1,2009 Q1,2009 Q2,M1SL_m0,NA
Post-threshold ridge,1,2009 Q1,2009 Q2,M2SL_m1,NA
Post-threshold ridge,1,2009 Q1,2009 Q2,BUSLOANS_m4,NA
Post-threshold ridge,1,2009 Q1,2009 Q2,PPICMM_m4,NA
Post-threshold ridge,1,2009 Q1,2009 Q2,OILPRICEx_m0,NA
OCMT,1,2009 Q1,2009 Q2,INDPRO_m0,1
OCMT,1,2009 Q1,2009 Q2,PAYEMS_m0,1
BMT,1,2009 Q1,2009 Q2,PAYEMS_m0,1
Elastic net,1,2009 Q2,2009 Q3,DPCERA3M086SBEA_m0,NA
Threshold ridge,1,2009 Q2,2009 Q3,RPI_m2,NA
Threshold ridge,1,2009 Q2,2009 Q3,RPI_m3,NA
Threshold ridge,1,2009 Q2,2009 Q3,RPI_m4,NA
Threshold ridge,1,2009 Q2,2009 Q3,DPCERA3M086SBEA_m0,NA
Threshold ridge,1,2009 Q2,2009 Q3,DPCERA3M086SBEA_m1,NA
Threshold ridge,1,2009 Q2,2009 Q3,INDPRO_m0,NA
Threshold ridge,1,2009 Q2,2009 Q3,INDPRO_m1,NA
Threshold ridge,1,2009 Q2,2009 Q3,CMRMTSPLx_m0,NA
Threshold ridge,1,2009 Q2,2009 Q3,UNRATE_m1,NA
Threshold ridge,1,2009 Q2,2009 Q3,UNRATE_m5,NA
Threshold ridge,1,2009 Q2,2009 Q3,CLAIMSx_m1,NA
Threshold ridge,1,2009 Q2,2009 Q3,PAYEMS_m0,NA
Threshold ridge,1,2009 Q2,2009 Q3,M1SL_m0,NA
Threshold ridge,1,2009 Q2,2009 Q3,M1SL_m1,NA
Threshold ridge,1,2009 Q2,2009 Q3,BOGMBASE_m2,NA
Threshold ridge,1,2009 Q2,2009 Q3,PPICMM_m4,NA
Threshold ridge,1,2009 Q2,2009 Q3,OILPRICEx_m0,NA
Post-threshold ridge,1,2009 Q2,2009 Q3,RPI_m2,NA
Post-threshold ridge,1,2009 Q2,2009 Q3,RPI_m3,NA
Post-threshold ridge,1,2009 Q2,2009 Q3,RPI_m4,NA
Post-threshold ridge,1,2009 Q2,2009 Q3,DPCERA3M086SBEA_m0,NA
Post-threshold ridge,1,2009 Q2,2009 Q3,DPCERA3M086SBEA_m1,NA
Post-threshold ridge,1,2009 Q2,2009 Q3,INDPRO_m0,NA
Post-threshold ridge,1,2009 Q2,2009 Q3,INDPRO_m1,NA
Post-threshold ridge,1,2009 Q2,2009 Q3,CMRMTSPLx_m0,NA
Post-threshold ridge,1,2009 Q2,2009 Q3,UNRATE_m1,NA
Post-threshold ridge,1,2009 Q2,2009 Q3,UNRATE_m5,NA
Post-threshold ridge,1,2009 Q2,2009 Q3,CLAIMSx_m1,NA
Post-threshold ridge,1,2009 Q2,2009 Q3,PAYEMS_m0,NA
Post-threshold ridge,1,2009 Q2,2009 Q3,M1SL_m0,NA
Post-threshold ridge,1,2009 Q2,2009 Q3,M1SL_m1,NA
Post-threshold ridge,1,2009 Q2,2009 Q3,BOGMBASE_m2,NA
Post-threshold ridge,1,2009 Q2,2009 Q3,PPICMM_m4,NA
Post-threshold ridge,1,2009 Q2,2009 Q3,OILPRICEx_m0,NA
OCMT,1,2009 Q2,2009 Q3,INDPRO_m0,1
OCMT,1,2009 Q2,2009 Q3,PAYEMS_m0,1
BMT,1,2009 Q2,2009 Q3,INDPRO_m0,1
Elastic net,1,2009 Q3,2009 Q4,DPCERA3M086SBEA_m0,NA
Threshold ridge,1,2009 Q3,2009 Q4,RPI_m2,NA
Threshold ridge,1,2009 Q3,2009 Q4,RPI_m3,NA
Threshold ridge,1,2009 Q3,2009 Q4,RPI_m4,NA
Threshold ridge,1,2009 Q3,2009 Q4,DPCERA3M086SBEA_m0,NA
Threshold ridge,1,2009 Q3,2009 Q4,DPCERA3M086SBEA_m1,NA
Threshold ridge,1,2009 Q3,2009 Q4,INDPRO_m0,NA
Threshold ridge,1,2009 Q3,2009 Q4,INDPRO_m1,NA
Threshold ridge,1,2009 Q3,2009 Q4,CMRMTSPLx_m0,NA
Threshold ridge,1,2009 Q3,2009 Q4,RETAILx_m0,NA
Threshold ridge,1,2009 Q3,2009 Q4,UNRATE_m5,NA
Threshold ridge,1,2009 Q3,2009 Q4,CLAIMSx_m1,NA
Threshold ridge,1,2009 Q3,2009 Q4,PAYEMS_m0,NA
Threshold ridge,1,2009 Q3,2009 Q4,M1SL_m0,NA
Threshold ridge,1,2009 Q3,2009 Q4,M2SL_m1,NA
Threshold ridge,1,2009 Q3,2009 Q4,BOGMBASE_m2,NA
Threshold ridge,1,2009 Q3,2009 Q4,PPICMM_m4,NA
Threshold ridge,1,2009 Q3,2009 Q4,OILPRICEx_m0,NA
Threshold ridge,1,2009 Q3,2009 Q4,S&P 500_m2,NA
Post-threshold ridge,1,2009 Q3,2009 Q4,RPI_m2,NA
Post-threshold ridge,1,2009 Q3,2009 Q4,RPI_m3,NA
Post-threshold ridge,1,2009 Q3,2009 Q4,RPI_m4,NA
Post-threshold ridge,1,2009 Q3,2009 Q4,DPCERA3M086SBEA_m0,NA
Post-threshold ridge,1,2009 Q3,2009 Q4,DPCERA3M086SBEA_m1,NA
Post-threshold ridge,1,2009 Q3,2009 Q4,INDPRO_m0,NA
Post-threshold ridge,1,2009 Q3,2009 Q4,INDPRO_m1,NA
Post-threshold ridge,1,2009 Q3,2009 Q4,CMRMTSPLx_m0,NA
Post-threshold ridge,1,2009 Q3,2009 Q4,RETAILx_m0,NA
Post-threshold ridge,1,2009 Q3,2009 Q4,UNRATE_m5,NA
Post-threshold ridge,1,2009 Q3,2009 Q4,CLAIMSx_m1,NA
Post-threshold ridge,1,2009 Q3,2009 Q4,PAYEMS_m0,NA
Post-threshold ridge,1,2009 Q3,2009 Q4,M1SL_m0,NA
Post-threshold ridge,1,2009 Q3,2009 Q4,M2SL_m1,NA
Post-threshold ridge,1,2009 Q3,2009 Q4,BOGMBASE_m2,NA
Post-threshold ridge,1,2009 Q3,2009 Q4,PPICMM_m4,NA
Post-threshold ridge,1,2009 Q3,2009 Q4,OILPRICEx_m0,NA
Post-threshold ridge,1,2009 Q3,2009 Q4,S&P 500_m2,NA
OCMT,1,2009 Q3,2009 Q4,INDPRO_m0,1
BMT,1,2009 Q3,2009 Q4,INDPRO_m0,1
LASSO,1,2009 Q4,2010 Q1,INDPRO_m0,NA
Threshold ridge,1,2009 Q4,2010 Q1,RPI_m4,NA
Threshold ridge,1,2009 Q4,2010 Q1,DPCERA3M086SBEA_m0,NA
Threshold ridge,1,2009 Q4,2010 Q1,DPCERA3M086SBEA_m1,NA
Threshold ridge,1,2009 Q4,2010 Q1,INDPRO_m0,NA
Threshold ridge,1,2009 Q4,2010 Q1,INDPRO_m1,NA
Threshold ridge,1,2009 Q4,2010 Q1,CMRMTSPLx_m0,NA
Threshold ridge,1,2009 Q4,2010 Q1,RETAILx_m1,NA
Threshold ridge,1,2009 Q4,2010 Q1,UNRATE_m1,NA
Threshold ridge,1,2009 Q4,2010 Q1,CLAIMSx_m1,NA
Threshold ridge,1,2009 Q4,2010 Q1,PAYEMS_m0,NA
Threshold ridge,1,2009 Q4,2010 Q1,M1SL_m0,NA
Threshold ridge,1,2009 Q4,2010 Q1,M2SL_m1,NA
Threshold ridge,1,2009 Q4,2010 Q1,PPICMM_m4,NA
Threshold ridge,1,2009 Q4,2010 Q1,OILPRICEx_m0,NA
Threshold ridge,1,2009 Q4,2010 Q1,FEDFUNDS_m4,NA
Threshold ridge,1,2009 Q4,2010 Q1,S&P 500_m2,NA
Post-threshold ridge,1,2009 Q4,2010 Q1,RPI_m4,NA
Post-threshold ridge,1,2009 Q4,2010 Q1,DPCERA3M086SBEA_m0,NA
Post-threshold ridge,1,2009 Q4,2010 Q1,DPCERA3M086SBEA_m1,NA
Post-threshold ridge,1,2009 Q4,2010 Q1,INDPRO_m0,NA
Post-threshold ridge,1,2009 Q4,2010 Q1,INDPRO_m1,NA
Post-threshold ridge,1,2009 Q4,2010 Q1,CMRMTSPLx_m0,NA
Post-threshold ridge,1,2009 Q4,2010 Q1,RETAILx_m1,NA
Post-threshold ridge,1,2009 Q4,2010 Q1,UNRATE_m1,NA
Post-threshold ridge,1,2009 Q4,2010 Q1,CLAIMSx_m1,NA
Post-threshold ridge,1,2009 Q4,2010 Q1,PAYEMS_m0,NA
Post-threshold ridge,1,2009 Q4,2010 Q1,M1SL_m0,NA
Post-threshold ridge,1,2009 Q4,2010 Q1,M2SL_m1,NA
Post-threshold ridge,1,2009 Q4,2010 Q1,PPICMM_m4,NA
Post-threshold ridge,1,2009 Q4,2010 Q1,OILPRICEx_m0,NA
Post-threshold ridge,1,2009 Q4,2010 Q1,FEDFUNDS_m4,NA
Post-threshold ridge,1,2009 Q4,2010 Q1,S&P 500_m2,NA
OCMT,1,2009 Q4,2010 Q1,INDPRO_m0,1
BMT,1,2009 Q4,2010 Q1,INDPRO_m0,1
Threshold ridge,1,2010 Q1,2010 Q2,RPI_m4,NA
Threshold ridge,1,2010 Q1,2010 Q2,DPCERA3M086SBEA_m0,NA
Threshold ridge,1,2010 Q1,2010 Q2,DPCERA3M086SBEA_m1,NA
Threshold ridge,1,2010 Q1,2010 Q2,INDPRO_m0,NA
Threshold ridge,1,2010 Q1,2010 Q2,INDPRO_m1,NA
Threshold ridge,1,2010 Q1,2010 Q2,CMRMTSPLx_m0,NA
Threshold ridge,1,2010 Q1,2010 Q2,RETAILx_m1,NA
Threshold ridge,1,2010 Q1,2010 Q2,UNRATE_m1,NA
Threshold ridge,1,2010 Q1,2010 Q2,CLAIMSx_m1,NA
Threshold ridge,1,2010 Q1,2010 Q2,PAYEMS_m0,NA
Threshold ridge,1,2010 Q1,2010 Q2,M1SL_m0,NA
Threshold ridge,1,2010 Q1,2010 Q2,M1SL_m1,NA
Threshold ridge,1,2010 Q1,2010 Q2,M2SL_m1,NA
Threshold ridge,1,2010 Q1,2010 Q2,PPICMM_m1,NA
Threshold ridge,1,2010 Q1,2010 Q2,PPICMM_m4,NA
Threshold ridge,1,2010 Q1,2010 Q2,OILPRICEx_m0,NA
Threshold ridge,1,2010 Q1,2010 Q2,FEDFUNDS_m3,NA
Threshold ridge,1,2010 Q1,2010 Q2,FEDFUNDS_m4,NA
Threshold ridge,1,2010 Q1,2010 Q2,S&P 500_m2,NA
Post-threshold ridge,1,2010 Q1,2010 Q2,RPI_m4,NA
Post-threshold ridge,1,2010 Q1,2010 Q2,DPCERA3M086SBEA_m0,NA
Post-threshold ridge,1,2010 Q1,2010 Q2,DPCERA3M086SBEA_m1,NA
Post-threshold ridge,1,2010 Q1,2010 Q2,INDPRO_m0,NA
Post-threshold ridge,1,2010 Q1,2010 Q2,INDPRO_m1,NA
Post-threshold ridge,1,2010 Q1,2010 Q2,CMRMTSPLx_m0,NA
Post-threshold ridge,1,2010 Q1,2010 Q2,RETAILx_m1,NA
Post-threshold ridge,1,2010 Q1,2010 Q2,UNRATE_m1,NA
Post-threshold ridge,1,2010 Q1,2010 Q2,CLAIMSx_m1,NA
Post-threshold ridge,1,2010 Q1,2010 Q2,PAYEMS_m0,NA
Post-threshold ridge,1,2010 Q1,2010 Q2,M1SL_m0,NA
Post-threshold ridge,1,2010 Q1,2010 Q2,M1SL_m1,NA
Post-threshold ridge,1,2010 Q1,2010 Q2,M2SL_m1,NA
Post-threshold ridge,1,2010 Q1,2010 Q2,PPICMM_m1,NA
Post-threshold ridge,1,2010 Q1,2010 Q2,PPICMM_m4,NA
Post-threshold ridge,1,2010 Q1,2010 Q2,OILPRICEx_m0,NA
Post-threshold ridge,1,2010 Q1,2010 Q2,FEDFUNDS_m3,NA
Post-threshold ridge,1,2010 Q1,2010 Q2,FEDFUNDS_m4,NA
Post-threshold ridge,1,2010 Q1,2010 Q2,S&P 500_m2,NA
OCMT,1,2010 Q1,2010 Q2,INDPRO_m0,1
BMT,1,2010 Q1,2010 Q2,INDPRO_m0,1
Threshold ridge,1,2010 Q2,2010 Q3,RPI_m2,NA
Threshold ridge,1,2010 Q2,2010 Q3,RPI_m4,NA
Threshold ridge,1,2010 Q2,2010 Q3,DPCERA3M086SBEA_m0,NA
Threshold ridge,1,2010 Q2,2010 Q3,DPCERA3M086SBEA_m1,NA
Threshold ridge,1,2010 Q2,2010 Q3,INDPRO_m0,NA
Threshold ridge,1,2010 Q2,2010 Q3,INDPRO_m1,NA
Threshold ridge,1,2010 Q2,2010 Q3,CMRMTSPLx_m0,NA
Threshold ridge,1,2010 Q2,2010 Q3,UNRATE_m1,NA
Threshold ridge,1,2010 Q2,2010 Q3,CLAIMSx_m1,NA
Threshold ridge,1,2010 Q2,2010 Q3,PAYEMS_m0,NA
Threshold ridge,1,2010 Q2,2010 Q3,M1SL_m0,NA
Threshold ridge,1,2010 Q2,2010 Q3,M1SL_m1,NA
Threshold ridge,1,2010 Q2,2010 Q3,M2SL_m1,NA
Threshold ridge,1,2010 Q2,2010 Q3,PPICMM_m4,NA
Threshold ridge,1,2010 Q2,2010 Q3,OILPRICEx_m0,NA
Threshold ridge,1,2010 Q2,2010 Q3,FEDFUNDS_m3,NA
Threshold ridge,1,2010 Q2,2010 Q3,FEDFUNDS_m4,NA
Threshold ridge,1,2010 Q2,2010 Q3,S&P 500_m2,NA
Post-threshold ridge,1,2010 Q2,2010 Q3,RPI_m2,NA
Post-threshold ridge,1,2010 Q2,2010 Q3,RPI_m4,NA
Post-threshold ridge,1,2010 Q2,2010 Q3,DPCERA3M086SBEA_m0,NA
Post-threshold ridge,1,2010 Q2,2010 Q3,DPCERA3M086SBEA_m1,NA
Post-threshold ridge,1,2010 Q2,2010 Q3,INDPRO_m0,NA
Post-threshold ridge,1,2010 Q2,2010 Q3,INDPRO_m1,NA
Post-threshold ridge,1,2010 Q2,2010 Q3,CMRMTSPLx_m0,NA
Post-threshold ridge,1,2010 Q2,2010 Q3,UNRATE_m1,NA
Post-threshold ridge,1,2010 Q2,2010 Q3,CLAIMSx_m1,NA
Post-threshold ridge,1,2010 Q2,2010 Q3,PAYEMS_m0,NA
Post-threshold ridge,1,2010 Q2,2010 Q3,M1SL_m0,NA
Post-threshold ridge,1,2010 Q2,2010 Q3,M1SL_m1,NA
Post-threshold ridge,1,2010 Q2,2010 Q3,M2SL_m1,NA
Post-threshold ridge,1,2010 Q2,2010 Q3,PPICMM_m4,NA
Post-threshold ridge,1,2010 Q2,2010 Q3,OILPRICEx_m0,NA
Post-threshold ridge,1,2010 Q2,2010 Q3,FEDFUNDS_m3,NA
Post-threshold ridge,1,2010 Q2,2010 Q3,FEDFUNDS_m4,NA
Post-threshold ridge,1,2010 Q2,2010 Q3,S&P 500_m2,NA
OCMT,1,2010 Q2,2010 Q3,INDPRO_m0,1
OCMT,1,2010 Q2,2010 Q3,INDPRO_m1,1
BMT,1,2010 Q2,2010 Q3,INDPRO_m0,1
Elastic net,1,2010 Q3,2010 Q4,INDPRO_m0,NA
Threshold ridge,1,2010 Q3,2010 Q4,RPI_m2,NA
Threshold ridge,1,2010 Q3,2010 Q4,RPI_m4,NA
Threshold ridge,1,2010 Q3,2010 Q4,DPCERA3M086SBEA_m0,NA
Threshold ridge,1,2010 Q3,2010 Q4,DPCERA3M086SBEA_m1,NA
Threshold ridge,1,2010 Q3,2010 Q4,INDPRO_m0,NA
Threshold ridge,1,2010 Q3,2010 Q4,INDPRO_m1,NA
Threshold ridge,1,2010 Q3,2010 Q4,CMRMTSPLx_m0,NA
Threshold ridge,1,2010 Q3,2010 Q4,UNRATE_m1,NA
Threshold ridge,1,2010 Q3,2010 Q4,CLAIMSx_m1,NA
Threshold ridge,1,2010 Q3,2010 Q4,PAYEMS_m0,NA
Threshold ridge,1,2010 Q3,2010 Q4,M1SL_m0,NA
Threshold ridge,1,2010 Q3,2010 Q4,M1SL_m1,NA
Threshold ridge,1,2010 Q3,2010 Q4,M2SL_m1,NA
Threshold ridge,1,2010 Q3,2010 Q4,PPICMM_m4,NA
Threshold ridge,1,2010 Q3,2010 Q4,OILPRICEx_m0,NA
Threshold ridge,1,2010 Q3,2010 Q4,FEDFUNDS_m3,NA
Threshold ridge,1,2010 Q3,2010 Q4,FEDFUNDS_m4,NA
Post-threshold ridge,1,2010 Q3,2010 Q4,RPI_m2,NA
Post-threshold ridge,1,2010 Q3,2010 Q4,RPI_m4,NA
Post-threshold ridge,1,2010 Q3,2010 Q4,DPCERA3M086SBEA_m0,NA
Post-threshold ridge,1,2010 Q3,2010 Q4,DPCERA3M086SBEA_m1,NA
Post-threshold ridge,1,2010 Q3,2010 Q4,INDPRO_m0,NA
Post-threshold ridge,1,2010 Q3,2010 Q4,INDPRO_m1,NA
Post-threshold ridge,1,2010 Q3,2010 Q4,CMRMTSPLx_m0,NA
Post-threshold ridge,1,2010 Q3,2010 Q4,UNRATE_m1,NA
Post-threshold ridge,1,2010 Q3,2010 Q4,CLAIMSx_m1,NA
Post-threshold ridge,1,2010 Q3,2010 Q4,PAYEMS_m0,NA
Post-threshold ridge,1,2010 Q3,2010 Q4,M1SL_m0,NA
Post-threshold ridge,1,2010 Q3,2010 Q4,M1SL_m1,NA
Post-threshold ridge,1,2010 Q3,2010 Q4,M2SL_m1,NA
Post-threshold ridge,1,2010 Q3,2010 Q4,PPICMM_m4,NA
Post-threshold ridge,1,2010 Q3,2010 Q4,OILPRICEx_m0,NA
Post-threshold ridge,1,2010 Q3,2010 Q4,FEDFUNDS_m3,NA
Post-threshold ridge,1,2010 Q3,2010 Q4,FEDFUNDS_m4,NA
OCMT,1,2010 Q3,2010 Q4,INDPRO_m0,1
OCMT,1,2010 Q3,2010 Q4,INDPRO_m1,1
BMT,1,2010 Q3,2010 Q4,INDPRO_m0,1
LASSO,1,2010 Q4,2011 Q1,INDPRO_m1,NA
Threshold ridge,1,2010 Q4,2011 Q1,RPI_m2,NA
Threshold ridge,1,2010 Q4,2011 Q1,RPI_m4,NA
Threshold ridge,1,2010 Q4,2011 Q1,DPCERA3M086SBEA_m0,NA
Threshold ridge,1,2010 Q4,2011 Q1,DPCERA3M086SBEA_m1,NA
Threshold ridge,1,2010 Q4,2011 Q1,INDPRO_m0,NA
Threshold ridge,1,2010 Q4,2011 Q1,INDPRO_m1,NA
Threshold ridge,1,2010 Q4,2011 Q1,CMRMTSPLx_m0,NA
Threshold ridge,1,2010 Q4,2011 Q1,RETAILx_m0,NA
Threshold ridge,1,2010 Q4,2011 Q1,CLAIMSx_m1,NA
Threshold ridge,1,2010 Q4,2011 Q1,PAYEMS_m0,NA
Threshold ridge,1,2010 Q4,2011 Q1,M1SL_m0,NA
Threshold ridge,1,2010 Q4,2011 Q1,M1SL_m1,NA
Threshold ridge,1,2010 Q4,2011 Q1,M2SL_m1,NA
Threshold ridge,1,2010 Q4,2011 Q1,PPICMM_m1,NA
Threshold ridge,1,2010 Q4,2011 Q1,PPICMM_m4,NA
Threshold ridge,1,2010 Q4,2011 Q1,FEDFUNDS_m4,NA
Threshold ridge,1,2010 Q4,2011 Q1,S&P 500_m2,NA
Post-threshold ridge,1,2010 Q4,2011 Q1,RPI_m2,NA
Post-threshold ridge,1,2010 Q4,2011 Q1,RPI_m4,NA
Post-threshold ridge,1,2010 Q4,2011 Q1,DPCERA3M086SBEA_m0,NA
Post-threshold ridge,1,2010 Q4,2011 Q1,DPCERA3M086SBEA_m1,NA
Post-threshold ridge,1,2010 Q4,2011 Q1,INDPRO_m0,NA
Post-threshold ridge,1,2010 Q4,2011 Q1,INDPRO_m1,NA
Post-threshold ridge,1,2010 Q4,2011 Q1,CMRMTSPLx_m0,NA
Post-threshold ridge,1,2010 Q4,2011 Q1,RETAILx_m0,NA
Post-threshold ridge,1,2010 Q4,2011 Q1,CLAIMSx_m1,NA
Post-threshold ridge,1,2010 Q4,2011 Q1,PAYEMS_m0,NA
Post-threshold ridge,1,2010 Q4,2011 Q1,M1SL_m0,NA
Post-threshold ridge,1,2010 Q4,2011 Q1,M1SL_m1,NA
Post-threshold ridge,1,2010 Q4,2011 Q1,M2SL_m1,NA
Post-threshold ridge,1,2010 Q4,2011 Q1,PPICMM_m1,NA
Post-threshold ridge,1,2010 Q4,2011 Q1,PPICMM_m4,NA
Post-threshold ridge,1,2010 Q4,2011 Q1,FEDFUNDS_m4,NA
Post-threshold ridge,1,2010 Q4,2011 Q1,S&P 500_m2,NA
OCMT,1,2010 Q4,2011 Q1,INDPRO_m0,1
OCMT,1,2010 Q4,2011 Q1,INDPRO_m1,1
OCMT,1,2010 Q4,2011 Q1,M1SL_m0,1
BMT,1,2010 Q4,2011 Q1,INDPRO_m0,1
Elastic net,1,2011 Q1,2011 Q2,INDPRO_m1,NA
Threshold ridge,1,2011 Q1,2011 Q2,RPI_m2,NA
Threshold ridge,1,2011 Q1,2011 Q2,RPI_m4,NA
Threshold ridge,1,2011 Q1,2011 Q2,DPCERA3M086SBEA_m0,NA
Threshold ridge,1,2011 Q1,2011 Q2,DPCERA3M086SBEA_m1,NA
Threshold ridge,1,2011 Q1,2011 Q2,INDPRO_m0,NA
Threshold ridge,1,2011 Q1,2011 Q2,INDPRO_m1,NA
Threshold ridge,1,2011 Q1,2011 Q2,CMRMTSPLx_m0,NA
Threshold ridge,1,2011 Q1,2011 Q2,UNRATE_m1,NA
Threshold ridge,1,2011 Q1,2011 Q2,CLAIMSx_m1,NA
Threshold ridge,1,2011 Q1,2011 Q2,PAYEMS_m0,NA
Threshold ridge,1,2011 Q1,2011 Q2,M1SL_m0,NA
Threshold ridge,1,2011 Q1,2011 Q2,M2SL_m1,NA
Threshold ridge,1,2011 Q1,2011 Q2,BOGMBASE_m2,NA
Threshold ridge,1,2011 Q1,2011 Q2,NONREVSL_m0,NA
Threshold ridge,1,2011 Q1,2011 Q2,PPICMM_m1,NA
Threshold ridge,1,2011 Q1,2011 Q2,FEDFUNDS_m4,NA
Post-threshold ridge,1,2011 Q1,2011 Q2,RPI_m2,NA
Post-threshold ridge,1,2011 Q1,2011 Q2,RPI_m4,NA
Post-threshold ridge,1,2011 Q1,2011 Q2,DPCERA3M086SBEA_m0,NA
Post-threshold ridge,1,2011 Q1,2011 Q2,DPCERA3M086SBEA_m1,NA
Post-threshold ridge,1,2011 Q1,2011 Q2,INDPRO_m0,NA
Post-threshold ridge,1,2011 Q1,2011 Q2,INDPRO_m1,NA
Post-threshold ridge,1,2011 Q1,2011 Q2,CMRMTSPLx_m0,NA
Post-threshold ridge,1,2011 Q1,2011 Q2,UNRATE_m1,NA
Post-threshold ridge,1,2011 Q1,2011 Q2,CLAIMSx_m1,NA
Post-threshold ridge,1,2011 Q1,2011 Q2,PAYEMS_m0,NA
Post-threshold ridge,1,2011 Q1,2011 Q2,M1SL_m0,NA
Post-threshold ridge,1,2011 Q1,2011 Q2,M2SL_m1,NA
Post-threshold ridge,1,2011 Q1,2011 Q2,BOGMBASE_m2,NA
Post-threshold ridge,1,2011 Q1,2011 Q2,NONREVSL_m0,NA
Post-threshold ridge,1,2011 Q1,2011 Q2,PPICMM_m1,NA
Post-threshold ridge,1,2011 Q1,2011 Q2,FEDFUNDS_m4,NA
OCMT,1,2011 Q1,2011 Q2,INDPRO_m0,1
OCMT,1,2011 Q1,2011 Q2,INDPRO_m1,1
BMT,1,2011 Q1,2011 Q2,INDPRO_m1,1
Threshold ridge,1,2011 Q2,2011 Q3,RPI_m2,NA
Threshold ridge,1,2011 Q2,2011 Q3,RPI_m4,NA
Threshold ridge,1,2011 Q2,2011 Q3,DPCERA3M086SBEA_m1,NA
Threshold ridge,1,2011 Q2,2011 Q3,INDPRO_m0,NA
Threshold ridge,1,2011 Q2,2011 Q3,INDPRO_m1,NA
Threshold ridge,1,2011 Q2,2011 Q3,CMRMTSPLx_m0,NA
Threshold ridge,1,2011 Q2,2011 Q3,UNRATE_m1,NA
Threshold ridge,1,2011 Q2,2011 Q3,CLAIMSx_m1,NA
Threshold ridge,1,2011 Q2,2011 Q3,PAYEMS_m0,NA
Threshold ridge,1,2011 Q2,2011 Q3,M1SL_m0,NA
Threshold ridge,1,2011 Q2,2011 Q3,M2SL_m1,NA
Threshold ridge,1,2011 Q2,2011 Q3,BOGMBASE_m2,NA
Threshold ridge,1,2011 Q2,2011 Q3,NONREVSL_m0,NA
Threshold ridge,1,2011 Q2,2011 Q3,PPICMM_m1,NA
Threshold ridge,1,2011 Q2,2011 Q3,FEDFUNDS_m4,NA
Post-threshold ridge,1,2011 Q2,2011 Q3,RPI_m2,NA
Post-threshold ridge,1,2011 Q2,2011 Q3,RPI_m4,NA
Post-threshold ridge,1,2011 Q2,2011 Q3,DPCERA3M086SBEA_m1,NA
Post-threshold ridge,1,2011 Q2,2011 Q3,INDPRO_m0,NA
Post-threshold ridge,1,2011 Q2,2011 Q3,INDPRO_m1,NA
Post-threshold ridge,1,2011 Q2,2011 Q3,CMRMTSPLx_m0,NA
Post-threshold ridge,1,2011 Q2,2011 Q3,UNRATE_m1,NA
Post-threshold ridge,1,2011 Q2,2011 Q3,CLAIMSx_m1,NA
Post-threshold ridge,1,2011 Q2,2011 Q3,PAYEMS_m0,NA
Post-threshold ridge,1,2011 Q2,2011 Q3,M1SL_m0,NA
Post-threshold ridge,1,2011 Q2,2011 Q3,M2SL_m1,NA
Post-threshold ridge,1,2011 Q2,2011 Q3,BOGMBASE_m2,NA
Post-threshold ridge,1,2011 Q2,2011 Q3,NONREVSL_m0,NA
Post-threshold ridge,1,2011 Q2,2011 Q3,PPICMM_m1,NA
Post-threshold ridge,1,2011 Q2,2011 Q3,FEDFUNDS_m4,NA
OCMT,1,2011 Q2,2011 Q3,INDPRO_m0,1
OCMT,1,2011 Q2,2011 Q3,INDPRO_m1,1
OCMT,1,2011 Q2,2011 Q3,PAYEMS_m0,1
BMT,1,2011 Q2,2011 Q3,INDPRO_m1,1
LASSO,1,2011 Q3,2011 Q4,INDPRO_m1,NA
Elastic net,1,2011 Q3,2011 Q4,INDPRO_m1,NA
Threshold ridge,1,2011 Q3,2011 Q4,RPI_m2,NA
Threshold ridge,1,2011 Q3,2011 Q4,RPI_m4,NA
Threshold ridge,1,2011 Q3,2011 Q4,DPCERA3M086SBEA_m0,NA
Threshold ridge,1,2011 Q3,2011 Q4,DPCERA3M086SBEA_m1,NA
Threshold ridge,1,2011 Q3,2011 Q4,INDPRO_m0,NA
Threshold ridge,1,2011 Q3,2011 Q4,INDPRO_m1,NA
Threshold ridge,1,2011 Q3,2011 Q4,CMRMTSPLx_m0,NA
Threshold ridge,1,2011 Q3,2011 Q4,CMRMTSPLx_m1,NA
Threshold ridge,1,2011 Q3,2011 Q4,UNRATE_m1,NA
Threshold ridge,1,2011 Q3,2011 Q4,CLAIMSx_m1,NA
Threshold ridge,1,2011 Q3,2011 Q4,PAYEMS_m0,NA
Threshold ridge,1,2011 Q3,2011 Q4,M1SL_m0,NA
Threshold ridge,1,2011 Q3,2011 Q4,M2SL_m1,NA
Threshold ridge,1,2011 Q3,2011 Q4,NONREVSL_m0,NA
Threshold ridge,1,2011 Q3,2011 Q4,FEDFUNDS_m4,NA
Threshold ridge,1,2011 Q3,2011 Q4,S&P 500_m2,NA
Post-threshold ridge,1,2011 Q3,2011 Q4,RPI_m2,NA
Post-threshold ridge,1,2011 Q3,2011 Q4,RPI_m4,NA
Post-threshold ridge,1,2011 Q3,2011 Q4,DPCERA3M086SBEA_m0,NA
Post-threshold ridge,1,2011 Q3,2011 Q4,DPCERA3M086SBEA_m1,NA
Post-threshold ridge,1,2011 Q3,2011 Q4,INDPRO_m0,NA
Post-threshold ridge,1,2011 Q3,2011 Q4,INDPRO_m1,NA
Post-threshold ridge,1,2011 Q3,2011 Q4,CMRMTSPLx_m0,NA
Post-threshold ridge,1,2011 Q3,2011 Q4,CMRMTSPLx_m1,NA
Post-threshold ridge,1,2011 Q3,2011 Q4,UNRATE_m1,NA
Post-threshold ridge,1,2011 Q3,2011 Q4,CLAIMSx_m1,NA
Post-threshold ridge,1,2011 Q3,2011 Q4,PAYEMS_m0,NA
Post-threshold ridge,1,2011 Q3,2011 Q4,M1SL_m0,NA
Post-threshold ridge,1,2011 Q3,2011 Q4,M2SL_m1,NA
Post-threshold ridge,1,2011 Q3,2011 Q4,NONREVSL_m0,NA
Post-threshold ridge,1,2011 Q3,2011 Q4,FEDFUNDS_m4,NA
Post-threshold ridge,1,2011 Q3,2011 Q4,S&P 500_m2,NA
OCMT,1,2011 Q3,2011 Q4,INDPRO_m0,1
OCMT,1,2011 Q3,2011 Q4,INDPRO_m1,1
BMT,1,2011 Q3,2011 Q4,INDPRO_m1,1
Threshold ridge,1,2011 Q4,2012 Q1,RPI_m3,NA
Threshold ridge,1,2011 Q4,2012 Q1,RPI_m4,NA
Threshold ridge,1,2011 Q4,2012 Q1,DPCERA3M086SBEA_m0,NA
Threshold ridge,1,2011 Q4,2012 Q1,DPCERA3M086SBEA_m1,NA
Threshold ridge,1,2011 Q4,2012 Q1,INDPRO_m0,NA
Threshold ridge,1,2011 Q4,2012 Q1,INDPRO_m1,NA
Threshold ridge,1,2011 Q4,2012 Q1,CMRMTSPLx_m0,NA
Threshold ridge,1,2011 Q4,2012 Q1,CMRMTSPLx_m1,NA
Threshold ridge,1,2011 Q4,2012 Q1,RETAILx_m0,NA
Threshold ridge,1,2011 Q4,2012 Q1,UNRATE_m1,NA
Threshold ridge,1,2011 Q4,2012 Q1,CLAIMSx_m1,NA
Threshold ridge,1,2011 Q4,2012 Q1,PAYEMS_m0,NA
Threshold ridge,1,2011 Q4,2012 Q1,M1SL_m0,NA
Threshold ridge,1,2011 Q4,2012 Q1,M2SL_m0,NA
Threshold ridge,1,2011 Q4,2012 Q1,M2SL_m1,NA
Threshold ridge,1,2011 Q4,2012 Q1,BOGMBASE_m2,NA
Threshold ridge,1,2011 Q4,2012 Q1,FEDFUNDS_m4,NA
Threshold ridge,1,2011 Q4,2012 Q1,S&P 500_m2,NA
Post-threshold ridge,1,2011 Q4,2012 Q1,RPI_m3,NA
Post-threshold ridge,1,2011 Q4,2012 Q1,RPI_m4,NA
Post-threshold ridge,1,2011 Q4,2012 Q1,DPCERA3M086SBEA_m0,NA
Post-threshold ridge,1,2011 Q4,2012 Q1,DPCERA3M086SBEA_m1,NA
Post-threshold ridge,1,2011 Q4,2012 Q1,INDPRO_m0,NA
Post-threshold ridge,1,2011 Q4,2012 Q1,INDPRO_m1,NA
Post-threshold ridge,1,2011 Q4,2012 Q1,CMRMTSPLx_m0,NA
Post-threshold ridge,1,2011 Q4,2012 Q1,CMRMTSPLx_m1,NA
Post-threshold ridge,1,2011 Q4,2012 Q1,RETAILx_m0,NA
Post-threshold ridge,1,2011 Q4,2012 Q1,UNRATE_m1,NA
Post-threshold ridge,1,2011 Q4,2012 Q1,CLAIMSx_m1,NA
Post-threshold ridge,1,2011 Q4,2012 Q1,PAYEMS_m0,NA
Post-threshold ridge,1,2011 Q4,2012 Q1,M1SL_m0,NA
Post-threshold ridge,1,2011 Q4,2012 Q1,M2SL_m0,NA
Post-threshold ridge,1,2011 Q4,2012 Q1,M2SL_m1,NA
Post-threshold ridge,1,2011 Q4,2012 Q1,BOGMBASE_m2,NA
Post-threshold ridge,1,2011 Q4,2012 Q1,FEDFUNDS_m4,NA
Post-threshold ridge,1,2011 Q4,2012 Q1,S&P 500_m2,NA
OCMT,1,2011 Q4,2012 Q1,INDPRO_m0,1
OCMT,1,2011 Q4,2012 Q1,INDPRO_m1,1
OCMT,1,2011 Q4,2012 Q1,PAYEMS_m0,1
BMT,1,2011 Q4,2012 Q1,INDPRO_m1,1
LASSO,1,2012 Q1,2012 Q2,INDPRO_m1,NA
Threshold ridge,1,2012 Q1,2012 Q2,RPI_m2,NA
Threshold ridge,1,2012 Q1,2012 Q2,RPI_m4,NA
Threshold ridge,1,2012 Q1,2012 Q2,DPCERA3M086SBEA_m1,NA
Threshold ridge,1,2012 Q1,2012 Q2,INDPRO_m0,NA
Threshold ridge,1,2012 Q1,2012 Q2,INDPRO_m1,NA
Threshold ridge,1,2012 Q1,2012 Q2,CMRMTSPLx_m0,NA
Threshold ridge,1,2012 Q1,2012 Q2,CMRMTSPLx_m1,NA
Threshold ridge,1,2012 Q1,2012 Q2,UNRATE_m1,NA
Threshold ridge,1,2012 Q1,2012 Q2,CLAIMSx_m1,NA
Threshold ridge,1,2012 Q1,2012 Q2,PAYEMS_m0,NA
Threshold ridge,1,2012 Q1,2012 Q2,M1SL_m0,NA
Threshold ridge,1,2012 Q1,2012 Q2,M2SL_m0,NA
Threshold ridge,1,2012 Q1,2012 Q2,M2SL_m1,NA
Threshold ridge,1,2012 Q1,2012 Q2,NONREVSL_m0,NA
Threshold ridge,1,2012 Q1,2012 Q2,FEDFUNDS_m0,NA
Threshold ridge,1,2012 Q1,2012 Q2,FEDFUNDS_m4,NA
Post-threshold ridge,1,2012 Q1,2012 Q2,RPI_m2,NA
Post-threshold ridge,1,2012 Q1,2012 Q2,RPI_m4,NA
Post-threshold ridge,1,2012 Q1,2012 Q2,DPCERA3M086SBEA_m1,NA
Post-threshold ridge,1,2012 Q1,2012 Q2,INDPRO_m0,NA
Post-threshold ridge,1,2012 Q1,2012 Q2,INDPRO_m1,NA
Post-threshold ridge,1,2012 Q1,2012 Q2,CMRMTSPLx_m0,NA
Post-threshold ridge,1,2012 Q1,2012 Q2,CMRMTSPLx_m1,NA
Post-threshold ridge,1,2012 Q1,2012 Q2,UNRATE_m1,NA
Post-threshold ridge,1,2012 Q1,2012 Q2,CLAIMSx_m1,NA
Post-threshold ridge,1,2012 Q1,2012 Q2,PAYEMS_m0,NA
Post-threshold ridge,1,2012 Q1,2012 Q2,M1SL_m0,NA
Post-threshold ridge,1,2012 Q1,2012 Q2,M2SL_m0,NA
Post-threshold ridge,1,2012 Q1,2012 Q2,M2SL_m1,NA
Post-threshold ridge,1,2012 Q1,2012 Q2,NONREVSL_m0,NA
Post-threshold ridge,1,2012 Q1,2012 Q2,FEDFUNDS_m0,NA
Post-threshold ridge,1,2012 Q1,2012 Q2,FEDFUNDS_m4,NA
OCMT,1,2012 Q1,2012 Q2,INDPRO_m0,1
OCMT,1,2012 Q1,2012 Q2,INDPRO_m1,1
OCMT,1,2012 Q1,2012 Q2,PAYEMS_m0,1
BMT,1,2012 Q1,2012 Q2,INDPRO_m1,1
LASSO,1,2012 Q2,2012 Q3,INDPRO_m1,NA
Elastic net,1,2012 Q2,2012 Q3,INDPRO_m1,NA
Threshold ridge,1,2012 Q2,2012 Q3,RPI_m2,NA
Threshold ridge,1,2012 Q2,2012 Q3,RPI_m4,NA
Threshold ridge,1,2012 Q2,2012 Q3,DPCERA3M086SBEA_m1,NA
Threshold ridge,1,2012 Q2,2012 Q3,INDPRO_m0,NA
Threshold ridge,1,2012 Q2,2012 Q3,INDPRO_m1,NA
Threshold ridge,1,2012 Q2,2012 Q3,INDPRO_m4,NA
Threshold ridge,1,2012 Q2,2012 Q3,CMRMTSPLx_m0,NA
Threshold ridge,1,2012 Q2,2012 Q3,CMRMTSPLx_m1,NA
Threshold ridge,1,2012 Q2,2012 Q3,UNRATE_m1,NA
Threshold ridge,1,2012 Q2,2012 Q3,CLAIMSx_m1,NA
Threshold ridge,1,2012 Q2,2012 Q3,PAYEMS_m0,NA
Threshold ridge,1,2012 Q2,2012 Q3,M1SL_m0,NA
Threshold ridge,1,2012 Q2,2012 Q3,M2SL_m1,NA
Threshold ridge,1,2012 Q2,2012 Q3,NONREVSL_m0,NA
Threshold ridge,1,2012 Q2,2012 Q3,FEDFUNDS_m0,NA
Threshold ridge,1,2012 Q2,2012 Q3,FEDFUNDS_m4,NA
Post-threshold ridge,1,2012 Q2,2012 Q3,RPI_m2,NA
Post-threshold ridge,1,2012 Q2,2012 Q3,RPI_m4,NA
Post-threshold ridge,1,2012 Q2,2012 Q3,DPCERA3M086SBEA_m1,NA
Post-threshold ridge,1,2012 Q2,2012 Q3,INDPRO_m0,NA
Post-threshold ridge,1,2012 Q2,2012 Q3,INDPRO_m1,NA
Post-threshold ridge,1,2012 Q2,2012 Q3,INDPRO_m4,NA
Post-threshold ridge,1,2012 Q2,2012 Q3,CMRMTSPLx_m0,NA
Post-threshold ridge,1,2012 Q2,2012 Q3,CMRMTSPLx_m1,NA
Post-threshold ridge,1,2012 Q2,2012 Q3,UNRATE_m1,NA
Post-threshold ridge,1,2012 Q2,2012 Q3,CLAIMSx_m1,NA
Post-threshold ridge,1,2012 Q2,2012 Q3,PAYEMS_m0,NA
Post-threshold ridge,1,2012 Q2,2012 Q3,M1SL_m0,NA
Post-threshold ridge,1,2012 Q2,2012 Q3,M2SL_m1,NA
Post-threshold ridge,1,2012 Q2,2012 Q3,NONREVSL_m0,NA
Post-threshold ridge,1,2012 Q2,2012 Q3,FEDFUNDS_m0,NA
Post-threshold ridge,1,2012 Q2,2012 Q3,FEDFUNDS_m4,NA
OCMT,1,2012 Q2,2012 Q3,INDPRO_m0,1
OCMT,1,2012 Q2,2012 Q3,INDPRO_m1,1
OCMT,1,2012 Q2,2012 Q3,PAYEMS_m0,1
BMT,1,2012 Q2,2012 Q3,INDPRO_m1,1
Threshold ridge,1,2012 Q3,2012 Q4,RPI_m2,NA
Threshold ridge,1,2012 Q3,2012 Q4,RPI_m4,NA
Threshold ridge,1,2012 Q3,2012 Q4,DPCERA3M086SBEA_m1,NA
Threshold ridge,1,2012 Q3,2012 Q4,INDPRO_m0,NA
Threshold ridge,1,2012 Q3,2012 Q4,INDPRO_m1,NA
Threshold ridge,1,2012 Q3,2012 Q4,CMRMTSPLx_m0,NA
Threshold ridge,1,2012 Q3,2012 Q4,CMRMTSPLx_m1,NA
Threshold ridge,1,2012 Q3,2012 Q4,RETAILx_m0,NA
Threshold ridge,1,2012 Q3,2012 Q4,UNRATE_m1,NA
Threshold ridge,1,2012 Q3,2012 Q4,CLAIMSx_m1,NA
Threshold ridge,1,2012 Q3,2012 Q4,PAYEMS_m0,NA
Threshold ridge,1,2012 Q3,2012 Q4,M1SL_m0,NA
Threshold ridge,1,2012 Q3,2012 Q4,M2SL_m0,NA
Threshold ridge,1,2012 Q3,2012 Q4,M2SL_m1,NA
Threshold ridge,1,2012 Q3,2012 Q4,NONREVSL_m0,NA
Threshold ridge,1,2012 Q3,2012 Q4,FEDFUNDS_m0,NA
Threshold ridge,1,2012 Q3,2012 Q4,FEDFUNDS_m4,NA
Post-threshold ridge,1,2012 Q3,2012 Q4,RPI_m2,NA
Post-threshold ridge,1,2012 Q3,2012 Q4,RPI_m4,NA
Post-threshold ridge,1,2012 Q3,2012 Q4,DPCERA3M086SBEA_m1,NA
Post-threshold ridge,1,2012 Q3,2012 Q4,INDPRO_m0,NA
Post-threshold ridge,1,2012 Q3,2012 Q4,INDPRO_m1,NA
Post-threshold ridge,1,2012 Q3,2012 Q4,CMRMTSPLx_m0,NA
Post-threshold ridge,1,2012 Q3,2012 Q4,CMRMTSPLx_m1,NA
Post-threshold ridge,1,2012 Q3,2012 Q4,RETAILx_m0,NA
Post-threshold ridge,1,2012 Q3,2012 Q4,UNRATE_m1,NA
Post-threshold ridge,1,2012 Q3,2012 Q4,CLAIMSx_m1,NA
Post-threshold ridge,1,2012 Q3,2012 Q4,PAYEMS_m0,NA
Post-threshold ridge,1,2012 Q3,2012 Q4,M1SL_m0,NA
Post-threshold ridge,1,2012 Q3,2012 Q4,M2SL_m0,NA
Post-threshold ridge,1,2012 Q3,2012 Q4,M2SL_m1,NA
Post-threshold ridge,1,2012 Q3,2012 Q4,NONREVSL_m0,NA
Post-threshold ridge,1,2012 Q3,2012 Q4,FEDFUNDS_m0,NA
Post-threshold ridge,1,2012 Q3,2012 Q4,FEDFUNDS_m4,NA
OCMT,1,2012 Q3,2012 Q4,INDPRO_m0,1
OCMT,1,2012 Q3,2012 Q4,INDPRO_m1,1
OCMT,1,2012 Q3,2012 Q4,PAYEMS_m0,1
BMT,1,2012 Q3,2012 Q4,INDPRO_m1,1
Threshold ridge,1,2012 Q4,2013 Q1,RPI_m4,NA
Threshold ridge,1,2012 Q4,2013 Q1,DPCERA3M086SBEA_m1,NA
Threshold ridge,1,2012 Q4,2013 Q1,INDPRO_m0,NA
Threshold ridge,1,2012 Q4,2013 Q1,INDPRO_m1,NA
Threshold ridge,1,2012 Q4,2013 Q1,CMRMTSPLx_m0,NA
Threshold ridge,1,2012 Q4,2013 Q1,CMRMTSPLx_m1,NA
Threshold ridge,1,2012 Q4,2013 Q1,RETAILx_m0,NA
Threshold ridge,1,2012 Q4,2013 Q1,UNRATE_m1,NA
Threshold ridge,1,2012 Q4,2013 Q1,CLAIMSx_m1,NA
Threshold ridge,1,2012 Q4,2013 Q1,PAYEMS_m0,NA
Threshold ridge,1,2012 Q4,2013 Q1,M1SL_m0,NA
Threshold ridge,1,2012 Q4,2013 Q1,M2SL_m0,NA
Threshold ridge,1,2012 Q4,2013 Q1,M2SL_m1,NA
Threshold ridge,1,2012 Q4,2013 Q1,FEDFUNDS_m0,NA
Threshold ridge,1,2012 Q4,2013 Q1,FEDFUNDS_m4,NA
Post-threshold ridge,1,2012 Q4,2013 Q1,RPI_m4,NA
Post-threshold ridge,1,2012 Q4,2013 Q1,DPCERA3M086SBEA_m1,NA
Post-threshold ridge,1,2012 Q4,2013 Q1,INDPRO_m0,NA
Post-threshold ridge,1,2012 Q4,2013 Q1,INDPRO_m1,NA
Post-threshold ridge,1,2012 Q4,2013 Q1,CMRMTSPLx_m0,NA
Post-threshold ridge,1,2012 Q4,2013 Q1,CMRMTSPLx_m1,NA
Post-threshold ridge,1,2012 Q4,2013 Q1,RETAILx_m0,NA
Post-threshold ridge,1,2012 Q4,2013 Q1,UNRATE_m1,NA
Post-threshold ridge,1,2012 Q4,2013 Q1,CLAIMSx_m1,NA
Post-threshold ridge,1,2012 Q4,2013 Q1,PAYEMS_m0,NA
Post-threshold ridge,1,2012 Q4,2013 Q1,M1SL_m0,NA
Post-threshold ridge,1,2012 Q4,2013 Q1,M2SL_m0,NA
Post-threshold ridge,1,2012 Q4,2013 Q1,M2SL_m1,NA
Post-threshold ridge,1,2012 Q4,2013 Q1,FEDFUNDS_m0,NA
Post-threshold ridge,1,2012 Q4,2013 Q1,FEDFUNDS_m4,NA
OCMT,1,2012 Q4,2013 Q1,INDPRO_m0,1
OCMT,1,2012 Q4,2013 Q1,INDPRO_m1,1
OCMT,1,2012 Q4,2013 Q1,PAYEMS_m0,1
BMT,1,2012 Q4,2013 Q1,INDPRO_m1,1
LASSO,1,2013 Q1,2013 Q2,INDPRO_m1,NA
Elastic net,1,2013 Q1,2013 Q2,INDPRO_m1,NA
Threshold ridge,1,2013 Q1,2013 Q2,RPI_m2,NA
Threshold ridge,1,2013 Q1,2013 Q2,RPI_m4,NA
Threshold ridge,1,2013 Q1,2013 Q2,DPCERA3M086SBEA_m1,NA
Threshold ridge,1,2013 Q1,2013 Q2,INDPRO_m0,NA
Threshold ridge,1,2013 Q1,2013 Q2,INDPRO_m1,NA
Threshold ridge,1,2013 Q1,2013 Q2,CMRMTSPLx_m0,NA
Threshold ridge,1,2013 Q1,2013 Q2,CMRMTSPLx_m1,NA
Threshold ridge,1,2013 Q1,2013 Q2,UNRATE_m1,NA
Threshold ridge,1,2013 Q1,2013 Q2,CLAIMSx_m0,NA
Threshold ridge,1,2013 Q1,2013 Q2,CLAIMSx_m1,NA
Threshold ridge,1,2013 Q1,2013 Q2,PAYEMS_m0,NA
Threshold ridge,1,2013 Q1,2013 Q2,M1SL_m0,NA
Threshold ridge,1,2013 Q1,2013 Q2,M2SL_m0,NA
Threshold ridge,1,2013 Q1,2013 Q2,M2SL_m1,NA
Threshold ridge,1,2013 Q1,2013 Q2,NONREVSL_m0,NA
Threshold ridge,1,2013 Q1,2013 Q2,FEDFUNDS_m0,NA
Threshold ridge,1,2013 Q1,2013 Q2,FEDFUNDS_m4,NA
Post-threshold ridge,1,2013 Q1,2013 Q2,RPI_m2,NA
Post-threshold ridge,1,2013 Q1,2013 Q2,RPI_m4,NA
Post-threshold ridge,1,2013 Q1,2013 Q2,DPCERA3M086SBEA_m1,NA
Post-threshold ridge,1,2013 Q1,2013 Q2,INDPRO_m0,NA
Post-threshold ridge,1,2013 Q1,2013 Q2,INDPRO_m1,NA
Post-threshold ridge,1,2013 Q1,2013 Q2,CMRMTSPLx_m0,NA
Post-threshold ridge,1,2013 Q1,2013 Q2,CMRMTSPLx_m1,NA
Post-threshold ridge,1,2013 Q1,2013 Q2,UNRATE_m1,NA
Post-threshold ridge,1,2013 Q1,2013 Q2,CLAIMSx_m0,NA
Post-threshold ridge,1,2013 Q1,2013 Q2,CLAIMSx_m1,NA
Post-threshold ridge,1,2013 Q1,2013 Q2,PAYEMS_m0,NA
Post-threshold ridge,1,2013 Q1,2013 Q2,M1SL_m0,NA
Post-threshold ridge,1,2013 Q1,2013 Q2,M2SL_m0,NA
Post-threshold ridge,1,2013 Q1,2013 Q2,M2SL_m1,NA
Post-threshold ridge,1,2013 Q1,2013 Q2,NONREVSL_m0,NA
Post-threshold ridge,1,2013 Q1,2013 Q2,FEDFUNDS_m0,NA
Post-threshold ridge,1,2013 Q1,2013 Q2,FEDFUNDS_m4,NA
OCMT,1,2013 Q1,2013 Q2,INDPRO_m0,1
OCMT,1,2013 Q1,2013 Q2,INDPRO_m1,1
OCMT,1,2013 Q1,2013 Q2,PAYEMS_m0,1
BMT,1,2013 Q1,2013 Q2,INDPRO_m1,1
Threshold ridge,1,2013 Q2,2013 Q3,RPI_m2,NA
Threshold ridge,1,2013 Q2,2013 Q3,RPI_m4,NA
Threshold ridge,1,2013 Q2,2013 Q3,DPCERA3M086SBEA_m1,NA
Threshold ridge,1,2013 Q2,2013 Q3,INDPRO_m0,NA
Threshold ridge,1,2013 Q2,2013 Q3,INDPRO_m1,NA
Threshold ridge,1,2013 Q2,2013 Q3,CMRMTSPLx_m0,NA
Threshold ridge,1,2013 Q2,2013 Q3,CMRMTSPLx_m1,NA
Threshold ridge,1,2013 Q2,2013 Q3,CLAIMSx_m0,NA
Threshold ridge,1,2013 Q2,2013 Q3,CLAIMSx_m1,NA
Threshold ridge,1,2013 Q2,2013 Q3,PAYEMS_m0,NA
Threshold ridge,1,2013 Q2,2013 Q3,M1SL_m0,NA
Threshold ridge,1,2013 Q2,2013 Q3,M2SL_m0,NA
Threshold ridge,1,2013 Q2,2013 Q3,M2SL_m1,NA
Threshold ridge,1,2013 Q2,2013 Q3,NONREVSL_m0,NA
Threshold ridge,1,2013 Q2,2013 Q3,FEDFUNDS_m0,NA
Threshold ridge,1,2013 Q2,2013 Q3,FEDFUNDS_m4,NA
Post-threshold ridge,1,2013 Q2,2013 Q3,RPI_m2,NA
Post-threshold ridge,1,2013 Q2,2013 Q3,RPI_m4,NA
Post-threshold ridge,1,2013 Q2,2013 Q3,DPCERA3M086SBEA_m1,NA
Post-threshold ridge,1,2013 Q2,2013 Q3,INDPRO_m0,NA
Post-threshold ridge,1,2013 Q2,2013 Q3,INDPRO_m1,NA
Post-threshold ridge,1,2013 Q2,2013 Q3,CMRMTSPLx_m0,NA
Post-threshold ridge,1,2013 Q2,2013 Q3,CMRMTSPLx_m1,NA
Post-threshold ridge,1,2013 Q2,2013 Q3,CLAIMSx_m0,NA
Post-threshold ridge,1,2013 Q2,2013 Q3,CLAIMSx_m1,NA
Post-threshold ridge,1,2013 Q2,2013 Q3,PAYEMS_m0,NA
Post-threshold ridge,1,2013 Q2,2013 Q3,M1SL_m0,NA
Post-threshold ridge,1,2013 Q2,2013 Q3,M2SL_m0,NA
Post-threshold ridge,1,2013 Q2,2013 Q3,M2SL_m1,NA
Post-threshold ridge,1,2013 Q2,2013 Q3,NONREVSL_m0,NA
Post-threshold ridge,1,2013 Q2,2013 Q3,FEDFUNDS_m0,NA
Post-threshold ridge,1,2013 Q2,2013 Q3,FEDFUNDS_m4,NA
OCMT,1,2013 Q2,2013 Q3,INDPRO_m0,1
OCMT,1,2013 Q2,2013 Q3,INDPRO_m1,1
OCMT,1,2013 Q2,2013 Q3,PAYEMS_m0,1
BMT,1,2013 Q2,2013 Q3,INDPRO_m1,1
Threshold ridge,1,2013 Q3,2013 Q4,RPI_m2,NA
Threshold ridge,1,2013 Q3,2013 Q4,RPI_m4,NA
Threshold ridge,1,2013 Q3,2013 Q4,DPCERA3M086SBEA_m1,NA
Threshold ridge,1,2013 Q3,2013 Q4,INDPRO_m0,NA
Threshold ridge,1,2013 Q3,2013 Q4,INDPRO_m1,NA
Threshold ridge,1,2013 Q3,2013 Q4,CMRMTSPLx_m0,NA
Threshold ridge,1,2013 Q3,2013 Q4,CMRMTSPLx_m1,NA
Threshold ridge,1,2013 Q3,2013 Q4,CLAIMSx_m0,NA
Threshold ridge,1,2013 Q3,2013 Q4,CLAIMSx_m1,NA
Threshold ridge,1,2013 Q3,2013 Q4,PAYEMS_m0,NA
Threshold ridge,1,2013 Q3,2013 Q4,M1SL_m0,NA
Threshold ridge,1,2013 Q3,2013 Q4,M2SL_m0,NA
Threshold ridge,1,2013 Q3,2013 Q4,M2SL_m1,NA
Threshold ridge,1,2013 Q3,2013 Q4,NONREVSL_m0,NA
Threshold ridge,1,2013 Q3,2013 Q4,FEDFUNDS_m0,NA
Threshold ridge,1,2013 Q3,2013 Q4,FEDFUNDS_m4,NA
Post-threshold ridge,1,2013 Q3,2013 Q4,RPI_m2,NA
Post-threshold ridge,1,2013 Q3,2013 Q4,RPI_m4,NA
Post-threshold ridge,1,2013 Q3,2013 Q4,DPCERA3M086SBEA_m1,NA
Post-threshold ridge,1,2013 Q3,2013 Q4,INDPRO_m0,NA
Post-threshold ridge,1,2013 Q3,2013 Q4,INDPRO_m1,NA
Post-threshold ridge,1,2013 Q3,2013 Q4,CMRMTSPLx_m0,NA
Post-threshold ridge,1,2013 Q3,2013 Q4,CMRMTSPLx_m1,NA
Post-threshold ridge,1,2013 Q3,2013 Q4,CLAIMSx_m0,NA
Post-threshold ridge,1,2013 Q3,2013 Q4,CLAIMSx_m1,NA
Post-threshold ridge,1,2013 Q3,2013 Q4,PAYEMS_m0,NA
Post-threshold ridge,1,2013 Q3,2013 Q4,M1SL_m0,NA
Post-threshold ridge,1,2013 Q3,2013 Q4,M2SL_m0,NA
Post-threshold ridge,1,2013 Q3,2013 Q4,M2SL_m1,NA
Post-threshold ridge,1,2013 Q3,2013 Q4,NONREVSL_m0,NA
Post-threshold ridge,1,2013 Q3,2013 Q4,FEDFUNDS_m0,NA
Post-threshold ridge,1,2013 Q3,2013 Q4,FEDFUNDS_m4,NA
OCMT,1,2013 Q3,2013 Q4,INDPRO_m0,1
OCMT,1,2013 Q3,2013 Q4,INDPRO_m1,1
OCMT,1,2013 Q3,2013 Q4,PAYEMS_m0,1
BMT,1,2013 Q3,2013 Q4,INDPRO_m1,1
LASSO,1,2013 Q4,2014 Q1,INDPRO_m1,NA
Threshold ridge,1,2013 Q4,2014 Q1,RPI_m2,NA
Threshold ridge,1,2013 Q4,2014 Q1,RPI_m4,NA
Threshold ridge,1,2013 Q4,2014 Q1,DPCERA3M086SBEA_m1,NA
Threshold ridge,1,2013 Q4,2014 Q1,INDPRO_m0,NA
Threshold ridge,1,2013 Q4,2014 Q1,INDPRO_m1,NA
Threshold ridge,1,2013 Q4,2014 Q1,CMRMTSPLx_m0,NA
Threshold ridge,1,2013 Q4,2014 Q1,CMRMTSPLx_m1,NA
Threshold ridge,1,2013 Q4,2014 Q1,CLAIMSx_m0,NA
Threshold ridge,1,2013 Q4,2014 Q1,CLAIMSx_m1,NA
Threshold ridge,1,2013 Q4,2014 Q1,PAYEMS_m0,NA
Threshold ridge,1,2013 Q4,2014 Q1,M1SL_m0,NA
Threshold ridge,1,2013 Q4,2014 Q1,M2SL_m0,NA
Threshold ridge,1,2013 Q4,2014 Q1,M2SL_m1,NA
Threshold ridge,1,2013 Q4,2014 Q1,NONREVSL_m0,NA
Threshold ridge,1,2013 Q4,2014 Q1,FEDFUNDS_m0,NA
Threshold ridge,1,2013 Q4,2014 Q1,FEDFUNDS_m4,NA
Post-threshold ridge,1,2013 Q4,2014 Q1,RPI_m2,NA
Post-threshold ridge,1,2013 Q4,2014 Q1,RPI_m4,NA
Post-threshold ridge,1,2013 Q4,2014 Q1,DPCERA3M086SBEA_m1,NA
Post-threshold ridge,1,2013 Q4,2014 Q1,INDPRO_m0,NA
Post-threshold ridge,1,2013 Q4,2014 Q1,INDPRO_m1,NA
Post-threshold ridge,1,2013 Q4,2014 Q1,CMRMTSPLx_m0,NA
Post-threshold ridge,1,2013 Q4,2014 Q1,CMRMTSPLx_m1,NA
Post-threshold ridge,1,2013 Q4,2014 Q1,CLAIMSx_m0,NA
Post-threshold ridge,1,2013 Q4,2014 Q1,CLAIMSx_m1,NA
Post-threshold ridge,1,2013 Q4,2014 Q1,PAYEMS_m0,NA
Post-threshold ridge,1,2013 Q4,2014 Q1,M1SL_m0,NA
Post-threshold ridge,1,2013 Q4,2014 Q1,M2SL_m0,NA
Post-threshold ridge,1,2013 Q4,2014 Q1,M2SL_m1,NA
Post-threshold ridge,1,2013 Q4,2014 Q1,NONREVSL_m0,NA
Post-threshold ridge,1,2013 Q4,2014 Q1,FEDFUNDS_m0,NA
Post-threshold ridge,1,2013 Q4,2014 Q1,FEDFUNDS_m4,NA
OCMT,1,2013 Q4,2014 Q1,INDPRO_m0,1
OCMT,1,2013 Q4,2014 Q1,INDPRO_m1,1
OCMT,1,2013 Q4,2014 Q1,PAYEMS_m0,1
BMT,1,2013 Q4,2014 Q1,INDPRO_m1,1
Elastic net,1,2014 Q1,2014 Q2,INDPRO_m1,NA
Threshold ridge,1,2014 Q1,2014 Q2,RPI_m2,NA
Threshold ridge,1,2014 Q1,2014 Q2,RPI_m4,NA
Threshold ridge,1,2014 Q1,2014 Q2,DPCERA3M086SBEA_m1,NA
Threshold ridge,1,2014 Q1,2014 Q2,INDPRO_m0,NA
Threshold ridge,1,2014 Q1,2014 Q2,INDPRO_m1,NA
Threshold ridge,1,2014 Q1,2014 Q2,CMRMTSPLx_m0,NA
Threshold ridge,1,2014 Q1,2014 Q2,CMRMTSPLx_m1,NA
Threshold ridge,1,2014 Q1,2014 Q2,CLAIMSx_m0,NA
Threshold ridge,1,2014 Q1,2014 Q2,CLAIMSx_m1,NA
Threshold ridge,1,2014 Q1,2014 Q2,CLAIMSx_m2,NA
Threshold ridge,1,2014 Q1,2014 Q2,PAYEMS_m0,NA
Threshold ridge,1,2014 Q1,2014 Q2,M1SL_m0,NA
Threshold ridge,1,2014 Q1,2014 Q2,M1SL_m1,NA
Threshold ridge,1,2014 Q1,2014 Q2,M2SL_m0,NA
Threshold ridge,1,2014 Q1,2014 Q2,M2SL_m1,NA
Threshold ridge,1,2014 Q1,2014 Q2,NONREVSL_m0,NA
Threshold ridge,1,2014 Q1,2014 Q2,FEDFUNDS_m0,NA
Threshold ridge,1,2014 Q1,2014 Q2,FEDFUNDS_m4,NA
Post-threshold ridge,1,2014 Q1,2014 Q2,RPI_m2,NA
Post-threshold ridge,1,2014 Q1,2014 Q2,RPI_m4,NA
Post-threshold ridge,1,2014 Q1,2014 Q2,DPCERA3M086SBEA_m1,NA
Post-threshold ridge,1,2014 Q1,2014 Q2,INDPRO_m0,NA
Post-threshold ridge,1,2014 Q1,2014 Q2,INDPRO_m1,NA
Post-threshold ridge,1,2014 Q1,2014 Q2,CMRMTSPLx_m0,NA
Post-threshold ridge,1,2014 Q1,2014 Q2,CMRMTSPLx_m1,NA
Post-threshold ridge,1,2014 Q1,2014 Q2,CLAIMSx_m0,NA
Post-threshold ridge,1,2014 Q1,2014 Q2,CLAIMSx_m1,NA
Post-threshold ridge,1,2014 Q1,2014 Q2,CLAIMSx_m2,NA
Post-threshold ridge,1,2014 Q1,2014 Q2,PAYEMS_m0,NA
Post-threshold ridge,1,2014 Q1,2014 Q2,M1SL_m0,NA
Post-threshold ridge,1,2014 Q1,2014 Q2,M1SL_m1,NA
Post-threshold ridge,1,2014 Q1,2014 Q2,M2SL_m0,NA
Post-threshold ridge,1,2014 Q1,2014 Q2,M2SL_m1,NA
Post-threshold ridge,1,2014 Q1,2014 Q2,NONREVSL_m0,NA
Post-threshold ridge,1,2014 Q1,2014 Q2,FEDFUNDS_m0,NA
Post-threshold ridge,1,2014 Q1,2014 Q2,FEDFUNDS_m4,NA
OCMT,1,2014 Q1,2014 Q2,INDPRO_m0,1
OCMT,1,2014 Q1,2014 Q2,INDPRO_m1,1
OCMT,1,2014 Q1,2014 Q2,PAYEMS_m0,1
BMT,1,2014 Q1,2014 Q2,INDPRO_m1,1
Elastic net,1,2014 Q2,2014 Q3,INDPRO_m0,NA
Elastic net,1,2014 Q2,2014 Q3,INDPRO_m1,NA
Elastic net,1,2014 Q2,2014 Q3,M2SL_m1,NA
Threshold ridge,1,2014 Q2,2014 Q3,RPI_m2,NA
Threshold ridge,1,2014 Q2,2014 Q3,RPI_m4,NA
Threshold ridge,1,2014 Q2,2014 Q3,DPCERA3M086SBEA_m1,NA
Threshold ridge,1,2014 Q2,2014 Q3,INDPRO_m0,NA
Threshold ridge,1,2014 Q2,2014 Q3,INDPRO_m1,NA
Threshold ridge,1,2014 Q2,2014 Q3,CMRMTSPLx_m0,NA
Threshold ridge,1,2014 Q2,2014 Q3,CMRMTSPLx_m1,NA
Threshold ridge,1,2014 Q2,2014 Q3,CLAIMSx_m0,NA
Threshold ridge,1,2014 Q2,2014 Q3,CLAIMSx_m1,NA
Threshold ridge,1,2014 Q2,2014 Q3,CLAIMSx_m2,NA
Threshold ridge,1,2014 Q2,2014 Q3,PAYEMS_m0,NA
Threshold ridge,1,2014 Q2,2014 Q3,M1SL_m0,NA
Threshold ridge,1,2014 Q2,2014 Q3,M2SL_m0,NA
Threshold ridge,1,2014 Q2,2014 Q3,M2SL_m1,NA
Threshold ridge,1,2014 Q2,2014 Q3,NONREVSL_m0,NA
Threshold ridge,1,2014 Q2,2014 Q3,FEDFUNDS_m0,NA
Threshold ridge,1,2014 Q2,2014 Q3,FEDFUNDS_m4,NA
Post-threshold ridge,1,2014 Q2,2014 Q3,RPI_m2,NA
Post-threshold ridge,1,2014 Q2,2014 Q3,RPI_m4,NA
Post-threshold ridge,1,2014 Q2,2014 Q3,DPCERA3M086SBEA_m1,NA
Post-threshold ridge,1,2014 Q2,2014 Q3,INDPRO_m0,NA
Post-threshold ridge,1,2014 Q2,2014 Q3,INDPRO_m1,NA
Post-threshold ridge,1,2014 Q2,2014 Q3,CMRMTSPLx_m0,NA
Post-threshold ridge,1,2014 Q2,2014 Q3,CMRMTSPLx_m1,NA
Post-threshold ridge,1,2014 Q2,2014 Q3,CLAIMSx_m0,NA
Post-threshold ridge,1,2014 Q2,2014 Q3,CLAIMSx_m1,NA
Post-threshold ridge,1,2014 Q2,2014 Q3,CLAIMSx_m2,NA
Post-threshold ridge,1,2014 Q2,2014 Q3,PAYEMS_m0,NA
Post-threshold ridge,1,2014 Q2,2014 Q3,M1SL_m0,NA
Post-threshold ridge,1,2014 Q2,2014 Q3,M2SL_m0,NA
Post-threshold ridge,1,2014 Q2,2014 Q3,M2SL_m1,NA
Post-threshold ridge,1,2014 Q2,2014 Q3,NONREVSL_m0,NA
Post-threshold ridge,1,2014 Q2,2014 Q3,FEDFUNDS_m0,NA
Post-threshold ridge,1,2014 Q2,2014 Q3,FEDFUNDS_m4,NA
OCMT,1,2014 Q2,2014 Q3,INDPRO_m0,1
OCMT,1,2014 Q2,2014 Q3,INDPRO_m1,1
OCMT,1,2014 Q2,2014 Q3,PAYEMS_m0,1
BMT,1,2014 Q2,2014 Q3,INDPRO_m1,1
LASSO,1,2014 Q3,2014 Q4,INDPRO_m1,NA
Elastic net,1,2014 Q3,2014 Q4,INDPRO_m0,NA
Elastic net,1,2014 Q3,2014 Q4,INDPRO_m1,NA
Elastic net,1,2014 Q3,2014 Q4,M2SL_m1,NA
Threshold ridge,1,2014 Q3,2014 Q4,RPI_m2,NA
Threshold ridge,1,2014 Q3,2014 Q4,RPI_m4,NA
Threshold ridge,1,2014 Q3,2014 Q4,DPCERA3M086SBEA_m1,NA
Threshold ridge,1,2014 Q3,2014 Q4,INDPRO_m0,NA
Threshold ridge,1,2014 Q3,2014 Q4,INDPRO_m1,NA
Threshold ridge,1,2014 Q3,2014 Q4,CMRMTSPLx_m0,NA
Threshold ridge,1,2014 Q3,2014 Q4,CMRMTSPLx_m1,NA
Threshold ridge,1,2014 Q3,2014 Q4,CLAIMSx_m0,NA
Threshold ridge,1,2014 Q3,2014 Q4,CLAIMSx_m1,NA
Threshold ridge,1,2014 Q3,2014 Q4,CLAIMSx_m2,NA
Threshold ridge,1,2014 Q3,2014 Q4,PAYEMS_m0,NA
Threshold ridge,1,2014 Q3,2014 Q4,M1SL_m0,NA
Threshold ridge,1,2014 Q3,2014 Q4,M2SL_m0,NA
Threshold ridge,1,2014 Q3,2014 Q4,M2SL_m1,NA
Threshold ridge,1,2014 Q3,2014 Q4,NONREVSL_m0,NA
Threshold ridge,1,2014 Q3,2014 Q4,FEDFUNDS_m0,NA
Threshold ridge,1,2014 Q3,2014 Q4,FEDFUNDS_m4,NA
Post-threshold ridge,1,2014 Q3,2014 Q4,RPI_m2,NA
Post-threshold ridge,1,2014 Q3,2014 Q4,RPI_m4,NA
Post-threshold ridge,1,2014 Q3,2014 Q4,DPCERA3M086SBEA_m1,NA
Post-threshold ridge,1,2014 Q3,2014 Q4,INDPRO_m0,NA
Post-threshold ridge,1,2014 Q3,2014 Q4,INDPRO_m1,NA
Post-threshold ridge,1,2014 Q3,2014 Q4,CMRMTSPLx_m0,NA
Post-threshold ridge,1,2014 Q3,2014 Q4,CMRMTSPLx_m1,NA
Post-threshold ridge,1,2014 Q3,2014 Q4,CLAIMSx_m0,NA
Post-threshold ridge,1,2014 Q3,2014 Q4,CLAIMSx_m1,NA
Post-threshold ridge,1,2014 Q3,2014 Q4,CLAIMSx_m2,NA
Post-threshold ridge,1,2014 Q3,2014 Q4,PAYEMS_m0,NA
Post-threshold ridge,1,2014 Q3,2014 Q4,M1SL_m0,NA
Post-threshold ridge,1,2014 Q3,2014 Q4,M2SL_m0,NA
Post-threshold ridge,1,2014 Q3,2014 Q4,M2SL_m1,NA
Post-threshold ridge,1,2014 Q3,2014 Q4,NONREVSL_m0,NA
Post-threshold ridge,1,2014 Q3,2014 Q4,FEDFUNDS_m0,NA
Post-threshold ridge,1,2014 Q3,2014 Q4,FEDFUNDS_m4,NA
OCMT,1,2014 Q3,2014 Q4,INDPRO_m0,1
OCMT,1,2014 Q3,2014 Q4,INDPRO_m1,1
OCMT,1,2014 Q3,2014 Q4,PAYEMS_m0,1
BMT,1,2014 Q3,2014 Q4,INDPRO_m1,1
LASSO,1,2014 Q4,2015 Q1,INDPRO_m0,NA
LASSO,1,2014 Q4,2015 Q1,INDPRO_m1,NA
LASSO,1,2014 Q4,2015 Q1,M2SL_m1,NA
Elastic net,1,2014 Q4,2015 Q1,RPI_m4,NA
Elastic net,1,2014 Q4,2015 Q1,INDPRO_m0,NA
Elastic net,1,2014 Q4,2015 Q1,INDPRO_m1,NA
Elastic net,1,2014 Q4,2015 Q1,CMRMTSPLx_m0,NA
Elastic net,1,2014 Q4,2015 Q1,M2SL_m1,NA
Threshold ridge,1,2014 Q4,2015 Q1,RPI_m2,NA
Threshold ridge,1,2014 Q4,2015 Q1,RPI_m4,NA
Threshold ridge,1,2014 Q4,2015 Q1,DPCERA3M086SBEA_m0,NA
Threshold ridge,1,2014 Q4,2015 Q1,DPCERA3M086SBEA_m1,NA
Threshold ridge,1,2014 Q4,2015 Q1,INDPRO_m0,NA
Threshold ridge,1,2014 Q4,2015 Q1,INDPRO_m1,NA
Threshold ridge,1,2014 Q4,2015 Q1,CMRMTSPLx_m0,NA
Threshold ridge,1,2014 Q4,2015 Q1,CMRMTSPLx_m1,NA
Threshold ridge,1,2014 Q4,2015 Q1,CLAIMSx_m0,NA
Threshold ridge,1,2014 Q4,2015 Q1,CLAIMSx_m1,NA
Threshold ridge,1,2014 Q4,2015 Q1,CLAIMSx_m2,NA
Threshold ridge,1,2014 Q4,2015 Q1,PAYEMS_m0,NA
Threshold ridge,1,2014 Q4,2015 Q1,M1SL_m0,NA
Threshold ridge,1,2014 Q4,2015 Q1,M2SL_m0,NA
Threshold ridge,1,2014 Q4,2015 Q1,M2SL_m1,NA
Threshold ridge,1,2014 Q4,2015 Q1,NONREVSL_m0,NA
Threshold ridge,1,2014 Q4,2015 Q1,FEDFUNDS_m0,NA
Threshold ridge,1,2014 Q4,2015 Q1,FEDFUNDS_m4,NA
Post-threshold ridge,1,2014 Q4,2015 Q1,RPI_m2,NA
Post-threshold ridge,1,2014 Q4,2015 Q1,RPI_m4,NA
Post-threshold ridge,1,2014 Q4,2015 Q1,DPCERA3M086SBEA_m0,NA
Post-threshold ridge,1,2014 Q4,2015 Q1,DPCERA3M086SBEA_m1,NA
Post-threshold ridge,1,2014 Q4,2015 Q1,INDPRO_m0,NA
Post-threshold ridge,1,2014 Q4,2015 Q1,INDPRO_m1,NA
Post-threshold ridge,1,2014 Q4,2015 Q1,CMRMTSPLx_m0,NA
Post-threshold ridge,1,2014 Q4,2015 Q1,CMRMTSPLx_m1,NA
Post-threshold ridge,1,2014 Q4,2015 Q1,CLAIMSx_m0,NA
Post-threshold ridge,1,2014 Q4,2015 Q1,CLAIMSx_m1,NA
Post-threshold ridge,1,2014 Q4,2015 Q1,CLAIMSx_m2,NA
Post-threshold ridge,1,2014 Q4,2015 Q1,PAYEMS_m0,NA
Post-threshold ridge,1,2014 Q4,2015 Q1,M1SL_m0,NA
Post-threshold ridge,1,2014 Q4,2015 Q1,M2SL_m0,NA
Post-threshold ridge,1,2014 Q4,2015 Q1,M2SL_m1,NA
Post-threshold ridge,1,2014 Q4,2015 Q1,NONREVSL_m0,NA
Post-threshold ridge,1,2014 Q4,2015 Q1,FEDFUNDS_m0,NA
Post-threshold ridge,1,2014 Q4,2015 Q1,FEDFUNDS_m4,NA
OCMT,1,2014 Q4,2015 Q1,INDPRO_m0,1
OCMT,1,2014 Q4,2015 Q1,INDPRO_m1,1
OCMT,1,2014 Q4,2015 Q1,PAYEMS_m0,1
OCMT,1,2014 Q4,2015 Q1,M2SL_m1,1
BMT,1,2014 Q4,2015 Q1,INDPRO_m1,1
LASSO,1,2015 Q1,2015 Q2,RPI_m2,NA
LASSO,1,2015 Q1,2015 Q2,RPI_m4,NA
LASSO,1,2015 Q1,2015 Q2,INDPRO_m0,NA
LASSO,1,2015 Q1,2015 Q2,INDPRO_m1,NA
LASSO,1,2015 Q1,2015 Q2,CMRMTSPLx_m0,NA
LASSO,1,2015 Q1,2015 Q2,M2SL_m1,NA
Elastic net,1,2015 Q1,2015 Q2,RPI_m2,NA
Elastic net,1,2015 Q1,2015 Q2,RPI_m4,NA
Elastic net,1,2015 Q1,2015 Q2,INDPRO_m0,NA
Elastic net,1,2015 Q1,2015 Q2,INDPRO_m1,NA
Elastic net,1,2015 Q1,2015 Q2,CMRMTSPLx_m0,NA
Elastic net,1,2015 Q1,2015 Q2,PAYEMS_m0,NA
Elastic net,1,2015 Q1,2015 Q2,M2SL_m1,NA
Threshold ridge,1,2015 Q1,2015 Q2,RPI_m2,NA
Threshold ridge,1,2015 Q1,2015 Q2,RPI_m4,NA
Threshold ridge,1,2015 Q1,2015 Q2,DPCERA3M086SBEA_m1,NA
Threshold ridge,1,2015 Q1,2015 Q2,INDPRO_m0,NA
Threshold ridge,1,2015 Q1,2015 Q2,INDPRO_m1,NA
Threshold ridge,1,2015 Q1,2015 Q2,CMRMTSPLx_m0,NA
Threshold ridge,1,2015 Q1,2015 Q2,CMRMTSPLx_m1,NA
Threshold ridge,1,2015 Q1,2015 Q2,CLAIMSx_m0,NA
Threshold ridge,1,2015 Q1,2015 Q2,CLAIMSx_m2,NA
Threshold ridge,1,2015 Q1,2015 Q2,PAYEMS_m0,NA
Threshold ridge,1,2015 Q1,2015 Q2,M1SL_m0,NA
Threshold ridge,1,2015 Q1,2015 Q2,M2SL_m0,NA
Threshold ridge,1,2015 Q1,2015 Q2,M2SL_m1,NA
Threshold ridge,1,2015 Q1,2015 Q2,NONREVSL_m0,NA
Threshold ridge,1,2015 Q1,2015 Q2,FEDFUNDS_m0,NA
Threshold ridge,1,2015 Q1,2015 Q2,FEDFUNDS_m4,NA
Post-threshold ridge,1,2015 Q1,2015 Q2,RPI_m2,NA
Post-threshold ridge,1,2015 Q1,2015 Q2,RPI_m4,NA
Post-threshold ridge,1,2015 Q1,2015 Q2,DPCERA3M086SBEA_m1,NA
Post-threshold ridge,1,2015 Q1,2015 Q2,INDPRO_m0,NA
Post-threshold ridge,1,2015 Q1,2015 Q2,INDPRO_m1,NA
Post-threshold ridge,1,2015 Q1,2015 Q2,CMRMTSPLx_m0,NA
Post-threshold ridge,1,2015 Q1,2015 Q2,CMRMTSPLx_m1,NA
Post-threshold ridge,1,2015 Q1,2015 Q2,CLAIMSx_m0,NA
Post-threshold ridge,1,2015 Q1,2015 Q2,CLAIMSx_m2,NA
Post-threshold ridge,1,2015 Q1,2015 Q2,PAYEMS_m0,NA
Post-threshold ridge,1,2015 Q1,2015 Q2,M1SL_m0,NA
Post-threshold ridge,1,2015 Q1,2015 Q2,M2SL_m0,NA
Post-threshold ridge,1,2015 Q1,2015 Q2,M2SL_m1,NA
Post-threshold ridge,1,2015 Q1,2015 Q2,NONREVSL_m0,NA
Post-threshold ridge,1,2015 Q1,2015 Q2,FEDFUNDS_m0,NA
Post-threshold ridge,1,2015 Q1,2015 Q2,FEDFUNDS_m4,NA
OCMT,1,2015 Q1,2015 Q2,INDPRO_m0,1
OCMT,1,2015 Q1,2015 Q2,INDPRO_m1,1
OCMT,1,2015 Q1,2015 Q2,PAYEMS_m0,1
OCMT,1,2015 Q1,2015 Q2,M2SL_m1,1
BMT,1,2015 Q1,2015 Q2,INDPRO_m1,1
LASSO,1,2015 Q2,2015 Q3,RPI_m2,NA
LASSO,1,2015 Q2,2015 Q3,RPI_m4,NA
LASSO,1,2015 Q2,2015 Q3,INDPRO_m0,NA
LASSO,1,2015 Q2,2015 Q3,INDPRO_m1,NA
LASSO,1,2015 Q2,2015 Q3,CMRMTSPLx_m0,NA
LASSO,1,2015 Q2,2015 Q3,M2SL_m1,NA
Elastic net,1,2015 Q2,2015 Q3,RPI_m2,NA
Elastic net,1,2015 Q2,2015 Q3,RPI_m4,NA
Elastic net,1,2015 Q2,2015 Q3,INDPRO_m0,NA
Elastic net,1,2015 Q2,2015 Q3,INDPRO_m1,NA
Elastic net,1,2015 Q2,2015 Q3,CMRMTSPLx_m0,NA
Elastic net,1,2015 Q2,2015 Q3,PAYEMS_m0,NA
Elastic net,1,2015 Q2,2015 Q3,M2SL_m1,NA
Threshold ridge,1,2015 Q2,2015 Q3,RPI_m2,NA
Threshold ridge,1,2015 Q2,2015 Q3,RPI_m4,NA
Threshold ridge,1,2015 Q2,2015 Q3,DPCERA3M086SBEA_m0,NA
Threshold ridge,1,2015 Q2,2015 Q3,DPCERA3M086SBEA_m1,NA
Threshold ridge,1,2015 Q2,2015 Q3,INDPRO_m0,NA
Threshold ridge,1,2015 Q2,2015 Q3,INDPRO_m1,NA
Threshold ridge,1,2015 Q2,2015 Q3,CMRMTSPLx_m0,NA
Threshold ridge,1,2015 Q2,2015 Q3,CMRMTSPLx_m1,NA
Threshold ridge,1,2015 Q2,2015 Q3,CMRMTSPLx_m4,NA
Threshold ridge,1,2015 Q2,2015 Q3,CLAIMSx_m0,NA
Threshold ridge,1,2015 Q2,2015 Q3,CLAIMSx_m2,NA
Threshold ridge,1,2015 Q2,2015 Q3,PAYEMS_m0,NA
Threshold ridge,1,2015 Q2,2015 Q3,M1SL_m0,NA
Threshold ridge,1,2015 Q2,2015 Q3,M2SL_m0,NA
Threshold ridge,1,2015 Q2,2015 Q3,M2SL_m1,NA
Threshold ridge,1,2015 Q2,2015 Q3,NONREVSL_m0,NA
Threshold ridge,1,2015 Q2,2015 Q3,FEDFUNDS_m0,NA
Threshold ridge,1,2015 Q2,2015 Q3,FEDFUNDS_m4,NA
Post-threshold ridge,1,2015 Q2,2015 Q3,RPI_m2,NA
Post-threshold ridge,1,2015 Q2,2015 Q3,RPI_m4,NA
Post-threshold ridge,1,2015 Q2,2015 Q3,DPCERA3M086SBEA_m0,NA
Post-threshold ridge,1,2015 Q2,2015 Q3,DPCERA3M086SBEA_m1,NA
Post-threshold ridge,1,2015 Q2,2015 Q3,INDPRO_m0,NA
Post-threshold ridge,1,2015 Q2,2015 Q3,INDPRO_m1,NA
Post-threshold ridge,1,2015 Q2,2015 Q3,CMRMTSPLx_m0,NA
Post-threshold ridge,1,2015 Q2,2015 Q3,CMRMTSPLx_m1,NA
Post-threshold ridge,1,2015 Q2,2015 Q3,CMRMTSPLx_m4,NA
Post-threshold ridge,1,2015 Q2,2015 Q3,CLAIMSx_m0,NA
Post-threshold ridge,1,2015 Q2,2015 Q3,CLAIMSx_m2,NA
Post-threshold ridge,1,2015 Q2,2015 Q3,PAYEMS_m0,NA
Post-threshold ridge,1,2015 Q2,2015 Q3,M1SL_m0,NA
Post-threshold ridge,1,2015 Q2,2015 Q3,M2SL_m0,NA
Post-threshold ridge,1,2015 Q2,2015 Q3,M2SL_m1,NA
Post-threshold ridge,1,2015 Q2,2015 Q3,NONREVSL_m0,NA
Post-threshold ridge,1,2015 Q2,2015 Q3,FEDFUNDS_m0,NA
Post-threshold ridge,1,2015 Q2,2015 Q3,FEDFUNDS_m4,NA
OCMT,1,2015 Q2,2015 Q3,INDPRO_m0,1
OCMT,1,2015 Q2,2015 Q3,INDPRO_m1,1
OCMT,1,2015 Q2,2015 Q3,PAYEMS_m0,1
BMT,1,2015 Q2,2015 Q3,INDPRO_m1,1
LASSO,1,2015 Q3,2015 Q4,INDPRO_m0,NA
LASSO,1,2015 Q3,2015 Q4,INDPRO_m1,NA
LASSO,1,2015 Q3,2015 Q4,M2SL_m1,NA
Elastic net,1,2015 Q3,2015 Q4,RPI_m4,NA
Elastic net,1,2015 Q3,2015 Q4,INDPRO_m0,NA
Elastic net,1,2015 Q3,2015 Q4,INDPRO_m1,NA
Elastic net,1,2015 Q3,2015 Q4,CMRMTSPLx_m0,NA
Elastic net,1,2015 Q3,2015 Q4,M2SL_m1,NA
Threshold ridge,1,2015 Q3,2015 Q4,RPI_m2,NA
Threshold ridge,1,2015 Q3,2015 Q4,RPI_m4,NA
Threshold ridge,1,2015 Q3,2015 Q4,DPCERA3M086SBEA_m0,NA
Threshold ridge,1,2015 Q3,2015 Q4,DPCERA3M086SBEA_m1,NA
Threshold ridge,1,2015 Q3,2015 Q4,INDPRO_m0,NA
Threshold ridge,1,2015 Q3,2015 Q4,INDPRO_m1,NA
Threshold ridge,1,2015 Q3,2015 Q4,CMRMTSPLx_m0,NA
Threshold ridge,1,2015 Q3,2015 Q4,CMRMTSPLx_m1,NA
Threshold ridge,1,2015 Q3,2015 Q4,CMRMTSPLx_m4,NA
Threshold ridge,1,2015 Q3,2015 Q4,CLAIMSx_m0,NA
Threshold ridge,1,2015 Q3,2015 Q4,CLAIMSx_m2,NA
Threshold ridge,1,2015 Q3,2015 Q4,PAYEMS_m0,NA
Threshold ridge,1,2015 Q3,2015 Q4,M1SL_m0,NA
Threshold ridge,1,2015 Q3,2015 Q4,M2SL_m0,NA
Threshold ridge,1,2015 Q3,2015 Q4,M2SL_m1,NA
Threshold ridge,1,2015 Q3,2015 Q4,NONREVSL_m0,NA
Threshold ridge,1,2015 Q3,2015 Q4,FEDFUNDS_m0,NA
Threshold ridge,1,2015 Q3,2015 Q4,FEDFUNDS_m4,NA
Post-threshold ridge,1,2015 Q3,2015 Q4,RPI_m2,NA
Post-threshold ridge,1,2015 Q3,2015 Q4,RPI_m4,NA
Post-threshold ridge,1,2015 Q3,2015 Q4,DPCERA3M086SBEA_m0,NA
Post-threshold ridge,1,2015 Q3,2015 Q4,DPCERA3M086SBEA_m1,NA
Post-threshold ridge,1,2015 Q3,2015 Q4,INDPRO_m0,NA
Post-threshold ridge,1,2015 Q3,2015 Q4,INDPRO_m1,NA
Post-threshold ridge,1,2015 Q3,2015 Q4,CMRMTSPLx_m0,NA
Post-threshold ridge,1,2015 Q3,2015 Q4,CMRMTSPLx_m1,NA
Post-threshold ridge,1,2015 Q3,2015 Q4,CMRMTSPLx_m4,NA
Post-threshold ridge,1,2015 Q3,2015 Q4,CLAIMSx_m0,NA
Post-threshold ridge,1,2015 Q3,2015 Q4,CLAIMSx_m2,NA
Post-threshold ridge,1,2015 Q3,2015 Q4,PAYEMS_m0,NA
Post-threshold ridge,1,2015 Q3,2015 Q4,M1SL_m0,NA
Post-threshold ridge,1,2015 Q3,2015 Q4,M2SL_m0,NA
Post-threshold ridge,1,2015 Q3,2015 Q4,M2SL_m1,NA
Post-threshold ridge,1,2015 Q3,2015 Q4,NONREVSL_m0,NA
Post-threshold ridge,1,2015 Q3,2015 Q4,FEDFUNDS_m0,NA
Post-threshold ridge,1,2015 Q3,2015 Q4,FEDFUNDS_m4,NA
OCMT,1,2015 Q3,2015 Q4,INDPRO_m0,1
OCMT,1,2015 Q3,2015 Q4,INDPRO_m1,1
OCMT,1,2015 Q3,2015 Q4,PAYEMS_m0,1
BMT,1,2015 Q3,2015 Q4,INDPRO_m1,1
LASSO,1,2015 Q4,2016 Q1,INDPRO_m0,NA
LASSO,1,2015 Q4,2016 Q1,INDPRO_m1,NA
LASSO,1,2015 Q4,2016 Q1,M2SL_m1,NA
Elastic net,1,2015 Q4,2016 Q1,INDPRO_m0,NA
Elastic net,1,2015 Q4,2016 Q1,INDPRO_m1,NA
Elastic net,1,2015 Q4,2016 Q1,M2SL_m1,NA
Threshold ridge,1,2015 Q4,2016 Q1,RPI_m2,NA
Threshold ridge,1,2015 Q4,2016 Q1,RPI_m4,NA
Threshold ridge,1,2015 Q4,2016 Q1,DPCERA3M086SBEA_m0,NA
Threshold ridge,1,2015 Q4,2016 Q1,DPCERA3M086SBEA_m1,NA
Threshold ridge,1,2015 Q4,2016 Q1,INDPRO_m0,NA
Threshold ridge,1,2015 Q4,2016 Q1,INDPRO_m1,NA
Threshold ridge,1,2015 Q4,2016 Q1,CMRMTSPLx_m0,NA
Threshold ridge,1,2015 Q4,2016 Q1,CMRMTSPLx_m1,NA
Threshold ridge,1,2015 Q4,2016 Q1,CMRMTSPLx_m4,NA
Threshold ridge,1,2015 Q4,2016 Q1,CLAIMSx_m0,NA
Threshold ridge,1,2015 Q4,2016 Q1,CLAIMSx_m2,NA
Threshold ridge,1,2015 Q4,2016 Q1,PAYEMS_m0,NA
Threshold ridge,1,2015 Q4,2016 Q1,M1SL_m0,NA
Threshold ridge,1,2015 Q4,2016 Q1,M2SL_m0,NA
Threshold ridge,1,2015 Q4,2016 Q1,M2SL_m1,NA
Threshold ridge,1,2015 Q4,2016 Q1,NONREVSL_m0,NA
Threshold ridge,1,2015 Q4,2016 Q1,FEDFUNDS_m0,NA
Threshold ridge,1,2015 Q4,2016 Q1,FEDFUNDS_m4,NA
Post-threshold ridge,1,2015 Q4,2016 Q1,RPI_m2,NA
Post-threshold ridge,1,2015 Q4,2016 Q1,RPI_m4,NA
Post-threshold ridge,1,2015 Q4,2016 Q1,DPCERA3M086SBEA_m0,NA
Post-threshold ridge,1,2015 Q4,2016 Q1,DPCERA3M086SBEA_m1,NA
Post-threshold ridge,1,2015 Q4,2016 Q1,INDPRO_m0,NA
Post-threshold ridge,1,2015 Q4,2016 Q1,INDPRO_m1,NA
Post-threshold ridge,1,2015 Q4,2016 Q1,CMRMTSPLx_m0,NA
Post-threshold ridge,1,2015 Q4,2016 Q1,CMRMTSPLx_m1,NA
Post-threshold ridge,1,2015 Q4,2016 Q1,CMRMTSPLx_m4,NA
Post-threshold ridge,1,2015 Q4,2016 Q1,CLAIMSx_m0,NA
Post-threshold ridge,1,2015 Q4,2016 Q1,CLAIMSx_m2,NA
Post-threshold ridge,1,2015 Q4,2016 Q1,PAYEMS_m0,NA
Post-threshold ridge,1,2015 Q4,2016 Q1,M1SL_m0,NA
Post-threshold ridge,1,2015 Q4,2016 Q1,M2SL_m0,NA
Post-threshold ridge,1,2015 Q4,2016 Q1,M2SL_m1,NA
Post-threshold ridge,1,2015 Q4,2016 Q1,NONREVSL_m0,NA
Post-threshold ridge,1,2015 Q4,2016 Q1,FEDFUNDS_m0,NA
Post-threshold ridge,1,2015 Q4,2016 Q1,FEDFUNDS_m4,NA
OCMT,1,2015 Q4,2016 Q1,INDPRO_m0,1
OCMT,1,2015 Q4,2016 Q1,INDPRO_m1,1
OCMT,1,2015 Q4,2016 Q1,PAYEMS_m0,1
BMT,1,2015 Q4,2016 Q1,INDPRO_m1,1
LASSO,1,2016 Q1,2016 Q2,RPI_m2,NA
LASSO,1,2016 Q1,2016 Q2,INDPRO_m0,NA
LASSO,1,2016 Q1,2016 Q2,INDPRO_m1,NA
LASSO,1,2016 Q1,2016 Q2,M2SL_m1,NA
Elastic net,1,2016 Q1,2016 Q2,RPI_m4,NA
Elastic net,1,2016 Q1,2016 Q2,INDPRO_m0,NA
Elastic net,1,2016 Q1,2016 Q2,INDPRO_m1,NA
Elastic net,1,2016 Q1,2016 Q2,PAYEMS_m0,NA
Elastic net,1,2016 Q1,2016 Q2,M2SL_m1,NA
Threshold ridge,1,2016 Q1,2016 Q2,RPI_m2,NA
Threshold ridge,1,2016 Q1,2016 Q2,RPI_m4,NA
Threshold ridge,1,2016 Q1,2016 Q2,DPCERA3M086SBEA_m0,NA
Threshold ridge,1,2016 Q1,2016 Q2,DPCERA3M086SBEA_m1,NA
Threshold ridge,1,2016 Q1,2016 Q2,INDPRO_m0,NA
Threshold ridge,1,2016 Q1,2016 Q2,INDPRO_m1,NA
Threshold ridge,1,2016 Q1,2016 Q2,CMRMTSPLx_m0,NA
Threshold ridge,1,2016 Q1,2016 Q2,CMRMTSPLx_m1,NA
Threshold ridge,1,2016 Q1,2016 Q2,CMRMTSPLx_m4,NA
Threshold ridge,1,2016 Q1,2016 Q2,CLAIMSx_m0,NA
Threshold ridge,1,2016 Q1,2016 Q2,CLAIMSx_m2,NA
Threshold ridge,1,2016 Q1,2016 Q2,PAYEMS_m0,NA
Threshold ridge,1,2016 Q1,2016 Q2,M1SL_m0,NA
Threshold ridge,1,2016 Q1,2016 Q2,M2SL_m0,NA
Threshold ridge,1,2016 Q1,2016 Q2,M2SL_m1,NA
Threshold ridge,1,2016 Q1,2016 Q2,FEDFUNDS_m0,NA
Threshold ridge,1,2016 Q1,2016 Q2,FEDFUNDS_m4,NA
Post-threshold ridge,1,2016 Q1,2016 Q2,RPI_m2,NA
Post-threshold ridge,1,2016 Q1,2016 Q2,RPI_m4,NA
Post-threshold ridge,1,2016 Q1,2016 Q2,DPCERA3M086SBEA_m0,NA
Post-threshold ridge,1,2016 Q1,2016 Q2,DPCERA3M086SBEA_m1,NA
Post-threshold ridge,1,2016 Q1,2016 Q2,INDPRO_m0,NA
Post-threshold ridge,1,2016 Q1,2016 Q2,INDPRO_m1,NA
Post-threshold ridge,1,2016 Q1,2016 Q2,CMRMTSPLx_m0,NA
Post-threshold ridge,1,2016 Q1,2016 Q2,CMRMTSPLx_m1,NA
Post-threshold ridge,1,2016 Q1,2016 Q2,CMRMTSPLx_m4,NA
Post-threshold ridge,1,2016 Q1,2016 Q2,CLAIMSx_m0,NA
Post-threshold ridge,1,2016 Q1,2016 Q2,CLAIMSx_m2,NA
Post-threshold ridge,1,2016 Q1,2016 Q2,PAYEMS_m0,NA
Post-threshold ridge,1,2016 Q1,2016 Q2,M1SL_m0,NA
Post-threshold ridge,1,2016 Q1,2016 Q2,M2SL_m0,NA
Post-threshold ridge,1,2016 Q1,2016 Q2,M2SL_m1,NA
Post-threshold ridge,1,2016 Q1,2016 Q2,FEDFUNDS_m0,NA
Post-threshold ridge,1,2016 Q1,2016 Q2,FEDFUNDS_m4,NA
OCMT,1,2016 Q1,2016 Q2,INDPRO_m0,1
OCMT,1,2016 Q1,2016 Q2,INDPRO_m1,1
OCMT,1,2016 Q1,2016 Q2,PAYEMS_m0,1
BMT,1,2016 Q1,2016 Q2,INDPRO_m1,1
BMT,1,2016 Q1,2016 Q2,M2SL_m1,2
LASSO,1,2016 Q2,2016 Q3,INDPRO_m1,NA
Elastic net,1,2016 Q2,2016 Q3,INDPRO_m1,NA
Threshold ridge,1,2016 Q2,2016 Q3,RPI_m2,NA
Threshold ridge,1,2016 Q2,2016 Q3,RPI_m4,NA
Threshold ridge,1,2016 Q2,2016 Q3,INDPRO_m0,NA
Threshold ridge,1,2016 Q2,2016 Q3,INDPRO_m1,NA
Threshold ridge,1,2016 Q2,2016 Q3,CMRMTSPLx_m0,NA
Threshold ridge,1,2016 Q2,2016 Q3,CMRMTSPLx_m1,NA
Threshold ridge,1,2016 Q2,2016 Q3,CMRMTSPLx_m4,NA
Threshold ridge,1,2016 Q2,2016 Q3,CLAIMSx_m0,NA
Threshold ridge,1,2016 Q2,2016 Q3,CLAIMSx_m1,NA
Threshold ridge,1,2016 Q2,2016 Q3,CLAIMSx_m2,NA
Threshold ridge,1,2016 Q2,2016 Q3,PAYEMS_m0,NA
Threshold ridge,1,2016 Q2,2016 Q3,M1SL_m0,NA
Threshold ridge,1,2016 Q2,2016 Q3,M2SL_m0,NA
Threshold ridge,1,2016 Q2,2016 Q3,M2SL_m1,NA
Threshold ridge,1,2016 Q2,2016 Q3,FEDFUNDS_m0,NA
Threshold ridge,1,2016 Q2,2016 Q3,FEDFUNDS_m4,NA
Post-threshold ridge,1,2016 Q2,2016 Q3,RPI_m2,NA
Post-threshold ridge,1,2016 Q2,2016 Q3,RPI_m4,NA
Post-threshold ridge,1,2016 Q2,2016 Q3,INDPRO_m0,NA
Post-threshold ridge,1,2016 Q2,2016 Q3,INDPRO_m1,NA
Post-threshold ridge,1,2016 Q2,2016 Q3,CMRMTSPLx_m0,NA
Post-threshold ridge,1,2016 Q2,2016 Q3,CMRMTSPLx_m1,NA
Post-threshold ridge,1,2016 Q2,2016 Q3,CMRMTSPLx_m4,NA
Post-threshold ridge,1,2016 Q2,2016 Q3,CLAIMSx_m0,NA
Post-threshold ridge,1,2016 Q2,2016 Q3,CLAIMSx_m1,NA
Post-threshold ridge,1,2016 Q2,2016 Q3,CLAIMSx_m2,NA
Post-threshold ridge,1,2016 Q2,2016 Q3,PAYEMS_m0,NA
Post-threshold ridge,1,2016 Q2,2016 Q3,M1SL_m0,NA
Post-threshold ridge,1,2016 Q2,2016 Q3,M2SL_m0,NA
Post-threshold ridge,1,2016 Q2,2016 Q3,M2SL_m1,NA
Post-threshold ridge,1,2016 Q2,2016 Q3,FEDFUNDS_m0,NA
Post-threshold ridge,1,2016 Q2,2016 Q3,FEDFUNDS_m4,NA
OCMT,1,2016 Q2,2016 Q3,INDPRO_m0,1
OCMT,1,2016 Q2,2016 Q3,INDPRO_m1,1
OCMT,1,2016 Q2,2016 Q3,PAYEMS_m0,1
OCMT,1,2016 Q2,2016 Q3,M2SL_m1,1
BMT,1,2016 Q2,2016 Q3,INDPRO_m1,1
BMT,1,2016 Q2,2016 Q3,M2SL_m1,2
LASSO,1,2016 Q3,2016 Q4,INDPRO_m1,NA
Elastic net,1,2016 Q3,2016 Q4,INDPRO_m1,NA
Threshold ridge,1,2016 Q3,2016 Q4,RPI_m2,NA
Threshold ridge,1,2016 Q3,2016 Q4,RPI_m4,NA
Threshold ridge,1,2016 Q3,2016 Q4,INDPRO_m0,NA
Threshold ridge,1,2016 Q3,2016 Q4,INDPRO_m1,NA
Threshold ridge,1,2016 Q3,2016 Q4,CMRMTSPLx_m0,NA
Threshold ridge,1,2016 Q3,2016 Q4,CMRMTSPLx_m1,NA
Threshold ridge,1,2016 Q3,2016 Q4,CMRMTSPLx_m4,NA
Threshold ridge,1,2016 Q3,2016 Q4,CLAIMSx_m0,NA
Threshold ridge,1,2016 Q3,2016 Q4,CLAIMSx_m1,NA
Threshold ridge,1,2016 Q3,2016 Q4,CLAIMSx_m2,NA
Threshold ridge,1,2016 Q3,2016 Q4,PAYEMS_m0,NA
Threshold ridge,1,2016 Q3,2016 Q4,M1SL_m0,NA
Threshold ridge,1,2016 Q3,2016 Q4,M2SL_m0,NA
Threshold ridge,1,2016 Q3,2016 Q4,M2SL_m1,NA
Threshold ridge,1,2016 Q3,2016 Q4,FEDFUNDS_m0,NA
Threshold ridge,1,2016 Q3,2016 Q4,FEDFUNDS_m4,NA
Post-threshold ridge,1,2016 Q3,2016 Q4,RPI_m2,NA
Post-threshold ridge,1,2016 Q3,2016 Q4,RPI_m4,NA
Post-threshold ridge,1,2016 Q3,2016 Q4,INDPRO_m0,NA
Post-threshold ridge,1,2016 Q3,2016 Q4,INDPRO_m1,NA
Post-threshold ridge,1,2016 Q3,2016 Q4,CMRMTSPLx_m0,NA
Post-threshold ridge,1,2016 Q3,2016 Q4,CMRMTSPLx_m1,NA
Post-threshold ridge,1,2016 Q3,2016 Q4,CMRMTSPLx_m4,NA
Post-threshold ridge,1,2016 Q3,2016 Q4,CLAIMSx_m0,NA
Post-threshold ridge,1,2016 Q3,2016 Q4,CLAIMSx_m1,NA
Post-threshold ridge,1,2016 Q3,2016 Q4,CLAIMSx_m2,NA
Post-threshold ridge,1,2016 Q3,2016 Q4,PAYEMS_m0,NA
Post-threshold ridge,1,2016 Q3,2016 Q4,M1SL_m0,NA
Post-threshold ridge,1,2016 Q3,2016 Q4,M2SL_m0,NA
Post-threshold ridge,1,2016 Q3,2016 Q4,M2SL_m1,NA
Post-threshold ridge,1,2016 Q3,2016 Q4,FEDFUNDS_m0,NA
Post-threshold ridge,1,2016 Q3,2016 Q4,FEDFUNDS_m4,NA
OCMT,1,2016 Q3,2016 Q4,INDPRO_m0,1
OCMT,1,2016 Q3,2016 Q4,INDPRO_m1,1
OCMT,1,2016 Q3,2016 Q4,PAYEMS_m0,1
OCMT,1,2016 Q3,2016 Q4,M2SL_m1,1
BMT,1,2016 Q3,2016 Q4,INDPRO_m1,1
BMT,1,2016 Q3,2016 Q4,M2SL_m1,2
LASSO,1,2016 Q4,2017 Q1,INDPRO_m1,NA
Threshold ridge,1,2016 Q4,2017 Q1,RPI_m2,NA
Threshold ridge,1,2016 Q4,2017 Q1,RPI_m4,NA
Threshold ridge,1,2016 Q4,2017 Q1,DPCERA3M086SBEA_m0,NA
Threshold ridge,1,2016 Q4,2017 Q1,INDPRO_m0,NA
Threshold ridge,1,2016 Q4,2017 Q1,INDPRO_m1,NA
Threshold ridge,1,2016 Q4,2017 Q1,CMRMTSPLx_m0,NA
Threshold ridge,1,2016 Q4,2017 Q1,CMRMTSPLx_m1,NA
Threshold ridge,1,2016 Q4,2017 Q1,CMRMTSPLx_m4,NA
Threshold ridge,1,2016 Q4,2017 Q1,CLAIMSx_m0,NA
Threshold ridge,1,2016 Q4,2017 Q1,CLAIMSx_m1,NA
Threshold ridge,1,2016 Q4,2017 Q1,CLAIMSx_m2,NA
Threshold ridge,1,2016 Q4,2017 Q1,PAYEMS_m0,NA
Threshold ridge,1,2016 Q4,2017 Q1,M1SL_m0,NA
Threshold ridge,1,2016 Q4,2017 Q1,M2SL_m0,NA
Threshold ridge,1,2016 Q4,2017 Q1,M2SL_m1,NA
Threshold ridge,1,2016 Q4,2017 Q1,FEDFUNDS_m0,NA
Threshold ridge,1,2016 Q4,2017 Q1,FEDFUNDS_m4,NA
Post-threshold ridge,1,2016 Q4,2017 Q1,RPI_m2,NA
Post-threshold ridge,1,2016 Q4,2017 Q1,RPI_m4,NA
Post-threshold ridge,1,2016 Q4,2017 Q1,DPCERA3M086SBEA_m0,NA
Post-threshold ridge,1,2016 Q4,2017 Q1,INDPRO_m0,NA
Post-threshold ridge,1,2016 Q4,2017 Q1,INDPRO_m1,NA
Post-threshold ridge,1,2016 Q4,2017 Q1,CMRMTSPLx_m0,NA
Post-threshold ridge,1,2016 Q4,2017 Q1,CMRMTSPLx_m1,NA
Post-threshold ridge,1,2016 Q4,2017 Q1,CMRMTSPLx_m4,NA
Post-threshold ridge,1,2016 Q4,2017 Q1,CLAIMSx_m0,NA
Post-threshold ridge,1,2016 Q4,2017 Q1,CLAIMSx_m1,NA
Post-threshold ridge,1,2016 Q4,2017 Q1,CLAIMSx_m2,NA
Post-threshold ridge,1,2016 Q4,2017 Q1,PAYEMS_m0,NA
Post-threshold ridge,1,2016 Q4,2017 Q1,M1SL_m0,NA
Post-threshold ridge,1,2016 Q4,2017 Q1,M2SL_m0,NA
Post-threshold ridge,1,2016 Q4,2017 Q1,M2SL_m1,NA
Post-threshold ridge,1,2016 Q4,2017 Q1,FEDFUNDS_m0,NA
Post-threshold ridge,1,2016 Q4,2017 Q1,FEDFUNDS_m4,NA
OCMT,1,2016 Q4,2017 Q1,INDPRO_m0,1
OCMT,1,2016 Q4,2017 Q1,INDPRO_m1,1
OCMT,1,2016 Q4,2017 Q1,PAYEMS_m0,1
OCMT,1,2016 Q4,2017 Q1,M2SL_m1,1
BMT,1,2016 Q4,2017 Q1,INDPRO_m1,1
BMT,1,2016 Q4,2017 Q1,M2SL_m1,2
Threshold ridge,1,2017 Q1,2017 Q2,RPI_m2,NA
Threshold ridge,1,2017 Q1,2017 Q2,RPI_m4,NA
Threshold ridge,1,2017 Q1,2017 Q2,DPCERA3M086SBEA_m0,NA
Threshold ridge,1,2017 Q1,2017 Q2,INDPRO_m0,NA
Threshold ridge,1,2017 Q1,2017 Q2,INDPRO_m1,NA
Threshold ridge,1,2017 Q1,2017 Q2,CMRMTSPLx_m0,NA
Threshold ridge,1,2017 Q1,2017 Q2,CMRMTSPLx_m1,NA
Threshold ridge,1,2017 Q1,2017 Q2,CMRMTSPLx_m4,NA
Threshold ridge,1,2017 Q1,2017 Q2,CLAIMSx_m0,NA
Threshold ridge,1,2017 Q1,2017 Q2,CLAIMSx_m1,NA
Threshold ridge,1,2017 Q1,2017 Q2,CLAIMSx_m2,NA
Threshold ridge,1,2017 Q1,2017 Q2,PAYEMS_m0,NA
Threshold ridge,1,2017 Q1,2017 Q2,M1SL_m0,NA
Threshold ridge,1,2017 Q1,2017 Q2,M2SL_m0,NA
Threshold ridge,1,2017 Q1,2017 Q2,M2SL_m1,NA
Threshold ridge,1,2017 Q1,2017 Q2,FEDFUNDS_m0,NA
Threshold ridge,1,2017 Q1,2017 Q2,FEDFUNDS_m4,NA
Post-threshold ridge,1,2017 Q1,2017 Q2,RPI_m2,NA
Post-threshold ridge,1,2017 Q1,2017 Q2,RPI_m4,NA
Post-threshold ridge,1,2017 Q1,2017 Q2,DPCERA3M086SBEA_m0,NA
Post-threshold ridge,1,2017 Q1,2017 Q2,INDPRO_m0,NA
Post-threshold ridge,1,2017 Q1,2017 Q2,INDPRO_m1,NA
Post-threshold ridge,1,2017 Q1,2017 Q2,CMRMTSPLx_m0,NA
Post-threshold ridge,1,2017 Q1,2017 Q2,CMRMTSPLx_m1,NA
Post-threshold ridge,1,2017 Q1,2017 Q2,CMRMTSPLx_m4,NA
Post-threshold ridge,1,2017 Q1,2017 Q2,CLAIMSx_m0,NA
Post-threshold ridge,1,2017 Q1,2017 Q2,CLAIMSx_m1,NA
Post-threshold ridge,1,2017 Q1,2017 Q2,CLAIMSx_m2,NA
Post-threshold ridge,1,2017 Q1,2017 Q2,PAYEMS_m0,NA
Post-threshold ridge,1,2017 Q1,2017 Q2,M1SL_m0,NA
Post-threshold ridge,1,2017 Q1,2017 Q2,M2SL_m0,NA
Post-threshold ridge,1,2017 Q1,2017 Q2,M2SL_m1,NA
Post-threshold ridge,1,2017 Q1,2017 Q2,FEDFUNDS_m0,NA
Post-threshold ridge,1,2017 Q1,2017 Q2,FEDFUNDS_m4,NA
OCMT,1,2017 Q1,2017 Q2,INDPRO_m0,1
OCMT,1,2017 Q1,2017 Q2,INDPRO_m1,1
OCMT,1,2017 Q1,2017 Q2,PAYEMS_m0,1
OCMT,1,2017 Q1,2017 Q2,M2SL_m1,1
BMT,1,2017 Q1,2017 Q2,INDPRO_m1,1
BMT,1,2017 Q1,2017 Q2,M2SL_m1,2
LASSO,1,2017 Q2,2017 Q3,INDPRO_m0,NA
LASSO,1,2017 Q2,2017 Q3,INDPRO_m1,NA
LASSO,1,2017 Q2,2017 Q3,M2SL_m1,NA
Elastic net,1,2017 Q2,2017 Q3,INDPRO_m0,NA
Elastic net,1,2017 Q2,2017 Q3,INDPRO_m1,NA
Elastic net,1,2017 Q2,2017 Q3,M2SL_m1,NA
Threshold ridge,1,2017 Q2,2017 Q3,RPI_m2,NA
Threshold ridge,1,2017 Q2,2017 Q3,RPI_m4,NA
Threshold ridge,1,2017 Q2,2017 Q3,DPCERA3M086SBEA_m0,NA
Threshold ridge,1,2017 Q2,2017 Q3,DPCERA3M086SBEA_m1,NA
Threshold ridge,1,2017 Q2,2017 Q3,INDPRO_m0,NA
Threshold ridge,1,2017 Q2,2017 Q3,INDPRO_m1,NA
Threshold ridge,1,2017 Q2,2017 Q3,CMRMTSPLx_m0,NA
Threshold ridge,1,2017 Q2,2017 Q3,CMRMTSPLx_m4,NA
Threshold ridge,1,2017 Q2,2017 Q3,CLAIMSx_m0,NA
Threshold ridge,1,2017 Q2,2017 Q3,CLAIMSx_m2,NA
Threshold ridge,1,2017 Q2,2017 Q3,PAYEMS_m0,NA
Threshold ridge,1,2017 Q2,2017 Q3,M1SL_m0,NA
Threshold ridge,1,2017 Q2,2017 Q3,M2SL_m0,NA
Threshold ridge,1,2017 Q2,2017 Q3,M2SL_m1,NA
Threshold ridge,1,2017 Q2,2017 Q3,FEDFUNDS_m4,NA
Post-threshold ridge,1,2017 Q2,2017 Q3,RPI_m2,NA
Post-threshold ridge,1,2017 Q2,2017 Q3,RPI_m4,NA
Post-threshold ridge,1,2017 Q2,2017 Q3,DPCERA3M086SBEA_m0,NA
Post-threshold ridge,1,2017 Q2,2017 Q3,DPCERA3M086SBEA_m1,NA
Post-threshold ridge,1,2017 Q2,2017 Q3,INDPRO_m0,NA
Post-threshold ridge,1,2017 Q2,2017 Q3,INDPRO_m1,NA
Post-threshold ridge,1,2017 Q2,2017 Q3,CMRMTSPLx_m0,NA
Post-threshold ridge,1,2017 Q2,2017 Q3,CMRMTSPLx_m4,NA
Post-threshold ridge,1,2017 Q2,2017 Q3,CLAIMSx_m0,NA
Post-threshold ridge,1,2017 Q2,2017 Q3,CLAIMSx_m2,NA
Post-threshold ridge,1,2017 Q2,2017 Q3,PAYEMS_m0,NA
Post-threshold ridge,1,2017 Q2,2017 Q3,M1SL_m0,NA
Post-threshold ridge,1,2017 Q2,2017 Q3,M2SL_m0,NA
Post-threshold ridge,1,2017 Q2,2017 Q3,M2SL_m1,NA
Post-threshold ridge,1,2017 Q2,2017 Q3,FEDFUNDS_m4,NA
OCMT,1,2017 Q2,2017 Q3,INDPRO_m0,1
OCMT,1,2017 Q2,2017 Q3,INDPRO_m1,1
OCMT,1,2017 Q2,2017 Q3,PAYEMS_m0,1
OCMT,1,2017 Q2,2017 Q3,M2SL_m1,1
BMT,1,2017 Q2,2017 Q3,INDPRO_m1,1
BMT,1,2017 Q2,2017 Q3,M2SL_m1,2
LASSO,1,2017 Q3,2017 Q4,INDPRO_m0,NA
LASSO,1,2017 Q3,2017 Q4,INDPRO_m1,NA
LASSO,1,2017 Q3,2017 Q4,M2SL_m1,NA
Elastic net,1,2017 Q3,2017 Q4,INDPRO_m0,NA
Elastic net,1,2017 Q3,2017 Q4,INDPRO_m1,NA
Elastic net,1,2017 Q3,2017 Q4,M2SL_m1,NA
Threshold ridge,1,2017 Q3,2017 Q4,RPI_m2,NA
Threshold ridge,1,2017 Q3,2017 Q4,RPI_m4,NA
Threshold ridge,1,2017 Q3,2017 Q4,DPCERA3M086SBEA_m0,NA
Threshold ridge,1,2017 Q3,2017 Q4,DPCERA3M086SBEA_m1,NA
Threshold ridge,1,2017 Q3,2017 Q4,INDPRO_m0,NA
Threshold ridge,1,2017 Q3,2017 Q4,INDPRO_m1,NA
Threshold ridge,1,2017 Q3,2017 Q4,CMRMTSPLx_m0,NA
Threshold ridge,1,2017 Q3,2017 Q4,CMRMTSPLx_m4,NA
Threshold ridge,1,2017 Q3,2017 Q4,CLAIMSx_m0,NA
Threshold ridge,1,2017 Q3,2017 Q4,CLAIMSx_m2,NA
Threshold ridge,1,2017 Q3,2017 Q4,PAYEMS_m0,NA
Threshold ridge,1,2017 Q3,2017 Q4,M1SL_m0,NA
Threshold ridge,1,2017 Q3,2017 Q4,M2SL_m0,NA
Threshold ridge,1,2017 Q3,2017 Q4,M2SL_m1,NA
Threshold ridge,1,2017 Q3,2017 Q4,FEDFUNDS_m4,NA
Threshold ridge,1,2017 Q3,2017 Q4,S&P 500_m2,NA
Post-threshold ridge,1,2017 Q3,2017 Q4,RPI_m2,NA
Post-threshold ridge,1,2017 Q3,2017 Q4,RPI_m4,NA
Post-threshold ridge,1,2017 Q3,2017 Q4,DPCERA3M086SBEA_m0,NA
Post-threshold ridge,1,2017 Q3,2017 Q4,DPCERA3M086SBEA_m1,NA
Post-threshold ridge,1,2017 Q3,2017 Q4,INDPRO_m0,NA
Post-threshold ridge,1,2017 Q3,2017 Q4,INDPRO_m1,NA
Post-threshold ridge,1,2017 Q3,2017 Q4,CMRMTSPLx_m0,NA
Post-threshold ridge,1,2017 Q3,2017 Q4,CMRMTSPLx_m4,NA
Post-threshold ridge,1,2017 Q3,2017 Q4,CLAIMSx_m0,NA
Post-threshold ridge,1,2017 Q3,2017 Q4,CLAIMSx_m2,NA
Post-threshold ridge,1,2017 Q3,2017 Q4,PAYEMS_m0,NA
Post-threshold ridge,1,2017 Q3,2017 Q4,M1SL_m0,NA
Post-threshold ridge,1,2017 Q3,2017 Q4,M2SL_m0,NA
Post-threshold ridge,1,2017 Q3,2017 Q4,M2SL_m1,NA
Post-threshold ridge,1,2017 Q3,2017 Q4,FEDFUNDS_m4,NA
Post-threshold ridge,1,2017 Q3,2017 Q4,S&P 500_m2,NA
OCMT,1,2017 Q3,2017 Q4,INDPRO_m0,1
OCMT,1,2017 Q3,2017 Q4,INDPRO_m1,1
OCMT,1,2017 Q3,2017 Q4,PAYEMS_m0,1
OCMT,1,2017 Q3,2017 Q4,M2SL_m1,1
BMT,1,2017 Q3,2017 Q4,INDPRO_m1,1
BMT,1,2017 Q3,2017 Q4,M2SL_m1,2
Threshold ridge,1,2017 Q4,2018 Q1,RPI_m2,NA
Threshold ridge,1,2017 Q4,2018 Q1,RPI_m4,NA
Threshold ridge,1,2017 Q4,2018 Q1,DPCERA3M086SBEA_m0,NA
Threshold ridge,1,2017 Q4,2018 Q1,DPCERA3M086SBEA_m1,NA
Threshold ridge,1,2017 Q4,2018 Q1,INDPRO_m0,NA
Threshold ridge,1,2017 Q4,2018 Q1,INDPRO_m1,NA
Threshold ridge,1,2017 Q4,2018 Q1,CMRMTSPLx_m0,NA
Threshold ridge,1,2017 Q4,2018 Q1,CMRMTSPLx_m4,NA
Threshold ridge,1,2017 Q4,2018 Q1,CLAIMSx_m0,NA
Threshold ridge,1,2017 Q4,2018 Q1,CLAIMSx_m2,NA
Threshold ridge,1,2017 Q4,2018 Q1,PAYEMS_m0,NA
Threshold ridge,1,2017 Q4,2018 Q1,M1SL_m0,NA
Threshold ridge,1,2017 Q4,2018 Q1,M2SL_m0,NA
Threshold ridge,1,2017 Q4,2018 Q1,M2SL_m1,NA
Threshold ridge,1,2017 Q4,2018 Q1,FEDFUNDS_m4,NA
Threshold ridge,1,2017 Q4,2018 Q1,S&P 500_m2,NA
Post-threshold ridge,1,2017 Q4,2018 Q1,RPI_m2,NA
Post-threshold ridge,1,2017 Q4,2018 Q1,RPI_m4,NA
Post-threshold ridge,1,2017 Q4,2018 Q1,DPCERA3M086SBEA_m0,NA
Post-threshold ridge,1,2017 Q4,2018 Q1,DPCERA3M086SBEA_m1,NA
Post-threshold ridge,1,2017 Q4,2018 Q1,INDPRO_m0,NA
Post-threshold ridge,1,2017 Q4,2018 Q1,INDPRO_m1,NA
Post-threshold ridge,1,2017 Q4,2018 Q1,CMRMTSPLx_m0,NA
Post-threshold ridge,1,2017 Q4,2018 Q1,CMRMTSPLx_m4,NA
Post-threshold ridge,1,2017 Q4,2018 Q1,CLAIMSx_m0,NA
Post-threshold ridge,1,2017 Q4,2018 Q1,CLAIMSx_m2,NA
Post-threshold ridge,1,2017 Q4,2018 Q1,PAYEMS_m0,NA
Post-threshold ridge,1,2017 Q4,2018 Q1,M1SL_m0,NA
Post-threshold ridge,1,2017 Q4,2018 Q1,M2SL_m0,NA
Post-threshold ridge,1,2017 Q4,2018 Q1,M2SL_m1,NA
Post-threshold ridge,1,2017 Q4,2018 Q1,FEDFUNDS_m4,NA
Post-threshold ridge,1,2017 Q4,2018 Q1,S&P 500_m2,NA
OCMT,1,2017 Q4,2018 Q1,INDPRO_m0,1
OCMT,1,2017 Q4,2018 Q1,INDPRO_m1,1
OCMT,1,2017 Q4,2018 Q1,PAYEMS_m0,1
OCMT,1,2017 Q4,2018 Q1,M2SL_m1,1
BMT,1,2017 Q4,2018 Q1,INDPRO_m1,1
BMT,1,2017 Q4,2018 Q1,M2SL_m1,2
Threshold ridge,1,2018 Q1,2018 Q2,RPI_m2,NA
Threshold ridge,1,2018 Q1,2018 Q2,RPI_m4,NA
Threshold ridge,1,2018 Q1,2018 Q2,DPCERA3M086SBEA_m0,NA
Threshold ridge,1,2018 Q1,2018 Q2,DPCERA3M086SBEA_m1,NA
Threshold ridge,1,2018 Q1,2018 Q2,INDPRO_m0,NA
Threshold ridge,1,2018 Q1,2018 Q2,INDPRO_m1,NA
Threshold ridge,1,2018 Q1,2018 Q2,CMRMTSPLx_m0,NA
Threshold ridge,1,2018 Q1,2018 Q2,CMRMTSPLx_m4,NA
Threshold ridge,1,2018 Q1,2018 Q2,CLAIMSx_m0,NA
Threshold ridge,1,2018 Q1,2018 Q2,CLAIMSx_m2,NA
Threshold ridge,1,2018 Q1,2018 Q2,PAYEMS_m0,NA
Threshold ridge,1,2018 Q1,2018 Q2,M1SL_m0,NA
Threshold ridge,1,2018 Q1,2018 Q2,M2SL_m0,NA
Threshold ridge,1,2018 Q1,2018 Q2,M2SL_m1,NA
Threshold ridge,1,2018 Q1,2018 Q2,NONREVSL_m0,NA
Threshold ridge,1,2018 Q1,2018 Q2,FEDFUNDS_m4,NA
Threshold ridge,1,2018 Q1,2018 Q2,S&P 500_m2,NA
Post-threshold ridge,1,2018 Q1,2018 Q2,RPI_m2,NA
Post-threshold ridge,1,2018 Q1,2018 Q2,RPI_m4,NA
Post-threshold ridge,1,2018 Q1,2018 Q2,DPCERA3M086SBEA_m0,NA
Post-threshold ridge,1,2018 Q1,2018 Q2,DPCERA3M086SBEA_m1,NA
Post-threshold ridge,1,2018 Q1,2018 Q2,INDPRO_m0,NA
Post-threshold ridge,1,2018 Q1,2018 Q2,INDPRO_m1,NA
Post-threshold ridge,1,2018 Q1,2018 Q2,CMRMTSPLx_m0,NA
Post-threshold ridge,1,2018 Q1,2018 Q2,CMRMTSPLx_m4,NA
Post-threshold ridge,1,2018 Q1,2018 Q2,CLAIMSx_m0,NA
Post-threshold ridge,1,2018 Q1,2018 Q2,CLAIMSx_m2,NA
Post-threshold ridge,1,2018 Q1,2018 Q2,PAYEMS_m0,NA
Post-threshold ridge,1,2018 Q1,2018 Q2,M1SL_m0,NA
Post-threshold ridge,1,2018 Q1,2018 Q2,M2SL_m0,NA
Post-threshold ridge,1,2018 Q1,2018 Q2,M2SL_m1,NA
Post-threshold ridge,1,2018 Q1,2018 Q2,NONREVSL_m0,NA
Post-threshold ridge,1,2018 Q1,2018 Q2,FEDFUNDS_m4,NA
Post-threshold ridge,1,2018 Q1,2018 Q2,S&P 500_m2,NA
OCMT,1,2018 Q1,2018 Q2,INDPRO_m0,1
OCMT,1,2018 Q1,2018 Q2,INDPRO_m1,1
OCMT,1,2018 Q1,2018 Q2,CMRMTSPLx_m0,1
OCMT,1,2018 Q1,2018 Q2,PAYEMS_m0,1
OCMT,1,2018 Q1,2018 Q2,M2SL_m1,1
BMT,1,2018 Q1,2018 Q2,INDPRO_m1,1
BMT,1,2018 Q1,2018 Q2,M2SL_m1,2
Threshold ridge,1,2018 Q2,2018 Q3,RPI_m2,NA
Threshold ridge,1,2018 Q2,2018 Q3,RPI_m4,NA
Threshold ridge,1,2018 Q2,2018 Q3,DPCERA3M086SBEA_m0,NA
Threshold ridge,1,2018 Q2,2018 Q3,DPCERA3M086SBEA_m1,NA
Threshold ridge,1,2018 Q2,2018 Q3,INDPRO_m0,NA
Threshold ridge,1,2018 Q2,2018 Q3,INDPRO_m1,NA
Threshold ridge,1,2018 Q2,2018 Q3,CMRMTSPLx_m0,NA
Threshold ridge,1,2018 Q2,2018 Q3,CMRMTSPLx_m4,NA
Threshold ridge,1,2018 Q2,2018 Q3,CLAIMSx_m0,NA
Threshold ridge,1,2018 Q2,2018 Q3,CLAIMSx_m2,NA
Threshold ridge,1,2018 Q2,2018 Q3,PAYEMS_m0,NA
Threshold ridge,1,2018 Q2,2018 Q3,M1SL_m0,NA
Threshold ridge,1,2018 Q2,2018 Q3,M2SL_m0,NA
Threshold ridge,1,2018 Q2,2018 Q3,M2SL_m1,NA
Threshold ridge,1,2018 Q2,2018 Q3,NONREVSL_m0,NA
Threshold ridge,1,2018 Q2,2018 Q3,FEDFUNDS_m4,NA
Threshold ridge,1,2018 Q2,2018 Q3,S&P 500_m2,NA
Post-threshold ridge,1,2018 Q2,2018 Q3,RPI_m2,NA
Post-threshold ridge,1,2018 Q2,2018 Q3,RPI_m4,NA
Post-threshold ridge,1,2018 Q2,2018 Q3,DPCERA3M086SBEA_m0,NA
Post-threshold ridge,1,2018 Q2,2018 Q3,DPCERA3M086SBEA_m1,NA
Post-threshold ridge,1,2018 Q2,2018 Q3,INDPRO_m0,NA
Post-threshold ridge,1,2018 Q2,2018 Q3,INDPRO_m1,NA
Post-threshold ridge,1,2018 Q2,2018 Q3,CMRMTSPLx_m0,NA
Post-threshold ridge,1,2018 Q2,2018 Q3,CMRMTSPLx_m4,NA
Post-threshold ridge,1,2018 Q2,2018 Q3,CLAIMSx_m0,NA
Post-threshold ridge,1,2018 Q2,2018 Q3,CLAIMSx_m2,NA
Post-threshold ridge,1,2018 Q2,2018 Q3,PAYEMS_m0,NA
Post-threshold ridge,1,2018 Q2,2018 Q3,M1SL_m0,NA
Post-threshold ridge,1,2018 Q2,2018 Q3,M2SL_m0,NA
Post-threshold ridge,1,2018 Q2,2018 Q3,M2SL_m1,NA
Post-threshold ridge,1,2018 Q2,2018 Q3,NONREVSL_m0,NA
Post-threshold ridge,1,2018 Q2,2018 Q3,FEDFUNDS_m4,NA
Post-threshold ridge,1,2018 Q2,2018 Q3,S&P 500_m2,NA
OCMT,1,2018 Q2,2018 Q3,INDPRO_m0,1
OCMT,1,2018 Q2,2018 Q3,INDPRO_m1,1
OCMT,1,2018 Q2,2018 Q3,CMRMTSPLx_m0,1
OCMT,1,2018 Q2,2018 Q3,PAYEMS_m0,1
OCMT,1,2018 Q2,2018 Q3,M2SL_m1,1
BMT,1,2018 Q2,2018 Q3,INDPRO_m1,1
BMT,1,2018 Q2,2018 Q3,M2SL_m1,2
LASSO,1,2018 Q3,2018 Q4,INDPRO_m0,NA
Threshold ridge,1,2018 Q3,2018 Q4,RPI_m2,NA
Threshold ridge,1,2018 Q3,2018 Q4,RPI_m4,NA
Threshold ridge,1,2018 Q3,2018 Q4,INDPRO_m0,NA
Threshold ridge,1,2018 Q3,2018 Q4,INDPRO_m1,NA
Threshold ridge,1,2018 Q3,2018 Q4,CMRMTSPLx_m0,NA
Threshold ridge,1,2018 Q3,2018 Q4,CLAIMSx_m0,NA
Threshold ridge,1,2018 Q3,2018 Q4,CLAIMSx_m2,NA
Threshold ridge,1,2018 Q3,2018 Q4,PAYEMS_m0,NA
Threshold ridge,1,2018 Q3,2018 Q4,M1SL_m0,NA
Threshold ridge,1,2018 Q3,2018 Q4,M2SL_m0,NA
Threshold ridge,1,2018 Q3,2018 Q4,M2SL_m1,NA
Threshold ridge,1,2018 Q3,2018 Q4,NONREVSL_m0,NA
Threshold ridge,1,2018 Q3,2018 Q4,PPICMM_m1,NA
Threshold ridge,1,2018 Q3,2018 Q4,FEDFUNDS_m4,NA
Post-threshold ridge,1,2018 Q3,2018 Q4,RPI_m2,NA
Post-threshold ridge,1,2018 Q3,2018 Q4,RPI_m4,NA
Post-threshold ridge,1,2018 Q3,2018 Q4,INDPRO_m0,NA
Post-threshold ridge,1,2018 Q3,2018 Q4,INDPRO_m1,NA
Post-threshold ridge,1,2018 Q3,2018 Q4,CMRMTSPLx_m0,NA
Post-threshold ridge,1,2018 Q3,2018 Q4,CLAIMSx_m0,NA
Post-threshold ridge,1,2018 Q3,2018 Q4,CLAIMSx_m2,NA
Post-threshold ridge,1,2018 Q3,2018 Q4,PAYEMS_m0,NA
Post-threshold ridge,1,2018 Q3,2018 Q4,M1SL_m0,NA
Post-threshold ridge,1,2018 Q3,2018 Q4,M2SL_m0,NA
Post-threshold ridge,1,2018 Q3,2018 Q4,M2SL_m1,NA
Post-threshold ridge,1,2018 Q3,2018 Q4,NONREVSL_m0,NA
Post-threshold ridge,1,2018 Q3,2018 Q4,PPICMM_m1,NA
Post-threshold ridge,1,2018 Q3,2018 Q4,FEDFUNDS_m4,NA
OCMT,1,2018 Q3,2018 Q4,INDPRO_m0,1
OCMT,1,2018 Q3,2018 Q4,INDPRO_m1,1
OCMT,1,2018 Q3,2018 Q4,CMRMTSPLx_m0,1
OCMT,1,2018 Q3,2018 Q4,M2SL_m1,1
BMT,1,2018 Q3,2018 Q4,INDPRO_m0,1
Threshold ridge,1,2018 Q4,2019 Q1,RPI_m2,NA
Threshold ridge,1,2018 Q4,2019 Q1,RPI_m4,NA
Threshold ridge,1,2018 Q4,2019 Q1,DPCERA3M086SBEA_m0,NA
Threshold ridge,1,2018 Q4,2019 Q1,INDPRO_m0,NA
Threshold ridge,1,2018 Q4,2019 Q1,INDPRO_m1,NA
Threshold ridge,1,2018 Q4,2019 Q1,CMRMTSPLx_m0,NA
Threshold ridge,1,2018 Q4,2019 Q1,CLAIMSx_m0,NA
Threshold ridge,1,2018 Q4,2019 Q1,CLAIMSx_m2,NA
Threshold ridge,1,2018 Q4,2019 Q1,PAYEMS_m0,NA
Threshold ridge,1,2018 Q4,2019 Q1,M1SL_m0,NA
Threshold ridge,1,2018 Q4,2019 Q1,M2SL_m0,NA
Threshold ridge,1,2018 Q4,2019 Q1,M2SL_m1,NA
Threshold ridge,1,2018 Q4,2019 Q1,NONREVSL_m0,NA
Threshold ridge,1,2018 Q4,2019 Q1,FEDFUNDS_m4,NA
Threshold ridge,1,2018 Q4,2019 Q1,S&P 500_m0,NA
Post-threshold ridge,1,2018 Q4,2019 Q1,RPI_m2,NA
Post-threshold ridge,1,2018 Q4,2019 Q1,RPI_m4,NA
Post-threshold ridge,1,2018 Q4,2019 Q1,DPCERA3M086SBEA_m0,NA
Post-threshold ridge,1,2018 Q4,2019 Q1,INDPRO_m0,NA
Post-threshold ridge,1,2018 Q4,2019 Q1,INDPRO_m1,NA
Post-threshold ridge,1,2018 Q4,2019 Q1,CMRMTSPLx_m0,NA
Post-threshold ridge,1,2018 Q4,2019 Q1,CLAIMSx_m0,NA
Post-threshold ridge,1,2018 Q4,2019 Q1,CLAIMSx_m2,NA
Post-threshold ridge,1,2018 Q4,2019 Q1,PAYEMS_m0,NA
Post-threshold ridge,1,2018 Q4,2019 Q1,M1SL_m0,NA
Post-threshold ridge,1,2018 Q4,2019 Q1,M2SL_m0,NA
Post-threshold ridge,1,2018 Q4,2019 Q1,M2SL_m1,NA
Post-threshold ridge,1,2018 Q4,2019 Q1,NONREVSL_m0,NA
Post-threshold ridge,1,2018 Q4,2019 Q1,FEDFUNDS_m4,NA
Post-threshold ridge,1,2018 Q4,2019 Q1,S&P 500_m0,NA
OCMT,1,2018 Q4,2019 Q1,INDPRO_m0,1
OCMT,1,2018 Q4,2019 Q1,INDPRO_m1,1
OCMT,1,2018 Q4,2019 Q1,CMRMTSPLx_m0,1
OCMT,1,2018 Q4,2019 Q1,PAYEMS_m0,1
OCMT,1,2018 Q4,2019 Q1,M2SL_m0,1
OCMT,1,2018 Q4,2019 Q1,M2SL_m1,1
BMT,1,2018 Q4,2019 Q1,INDPRO_m0,1
Threshold ridge,1,2019 Q1,2019 Q2,RPI_m2,NA
Threshold ridge,1,2019 Q1,2019 Q2,RPI_m4,NA
Threshold ridge,1,2019 Q1,2019 Q2,INDPRO_m0,NA
Threshold ridge,1,2019 Q1,2019 Q2,INDPRO_m1,NA
Threshold ridge,1,2019 Q1,2019 Q2,CMRMTSPLx_m0,NA
Threshold ridge,1,2019 Q1,2019 Q2,CLAIMSx_m0,NA
Threshold ridge,1,2019 Q1,2019 Q2,CLAIMSx_m2,NA
Threshold ridge,1,2019 Q1,2019 Q2,PAYEMS_m0,NA
Threshold ridge,1,2019 Q1,2019 Q2,M1SL_m0,NA
Threshold ridge,1,2019 Q1,2019 Q2,M2SL_m0,NA
Threshold ridge,1,2019 Q1,2019 Q2,M2SL_m1,NA
Threshold ridge,1,2019 Q1,2019 Q2,NONREVSL_m0,NA
Threshold ridge,1,2019 Q1,2019 Q2,PPICMM_m1,NA
Threshold ridge,1,2019 Q1,2019 Q2,FEDFUNDS_m4,NA
Threshold ridge,1,2019 Q1,2019 Q2,S&P 500_m0,NA
Post-threshold ridge,1,2019 Q1,2019 Q2,RPI_m2,NA
Post-threshold ridge,1,2019 Q1,2019 Q2,RPI_m4,NA
Post-threshold ridge,1,2019 Q1,2019 Q2,INDPRO_m0,NA
Post-threshold ridge,1,2019 Q1,2019 Q2,INDPRO_m1,NA
Post-threshold ridge,1,2019 Q1,2019 Q2,CMRMTSPLx_m0,NA
Post-threshold ridge,1,2019 Q1,2019 Q2,CLAIMSx_m0,NA
Post-threshold ridge,1,2019 Q1,2019 Q2,CLAIMSx_m2,NA
Post-threshold ridge,1,2019 Q1,2019 Q2,PAYEMS_m0,NA
Post-threshold ridge,1,2019 Q1,2019 Q2,M1SL_m0,NA
Post-threshold ridge,1,2019 Q1,2019 Q2,M2SL_m0,NA
Post-threshold ridge,1,2019 Q1,2019 Q2,M2SL_m1,NA
Post-threshold ridge,1,2019 Q1,2019 Q2,NONREVSL_m0,NA
Post-threshold ridge,1,2019 Q1,2019 Q2,PPICMM_m1,NA
Post-threshold ridge,1,2019 Q1,2019 Q2,FEDFUNDS_m4,NA
Post-threshold ridge,1,2019 Q1,2019 Q2,S&P 500_m0,NA
OCMT,1,2019 Q1,2019 Q2,INDPRO_m0,1
OCMT,1,2019 Q1,2019 Q2,INDPRO_m1,1
OCMT,1,2019 Q1,2019 Q2,CMRMTSPLx_m0,1
OCMT,1,2019 Q1,2019 Q2,PAYEMS_m0,1
OCMT,1,2019 Q1,2019 Q2,M2SL_m1,1
BMT,1,2019 Q1,2019 Q2,INDPRO_m0,1
Threshold ridge,1,2019 Q2,2019 Q3,RPI_m2,NA
Threshold ridge,1,2019 Q2,2019 Q3,RPI_m4,NA
Threshold ridge,1,2019 Q2,2019 Q3,INDPRO_m0,NA
Threshold ridge,1,2019 Q2,2019 Q3,INDPRO_m1,NA
Threshold ridge,1,2019 Q2,2019 Q3,CMRMTSPLx_m0,NA
Threshold ridge,1,2019 Q2,2019 Q3,CLAIMSx_m0,NA
Threshold ridge,1,2019 Q2,2019 Q3,CLAIMSx_m2,NA
Threshold ridge,1,2019 Q2,2019 Q3,PAYEMS_m0,NA
Threshold ridge,1,2019 Q2,2019 Q3,M1SL_m0,NA
Threshold ridge,1,2019 Q2,2019 Q3,M2SL_m0,NA
Threshold ridge,1,2019 Q2,2019 Q3,M2SL_m1,NA
Threshold ridge,1,2019 Q2,2019 Q3,NONREVSL_m0,NA
Threshold ridge,1,2019 Q2,2019 Q3,PPICMM_m1,NA
Threshold ridge,1,2019 Q2,2019 Q3,FEDFUNDS_m4,NA
Threshold ridge,1,2019 Q2,2019 Q3,S&P 500_m0,NA
Post-threshold ridge,1,2019 Q2,2019 Q3,RPI_m2,NA
Post-threshold ridge,1,2019 Q2,2019 Q3,RPI_m4,NA
Post-threshold ridge,1,2019 Q2,2019 Q3,INDPRO_m0,NA
Post-threshold ridge,1,2019 Q2,2019 Q3,INDPRO_m1,NA
Post-threshold ridge,1,2019 Q2,2019 Q3,CMRMTSPLx_m0,NA
Post-threshold ridge,1,2019 Q2,2019 Q3,CLAIMSx_m0,NA
Post-threshold ridge,1,2019 Q2,2019 Q3,CLAIMSx_m2,NA
Post-threshold ridge,1,2019 Q2,2019 Q3,PAYEMS_m0,NA
Post-threshold ridge,1,2019 Q2,2019 Q3,M1SL_m0,NA
Post-threshold ridge,1,2019 Q2,2019 Q3,M2SL_m0,NA
Post-threshold ridge,1,2019 Q2,2019 Q3,M2SL_m1,NA
Post-threshold ridge,1,2019 Q2,2019 Q3,NONREVSL_m0,NA
Post-threshold ridge,1,2019 Q2,2019 Q3,PPICMM_m1,NA
Post-threshold ridge,1,2019 Q2,2019 Q3,FEDFUNDS_m4,NA
Post-threshold ridge,1,2019 Q2,2019 Q3,S&P 500_m0,NA
OCMT,1,2019 Q2,2019 Q3,INDPRO_m0,1
OCMT,1,2019 Q2,2019 Q3,INDPRO_m1,1
OCMT,1,2019 Q2,2019 Q3,CMRMTSPLx_m0,1
OCMT,1,2019 Q2,2019 Q3,PAYEMS_m0,1
OCMT,1,2019 Q2,2019 Q3,M2SL_m1,1
BMT,1,2019 Q2,2019 Q3,INDPRO_m0,1
LASSO,1,2019 Q3,2019 Q4,INDPRO_m0,NA
Elastic net,1,2019 Q3,2019 Q4,INDPRO_m0,NA
Threshold ridge,1,2019 Q3,2019 Q4,RPI_m2,NA
Threshold ridge,1,2019 Q3,2019 Q4,RPI_m4,NA
Threshold ridge,1,2019 Q3,2019 Q4,INDPRO_m0,NA
Threshold ridge,1,2019 Q3,2019 Q4,INDPRO_m1,NA
Threshold ridge,1,2019 Q3,2019 Q4,CMRMTSPLx_m0,NA
Threshold ridge,1,2019 Q3,2019 Q4,CLAIMSx_m0,NA
Threshold ridge,1,2019 Q3,2019 Q4,CLAIMSx_m2,NA
Threshold ridge,1,2019 Q3,2019 Q4,PAYEMS_m0,NA
Threshold ridge,1,2019 Q3,2019 Q4,M1SL_m0,NA
Threshold ridge,1,2019 Q3,2019 Q4,M2SL_m0,NA
Threshold ridge,1,2019 Q3,2019 Q4,M2SL_m1,NA
Threshold ridge,1,2019 Q3,2019 Q4,BOGMBASE_m2,NA
Threshold ridge,1,2019 Q3,2019 Q4,NONREVSL_m0,NA
Threshold ridge,1,2019 Q3,2019 Q4,FEDFUNDS_m4,NA
Threshold ridge,1,2019 Q3,2019 Q4,S&P 500_m0,NA
Post-threshold ridge,1,2019 Q3,2019 Q4,RPI_m2,NA
Post-threshold ridge,1,2019 Q3,2019 Q4,RPI_m4,NA
Post-threshold ridge,1,2019 Q3,2019 Q4,INDPRO_m0,NA
Post-threshold ridge,1,2019 Q3,2019 Q4,INDPRO_m1,NA
Post-threshold ridge,1,2019 Q3,2019 Q4,CMRMTSPLx_m0,NA
Post-threshold ridge,1,2019 Q3,2019 Q4,CLAIMSx_m0,NA
Post-threshold ridge,1,2019 Q3,2019 Q4,CLAIMSx_m2,NA
Post-threshold ridge,1,2019 Q3,2019 Q4,PAYEMS_m0,NA
Post-threshold ridge,1,2019 Q3,2019 Q4,M1SL_m0,NA
Post-threshold ridge,1,2019 Q3,2019 Q4,M2SL_m0,NA
Post-threshold ridge,1,2019 Q3,2019 Q4,M2SL_m1,NA
Post-threshold ridge,1,2019 Q3,2019 Q4,BOGMBASE_m2,NA
Post-threshold ridge,1,2019 Q3,2019 Q4,NONREVSL_m0,NA
Post-threshold ridge,1,2019 Q3,2019 Q4,FEDFUNDS_m4,NA
Post-threshold ridge,1,2019 Q3,2019 Q4,S&P 500_m0,NA
OCMT,1,2019 Q3,2019 Q4,INDPRO_m0,1
OCMT,1,2019 Q3,2019 Q4,CMRMTSPLx_m0,1
OCMT,1,2019 Q3,2019 Q4,PAYEMS_m0,1
OCMT,1,2019 Q3,2019 Q4,M2SL_m1,1
BMT,1,2019 Q3,2019 Q4,INDPRO_m0,1
