method,horizon,forecast_quarter,target_quarter,train_start,train_end,actual,forecast,forecast_error,squared_error,absolute_error,selected_variables,lambda
AR,1,2005 Q2,2005 Q3,1985 Q2,2005 Q1,0.7807581701131383,0.7152765634975627,0.06548160661557556,0.004287840804956989,0.06548160661557556,0,NA
LASSO,1,2005 Q2,2005 Q3,1985 Q2,2005 Q1,0.7807581701131383,0.735332505813675,0.045425664299463264,0.0020634909770475313,0.045425664299463264,4,0.1367432087761957
Elastic net,1,2005 Q2,2005 Q3,1985 Q2,2005 Q1,0.7807581701131383,0.7292826777717044,0.05147549234143389,0.002649726311793019,0.05147549234143389,4,0.26105603779260916
Ridge,1,2005 Q2,2005 Q3,1985 Q2,2005 Q1,0.7807581701131383,0.8496339859338295,-0.06887581582069124,0.004743878004965782,0.06887581582069124,NA,1.9839098255638432
Threshold ridge,1,2005 Q2,2005 Q3,1985 Q2,2005 Q1,0.7807581701131383,0.7799470800383177,8.110900748206085e-4,6.578671094725003e-7,8.110900748206085e-4,13,1.9839098255638432
Post-threshold ridge,1,2005 Q2,2005 Q3,1985 Q2,2005 Q1,0.7807581701131383,0.9373074532574411,-0.15654928314430283,0.0245076780529951,0.15654928314430283,13,1.9839098255638432
OCMT,1,2005 Q2,2005 Q3,1985 Q2,2005 Q1,0.7807581701131383,0.9598834966236687,-0.17912532651053037,0.03208588259750411,0.17912532651053037,2,NA
BMT,1,2005 Q2,2005 Q3,1985 Q2,2005 Q1,0.7807581701131383,0.9252612868792015,-0.1445031167660632,0.020881150755106496,0.1445031167660632,1,NA
AR,1,2005 Q3,2005 Q4,1985 Q3,2005 Q2,0.5539792372076136,0.7773315465225326,-0.223352309314919,0.04988625407630726,0.223352309314919,0,NA
LASSO,1,2005 Q3,2005 Q4,1985 Q3,2005 Q2,0.5539792372076136,0.7773315465225326,-0.223352309314919,0.04988625407630726,0.223352309314919,0,0.19943344082579925
Elastic net,1,2005 Q3,2005 Q4,1985 Q3,2005 Q2,0.5539792372076136,0.7773315465225326,-0.223352309314919,0.04988625407630726,0.223352309314919,0,0.39886688165159845
Ridge,1,2005 Q3,2005 Q4,1985 Q3,2005 Q2,0.5539792372076136,0.7155141111862405,-0.16153487397862698,0.0260935155112909,0.16153487397862698,NA,1.994334408258
Threshold ridge,1,2005 Q3,2005 Q4,1985 Q3,2005 Q2,0.5539792372076136,0.6875861302863173,-0.13360689307870377,0.017850801878144182,0.13360689307870377,14,1.994334408258
Post-threshold ridge,1,2005 Q3,2005 Q4,1985 Q3,2005 Q2,0.5539792372076136,0.5695262495469599,-0.0155470123393463,2.417095926797861e-4,0.0155470123393463,14,1.994334408258
OCMT,1,2005 Q3,2005 Q4,1985 Q3,2005 Q2,0.5539792372076136,0.7229059937415809,-0.16892675653396738,0.02853624907308629,0.16892675653396738,2,NA
BMT,1,2005 Q3,2005 Q4,1985 Q3,2005 Q2,0.5539792372076136,0.7201223080846233,-0.16614307087700975,0.027603520000443083,0.16614307087700975,1,NA
AR,1,2005 Q4,2006 Q1,1985 Q4,2005 Q3,1.3364138447713003,0.7214470281354362,0.6149668166358642,0.37818418556324856,0.6149668166358642,0,NA
LASSO,1,2005 Q4,2006 Q1,1985 Q4,2005 Q3,1.3364138447713003,0.721447028135436,0.6149668166358643,0.37818418556324873,0.6149668166358643,0,0.19802257598932776
Elastic net,1,2005 Q4,2006 Q1,1985 Q4,2005 Q3,1.3364138447713003,0.721447028135436,0.6149668166358643,0.37818418556324873,0.6149668166358643,0,0.3960451519786554
Ridge,1,2005 Q4,2006 Q1,1985 Q4,2005 Q3,1.3364138447713003,0.720688578805002,0.6157252659662983,0.37911760314926873,0.6157252659662983,NA,1.9802257598932855
Threshold ridge,1,2005 Q4,2006 Q1,1985 Q4,2005 Q3,1.3364138447713003,0.7425032532365059,0.5939105915347944,0.3527297907372094,0.5939105915347944,14,1.9802257598932855
Post-threshold ridge,1,2005 Q4,2006 Q1,1985 Q4,2005 Q3,1.3364138447713003,0.31716042482911894,1.0192534199421814,1.0388775340638328,1.0192534199421814,14,1.9802257598932855
OCMT,1,2005 Q4,2006 Q1,1985 Q4,2005 Q3,1.3364138447713003,0.9869929624177995,0.3494208823535008,0.12209495302469903,0.3494208823535008,2,NA
BMT,1,2005 Q4,2006 Q1,1985 Q4,2005 Q3,1.3364138447713003,1.098909478408809,0.2375043663624914,0.056408324041248535,0.2375043663624914,1,NA
AR,1,2006 Q1,2006 Q2,1986 Q1,2005 Q4,0.25841857488995146,0.9158363404196515,-0.6574177655297,0.4321981184340636,0.6574177655297,0,NA
LASSO,1,2006 Q1,2006 Q2,1986 Q1,2005 Q4,0.25841857488995146,0.9158363404196515,-0.6574177655297,0.4321981184340636,0.6574177655297,0,0.20085062303140144
Elastic net,1,2006 Q1,2006 Q2,1986 Q1,2005 Q4,0.25841857488995146,0.9158363404196515,-0.6574177655297,0.4321981184340636,0.6574177655297,0,0.4017012460628029
Ridge,1,2006 Q1,2006 Q2,1986 Q1,2005 Q4,0.25841857488995146,1.0549312444324934,-0.796512669542542,0.6344324327417866,0.796512669542542,NA,2.008506230314024
Threshold ridge,1,2006 Q1,2006 Q2,1986 Q1,2005 Q4,0.25841857488995146,0.8890285906381415,-0.6306100157481901,0.39766899196193256,0.6306100157481901,17,2.008506230314024
Post-threshold ridge,1,2006 Q1,2006 Q2,1986 Q1,2005 Q4,0.25841857488995146,1.1435159973016624,-0.885097422411711,0.7833974471598547,0.885097422411711,17,2.008506230314024
OCMT,1,2006 Q1,2006 Q2,1986 Q1,2005 Q4,0.25841857488995146,0.9884021560594335,-0.729983581169482,0.5328760287770218,0.729983581169482,2,NA
BMT,1,2006 Q1,2006 Q2,1986 Q1,2005 Q4,0.25841857488995146,1.051767771328206,-0.7933491964382546,0.6294029474892243,0.7933491964382546,1,NA
AR,1,2006 Q2,2006 Q3,1986 Q2,2006 Q1,0.14984360400802643,0.6621032126001023,-0.5122596085920759,0.26240990659490676,0.5122596085920759,0,NA
LASSO,1,2006 Q2,2006 Q3,1986 Q2,2006 Q1,0.14984360400802643,0.6621032126001023,-0.5122596085920759,0.26240990659490676,0.5122596085920759,1,0.1994447804224923
Elastic net,1,2006 Q2,2006 Q3,1986 Q2,2006 Q1,0.14984360400802643,0.6621032126001023,-0.5122596085920759,0.26240990659490676,0.5122596085920759,1,0.39888956084498456
Ridge,1,2006 Q2,2006 Q3,1986 Q2,2006 Q1,0.14984360400802643,0.8903287162165935,-0.740485112208567,0.5483182014025342,0.740485112208567,NA,1.994447804224933
Threshold ridge,1,2006 Q2,2006 Q3,1986 Q2,2006 Q1,0.14984360400802643,0.7327452863297483,-0.5829016823217219,0.3397743712534936,0.5829016823217219,13,1.994447804224933
Post-threshold ridge,1,2006 Q2,2006 Q3,1986 Q2,2006 Q1,0.14984360400802643,0.6515741857616015,-0.5017305817535751,0.2517335766667809,0.5017305817535751,13,1.994447804224933
OCMT,1,2006 Q2,2006 Q3,1986 Q2,2006 Q1,0.14984360400802643,0.7058137523836843,-0.5559701483756578,0.309102805884851,0.5559701483756578,2,NA
BMT,1,2006 Q2,2006 Q3,1986 Q2,2006 Q1,0.14984360400802643,0.4627445077013133,-0.3129009036932869,0.09790697553207559,0.3129009036932869,1,NA
AR,1,2006 Q3,2006 Q4,1986 Q3,2006 Q2,0.8557775565416037,0.6176607767032284,0.23811677983837531,0.0566996008405973,0.23811677983837531,0,NA
LASSO,1,2006 Q3,2006 Q4,1986 Q3,2006 Q2,0.8557775565416037,0.5850978087892383,0.27067974775236536,0.07326752584328414,0.27067974775236536,2,0.16948475366466492
Elastic net,1,2006 Q3,2006 Q4,1986 Q3,2006 Q2,0.8557775565416037,0.5910007130342368,0.26477684350736685,0.07010677685772464,0.26477684350736685,3,0.32356282007663406
Ridge,1,2006 Q3,2006 Q4,1986 Q3,2006 Q2,0.8557775565416037,0.5099174585770783,0.34586009796452544,0.11961920736403113,0.34586009796452544,NA,2.0414498580897726
Threshold ridge,1,2006 Q3,2006 Q4,1986 Q3,2006 Q2,0.8557775565416037,0.6040177027794481,0.2517598537621556,0.06338302396634198,0.2517598537621556,16,2.0414498580897726
Post-threshold ridge,1,2006 Q3,2006 Q4,1986 Q3,2006 Q2,0.8557775565416037,0.509305657115558,0.3464718994260457,0.12004277709189194,0.3464718994260457,16,2.0414498580897726
OCMT,1,2006 Q3,2006 Q4,1986 Q3,2006 Q2,0.8557775565416037,0.4192058828433912,0.4365716736982125,0.19059482627565852,0.4365716736982125,1,NA
BMT,1,2006 Q3,2006 Q4,1986 Q3,2006 Q2,0.8557775565416037,0.4192058828433912,0.4365716736982125,0.19059482627565852,0.4365716736982125,1,NA
AR,1,2006 Q4,2007 Q1,1986 Q4,2006 Q3,0.3003840617131104,0.7938921818854954,-0.493508120172385,0.24355026467608118,0.493508120172385,0,NA
LASSO,1,2006 Q4,2007 Q1,1986 Q4,2006 Q3,0.3003840617131104,0.7938921818854955,-0.4935081201723851,0.2435502646760813,0.4935081201723851,0,0.19882187553958072
Elastic net,1,2006 Q4,2007 Q1,1986 Q4,2006 Q3,0.3003840617131104,0.7938921818854955,-0.4935081201723851,0.2435502646760813,0.4935081201723851,1,0.3976437510791614
Ridge,1,2006 Q4,2007 Q1,1986 Q4,2006 Q3,0.3003840617131104,0.7659229017666326,-0.4655388400535222,0.2167264115983789,0.4655388400535222,NA,1.9882187553958168
Threshold ridge,1,2006 Q4,2007 Q1,1986 Q4,2006 Q3,0.3003840617131104,0.787400375687724,-0.48701631397461365,0.23718489007741947,0.48701631397461365,15,1.9882187553958168
Post-threshold ridge,1,2006 Q4,2007 Q1,1986 Q4,2006 Q3,0.3003840617131104,0.7279456141286123,-0.42756155241550187,0.18280888110395396,0.42756155241550187,15,1.9882187553958168
OCMT,1,2006 Q4,2007 Q1,1986 Q4,2006 Q3,0.3003840617131104,0.8479403551817943,-0.547556293468684,0.29981789451716356,0.547556293468684,2,NA
BMT,1,2006 Q4,2007 Q1,1986 Q4,2006 Q3,0.3003840617131104,0.9968760379280511,-0.6964919762149407,0.4851010729317936,0.6964919762149407,1,NA
AR,1,2007 Q1,2007 Q2,1987 Q1,2006 Q4,0.6098982914680917,0.6569153426264104,-0.04701705115831867,0.0022106030996239547,0.04701705115831867,0,NA
LASSO,1,2007 Q1,2007 Q2,1987 Q1,2006 Q4,0.6098982914680917,0.6569153426264105,-0.04701705115831878,0.002210603099623965,0.04701705115831878,0,0.1948258339506912
Elastic net,1,2007 Q1,2007 Q2,1987 Q1,2006 Q4,0.6098982914680917,0.6569153426264105,-0.04701705115831878,0.002210603099623965,0.04701705115831878,0,0.38965166790138245
Ridge,1,2007 Q1,2007 Q2,1987 Q1,2006 Q4,0.6098982914680917,0.5574179034477275,0.052480388020364255,0.002754191126767992,0.052480388020364255,NA,1.9482583395069206
Threshold ridge,1,2007 Q1,2007 Q2,1987 Q1,2006 Q4,0.6098982914680917,0.7054350158810889,-0.09553672441299721,0.009127265711564978,0.09553672441299721,16,1.9482583395069206
Post-threshold ridge,1,2007 Q1,2007 Q2,1987 Q1,2006 Q4,0.6098982914680917,0.6630464074481575,-0.05314811598006575,0.00282472223223052,0.05314811598006575,16,1.9482583395069206
OCMT,1,2007 Q1,2007 Q2,1987 Q1,2006 Q4,0.6098982914680917,0.9318253405196046,-0.3219270490515129,0.10363702491101522,0.3219270490515129,2,NA
BMT,1,2007 Q1,2007 Q2,1987 Q1,2006 Q4,0.6098982914680917,0.8867579544557087,-0.276859662987617,0.07665127298961685,0.276859662987617,1,NA
AR,1,2007 Q2,2007 Q3,1987 Q2,2007 Q1,0.5743731109307149,0.7248639511377956,-0.1504908402070807,0.022647492986233097,0.1504908402070807,0,NA
LASSO,1,2007 Q2,2007 Q3,1987 Q2,2007 Q1,0.5743731109307149,0.7248639511377954,-0.1504908402070806,0.022647492986233062,0.1504908402070806,1,0.19415949478829528
Elastic net,1,2007 Q2,2007 Q3,1987 Q2,2007 Q1,0.5743731109307149,0.7248639511377954,-0.1504908402070806,0.022647492986233062,0.1504908402070806,0,0.3883189895765906
Ridge,1,2007 Q2,2007 Q3,1987 Q2,2007 Q1,0.5743731109307149,0.5839991757970467,-0.009626064866331885,9.266112481082908e-5,0.009626064866331885,NA,1.9415949478829622
Threshold ridge,1,2007 Q2,2007 Q3,1987 Q2,2007 Q1,0.5743731109307149,0.6922585836419228,-0.11788547271120797,0.01389698467634496,0.11788547271120797,15,1.9415949478829622
Post-threshold ridge,1,2007 Q2,2007 Q3,1987 Q2,2007 Q1,0.5743731109307149,0.4691017794137342,0.10527133151698065,0.011082053239358043,0.10527133151698065,15,1.9415949478829622
OCMT,1,2007 Q2,2007 Q3,1987 Q2,2007 Q1,0.5743731109307149,0.42061893902885394,0.15375417190186091,0.023640345377226996,0.15375417190186091,2,NA
BMT,1,2007 Q2,2007 Q3,1987 Q2,2007 Q1,0.5743731109307149,0.5851681002010942,-0.010794989270379363,1.1653179334760556e-4,0.010794989270379363,1,NA
AR,1,2007 Q3,2007 Q4,1987 Q3,2007 Q2,0.6262715512194816,0.7141006442871183,-0.08782909306763664,0.007713949589083579,0.08782909306763664,0,NA
LASSO,1,2007 Q3,2007 Q4,1987 Q3,2007 Q2,0.6262715512194816,0.7141006442871183,-0.08782909306763664,0.007713949589083579,0.08782909306763664,1,0.19424327650130052
Elastic net,1,2007 Q3,2007 Q4,1987 Q3,2007 Q2,0.6262715512194816,0.7141006442871183,-0.08782909306763664,0.007713949589083579,0.08782909306763664,0,0.38848655300260115
Ridge,1,2007 Q3,2007 Q4,1987 Q3,2007 Q2,0.6262715512194816,0.6353539350064,-0.009082383786918391,8.248969525287806e-5,0.009082383786918391,NA,1.942432765013015
Threshold ridge,1,2007 Q3,2007 Q4,1987 Q3,2007 Q2,0.6262715512194816,0.7105830466679995,-0.0843114954485179,0.007108428264765455,0.0843114954485179,15,1.942432765013015
Post-threshold ridge,1,2007 Q3,2007 Q4,1987 Q3,2007 Q2,0.6262715512194816,0.4527944980745125,0.17347705314496914,0.030094287967862447,0.17347705314496914,15,1.942432765013015
OCMT,1,2007 Q3,2007 Q4,1987 Q3,2007 Q2,0.6262715512194816,0.48393151835911086,0.14234003286037078,0.020260684954691435,0.14234003286037078,2,NA
BMT,1,2007 Q3,2007 Q4,1987 Q3,2007 Q2,0.6262715512194816,0.5343690616153345,0.09190248960414715,0.008446067595440376,0.09190248960414715,1,NA
AR,1,2007 Q4,2008 Q1,1987 Q4,2007 Q3,-0.42767755900321447,0.714301761972539,-1.1419793209757536,1.3041167695362432,1.1419793209757536,0,NA
LASSO,1,2007 Q4,2008 Q1,1987 Q4,2007 Q3,-0.42767755900321447,0.714301761972539,-1.1419793209757536,1.3041167695362432,1.1419793209757536,0,0.1832647504016869
Elastic net,1,2007 Q4,2008 Q1,1987 Q4,2007 Q3,-0.42767755900321447,0.714301761972539,-1.1419793209757536,1.3041167695362432,1.1419793209757536,0,0.3665295008033739
Ridge,1,2007 Q4,2008 Q1,1987 Q4,2007 Q3,-0.42767755900321447,0.6253031951181016,-1.052980754121316,1.1087684685498955,1.052980754121316,NA,5.863128934767591
Threshold ridge,1,2007 Q4,2008 Q1,1987 Q4,2007 Q3,-0.42767755900321447,0.6792666946639492,-1.1069442536671636,1.225325580726754,1.1069442536671636,15,5.863128934767591
Post-threshold ridge,1,2007 Q4,2008 Q1,1987 Q4,2007 Q3,-0.42767755900321447,0.29672061365970676,-0.7243981726629212,0.5247527125573793,0.7243981726629212,15,5.863128934767591
OCMT,1,2007 Q4,2008 Q1,1987 Q4,2007 Q3,-0.42767755900321447,0.49393831234124463,-0.9216158713444591,0.8493758143140065,0.9216158713444591,1,NA
BMT,1,2007 Q4,2008 Q1,1987 Q4,2007 Q3,-0.42767755900321447,0.49393831234124463,-0.9216158713444591,0.8493758143140065,0.9216158713444591,1,NA
AR,1,2008 Q1,2008 Q2,1988 Q1,2007 Q4,0.5936625931315831,0.4272410388315812,0.16642155430000188,0.027696133735628476,0.16642155430000188,0,NA
LASSO,1,2008 Q1,2008 Q2,1988 Q1,2007 Q4,0.5936625931315831,0.448312653402871,0.14534993972871207,0.02112660497914023,0.14534993972871207,2,0.15007104801220916
Elastic net,1,2008 Q1,2008 Q2,1988 Q1,2007 Q4,0.5936625931315831,0.44848249714028,0.1451800959913031,0.021077260272043985,0.1451800959913031,3,0.2734782994398889
Ridge,1,2008 Q1,2008 Q2,1988 Q1,2007 Q4,0.5936625931315831,0.29181971460584094,0.30184287852574215,0.09110912331670594,0.30184287852574215,NA,1.983850935607614
Threshold ridge,1,2008 Q1,2008 Q2,1988 Q1,2007 Q4,0.5936625931315831,0.4230425317890086,0.17062006134257451,0.02911120533254389,0.17062006134257451,14,1.983850935607614
Post-threshold ridge,1,2008 Q1,2008 Q2,1988 Q1,2007 Q4,0.5936625931315831,-0.12887481894440567,0.7225374120759888,0.5220603118494672,0.7225374120759888,14,1.983850935607614
OCMT,1,2008 Q1,2008 Q2,1988 Q1,2007 Q4,0.5936625931315831,0.508545168841984,0.08511742428959912,0.007244975917695638,0.08511742428959912,1,NA
BMT,1,2008 Q1,2008 Q2,1988 Q1,2007 Q4,0.5936625931315831,0.508545168841984,0.08511742428959912,0.007244975917695638,0.08511742428959912,1,NA
AR,1,2008 Q2,2008 Q3,1988 Q2,2008 Q1,-0.5266423802783748,0.6883598154393776,-1.2150021957177524,1.4762303355989594,1.2150021957177524,0,NA
LASSO,1,2008 Q2,2008 Q3,1988 Q2,2008 Q1,-0.5266423802783748,0.6883598154393775,-1.2150021957177524,1.4762303355989594,1.2150021957177524,1,0.19489748437592405
Elastic net,1,2008 Q2,2008 Q3,1988 Q2,2008 Q1,-0.5266423802783748,0.9700574876656549,-1.4966998679440298,2.2401104947036763,1.4966998679440298,2,0.3236146310272385
Ridge,1,2008 Q2,2008 Q3,1988 Q2,2008 Q1,-0.5266423802783748,0.652619729112888,-1.1792621093912627,1.3906591226459306,1.1792621093912627,NA,1.9489748437592502
Threshold ridge,1,2008 Q2,2008 Q3,1988 Q2,2008 Q1,-0.5266423802783748,1.0524586512297862,-1.579101031508161,2.4935600677101384,1.579101031508161,15,1.9489748437592502
Post-threshold ridge,1,2008 Q2,2008 Q3,1988 Q2,2008 Q1,-0.5266423802783748,1.043494672457495,-1.5701370527358698,2.4653303643740836,1.5701370527358698,15,1.9489748437592502
OCMT,1,2008 Q2,2008 Q3,1988 Q2,2008 Q1,-0.5266423802783748,3.065519890362234,-3.5921622706406087,12.903629778613894,3.5921622706406087,2,NA
BMT,1,2008 Q2,2008 Q3,1988 Q2,2008 Q1,-0.5266423802783748,3.9231447511610513,-4.449787131439426,19.800605515123916,4.449787131439426,1,NA
AR,1,2008 Q3,2008 Q4,1988 Q3,2008 Q2,-2.2133412739485436,0.3680767255615691,-2.581417999510113,6.6637188881947935,2.581417999510113,0,NA
LASSO,1,2008 Q3,2008 Q4,1988 Q3,2008 Q2,-2.2133412739485436,0.36807672556156923,-2.581417999510113,6.6637188881947935,2.581417999510113,0,0.19434461560385982
Elastic net,1,2008 Q3,2008 Q4,1988 Q3,2008 Q2,-2.2133412739485436,0.36807672556156923,-2.581417999510113,6.6637188881947935,2.581417999510113,0,0.3886892312077196
Ridge,1,2008 Q3,2008 Q4,1988 Q3,2008 Q2,-2.2133412739485436,0.33920651390621515,-2.552547787854759,6.515500209282223,2.552547787854759,NA,1.943446156038607
Threshold ridge,1,2008 Q3,2008 Q4,1988 Q3,2008 Q2,-2.2133412739485436,0.5281079306464717,-2.7414492045950154,7.515543741374643,2.7414492045950154,14,1.943446156038607
Post-threshold ridge,1,2008 Q3,2008 Q4,1988 Q3,2008 Q2,-2.2133412739485436,-0.10181700116901879,-2.111524272779525,4.4585347545371015,2.111524272779525,14,1.943446156038607
OCMT,1,2008 Q3,2008 Q4,1988 Q3,2008 Q2,-2.2133412739485436,0.5488985061285085,-2.762239780077052,7.629968602640121,2.762239780077052,1,NA
BMT,1,2008 Q3,2008 Q4,1988 Q3,2008 Q2,-2.2133412739485436,0.5488985061285085,-2.762239780077052,7.629968602640121,2.762239780077052,1,NA
AR,1,2008 Q4,2009 Q1,1988 Q4,2008 Q3,-1.1413631359902254,-0.5536528918499409,-0.5877102441402845,0.3454033310674328,0.5877102441402845,0,NA
LASSO,1,2008 Q4,2009 Q1,1988 Q4,2008 Q3,-1.1413631359902254,-0.5536528918499415,-0.5877102441402839,0.34540333106743215,0.5877102441402839,0,0.20226236973680004
Elastic net,1,2008 Q4,2009 Q1,1988 Q4,2008 Q3,-1.1413631359902254,-0.5536528918499415,-0.5877102441402839,0.34540333106743215,0.5877102441402839,0,0.40452473947360007
Ridge,1,2008 Q4,2009 Q1,1988 Q4,2008 Q3,-1.1413631359902254,-2.039212682782842,0.8978495467926164,0.8061338086757067,0.8978495467926164,NA,2.02262369736801
Threshold ridge,1,2008 Q4,2009 Q1,1988 Q4,2008 Q3,-1.1413631359902254,-1.2339456681522338,0.0925825321620084,0.00857152526152932,0.0925825321620084,21,2.02262369736801
Post-threshold ridge,1,2008 Q4,2009 Q1,1988 Q4,2008 Q3,-1.1413631359902254,-4.989519699946473,3.8481565639562474,14.808308940719552,3.8481565639562474,21,2.02262369736801
OCMT,1,2008 Q4,2009 Q1,1988 Q4,2008 Q3,-1.1413631359902254,-2.0372922386928973,0.8959291027026719,0.8026889570696149,0.8959291027026719,2,NA
BMT,1,2008 Q4,2009 Q1,1988 Q4,2008 Q3,-1.1413631359902254,-0.9586773187628266,-0.18268581722739885,0.03337410781604258,0.18268581722739885,1,NA
AR,1,2009 Q1,2009 Q2,1989 Q1,2008 Q4,-0.178810721762801,-0.2105740637132053,0.03176334195040431,0.0010089098918583143,0.03176334195040431,0,NA
LASSO,1,2009 Q1,2009 Q2,1989 Q1,2008 Q4,-0.178810721762801,-0.21057406371320508,0.03176334195040409,0.0010089098918583002,0.03176334195040409,0,0.19398533191908676
Elastic net,1,2009 Q1,2009 Q2,1989 Q1,2008 Q4,-0.178810721762801,-0.21057406371320508,0.03176334195040409,0.0010089098918583002,0.03176334195040409,0,0.38797066383817347
Ridge,1,2009 Q1,2009 Q2,1989 Q1,2008 Q4,-0.178810721762801,-1.5299699818715362,1.3511592601087352,1.8256313461775848,1.3511592601087352,NA,2.1289866230495935
Threshold ridge,1,2009 Q1,2009 Q2,1989 Q1,2008 Q4,-0.178810721762801,-0.21869974765642364,0.03988902589362264,0.0015911343867420977,0.03988902589362264,17,2.1289866230495935
Post-threshold ridge,1,2009 Q1,2009 Q2,1989 Q1,2008 Q4,-0.178810721762801,-2.2454672964418676,2.0666565746790666,4.2710693976642125,2.0666565746790666,17,2.1289866230495935
OCMT,1,2009 Q1,2009 Q2,1989 Q1,2008 Q4,-0.178810721762801,-0.9368674978936422,0.7580567761308412,0.5746500758378843,0.7580567761308412,2,NA
BMT,1,2009 Q1,2009 Q2,1989 Q1,2008 Q4,-0.178810721762801,-1.0944000656140422,0.9155893438512412,0.8383038465739465,0.9155893438512412,1,NA
AR,1,2009 Q2,2009 Q3,1989 Q2,2009 Q1,0.3505771547139602,0.2439452595686859,0.10663189514527432,0.011370361062272778,0.10663189514527432,0,NA
LASSO,1,2009 Q2,2009 Q3,1989 Q2,2009 Q1,0.3505771547139602,0.24394525956868607,0.10663189514527416,0.011370361062272743,0.10663189514527416,0,0.19074344997431616
Elastic net,1,2009 Q2,2009 Q3,1989 Q2,2009 Q1,0.3505771547139602,0.24394525956868604,0.10663189514527419,0.011370361062272748,0.10663189514527419,1,0.3814868999486323
Ridge,1,2009 Q2,2009 Q3,1989 Q2,2009 Q1,0.3505771547139602,-0.6494054264631773,0.9999825811771376,0.9999651626576905,0.9999825811771376,NA,2.2975116077523894
Threshold ridge,1,2009 Q2,2009 Q3,1989 Q2,2009 Q1,0.3505771547139602,0.20464241280121304,0.1459347419127472,0.021296948897140133,0.1459347419127472,17,2.2975116077523894
Post-threshold ridge,1,2009 Q2,2009 Q3,1989 Q2,2009 Q1,0.3505771547139602,-0.6372141002664955,0.9877912549804557,0.9757315634158636,0.9877912549804557,17,2.2975116077523894
OCMT,1,2009 Q2,2009 Q3,1989 Q2,2009 Q1,0.3505771547139602,-0.07556354814294702,0.42614070285690725,0.18159589863137893,0.42614070285690725,2,NA
BMT,1,2009 Q2,2009 Q3,1989 Q2,2009 Q1,0.3505771547139602,0.3057049548451448,0.04487219986881541,0.0020135143210669175,0.04487219986881541,1,NA
AR,1,2009 Q3,2009 Q4,1989 Q3,2009 Q2,1.0751135379244658,0.49364071249699437,0.5814728254274715,0.3381106467106067,0.5814728254274715,0,NA
LASSO,1,2009 Q3,2009 Q4,1989 Q3,2009 Q2,1.0751135379244658,0.49364071249699437,0.5814728254274715,0.3381106467106067,0.5814728254274715,0,0.1903672475025026
Elastic net,1,2009 Q3,2009 Q4,1989 Q3,2009 Q2,1.0751135379244658,0.4936407124969943,0.5814728254274715,0.3381106467106067,0.5814728254274715,1,0.38073449500500506
Ridge,1,2009 Q3,2009 Q4,1989 Q3,2009 Q2,1.0751135379244658,0.11612798887449154,0.9589855490499744,0.9196532832866807,0.9589855490499744,NA,3.031184926139414
Threshold ridge,1,2009 Q3,2009 Q4,1989 Q3,2009 Q2,1.0751135379244658,0.4066395300556823,0.6684740078687835,0.4468574991961545,0.6684740078687835,18,3.031184926139414
Post-threshold ridge,1,2009 Q3,2009 Q4,1989 Q3,2009 Q2,1.0751135379244658,-0.41969204936047194,1.4948055872849377,2.2344437437782676,1.4948055872849377,18,3.031184926139414
OCMT,1,2009 Q3,2009 Q4,1989 Q3,2009 Q2,1.0751135379244658,0.8519242350182052,0.2231893029062606,0.04981346493178255,0.2231893029062606,1,NA
BMT,1,2009 Q3,2009 Q4,1989 Q3,2009 Q2,1.0751135379244658,0.8519242350182052,0.2231893029062606,0.04981346493178255,0.2231893029062606,1,NA
AR,1,2009 Q4,2010 Q1,1989 Q4,2009 Q3,0.483331022067901,0.8433914047278321,-0.3600603826599311,0.12964347916121602,0.3600603826599311,0,NA
LASSO,1,2009 Q4,2010 Q1,1989 Q4,2009 Q3,0.483331022067901,0.843391404727832,-0.360060382659931,0.12964347916121594,0.360060382659931,1,0.18414080255049753
Elastic net,1,2009 Q4,2010 Q1,1989 Q4,2009 Q3,0.483331022067901,0.843391404727832,-0.360060382659931,0.12964347916121594,0.360060382659931,0,0.36828160510099517
Ridge,1,2009 Q4,2010 Q1,1989 Q4,2009 Q3,0.483331022067901,0.8228266496738643,-0.3394956276059633,0.11525728116356691,0.3394956276059633,NA,3.371136161935085
Threshold ridge,1,2009 Q4,2010 Q1,1989 Q4,2009 Q3,0.483331022067901,0.7848920155420188,-0.3015609934741178,0.09093903278509692,0.3015609934741178,16,3.371136161935085
Post-threshold ridge,1,2009 Q4,2010 Q1,1989 Q4,2009 Q3,0.483331022067901,1.1055567172342886,-0.6222256951663876,0.3871648157252943,0.6222256951663876,16,3.371136161935085
OCMT,1,2009 Q4,2010 Q1,1989 Q4,2009 Q3,0.483331022067901,0.8462601222363297,-0.3629291001684287,0.13171753174906536,0.3629291001684287,1,NA
BMT,1,2009 Q4,2010 Q1,1989 Q4,2009 Q3,0.483331022067901,0.8462601222363297,-0.3629291001684287,0.13171753174906536,0.3629291001684287,1,NA
AR,1,2010 Q1,2010 Q2,1990 Q1,2009 Q4,0.9629349822608546,0.55602253860718,0.4069124436536746,0.16557773680020493,0.4069124436536746,0,NA
LASSO,1,2010 Q1,2010 Q2,1990 Q1,2009 Q4,0.9629349822608546,0.5560225386071801,0.4069124436536745,0.16557773680020485,0.4069124436536745,0,0.1821179008311374
Elastic net,1,2010 Q1,2010 Q2,1990 Q1,2009 Q4,0.9629349822608546,0.5560225386071801,0.4069124436536745,0.16557773680020485,0.4069124436536745,0,0.3642358016622749
Ridge,1,2010 Q1,2010 Q2,1990 Q1,2009 Q4,0.9629349822608546,0.7014532430458689,0.26148173921498574,0.06837269994289381,0.26148173921498574,NA,3.659172967077911
Threshold ridge,1,2010 Q1,2010 Q2,1990 Q1,2009 Q4,0.9629349822608546,0.7444333173023054,0.21850166495854917,0.04774297758965807,0.21850166495854917,19,3.659172967077911
Post-threshold ridge,1,2010 Q1,2010 Q2,1990 Q1,2009 Q4,0.9629349822608546,1.2559532512317901,-0.2930182689709355,0.08585970595072352,0.2930182689709355,19,3.659172967077911
OCMT,1,2010 Q1,2010 Q2,1990 Q1,2009 Q4,0.9629349822608546,0.8051333476339653,0.15780163462688934,0.02490135589091828,0.15780163462688934,1,NA
BMT,1,2010 Q1,2010 Q2,1990 Q1,2009 Q4,0.9629349822608546,0.8051333476339653,0.15780163462688934,0.02490135589091828,0.15780163462688934,1,NA
AR,1,2010 Q2,2010 Q3,1990 Q2,2010 Q1,0.7681272705003295,0.7925764935416106,-0.024449223041281165,5.977645073223138e-4,0.024449223041281165,0,NA
LASSO,1,2010 Q2,2010 Q3,1990 Q2,2010 Q1,0.7681272705003295,0.7925764935416104,-0.024449223041280943,5.97764507322303e-4,0.024449223041280943,0,0.18380914639755225
Elastic net,1,2010 Q2,2010 Q3,1990 Q2,2010 Q1,0.7681272705003295,0.7925764935416104,-0.024449223041280943,5.97764507322303e-4,0.024449223041280943,0,0.3676182927951045
Ridge,1,2010 Q2,2010 Q3,1990 Q2,2010 Q1,0.7681272705003295,0.7783318562119463,-0.010204585711616865,1.0413356954573508e-4,0.010204585711616865,NA,3.212117035108939
Threshold ridge,1,2010 Q2,2010 Q3,1990 Q2,2010 Q1,0.7681272705003295,0.82562919689969,-0.05750192639936058,0.0033064715396374815,0.05750192639936058,18,3.212117035108939
Post-threshold ridge,1,2010 Q2,2010 Q3,1990 Q2,2010 Q1,0.7681272705003295,1.1954784837214314,-0.4273512132211019,0.18262905944154773,0.4273512132211019,18,3.212117035108939
OCMT,1,2010 Q2,2010 Q3,1990 Q2,2010 Q1,0.7681272705003295,1.080976376633863,-0.31284910613353345,0.09787456320855088,0.31284910613353345,2,NA
BMT,1,2010 Q2,2010 Q3,1990 Q2,2010 Q1,0.7681272705003295,0.7479780095448485,0.020149260955480974,4.0599271705207005e-4,0.020149260955480974,1,NA
AR,1,2010 Q3,2010 Q4,1990 Q3,2010 Q2,0.523736364445071,0.7054311543456171,-0.1816947899005461,0.03301299667700359,0.1816947899005461,0,NA
LASSO,1,2010 Q3,2010 Q4,1990 Q3,2010 Q2,0.523736364445071,0.7054311543456173,-0.18169478990054633,0.03301299667700367,0.18169478990054633,0,0.1844173182172027
Elastic net,1,2010 Q3,2010 Q4,1990 Q3,2010 Q2,0.523736364445071,0.7054311543456173,-0.18169478990054633,0.03301299667700367,0.18169478990054633,1,0.3688346364344052
Ridge,1,2010 Q3,2010 Q4,1990 Q3,2010 Q2,0.523736364445071,0.6621050390870625,-0.13836867464199154,0.019145890122181312,0.13836867464199154,NA,2.1203510169271986
Threshold ridge,1,2010 Q3,2010 Q4,1990 Q3,2010 Q2,0.523736364445071,0.5939276021146251,-0.07019123766955415,0.004926809845583838,0.07019123766955415,17,2.1203510169271986
Post-threshold ridge,1,2010 Q3,2010 Q4,1990 Q3,2010 Q2,0.523736364445071,0.10809818013672187,0.4156381843083491,0.17275510025514118,0.4156381843083491,17,2.1203510169271986
OCMT,1,2010 Q3,2010 Q4,1990 Q3,2010 Q2,0.523736364445071,0.757682546418413,-0.23394618197334205,0.05473081605990407,0.23394618197334205,2,NA
BMT,1,2010 Q3,2010 Q4,1990 Q3,2010 Q2,0.523736364445071,0.7518496623407062,-0.22811329789563517,0.052035676676822795,0.22811329789563517,1,NA
AR,1,2010 Q4,2011 Q1,1990 Q4,2010 Q3,-0.23748667360496967,0.6076206809275714,-0.845107354532541,0.7142064406849901,0.845107354532541,0,NA
LASSO,1,2010 Q4,2011 Q1,1990 Q4,2010 Q3,-0.23748667360496967,0.6076206809275714,-0.845107354532541,0.7142064406849901,0.845107354532541,1,0.19199296256890225
Elastic net,1,2010 Q4,2011 Q1,1990 Q4,2010 Q3,-0.23748667360496967,0.6076206809275714,-0.845107354532541,0.7142064406849901,0.845107354532541,0,0.3839859251378046
Ridge,1,2010 Q4,2011 Q1,1990 Q4,2010 Q3,-0.23748667360496967,0.5647834857471559,-0.8022701593521255,0.6436374085868849,0.8022701593521255,NA,1.9199296256890337
Threshold ridge,1,2010 Q4,2011 Q1,1990 Q4,2010 Q3,-0.23748667360496967,0.8016269803040056,-1.0391136539089754,1.0797571857400619,1.0391136539089754,17,1.9199296256890337
Post-threshold ridge,1,2010 Q4,2011 Q1,1990 Q4,2010 Q3,-0.23748667360496967,1.1882129855015127,-1.4256996591064823,2.03261951797634,1.4256996591064823,17,1.9199296256890337
OCMT,1,2010 Q4,2011 Q1,1990 Q4,2010 Q3,-0.23748667360496967,1.1875338392743766,-1.4250205128793463,2.030683462126915,1.4250205128793463,3,NA
BMT,1,2010 Q4,2011 Q1,1990 Q4,2010 Q3,-0.23748667360496967,0.9734341720336586,-1.2109208456386282,1.4663292944021704,1.2109208456386282,1,NA
AR,1,2011 Q1,2011 Q2,1991 Q1,2010 Q4,0.6743037468666557,0.27954074008711616,0.39476300677953957,0.1558378315216228,0.39476300677953957,0,NA
LASSO,1,2011 Q1,2011 Q2,1991 Q1,2010 Q4,0.6743037468666557,0.27954074008711594,0.3947630067795398,0.15583783152162298,0.3947630067795398,0,0.19484994687998014
Elastic net,1,2011 Q1,2011 Q2,1991 Q1,2010 Q4,0.6743037468666557,0.2795407400871159,0.39476300677953985,0.15583783152162303,0.39476300677953985,1,0.3896998937599601
Ridge,1,2011 Q1,2011 Q2,1991 Q1,2010 Q4,0.6743037468666557,0.2040530168651982,0.47025073000145756,0.22113574906690375,0.47025073000145756,NA,1.948499468799812
Threshold ridge,1,2011 Q1,2011 Q2,1991 Q1,2010 Q4,0.6743037468666557,0.7031362831073116,-0.02883253624065585,8.313151460687329e-4,0.02883253624065585,16,1.948499468799812
Post-threshold ridge,1,2011 Q1,2011 Q2,1991 Q1,2010 Q4,0.6743037468666557,1.0759693763127847,-0.40166562944612894,0.16133527787835497,0.40166562944612894,16,1.948499468799812
OCMT,1,2011 Q1,2011 Q2,1991 Q1,2010 Q4,0.6743037468666557,0.6456352978405794,0.028668449026076348,8.218799695607379e-4,0.028668449026076348,2,NA
BMT,1,2011 Q1,2011 Q2,1991 Q1,2010 Q4,0.6743037468666557,0.18955221347431345,0.4847515333923423,0.23498404912622714,0.4847515333923423,1,NA
AR,1,2011 Q2,2011 Q3,1991 Q2,2011 Q1,-0.0223152255784953,0.666927330657163,-0.6892425562356583,0.4750553013262646,0.6892425562356583,0,NA
LASSO,1,2011 Q2,2011 Q3,1991 Q2,2011 Q1,-0.0223152255784953,0.666927330657163,-0.6892425562356583,0.4750553013262646,0.6892425562356583,0,0.20038463407175286
Elastic net,1,2011 Q2,2011 Q3,1991 Q2,2011 Q1,-0.0223152255784953,0.666927330657163,-0.6892425562356583,0.4750553013262646,0.6892425562356583,0,0.4007692681435058
Ridge,1,2011 Q2,2011 Q3,1991 Q2,2011 Q1,-0.0223152255784953,0.7181671611134839,-0.7404823866919792,0.5483141650010498,0.7404823866919792,NA,2.0038463407175393
Threshold ridge,1,2011 Q2,2011 Q3,1991 Q2,2011 Q1,-0.0223152255784953,0.6989387927403823,-0.7212540183188776,0.5202073589411278,0.7212540183188776,15,2.0038463407175393
Post-threshold ridge,1,2011 Q2,2011 Q3,1991 Q2,2011 Q1,-0.0223152255784953,0.8412769285029065,-0.8635921540814018,0.7457914085909556,0.8635921540814018,15,2.0038463407175393
OCMT,1,2011 Q2,2011 Q3,1991 Q2,2011 Q1,-0.0223152255784953,0.7291130128845624,-0.7514282384630577,0.564644397559694,0.7514282384630577,3,NA
BMT,1,2011 Q2,2011 Q3,1991 Q2,2011 Q1,-0.0223152255784953,0.5938508942654627,-0.616166119843958,0.3796606872435588,0.616166119843958,1,NA
AR,1,2011 Q3,2011 Q4,1991 Q3,2011 Q2,1.1167896811464573,0.35565271770210366,0.7611369634443537,0.5793294771212913,0.7611369634443537,0,NA
LASSO,1,2011 Q3,2011 Q4,1991 Q3,2011 Q2,1.1167896811464573,0.3556527177021039,0.7611369634443534,0.579329477121291,0.7611369634443534,1,0.2066120133022976
Elastic net,1,2011 Q3,2011 Q4,1991 Q3,2011 Q2,1.1167896811464573,0.35565271770210377,0.7611369634443534,0.579329477121291,0.7611369634443534,1,0.4132240266045952
Ridge,1,2011 Q3,2011 Q4,1991 Q3,2011 Q2,1.1167896811464573,0.5667603603597691,0.5500293207866882,0.30253225372506554,0.5500293207866882,NA,4.556065017661554
Threshold ridge,1,2011 Q3,2011 Q4,1991 Q3,2011 Q2,1.1167896811464573,0.6096516924272612,0.507137988719196,0.2571889396021514,0.507137988719196,16,4.556065017661554
Post-threshold ridge,1,2011 Q3,2011 Q4,1991 Q3,2011 Q2,1.1167896811464573,1.2455236445156026,-0.12873396336914533,0.016572433324728453,0.12873396336914533,16,4.556065017661554
OCMT,1,2011 Q3,2011 Q4,1991 Q3,2011 Q2,1.1167896811464573,0.7483692432493003,0.36842043789715695,0.13573361906033288,0.36842043789715695,2,NA
BMT,1,2011 Q3,2011 Q4,1991 Q3,2011 Q2,1.1167896811464573,0.7257223799995174,0.3910673011469399,0.15293363402635138,0.3910673011469399,1,NA
AR,1,2011 Q4,2012 Q1,1991 Q4,2011 Q3,0.8350941818790147,0.8592791060814088,-0.024184924202394043,5.849105586755451e-4,0.024184924202394043,0,NA
LASSO,1,2011 Q4,2012 Q1,1991 Q4,2011 Q3,0.8350941818790147,0.8592791060814087,-0.02418492420239393,5.849105586755398e-4,0.02418492420239393,0,0.21686039665459808
Elastic net,1,2011 Q4,2012 Q1,1991 Q4,2011 Q3,0.8350941818790147,0.8592791060814087,-0.02418492420239393,5.849105586755398e-4,0.02418492420239393,0,0.4337207933091962
Ridge,1,2011 Q4,2012 Q1,1991 Q4,2011 Q3,0.8350941818790147,0.8298175391779571,0.005276642701057654,2.784295819462502e-5,0.005276642701057654,NA,12.701558578180107
Threshold ridge,1,2011 Q4,2012 Q1,1991 Q4,2011 Q3,0.8350941818790147,0.8207166192915744,0.014377562587440385,2.0671430595576546e-4,0.014377562587440385,18,12.701558578180107
Post-threshold ridge,1,2011 Q4,2012 Q1,1991 Q4,2011 Q3,0.8350941818790147,0.7501132540156229,0.08498092786339184,0.007221758100523008,0.08498092786339184,18,12.701558578180107
OCMT,1,2011 Q4,2012 Q1,1991 Q4,2011 Q3,0.8350941818790147,0.6874927417085925,0.1476014401704222,0.021786185140382726,0.1476014401704222,3,NA
BMT,1,2011 Q4,2012 Q1,1991 Q4,2011 Q3,0.8350941818790147,0.6072689196617831,0.22782526221723165,0.05190435010435036,0.22782526221723165,1,NA
AR,1,2012 Q1,2012 Q2,1992 Q1,2011 Q4,0.4453416266322563,0.7333096970885221,-0.2879680704562658,0.08292560960230488,0.2879680704562658,0,NA
LASSO,1,2012 Q1,2012 Q2,1992 Q1,2011 Q4,0.4453416266322563,0.7333096970885219,-0.2879680704562656,0.08292560960230475,0.2879680704562656,1,0.22124903769628515
Elastic net,1,2012 Q1,2012 Q2,1992 Q1,2011 Q4,0.4453416266322563,0.733309697088522,-0.2879680704562657,0.08292560960230481,0.2879680704562657,0,0.44249807539257036
Ridge,1,2012 Q1,2012 Q2,1992 Q1,2011 Q4,0.4453416266322563,0.6845057759654748,-0.2391641493332185,0.05719949032628204,0.2391641493332185,NA,2.2124903769628648
Threshold ridge,1,2012 Q1,2012 Q2,1992 Q1,2011 Q4,0.4453416266322563,0.7094262647560681,-0.2640846381238118,0.06974069609298462,0.2640846381238118,16,2.2124903769628648
Post-threshold ridge,1,2012 Q1,2012 Q2,1992 Q1,2011 Q4,0.4453416266322563,0.7864531237435047,-0.34111149711124844,0.11635705346147725,0.34111149711124844,16,2.2124903769628648
OCMT,1,2012 Q1,2012 Q2,1992 Q1,2011 Q4,0.4453416266322563,0.5939355299392026,-0.14859390330694633,0.022080148099994115,0.14859390330694633,3,NA
BMT,1,2012 Q1,2012 Q2,1992 Q1,2011 Q4,0.4453416266322563,0.7171143938746449,-0.27177276724238864,0.07386043701458556,0.27177276724238864,1,NA
AR,1,2012 Q2,2012 Q3,1992 Q2,2012 Q1,0.14392437648620415,0.5619163455170932,-0.4179919690308891,0.17471728617431975,0.4179919690308891,0,NA
LASSO,1,2012 Q2,2012 Q3,1992 Q2,2012 Q1,0.14392437648620415,0.5619163455170932,-0.4179919690308891,0.17471728617431975,0.4179919690308891,1,0.2214078278624357
Elastic net,1,2012 Q2,2012 Q3,1992 Q2,2012 Q1,0.14392437648620415,0.5619163455170932,-0.4179919690308891,0.17471728617431975,0.4179919690308891,1,0.4428156557248714
Ridge,1,2012 Q2,2012 Q3,1992 Q2,2012 Q1,0.14392437648620415,0.44033126723039817,-0.296406890744194,0.08785704488064057,0.296406890744194,NA,2.2140782786243673
Threshold ridge,1,2012 Q2,2012 Q3,1992 Q2,2012 Q1,0.14392437648620415,0.6113254018793395,-0.4674010253931353,0.21846371853855434,0.4674010253931353,16,2.2140782786243673
Post-threshold ridge,1,2012 Q2,2012 Q3,1992 Q2,2012 Q1,0.14392437648620415,0.5910531905405585,-0.44712881405435434,0.1999241763576534,0.44712881405435434,16,2.2140782786243673
OCMT,1,2012 Q2,2012 Q3,1992 Q2,2012 Q1,0.14392437648620415,0.6155574521347992,-0.471633075648595,0.22243775804575336,0.471633075648595,3,NA
BMT,1,2012 Q2,2012 Q3,1992 Q2,2012 Q1,0.14392437648620415,0.5957645323388715,-0.45184015585266735,0.20415952644096272,0.45184015585266735,1,NA
AR,1,2012 Q3,2012 Q4,1992 Q3,2012 Q2,0.11557374157504796,0.4271815670485961,-0.31160782547354815,0.09709943689635324,0.31160782547354815,0,NA
LASSO,1,2012 Q3,2012 Q4,1992 Q3,2012 Q2,0.11557374157504796,0.4271815670485963,-0.3116078254735483,0.09709943689635335,0.3116078254735483,0,0.22130614941931356
Elastic net,1,2012 Q3,2012 Q4,1992 Q3,2012 Q2,0.11557374157504796,0.4271815670485963,-0.3116078254735483,0.09709943689635335,0.3116078254735483,0,0.4426122988386271
Ridge,1,2012 Q3,2012 Q4,1992 Q3,2012 Q2,0.11557374157504796,0.42218627239035506,-0.3066125308153071,0.09401124405296764,0.3066125308153071,NA,2.2130614941931475
Threshold ridge,1,2012 Q3,2012 Q4,1992 Q3,2012 Q2,0.11557374157504796,0.5830408483496521,-0.4674671067746041,0.21852549591621914,0.4674671067746041,17,2.2130614941931475
Post-threshold ridge,1,2012 Q3,2012 Q4,1992 Q3,2012 Q2,0.11557374157504796,0.555316073994204,-0.43974233241915606,0.19337331892143955,0.43974233241915606,17,2.2130614941931475
OCMT,1,2012 Q3,2012 Q4,1992 Q3,2012 Q2,0.11557374157504796,0.4111109507132258,-0.2955372091381778,0.08734224198518306,0.2955372091381778,3,NA
BMT,1,2012 Q3,2012 Q4,1992 Q3,2012 Q2,0.11557374157504796,0.20058483236051144,-0.08501109078546348,0.007226885556534314,0.08501109078546348,1,NA
AR,1,2012 Q4,2013 Q1,1992 Q4,2012 Q3,0.9817259265515688,0.4069687542279763,0.5747571723235925,0.3303458071374118,0.5747571723235925,0,NA
LASSO,1,2012 Q4,2013 Q1,1992 Q4,2012 Q3,0.9817259265515688,0.4069687542279763,0.5747571723235925,0.3303458071374118,0.5747571723235925,0,0.23028480691336534
Elastic net,1,2012 Q4,2013 Q1,1992 Q4,2012 Q3,0.9817259265515688,0.4069687542279763,0.5747571723235925,0.3303458071374118,0.5747571723235925,0,0.46056961382673073
Ridge,1,2012 Q4,2013 Q1,1992 Q4,2012 Q3,0.9817259265515688,0.5258889242219075,0.4558370023296613,0.20778737269289163,0.4558370023296613,NA,5.573187701637543
Threshold ridge,1,2012 Q4,2013 Q1,1992 Q4,2012 Q3,0.9817259265515688,0.5607122291288417,0.4210136974227271,0.1772525334175556,0.4210136974227271,15,5.573187701637543
Post-threshold ridge,1,2012 Q4,2013 Q1,1992 Q4,2012 Q3,0.9817259265515688,0.9941307956312061,-0.012404869079637337,1.5388077688294248e-4,0.012404869079637337,15,5.573187701637543
OCMT,1,2012 Q4,2013 Q1,1992 Q4,2012 Q3,0.9817259265515688,0.8209907973977647,0.16073512915380406,0.02583578174409007,0.16073512915380406,3,NA
BMT,1,2012 Q4,2013 Q1,1992 Q4,2012 Q3,0.9817259265515688,0.6029002426791918,0.3788256838723769,0.14350889876137404,0.3788256838723769,1,NA
AR,1,2013 Q1,2013 Q2,1993 Q1,2012 Q4,0.26727882651371715,0.7897138607589269,-0.5224350342452098,0.27293836500679347,0.5224350342452098,0,NA
LASSO,1,2013 Q1,2013 Q2,1993 Q1,2012 Q4,0.26727882651371715,0.7897138607589269,-0.5224350342452098,0.27293836500679347,0.5224350342452098,1,0.23335010876006554
Elastic net,1,2013 Q1,2013 Q2,1993 Q1,2012 Q4,0.26727882651371715,0.7897138607589269,-0.5224350342452098,0.27293836500679347,0.5224350342452098,1,0.4667002175201311
Ridge,1,2013 Q1,2013 Q2,1993 Q1,2012 Q4,0.26727882651371715,0.44308684238160506,-0.1758080158678879,0.03090845844340353,0.1758080158678879,NA,2.333501087600669
Threshold ridge,1,2013 Q1,2013 Q2,1993 Q1,2012 Q4,0.26727882651371715,0.48183352396757084,-0.2145546974538537,0.04603371819951469,0.2145546974538537,17,2.333501087600669
Post-threshold ridge,1,2013 Q1,2013 Q2,1993 Q1,2012 Q4,0.26727882651371715,-0.04987332107315658,0.3171521475868737,0.10058548471896613,0.3171521475868737,17,2.333501087600669
OCMT,1,2013 Q1,2013 Q2,1993 Q1,2012 Q4,0.26727882651371715,0.7876354173616393,-0.5203565908479222,0.2707709816388719,0.5203565908479222,3,NA
BMT,1,2013 Q1,2013 Q2,1993 Q1,2012 Q4,0.26727882651371715,0.8043584116540539,-0.5370795851403367,0.2884544807745162,0.5370795851403367,1,NA
AR,1,2013 Q2,2013 Q3,1993 Q2,2013 Q1,0.8477896552497199,0.4800836632069644,0.36770599204275556,0.13520769658414702,0.36770599204275556,0,NA
LASSO,1,2013 Q2,2013 Q3,1993 Q2,2013 Q1,0.8477896552497199,0.4800836632069644,0.36770599204275556,0.13520769658414702,0.36770599204275556,0,0.2317764117889912
Elastic net,1,2013 Q2,2013 Q3,1993 Q2,2013 Q1,0.8477896552497199,0.4800836632069644,0.36770599204275556,0.13520769658414702,0.36770599204275556,0,0.4635528235779823
Ridge,1,2013 Q2,2013 Q3,1993 Q2,2013 Q1,0.8477896552497199,0.6128922192940618,0.23489743595565815,0.05517680541854252,0.23489743595565815,NA,2.317764117889923
Threshold ridge,1,2013 Q2,2013 Q3,1993 Q2,2013 Q1,0.8477896552497199,0.6689681406663986,0.1788215145833213,0.03197713407787299,0.1788215145833213,16,2.317764117889923
Post-threshold ridge,1,2013 Q2,2013 Q3,1993 Q2,2013 Q1,0.8477896552497199,0.8305420675339235,0.017247587715796486,2.9747928201409384e-4,0.017247587715796486,16,2.317764117889923
OCMT,1,2013 Q2,2013 Q3,1993 Q2,2013 Q1,0.8477896552497199,0.6555044251873868,0.1922852300623331,0.03697360970012437,0.1922852300623331,3,NA
BMT,1,2013 Q2,2013 Q3,1993 Q2,2013 Q1,0.8477896552497199,0.4791283671629297,0.3686612880867902,0.13591114533381132,0.3686612880867902,1,NA
AR,1,2013 Q3,2013 Q4,1993 Q3,2013 Q2,0.8679640238263175,0.7293240656373831,0.1386399581889345,0.019221038006629502,0.1386399581889345,0,NA
LASSO,1,2013 Q3,2013 Q4,1993 Q3,2013 Q2,0.8679640238263175,0.7293240656373832,0.13863995818893438,0.01922103800662947,0.13863995818893438,0,0.23152313073927933
Elastic net,1,2013 Q3,2013 Q4,1993 Q3,2013 Q2,0.8679640238263175,0.7293240656373832,0.13863995818893438,0.01922103800662947,0.13863995818893438,0,0.46304626147855865
Ridge,1,2013 Q3,2013 Q4,1993 Q3,2013 Q2,0.8679640238263175,0.580156781966536,0.28780724185978157,0.08283300846693481,0.28780724185978157,NA,2.3152313073928052
Threshold ridge,1,2013 Q3,2013 Q4,1993 Q3,2013 Q2,0.8679640238263175,0.7015764954485184,0.16638752837779913,0.02768480959967291,0.16638752837779913,16,2.3152313073928052
Post-threshold ridge,1,2013 Q3,2013 Q4,1993 Q3,2013 Q2,0.8679640238263175,0.7264677431681973,0.14149628065812025,0.020021197440081535,0.14149628065812025,16,2.3152313073928052
OCMT,1,2013 Q3,2013 Q4,1993 Q3,2013 Q2,0.8679640238263175,0.8780188726265961,-0.010054848800278515,1.010999843964623e-4,0.010054848800278515,3,NA
BMT,1,2013 Q3,2013 Q4,1993 Q3,2013 Q2,0.8679640238263175,0.8396045474595288,0.028359476366788705,8.042598997984471e-4,0.028359476366788705,1,NA
AR,1,2013 Q4,2014 Q1,1993 Q4,2013 Q3,-0.34569281496601434,0.7308597424533227,-1.076552557419337,1.158965408886115,1.076552557419337,0,NA
LASSO,1,2013 Q4,2014 Q1,1993 Q4,2013 Q3,-0.34569281496601434,0.7308597424533229,-1.0765525574193373,1.1589654088861157,1.0765525574193373,1,0.23755653159523651
Elastic net,1,2013 Q4,2014 Q1,1993 Q4,2013 Q3,-0.34569281496601434,0.7308597424533229,-1.0765525574193373,1.1589654088861157,1.0765525574193373,0,0.4751130631904731
Ridge,1,2013 Q4,2014 Q1,1993 Q4,2013 Q3,-0.34569281496601434,0.5121315158810744,-0.8578243308470888,0.7358625825932555,0.8578243308470888,NA,2.3755653159523784
Threshold ridge,1,2013 Q4,2014 Q1,1993 Q4,2013 Q3,-0.34569281496601434,0.5984527934913848,-0.9441456084573991,0.8914109299693924,0.9441456084573991,16,2.3755653159523784
Post-threshold ridge,1,2013 Q4,2014 Q1,1993 Q4,2013 Q3,-0.34569281496601434,0.6036270370124929,-0.9493198519785072,0.9012081813604949,0.9493198519785072,16,2.3755653159523784
OCMT,1,2013 Q4,2014 Q1,1993 Q4,2013 Q3,-0.34569281496601434,0.5927756069506777,-0.938468421916692,0.8807229789348062,0.938468421916692,3,NA
BMT,1,2013 Q4,2014 Q1,1993 Q4,2013 Q3,-0.34569281496601434,0.6394752449969175,-0.9851680599629319,0.970556106371127,0.9851680599629319,1,NA
AR,1,2014 Q1,2014 Q2,1994 Q1,2013 Q4,1.283569022914932,0.21512370614864024,1.0684453167662917,1.1415753949198215,1.0684453167662917,0,NA
LASSO,1,2014 Q1,2014 Q2,1994 Q1,2013 Q4,1.283569022914932,0.21512370614864057,1.0684453167662913,1.1415753949198206,1.0684453167662913,0,0.2414432936270199
Elastic net,1,2014 Q1,2014 Q2,1994 Q1,2013 Q4,1.283569022914932,0.2151237061486406,1.0684453167662913,1.1415753949198206,1.0684453167662913,1,0.4828865872540397
Ridge,1,2014 Q1,2014 Q2,1994 Q1,2013 Q4,1.283569022914932,0.6617636881099569,0.621805334804975,0.3866418743919271,0.621805334804975,NA,2.4144329362702117
Threshold ridge,1,2014 Q1,2014 Q2,1994 Q1,2013 Q4,1.283569022914932,0.723550357647613,0.5600186652673189,0.31362090544778937,0.5600186652673189,18,2.4144329362702117
Post-threshold ridge,1,2014 Q1,2014 Q2,1994 Q1,2013 Q4,1.283569022914932,1.2542679123872549,0.029301110527677032,8.585550781551458e-4,0.029301110527677032,18,2.4144329362702117
OCMT,1,2014 Q1,2014 Q2,1994 Q1,2013 Q4,1.283569022914932,1.1954947973319063,0.08807422558302558,0.007757069212049677,0.08807422558302558,3,NA
BMT,1,2014 Q1,2014 Q2,1994 Q1,2013 Q4,1.283569022914932,0.7743945339276193,0.5091744889873127,0.259258660235491,0.5091744889873127,1,NA
AR,1,2014 Q2,2014 Q3,1994 Q2,2014 Q1,1.2080648325781596,0.8665801380616445,0.3414846945165151,0.11661179658903763,0.3414846945165151,0,NA
LASSO,1,2014 Q2,2014 Q3,1994 Q2,2014 Q1,1.2080648325781596,0.8665801380616447,0.34148469451651486,0.11661179658903748,0.34148469451651486,0,0.26624081456255866
Elastic net,1,2014 Q2,2014 Q3,1994 Q2,2014 Q1,1.2080648325781596,0.8399049926307398,0.36815983994741974,0.13554166775010973,0.36815983994741974,3,0.3670189322251631
Ridge,1,2014 Q2,2014 Q3,1994 Q2,2014 Q1,1.2080648325781596,0.6773195625020252,0.5307452700761344,0.2816905417081888,0.5307452700761344,NA,2.6624081456256
Threshold ridge,1,2014 Q2,2014 Q3,1994 Q2,2014 Q1,1.2080648325781596,0.6646252717076166,0.5434395608705429,0.2953265563191685,0.5434395608705429,17,2.6624081456256
Post-threshold ridge,1,2014 Q2,2014 Q3,1994 Q2,2014 Q1,1.2080648325781596,0.6220298196492976,0.586035012928862,0.3434370363785314,0.586035012928862,17,2.6624081456256
OCMT,1,2014 Q2,2014 Q3,1994 Q2,2014 Q1,1.2080648325781596,0.767749153227141,0.44031567935101856,0.193877897482349,0.44031567935101856,3,NA
BMT,1,2014 Q2,2014 Q3,1994 Q2,2014 Q1,1.2080648325781596,0.7302074103612295,0.47785742221693006,0.22834771596780937,0.47785742221693006,1,NA
AR,1,2014 Q3,2014 Q4,1994 Q3,2014 Q2,0.5044586015433339,0.8547804185543187,-0.35032181701098486,0.12272537547387796,0.35032181701098486,0,NA
LASSO,1,2014 Q3,2014 Q4,1994 Q3,2014 Q2,0.5044586015433339,0.7591374874525316,-0.25467888590919774,0.06486133492795015,0.25467888590919774,1,0.20894278400369765
Elastic net,1,2014 Q3,2014 Q4,1994 Q3,2014 Q2,0.5044586015433339,0.7301189614030047,-0.2256603598596708,0.05092259801199613,0.2256603598596708,3,0.34693594002854866
Ridge,1,2014 Q3,2014 Q4,1994 Q3,2014 Q2,0.5044586015433339,0.5715209884768259,-0.06706238693349198,0.0044973637412173955,0.06706238693349198,NA,2.63655890162044
Threshold ridge,1,2014 Q3,2014 Q4,1994 Q3,2014 Q2,0.5044586015433339,0.6229510583780283,-0.11849245683469445,0.014040462326721927,0.11849245683469445,17,2.63655890162044
Post-threshold ridge,1,2014 Q3,2014 Q4,1994 Q3,2014 Q2,0.5044586015433339,0.34572488128823714,0.15873372025509674,0.02519639394602331,0.15873372025509674,17,2.63655890162044
OCMT,1,2014 Q3,2014 Q4,1994 Q3,2014 Q2,0.5044586015433339,0.5085887939629943,-0.0041301924196603945,1.7058489423420186e-5,0.0041301924196603945,3,NA
BMT,1,2014 Q3,2014 Q4,1994 Q3,2014 Q2,0.5044586015433339,0.39377051164149146,0.11068808990184242,0.012251853246118351,0.11068808990184242,1,NA
AR,1,2014 Q4,2015 Q1,1994 Q4,2014 Q3,0.8964547876924911,0.5718802199837122,0.3245745677087789,0.1053486500033407,0.3245745677087789,0,NA
LASSO,1,2014 Q4,2015 Q1,1994 Q4,2014 Q3,0.8964547876924911,0.6247072025520565,0.2717475851404346,0.07384675002965777,0.2717475851404346,3,0.16589346778496675
Elastic net,1,2014 Q4,2015 Q1,1994 Q4,2014 Q3,0.8964547876924911,0.6102535685301388,0.2862012191623523,0.08191113785001682,0.2862012191623523,5,0.3317869355699335
Ridge,1,2014 Q4,2015 Q1,1994 Q4,2014 Q3,0.8964547876924911,0.4856202082704592,0.4108345794220319,0.16878505164887783,0.4108345794220319,NA,2.641493142816885
Threshold ridge,1,2014 Q4,2015 Q1,1994 Q4,2014 Q3,0.8964547876924911,0.6199490934799767,0.27650569421251436,0.0764553989319445,0.27650569421251436,18,2.641493142816885
Post-threshold ridge,1,2014 Q4,2015 Q1,1994 Q4,2014 Q3,0.8964547876924911,0.6257001605319388,0.2707546271605523,0.0733080681288497,0.2707546271605523,18,2.641493142816885
OCMT,1,2014 Q4,2015 Q1,1994 Q4,2014 Q3,0.8964547876924911,0.7275514462712,0.16890334142129104,0.02852833874327721,0.16890334142129104,4,NA
BMT,1,2014 Q4,2015 Q1,1994 Q4,2014 Q3,0.8964547876924911,0.8100475635572632,0.08640722413522794,0.0074662083827555185,0.08640722413522794,1,NA
AR,1,2015 Q1,2015 Q2,1995 Q1,2014 Q4,0.6174946582536478,0.7331347347123862,-0.11564007645873842,0.013372627283382867,0.11564007645873842,0,NA
LASSO,1,2015 Q1,2015 Q2,1995 Q1,2014 Q4,0.6174946582536478,0.4954932327890324,0.1220014254646154,0.014884347815398106,0.1220014254646154,6,0.14675193791769933
Elastic net,1,2015 Q1,2015 Q2,1995 Q1,2014 Q4,0.6174946582536478,0.5433945922166784,0.07410006603696939,0.005490819786683225,0.07410006603696939,7,0.28016367170294637
Ridge,1,2015 Q1,2015 Q2,1995 Q1,2014 Q4,0.6174946582536478,0.7571479584928794,-0.13965330023923161,0.01950304426770897,0.13965330023923161,NA,2.6866439045346278
Threshold ridge,1,2015 Q1,2015 Q2,1995 Q1,2014 Q4,0.6174946582536478,0.7048917385579105,-0.08739708030426274,0.00763824964570975,0.08739708030426274,16,2.6866439045346278
Post-threshold ridge,1,2015 Q1,2015 Q2,1995 Q1,2014 Q4,0.6174946582536478,0.5827392218299176,0.034755436423730246,0.001207940361003955,0.034755436423730246,16,2.6866439045346278
OCMT,1,2015 Q1,2015 Q2,1995 Q1,2014 Q4,0.6174946582536478,0.23884670156295829,0.3786479566906895,0.1433742751060343,0.3786479566906895,4,NA
BMT,1,2015 Q1,2015 Q2,1995 Q1,2014 Q4,0.6174946582536478,0.10045508811434667,0.5170395701393011,0.2673299170898333,0.5170395701393011,1,NA
AR,1,2015 Q2,2015 Q3,1995 Q2,2015 Q1,0.3994462115690211,0.6262341168649214,-0.22678790529590026,0.05143275398850222,0.22678790529590026,0,NA
LASSO,1,2015 Q2,2015 Q3,1995 Q2,2015 Q1,0.3994462115690211,0.45208159476325804,-0.05263538319423694,0.0027704835640041604,0.05263538319423694,6,0.15261061678645882
Elastic net,1,2015 Q2,2015 Q3,1995 Q2,2015 Q1,0.3994462115690211,0.4943054211057498,-0.09485920953672872,0.008998269633933005,0.09485920953672872,7,0.30522123357291764
Ridge,1,2015 Q2,2015 Q3,1995 Q2,2015 Q1,0.3994462115690211,0.4173521869965075,-0.017905975427486398,3.206239560097467e-4,0.017905975427486398,NA,2.666913869770274
Threshold ridge,1,2015 Q2,2015 Q3,1995 Q2,2015 Q1,0.3994462115690211,0.5114135423580963,-0.11196733078907523,0.012536683164030194,0.11196733078907523,18,2.666913869770274
Post-threshold ridge,1,2015 Q2,2015 Q3,1995 Q2,2015 Q1,0.3994462115690211,0.165876986724229,0.23356922484479212,0.05455458279459705,0.23356922484479212,18,2.666913869770274
OCMT,1,2015 Q2,2015 Q3,1995 Q2,2015 Q1,0.3994462115690211,0.2921606057831646,0.1072856057858565,0.011510201208838205,0.1072856057858565,3,NA
BMT,1,2015 Q2,2015 Q3,1995 Q2,2015 Q1,0.3994462115690211,0.21486355622801834,0.18458265534100277,0.034070756652735415,0.18458265534100277,1,NA
AR,1,2015 Q3,2015 Q4,1995 Q3,2015 Q2,0.18430917271050615,0.5342461517980049,-0.34993697908749877,0.12245588933288455,0.34993697908749877,0,NA
LASSO,1,2015 Q3,2015 Q4,1995 Q3,2015 Q2,0.18430917271050615,0.46973414926210627,-0.28542497655160015,0.08146741723948149,0.28542497655160015,3,0.17446097500546573
Elastic net,1,2015 Q3,2015 Q4,1995 Q3,2015 Q2,0.18430917271050615,0.4873081871604774,-0.30299901444997124,0.09180840275765388,0.30299901444997124,5,0.3330629088783722
Ridge,1,2015 Q3,2015 Q4,1995 Q3,2015 Q2,0.18430917271050615,0.4250060020744109,-0.24069682936390477,0.05793496366583669,0.24069682936390477,NA,2.6516516945358335
Threshold ridge,1,2015 Q3,2015 Q4,1995 Q3,2015 Q2,0.18430917271050615,0.5534391147384609,-0.3691299420279547,0.13625691410156118,0.3691299420279547,18,2.6516516945358335
Post-threshold ridge,1,2015 Q3,2015 Q4,1995 Q3,2015 Q2,0.18430917271050615,0.2714636466363452,-0.08715447392583905,0.007595902325289759,0.08715447392583905,18,2.6516516945358335
OCMT,1,2015 Q3,2015 Q4,1995 Q3,2015 Q2,0.18430917271050615,0.4143304229752491,-0.23002125026474293,0.0529097755733555,0.23002125026474293,3,NA
BMT,1,2015 Q3,2015 Q4,1995 Q3,2015 Q2,0.18430917271050615,0.3410436888305545,-0.15673451612004838,0.024565708543385707,0.15673451612004838,1,NA
AR,1,2015 Q4,2016 Q1,1995 Q4,2015 Q3,0.5778466518471248,0.44541655145168496,0.13243010039543984,0.017537731490746274,0.13243010039543984,0,NA
LASSO,1,2015 Q4,2016 Q1,1995 Q4,2015 Q3,0.5778466518471248,0.3095465975845936,0.26830005426253123,0.0719849191172772,0.26830005426253123,3,0.17937858616848576
Elastic net,1,2015 Q4,2016 Q1,1995 Q4,2015 Q3,0.5778466518471248,0.36103504949183934,0.21681160235528546,0.04700727091586642,0.21681160235528546,3,0.3937355537516058
Ridge,1,2015 Q4,2016 Q1,1995 Q4,2015 Q3,0.5778466518471248,0.5933035538490111,-0.015456902001886319,2.389158194959173e-4,0.015456902001886319,NA,2.726395011619106
Threshold ridge,1,2015 Q4,2016 Q1,1995 Q4,2015 Q3,0.5778466518471248,0.6582240968075871,-0.08037744496046229,0.006460533658372144,0.08037744496046229,18,2.726395011619106
Post-threshold ridge,1,2015 Q4,2016 Q1,1995 Q4,2015 Q3,0.5778466518471248,1.130260770012983,-0.5524141181658582,0.3051613579489627,0.5524141181658582,18,2.726395011619106
OCMT,1,2015 Q4,2016 Q1,1995 Q4,2015 Q3,0.5778466518471248,0.19911791976916432,0.3787287320779605,0.14343545250137957,0.3787287320779605,3,NA
BMT,1,2015 Q4,2016 Q1,1995 Q4,2015 Q3,0.5778466518471248,-0.024479698266945404,0.6023263501140702,0.36279703204173747,0.6023263501140702,1,NA
AR,1,2016 Q1,2016 Q2,1996 Q1,2015 Q4,0.32060956626729364,0.599917452510098,-0.27930788624280434,0.07801289531742332,0.27930788624280434,0,NA
LASSO,1,2016 Q1,2016 Q2,1996 Q1,2015 Q4,0.32060956626729364,0.361909031604159,-0.04129946533686535,0.0017056458371109424,0.04129946533686535,4,0.15951928090035786
Elastic net,1,2016 Q1,2016 Q2,1996 Q1,2015 Q4,0.32060956626729364,0.4287479212671461,-0.10813835499985247,0.011693903822074117,0.10813835499985247,5,0.3342298230897888
Ridge,1,2016 Q1,2016 Q2,1996 Q1,2015 Q4,0.32060956626729364,0.5670542287779716,-0.24644466251067798,0.06073497168000197,0.24644466251067798,NA,2.660941981636553
Threshold ridge,1,2016 Q1,2016 Q2,1996 Q1,2015 Q4,0.32060956626729364,0.5464569416735894,-0.22584737540629574,0.05100703697791228,0.22584737540629574,17,2.660941981636553
Post-threshold ridge,1,2016 Q1,2016 Q2,1996 Q1,2015 Q4,0.32060956626729364,0.2974086846402436,0.02320088162705003,5.382809082723877e-4,0.02320088162705003,17,2.660941981636553
OCMT,1,2016 Q1,2016 Q2,1996 Q1,2015 Q4,0.32060956626729364,0.2323687072998089,0.08824085896748474,0.007786449191319531,0.08824085896748474,3,NA
BMT,1,2016 Q1,2016 Q2,1996 Q1,2015 Q4,0.32060956626729364,-0.04768521036484227,0.36829477663213595,0.13564104249451492,0.36829477663213595,2,NA
AR,1,2016 Q2,2016 Q3,1996 Q2,2016 Q1,0.7068859191104337,0.48492681866685394,0.2219591004435798,0.04926584226972315,0.2219591004435798,0,NA
LASSO,1,2016 Q2,2016 Q3,1996 Q2,2016 Q1,0.7068859191104337,0.48492681866685416,0.22195910044357958,0.04926584226972305,0.22195910044357958,1,0.2502910354510571
Elastic net,1,2016 Q2,2016 Q3,1996 Q2,2016 Q1,0.7068859191104337,0.48492681866685416,0.22195910044357958,0.04926584226972305,0.22195910044357958,1,0.5005820709021142
Ridge,1,2016 Q2,2016 Q3,1996 Q2,2016 Q1,0.7068859191104337,0.6243449944470493,0.08254092466338447,0.006813004244286511,0.08254092466338447,NA,2.502910354510586
Threshold ridge,1,2016 Q2,2016 Q3,1996 Q2,2016 Q1,0.7068859191104337,0.6067888101950794,0.1000971089153544,0.01001943121321232,0.1000971089153544,16,2.502910354510586
Post-threshold ridge,1,2016 Q2,2016 Q3,1996 Q2,2016 Q1,0.7068859191104337,0.579843332235807,0.12704258687462677,0.01613981887979709,0.12704258687462677,16,2.502910354510586
OCMT,1,2016 Q2,2016 Q3,1996 Q2,2016 Q1,0.7068859191104337,0.5639799261356063,0.14290599297482742,0.020422122828121423,0.14290599297482742,4,NA
BMT,1,2016 Q2,2016 Q3,1996 Q2,2016 Q1,0.7068859191104337,0.2932596726377653,0.41362624647266844,0.17108667177106865,0.41362624647266844,2,NA
AR,1,2016 Q3,2016 Q4,1996 Q3,2016 Q2,0.5527685286210726,0.6382916723896335,-0.08552314376856085,0.007314208120057929,0.08552314376856085,0,NA
LASSO,1,2016 Q3,2016 Q4,1996 Q3,2016 Q2,0.5527685286210726,0.6382916723896337,-0.08552314376856107,0.007314208120057966,0.08552314376856107,1,0.24968356356933505
Elastic net,1,2016 Q3,2016 Q4,1996 Q3,2016 Q2,0.5527685286210726,0.6382916723896337,-0.08552314376856107,0.007314208120057966,0.08552314376856107,1,0.49936712713867004
Ridge,1,2016 Q3,2016 Q4,1996 Q3,2016 Q2,0.5527685286210726,0.6856594825451202,-0.1328909539240476,0.01766000563484334,0.1328909539240476,NA,2.496835635693363
Threshold ridge,1,2016 Q3,2016 Q4,1996 Q3,2016 Q2,0.5527685286210726,0.6886642737777384,-0.1358957451566658,0.01846765355168546,0.1358957451566658,16,2.496835635693363
Post-threshold ridge,1,2016 Q3,2016 Q4,1996 Q3,2016 Q2,0.5527685286210726,0.7812165200281921,-0.22844799140711947,0.05218848477794733,0.22844799140711947,16,2.496835635693363
OCMT,1,2016 Q3,2016 Q4,1996 Q3,2016 Q2,0.5527685286210726,0.6429369750801344,-0.09016844645906175,0.008130348736840685,0.09016844645906175,4,NA
BMT,1,2016 Q3,2016 Q4,1996 Q3,2016 Q2,0.5527685286210726,0.5540331655731292,-0.0012646369520565859,1.5993066205069714e-6,0.0012646369520565859,2,NA
AR,1,2016 Q4,2017 Q1,1996 Q4,2016 Q3,0.48570873310360696,0.5736057734697341,-0.08789704036612711,0.007725889705124579,0.08789704036612711,0,NA
LASSO,1,2016 Q4,2017 Q1,1996 Q4,2016 Q3,0.48570873310360696,0.5736057734697343,-0.08789704036612733,0.007725889705124618,0.08789704036612733,1,0.24901162040883876
Elastic net,1,2016 Q4,2017 Q1,1996 Q4,2016 Q3,0.48570873310360696,0.5736057734697343,-0.08789704036612733,0.007725889705124618,0.08789704036612733,0,0.49802324081767757
Ridge,1,2016 Q4,2017 Q1,1996 Q4,2016 Q3,0.48570873310360696,0.570826875152676,-0.08511814204906909,0.007245098105885504,0.08511814204906909,NA,2.490116204088401
Threshold ridge,1,2016 Q4,2017 Q1,1996 Q4,2016 Q3,0.48570873310360696,0.674415623340768,-0.18870689023716103,0.03561029042297994,0.18870689023716103,17,2.490116204088401
Post-threshold ridge,1,2016 Q4,2017 Q1,1996 Q4,2016 Q3,0.48570873310360696,0.6739342181563642,-0.18822548505275727,0.03542883322334575,0.18822548505275727,17,2.490116204088401
OCMT,1,2016 Q4,2017 Q1,1996 Q4,2016 Q3,0.48570873310360696,0.5457198650329956,-0.06001113192938867,0.0036013359554464925,0.06001113192938867,4,NA
BMT,1,2016 Q4,2017 Q1,1996 Q4,2016 Q3,0.48570873310360696,0.2831186430710935,0.20259009003251344,0.0410427445793819,0.20259009003251344,2,NA
AR,1,2017 Q1,2017 Q2,1997 Q1,2016 Q4,0.5583111012978037,0.5479942892032003,0.010316812094603445,1.0643661179535592e-4,0.010316812094603445,0,NA
LASSO,1,2017 Q1,2017 Q2,1997 Q1,2016 Q4,0.5583111012978037,0.5479942892032004,0.010316812094603334,1.0643661179535363e-4,0.010316812094603334,0,0.25230469412979645
Elastic net,1,2017 Q1,2017 Q2,1997 Q1,2016 Q4,0.5583111012978037,0.5479942892032004,0.010316812094603334,1.0643661179535363e-4,0.010316812094603334,0,0.5046093882595929
Ridge,1,2017 Q1,2017 Q2,1997 Q1,2016 Q4,0.5583111012978037,0.52756530185062,0.030745799447183697,9.453041836464414e-4,0.030745799447183697,NA,2.523046941297974
Threshold ridge,1,2017 Q1,2017 Q2,1997 Q1,2016 Q4,0.5583111012978037,0.6118714436505956,-0.053560342352791945,0.0028687102729482786,0.053560342352791945,17,2.523046941297974
Post-threshold ridge,1,2017 Q1,2017 Q2,1997 Q1,2016 Q4,0.5583111012978037,0.586655140626937,-0.02834403932913332,8.033845654914564e-4,0.02834403932913332,17,2.523046941297974
OCMT,1,2017 Q1,2017 Q2,1997 Q1,2016 Q4,0.5583111012978037,0.4678510554350683,0.09046004586273543,0.008183019897488196,0.09046004586273543,4,NA
BMT,1,2017 Q1,2017 Q2,1997 Q1,2016 Q4,0.5583111012978037,0.25677066869969284,0.30154043259811086,0.09092663249145584,0.30154043259811086,2,NA
AR,1,2017 Q2,2017 Q3,1997 Q2,2017 Q1,0.785431525684821,0.5631671909244266,0.22226433476039442,0.04940143450648068,0.22226433476039442,0,NA
LASSO,1,2017 Q2,2017 Q3,1997 Q2,2017 Q1,0.785431525684821,0.5669711353201542,0.2184603903646668,0.0477249421582826,0.2184603903646668,3,0.18474034780360332
Elastic net,1,2017 Q2,2017 Q3,1997 Q2,2017 Q1,0.785431525684821,0.5667038558923309,0.21872766979249014,0.0478417935328526,0.21872766979249014,3,0.36948069560720664
Ridge,1,2017 Q2,2017 Q3,1997 Q2,2017 Q1,0.785431525684821,0.662758764565277,0.12267276111954395,0.015048606320692694,0.12267276111954395,NA,2.331158794559885
Threshold ridge,1,2017 Q2,2017 Q3,1997 Q2,2017 Q1,0.785431525684821,0.6094590951196799,0.1759724305651411,0.03096629631900341,0.1759724305651411,15,2.331158794559885
Post-threshold ridge,1,2017 Q2,2017 Q3,1997 Q2,2017 Q1,0.785431525684821,0.604920305234136,0.18051122045068502,0.032584300708595804,0.18051122045068502,15,2.331158794559885
OCMT,1,2017 Q2,2017 Q3,1997 Q2,2017 Q1,0.785431525684821,0.6413847576379738,0.14404676804684724,0.020749471384742212,0.14404676804684724,4,NA
BMT,1,2017 Q2,2017 Q3,1997 Q2,2017 Q1,0.785431525684821,0.5459726339568692,0.23945889172795176,0.05734056082757893,0.23945889172795176,2,NA
AR,1,2017 Q3,2017 Q4,1997 Q3,2017 Q2,1.1207427769393874,0.647959802348969,0.4727829745904184,0.2235237410625642,0.4727829745904184,0,NA
LASSO,1,2017 Q3,2017 Q4,1997 Q3,2017 Q2,1.1207427769393874,0.5821697357211063,0.5385730412182811,0.2900609207271083,0.5385730412182811,3,0.1771291595367136
Elastic net,1,2017 Q3,2017 Q4,1997 Q3,2017 Q2,1.1207427769393874,0.5984169003105972,0.5223258766287902,0.27282432139603413,0.5223258766287902,3,0.3542583190734272
Ridge,1,2017 Q3,2017 Q4,1997 Q3,2017 Q2,1.1207427769393874,0.5069954272760979,0.6137473496632895,0.37668580921871214,0.6137473496632895,NA,2.3415432458478667
Threshold ridge,1,2017 Q3,2017 Q4,1997 Q3,2017 Q2,1.1207427769393874,0.5272545361510824,0.593488240788305,0.3522282919539971,0.593488240788305,16,2.3415432458478667
Post-threshold ridge,1,2017 Q3,2017 Q4,1997 Q3,2017 Q2,1.1207427769393874,0.3057788600909151,0.8149639168484724,0.6641661857650037,0.8149639168484724,16,2.3415432458478667
OCMT,1,2017 Q3,2017 Q4,1997 Q3,2017 Q2,1.1207427769393874,0.37608601374663797,0.7446567631927494,0.5545136949687025,0.7446567631927494,4,NA
BMT,1,2017 Q3,2017 Q4,1997 Q3,2017 Q2,1.1207427769393874,0.3490696308647785,0.7716731460746089,0.5954794443726847,0.7716731460746089,2,NA
AR,1,2017 Q4,2018 Q1,1997 Q4,2017 Q3,0.8101194549169577,0.78060709964320385,0.029512355273753843,8.709791138042663e-4,0.029512355273753843,0,NA
LASSO,1,2017 Q4,2018 Q1,1997 Q4,2017 Q3,0.8101194549169577,0.7806070996432036,0.029512355273754065,8.709791138042794e-4,0.029512355273754065,0,0.2304095879754927
Elastic net,1,2017 Q4,2018 Q1,1997 Q4,2017 Q3,0.8101194549169577,0.7806070996432036,0.029512355273754065,8.709791138042794e-4,0.029512355273754065,0,0.46081917595098537
Ridge,1,2017 Q4,2018 Q1,1997 Q4,2017 Q3,0.8101194549169577,0.8647917788609177,-0.054672323943960044,0.0029890630054333067,0.054672323943960044,NA,2.3040958797549367
Threshold ridge,1,2017 Q4,2018 Q1,1997 Q4,2017 Q3,0.8101194549169577,0.7724429968711867,0.03767645804577102,0.001419515490874744,0.03767645804577102,16,2.3040958797549367
Post-threshold ridge,1,2017 Q4,2018 Q1,1997 Q4,2017 Q3,0.8101194549169577,1.0921506235750718,-0.28203116865811406,0.07954158009466158,0.28203116865811406,16,2.3040958797549367
OCMT,1,2017 Q4,2018 Q1,1997 Q4,2017 Q3,0.8101194549169577,0.6015631574548743,0.20855629746208337,0.043495729211093,0.20855629746208337,4,NA
BMT,1,2017 Q4,2018 Q1,1997 Q4,2017 Q3,0.8101194549169577,0.6337922578407207,0.176327197076237,0.031091280428762125,0.176327197076237,2,NA
AR,1,2018 Q1,2018 Q2,1998 Q1,2017 Q4,0.5294212303768475,0.6591687132181469,-0.12974748284129933,0.016834409303653264,0.12974748284129933,0,NA
LASSO,1,2018 Q1,2018 Q2,1998 Q1,2017 Q4,0.5294212303768475,0.659168713218147,-0.12974748284129944,0.016834409303653295,0.12974748284129944,0,0.22912329938434967
Elastic net,1,2018 Q1,2018 Q2,1998 Q1,2017 Q4,0.5294212303768475,0.659168713218147,-0.12974748284129944,0.016834409303653295,0.12974748284129944,0,0.4582465987686994
Ridge,1,2018 Q1,2018 Q2,1998 Q1,2017 Q4,0.5294212303768475,0.5973156919282094,-0.06789446155136192,0.004609657909349362,0.06789446155136192,NA,2.291232993843508
Threshold ridge,1,2018 Q1,2018 Q2,1998 Q1,2017 Q4,0.5294212303768475,0.6188397641002393,-0.08941853372339181,0.007995674173241358,0.08941853372339181,17,2.291232993843508
Post-threshold ridge,1,2018 Q1,2018 Q2,1998 Q1,2017 Q4,0.5294212303768475,0.636562782459376,-0.10714155208252851,0.01147931218265317,0.10714155208252851,17,2.291232993843508
OCMT,1,2018 Q1,2018 Q2,1998 Q1,2017 Q4,0.5294212303768475,0.8032797791632725,-0.273858548786425,0.07499850474340673,0.273858548786425,5,NA
BMT,1,2018 Q1,2018 Q2,1998 Q1,2017 Q4,0.5294212303768475,0.7762853218453855,-0.24686409146853794,0.060941879656586664,0.24686409146853794,2,NA
AR,1,2018 Q2,2018 Q3,1998 Q2,2018 Q1,0.621760482522582,0.5500714850457863,0.07168899747679569,0.005139312359228019,0.07168899747679569,0,NA
LASSO,1,2018 Q2,2018 Q3,1998 Q2,2018 Q1,0.621760482522582,0.5500714850457863,0.07168899747679569,0.005139312359228019,0.07168899747679569,0,0.22778111976760784
Elastic net,1,2018 Q2,2018 Q3,1998 Q2,2018 Q1,0.621760482522582,0.5500714850457863,0.07168899747679569,0.005139312359228019,0.07168899747679569,0,0.45556223953521563
Ridge,1,2018 Q2,2018 Q3,1998 Q2,2018 Q1,0.621760482522582,0.6309808073856772,-0.009220324863095208,8.501439058101168e-5,0.009220324863095208,NA,2.27781119767609
Threshold ridge,1,2018 Q2,2018 Q3,1998 Q2,2018 Q1,0.621760482522582,0.5626418996757548,0.05911858284682714,0.003495006837817164,0.05911858284682714,17,2.27781119767609
Post-threshold ridge,1,2018 Q2,2018 Q3,1998 Q2,2018 Q1,0.621760482522582,0.44244969228341635,0.17931079023916563,0.032152359496194056,0.17931079023916563,17,2.27781119767609
OCMT,1,2018 Q2,2018 Q3,1998 Q2,2018 Q1,0.621760482522582,0.4244894851421758,0.19727099738040615,0.038915846407460215,0.19727099738040615,5,NA
BMT,1,2018 Q2,2018 Q3,1998 Q2,2018 Q1,0.621760482522582,0.2257197487017814,0.3960407338208006,0.15684826284531822,0.3960407338208006,2,NA
AR,1,2018 Q3,2018 Q4,1998 Q3,2018 Q2,0.14154399831838305,0.5779009777366699,-0.4363569794182869,0.19040741348705123,0.4363569794182869,0,NA
LASSO,1,2018 Q3,2018 Q4,1998 Q3,2018 Q2,0.14154399831838305,0.5779009777366699,-0.4363569794182869,0.19040741348705123,0.4363569794182869,1,0.2317897822668804
Elastic net,1,2018 Q3,2018 Q4,1998 Q3,2018 Q2,0.14154399831838305,0.5779009777366699,-0.4363569794182869,0.19040741348705123,0.4363569794182869,0,0.4635795645337609
Ridge,1,2018 Q3,2018 Q4,1998 Q3,2018 Q2,0.14154399831838305,0.5819048153688526,-0.4403608170504696,0.19391764919335716,0.4403608170504696,NA,2.3178978226688174
Threshold ridge,1,2018 Q3,2018 Q4,1998 Q3,2018 Q2,0.14154399831838305,0.6706834859385551,-0.529139487620172,0.2799885973589382,0.529139487620172,14,2.3178978226688174
Post-threshold ridge,1,2018 Q3,2018 Q4,1998 Q3,2018 Q2,0.14154399831838305,1.0261824031275018,-0.8846384048091187,0.7825851072632222,0.8846384048091187,14,2.3178978226688174
OCMT,1,2018 Q3,2018 Q4,1998 Q3,2018 Q2,0.14154399831838305,0.7864080172398467,-0.6448640189214636,0.41584960289954176,0.6448640189214636,4,NA
BMT,1,2018 Q3,2018 Q4,1998 Q3,2018 Q2,0.14154399831838305,0.5822996957267952,-0.44075569740841214,0.19426558479797576,0.44075569740841214,1,NA
AR,1,2018 Q4,2019 Q1,1998 Q4,2018 Q3,0.6223772907267389,0.3959524233138352,0.22642486741290369,0.05126822058295101,0.22642486741290369,0,NA
LASSO,1,2018 Q4,2019 Q1,1998 Q4,2018 Q3,0.6223772907267389,0.3959524233138354,0.22642486741290346,0.05126822058295091,0.22642486741290346,0,0.23800640090539002
Elastic net,1,2018 Q4,2019 Q1,1998 Q4,2018 Q3,0.6223772907267389,0.3959524233138354,0.22642486741290346,0.05126822058295091,0.22642486741290346,0,0.47601280181078004
Ridge,1,2018 Q4,2019 Q1,1998 Q4,2018 Q3,0.6223772907267389,0.26095465086907316,0.3614226398576657,0.13062632460168394,0.3614226398576657,NA,2.3800640090539114
Threshold ridge,1,2018 Q4,2019 Q1,1998 Q4,2018 Q3,0.6223772907267389,0.37963857802184664,0.24273871270489222,0.058922082645628204,0.24273871270489222,15,2.3800640090539114
Post-threshold ridge,1,2018 Q4,2019 Q1,1998 Q4,2018 Q3,0.6223772907267389,0.1849103877484622,0.4374669029782767,0.19137729120140493,0.4374669029782767,15,2.3800640090539114
OCMT,1,2018 Q4,2019 Q1,1998 Q4,2018 Q3,0.6223772907267389,0.42129290259787,0.20108438812886886,0.04043493114916158,0.20108438812886886,6,NA
BMT,1,2018 Q4,2019 Q1,1998 Q4,2018 Q3,0.6223772907267389,0.5002541725223215,0.12212311820441735,0.014914055999970092,0.12212311820441735,1,NA
AR,2,2005 Q2,2005 Q4,1985 Q2,2005 Q1,0.5539792372076136,0.6794302438124118,-0.12545100660479824,0.015737955058157133,0.12545100660479824,0,NA
LASSO,2,2005 Q2,2005 Q4,1985 Q2,2005 Q1,0.5539792372076136,0.6794302438124118,-0.12545100660479824,0.015737955058157133,0.12545100660479824,1,0.15080796706460636
Elastic net,2,2005 Q2,2005 Q4,1985 Q2,2005 Q1,0.5539792372076136,0.6794302438124118,-0.12545100660479824,0.015737955058157133,0.12545100660479824,0,0.30161593412921284
Ridge,2,2005 Q2,2005 Q4,1985 Q2,2005 Q1,0.5539792372076136,0.6852354126845034,-0.13125617547688984,0.017228183600820096,0.13125617547688984,NA,137.4106029147607
Threshold ridge,2,2005 Q2,2005 Q4,1985 Q2,2005 Q1,0.5539792372076136,0.6830329266461015,-0.12905368943848794,0.016654854757685692,0.12905368943848794,16,137.4106029147607
Post-threshold ridge,2,2005 Q2,2005 Q4,1985 Q2,2005 Q1,0.5539792372076136,1.1929911765137757,-0.6390119393061622,0.4083362585758223,0.6390119393061622,16,137.4106029147607
OCMT,2,2005 Q2,2005 Q4,1985 Q2,2005 Q1,0.5539792372076136,0.6794302438124118,-0.12545100660479824,0.015737955058157133,0.12545100660479824,0,NA
BMT,2,2005 Q2,2005 Q4,1985 Q2,2005 Q1,0.5539792372076136,0.6794302438124118,-0.12545100660479824,0.015737955058157133,0.12545100660479824,0,NA
AR,2,2005 Q3,2006 Q1,1985 Q3,2005 Q2,1.3364138447713003,0.7742839171494975,0.5621299276218028,0.3159900555280933,0.5621299276218028,0,NA
LASSO,2,2005 Q3,2006 Q1,1985 Q3,2005 Q2,1.3364138447713003,0.7742839171494974,0.5621299276218029,0.3159900555280934,0.5621299276218029,1,0.15052856822726138
Elastic net,2,2005 Q3,2006 Q1,1985 Q3,2005 Q2,1.3364138447713003,0.7742839171494974,0.5621299276218029,0.3159900555280934,0.5621299276218029,0,0.3010571364545228
Ridge,2,2005 Q3,2006 Q1,1985 Q3,2005 Q2,1.3364138447713003,0.7679566690723503,0.56845717569895,0.323143560603627,0.56845717569895,NA,150.52856822726127
Threshold ridge,2,2005 Q3,2006 Q1,1985 Q3,2005 Q2,1.3364138447713003,0.7739916877391323,0.562422157032168,0.31631868272071667,0.562422157032168,16,150.52856822726127
Post-threshold ridge,2,2005 Q3,2006 Q1,1985 Q3,2005 Q2,1.3364138447713003,0.9837694506744558,0.35264439409684456,0.12435806868793062,0.35264439409684456,16,150.52856822726127
OCMT,2,2005 Q3,2006 Q1,1985 Q3,2005 Q2,1.3364138447713003,0.7742839171494975,0.5621299276218028,0.3159900555280933,0.5621299276218028,0,NA
BMT,2,2005 Q3,2006 Q1,1985 Q3,2005 Q2,1.3364138447713003,0.7742839171494975,0.5621299276218028,0.3159900555280933,0.5621299276218028,0,NA
AR,2,2005 Q4,2006 Q2,1985 Q4,2005 Q3,0.25841857488995146,0.7062744114161723,-0.44785583652622085,0.20057485031060104,0.44785583652622085,0,NA
LASSO,2,2005 Q4,2006 Q2,1985 Q4,2005 Q3,0.25841857488995146,0.7062744114161723,-0.44785583652622085,0.20057485031060104,0.44785583652622085,0,0.1490955247294205
Elastic net,2,2005 Q4,2006 Q2,1985 Q4,2005 Q3,0.25841857488995146,0.7062744114161723,-0.44785583652622085,0.20057485031060104,0.44785583652622085,1,0.2981910494588409
Ridge,2,2005 Q4,2006 Q2,1985 Q4,2005 Q3,0.25841857488995146,0.7048741096069338,-0.4464555347169823,0.19932254447942657,0.4464555347169823,NA,149.0955247294206
Threshold ridge,2,2005 Q4,2006 Q2,1985 Q4,2005 Q3,0.25841857488995146,0.7045812653348811,-0.4461626904449296,0.1990611463450581,0.4461626904449296,14,149.0955247294206
Post-threshold ridge,2,2005 Q4,2006 Q2,1985 Q4,2005 Q3,0.25841857488995146,0.3368846154815947,-0.07846604059164325,0.006156919526129406,0.07846604059164325,14,149.0955247294206
OCMT,2,2005 Q4,2006 Q2,1985 Q4,2005 Q3,0.25841857488995146,0.7062744114161723,-0.44785583652622085,0.20057485031060104,0.44785583652622085,0,NA
BMT,2,2005 Q4,2006 Q2,1985 Q4,2005 Q3,0.25841857488995146,0.7062744114161723,-0.44785583652622085,0.20057485031060104,0.44785583652622085,0,NA
AR,2,2006 Q1,2006 Q3,1986 Q1,2005 Q4,0.14984360400802643,0.9698689609852134,-0.8200253569771869,0.6724415860855628,0.8200253569771869,0,NA
LASSO,2,2006 Q1,2006 Q3,1986 Q1,2005 Q4,0.14984360400802643,0.9698689609852134,-0.8200253569771869,0.6724415860855628,0.8200253569771869,0,0.14847263000006147
Elastic net,2,2006 Q1,2006 Q3,1986 Q1,2005 Q4,0.14984360400802643,0.9698689609852134,-0.8200253569771869,0.6724415860855628,0.8200253569771869,0,0.29694526000012295
Ridge,2,2006 Q1,2006 Q3,1986 Q1,2005 Q4,0.14984360400802643,0.9671059971124744,-0.8172623931044479,0.6679178191828091,0.8172623931044479,NA,148.47263000006157
Threshold ridge,2,2006 Q1,2006 Q3,1986 Q1,2005 Q4,0.14984360400802643,0.9677801474802916,-0.8179365434722652,0.6690201891473567,0.8179365434722652,16,148.47263000006157
Post-threshold ridge,2,2006 Q1,2006 Q3,1986 Q1,2005 Q4,0.14984360400802643,0.8570356594173167,-0.7071920554092903,0.5001206032340167,0.7071920554092903,16,148.47263000006157
OCMT,2,2006 Q1,2006 Q3,1986 Q1,2005 Q4,0.14984360400802643,0.9698689609852134,-0.8200253569771869,0.6724415860855628,0.8200253569771869,0,NA
BMT,2,2006 Q1,2006 Q3,1986 Q1,2005 Q4,0.14984360400802643,0.9698689609852134,-0.8200253569771869,0.6724415860855628,0.8200253569771869,0,NA
AR,2,2006 Q2,2006 Q4,1986 Q2,2006 Q1,0.8557775565416037,0.6034396299037087,0.252337926637895,0.06367442921991168,0.252337926637895,0,NA
LASSO,2,2006 Q2,2006 Q4,1986 Q2,2006 Q1,0.8557775565416037,0.6034396299037088,0.2523379266378949,0.06367442921991162,0.2523379266378949,1,0.1386798276521639
Elastic net,2,2006 Q2,2006 Q4,1986 Q2,2006 Q1,0.8557775565416037,0.6034396299037088,0.2523379266378949,0.06367442921991162,0.2523379266378949,0,0.2773596553043279
Ridge,2,2006 Q2,2006 Q4,1986 Q2,2006 Q1,0.8557775565416037,0.48497071770714767,0.37080683883445603,0.13749771172640224,0.37080683883445603,NA,3.3562297065781697
Threshold ridge,2,2006 Q2,2006 Q4,1986 Q2,2006 Q1,0.8557775565416037,0.6341230012430009,0.22165455529860278,0.04913074188462136,0.22165455529860278,16,3.3562297065781697
Post-threshold ridge,2,2006 Q2,2006 Q4,1986 Q2,2006 Q1,0.8557775565416037,0.765545430089352,0.09023212645225165,0.008141836644095131,0.09023212645225165,16,3.3562297065781697
OCMT,2,2006 Q2,2006 Q4,1986 Q2,2006 Q1,0.8557775565416037,0.6034396299037087,0.252337926637895,0.06367442921991168,0.252337926637895,0,NA
BMT,2,2006 Q2,2006 Q4,1986 Q2,2006 Q1,0.8557775565416037,0.6034396299037087,0.252337926637895,0.06367442921991168,0.252337926637895,0,NA
AR,2,2006 Q3,2007 Q1,1986 Q3,2006 Q2,0.3003840617131104,0.5790629807239398,-0.2786789190108294,0.07766193990104442,0.2786789190108294,0,NA
LASSO,2,2006 Q3,2007 Q1,1986 Q3,2006 Q2,0.3003840617131104,0.57906298072394,-0.27867891901082964,0.07766193990104454,0.27867891901082964,1,0.14132252552510272
Elastic net,2,2006 Q3,2007 Q1,1986 Q3,2006 Q2,0.3003840617131104,0.57906298072394,-0.27867891901082964,0.07766193990104454,0.27867891901082964,0,0.28264505105020554
Ridge,2,2006 Q3,2007 Q1,1986 Q3,2006 Q2,0.3003840617131104,0.619448958147245,-0.3190648964341346,0.10180240813652504,0.3190648964341346,NA,1.4805170396411782
Threshold ridge,2,2006 Q3,2007 Q1,1986 Q3,2006 Q2,0.3003840617131104,0.6274609131765019,-0.3270768514633915,0.10697926676320546,0.3270768514633915,18,1.4805170396411782
Post-threshold ridge,2,2006 Q3,2007 Q1,1986 Q3,2006 Q2,0.3003840617131104,0.5518818673151344,-0.25149780560202406,0.06325114622263349,0.25149780560202406,18,1.4805170396411782
OCMT,2,2006 Q3,2007 Q1,1986 Q3,2006 Q2,0.3003840617131104,0.5790629807239398,-0.2786789190108294,0.07766193990104442,0.2786789190108294,0,NA
BMT,2,2006 Q3,2007 Q1,1986 Q3,2006 Q2,0.3003840617131104,0.5790629807239398,-0.2786789190108294,0.07766193990104442,0.2786789190108294,0,NA
AR,2,2006 Q4,2007 Q2,1986 Q4,2006 Q3,0.6098982914680917,0.7954193241887813,-0.18552103272068954,0.03441805358175116,0.18552103272068954,0,NA
LASSO,2,2006 Q4,2007 Q2,1986 Q4,2006 Q3,0.6098982914680917,0.7954193241887814,-0.18552103272068965,0.0344180535817512,0.18552103272068965,1,0.1447429630570875
Elastic net,2,2006 Q4,2007 Q2,1986 Q4,2006 Q3,0.6098982914680917,0.7954193241887814,-0.18552103272068965,0.0344180535817512,0.18552103272068965,1,0.28948592611417495
Ridge,2,2006 Q4,2007 Q2,1986 Q4,2006 Q3,0.6098982914680917,0.7940669932894814,-0.18416870182138967,0.03391811073057594,0.18416870182138967,NA,144.74296305708742
Threshold ridge,2,2006 Q4,2007 Q2,1986 Q4,2006 Q3,0.6098982914680917,0.7979695721553937,-0.18807128068730194,0.035370806619361914,0.18807128068730194,15,144.74296305708742
Post-threshold ridge,2,2006 Q4,2007 Q2,1986 Q4,2006 Q3,0.6098982914680917,0.8502308409596376,-0.24033254949154592,0.05775973434510637,0.24033254949154592,15,144.74296305708742
OCMT,2,2006 Q4,2007 Q2,1986 Q4,2006 Q3,0.6098982914680917,0.7954193241887813,-0.18552103272068954,0.03441805358175116,0.18552103272068954,0,NA
BMT,2,2006 Q4,2007 Q2,1986 Q4,2006 Q3,0.6098982914680917,0.7954193241887813,-0.18552103272068954,0.03441805358175116,0.18552103272068954,0,NA
AR,2,2007 Q1,2007 Q3,1987 Q1,2006 Q4,0.5743731109307149,0.6102095252742021,-0.03583641434348728,0.0012842485929981007,0.03583641434348728,0,NA
LASSO,2,2007 Q1,2007 Q3,1987 Q1,2006 Q4,0.5743731109307149,0.6102095252742022,-0.03583641434348739,0.0012842485929981087,0.03583641434348739,0,0.14253973415711602
Elastic net,2,2007 Q1,2007 Q3,1987 Q1,2006 Q4,0.5743731109307149,0.6102095252742022,-0.03583641434348739,0.0012842485929981087,0.03583641434348739,0,0.2850794683142321
Ridge,2,2007 Q1,2007 Q3,1987 Q1,2006 Q4,0.5743731109307149,0.602366361186351,-0.02799325025563615,7.836220598746732e-4,0.02799325025563615,NA,112.9603016554282
Threshold ridge,2,2007 Q1,2007 Q3,1987 Q1,2006 Q4,0.5743731109307149,0.6098494725066459,-0.03547636157593104,0.0012585722306661961,0.03547636157593104,15,112.9603016554282
Post-threshold ridge,2,2007 Q1,2007 Q3,1987 Q1,2006 Q4,0.5743731109307149,0.4593257906022514,0.11504732032846343,0.013235885914760074,0.11504732032846343,15,112.9603016554282
OCMT,2,2007 Q1,2007 Q3,1987 Q1,2006 Q4,0.5743731109307149,0.6102095252742021,-0.03583641434348728,0.0012842485929981007,0.03583641434348728,0,NA
BMT,2,2007 Q1,2007 Q3,1987 Q1,2006 Q4,0.5743731109307149,0.6102095252742021,-0.03583641434348728,0.0012842485929981007,0.03583641434348728,0,NA
AR,2,2007 Q2,2007 Q4,1987 Q2,2007 Q1,0.6262715512194816,0.7076565096888286,-0.08138495846934701,0.0066235114650573385,0.08138495846934701,0,NA
LASSO,2,2007 Q2,2007 Q4,1987 Q2,2007 Q1,0.6262715512194816,0.7076565096888286,-0.08138495846934701,0.0066235114650573385,0.08138495846934701,0,0.1411557929238039
Elastic net,2,2007 Q2,2007 Q4,1987 Q2,2007 Q1,0.6262715512194816,0.7076565096888286,-0.08138495846934701,0.0066235114650573385,0.08138495846934701,0,0.2823115858476077
Ridge,2,2007 Q2,2007 Q4,1987 Q2,2007 Q1,0.6262715512194816,0.7011071138104911,-0.07483556259100943,0.00560036142831289,0.07483556259100943,NA,141.15579292380374
Threshold ridge,2,2007 Q2,2007 Q4,1987 Q2,2007 Q1,0.6262715512194816,0.7048678208214875,-0.07859626960200583,0.006177373595351186,0.07859626960200583,15,141.15579292380374
Post-threshold ridge,2,2007 Q2,2007 Q4,1987 Q2,2007 Q1,0.6262715512194816,-0.03527110962510126,0.6615426608445829,0.43763869211733086,0.6615426608445829,15,141.15579292380374
OCMT,2,2007 Q2,2007 Q4,1987 Q2,2007 Q1,0.6262715512194816,0.7076565096888286,-0.08138495846934701,0.0066235114650573385,0.08138495846934701,0,NA
BMT,2,2007 Q2,2007 Q4,1987 Q2,2007 Q1,0.6262715512194816,0.7076565096888286,-0.08138495846934701,0.0066235114650573385,0.08138495846934701,0,NA
AR,2,2007 Q3,2008 Q1,1987 Q3,2007 Q2,-0.42767755900321447,0.6868383907775549,-1.1145159497807695,1.2421458023157308,1.1145159497807695,0,NA
LASSO,2,2007 Q3,2008 Q1,1987 Q3,2007 Q2,-0.42767755900321447,0.6868383907775549,-1.1145159497807695,1.2421458023157308,1.1145159497807695,0,0.1254042045879709
Elastic net,2,2007 Q3,2008 Q1,1987 Q3,2007 Q2,-0.42767755900321447,0.6868383907775549,-1.1145159497807695,1.2421458023157308,1.1145159497807695,0,0.2508084091759417
Ridge,2,2007 Q3,2008 Q1,1987 Q3,2007 Q2,-0.42767755900321447,0.6868546714421837,-1.1145322304453982,1.242182092701594,1.1145322304453982,NA,125.40420458797088
Threshold ridge,2,2007 Q3,2008 Q1,1987 Q3,2007 Q2,-0.42767755900321447,0.6884213587452087,-1.116098917748423,1.2456767941992013,1.116098917748423,17,125.40420458797088
Post-threshold ridge,2,2007 Q3,2008 Q1,1987 Q3,2007 Q2,-0.42767755900321447,0.8453148541962558,-1.2729924131994703,1.620509684063411,1.2729924131994703,17,125.40420458797088
OCMT,2,2007 Q3,2008 Q1,1987 Q3,2007 Q2,-0.42767755900321447,0.6868383907775549,-1.1145159497807695,1.2421458023157308,1.1145159497807695,0,NA
BMT,2,2007 Q3,2008 Q1,1987 Q3,2007 Q2,-0.42767755900321447,0.6868383907775549,-1.1145159497807695,1.2421458023157308,1.1145159497807695,0,NA
AR,2,2007 Q4,2008 Q2,1987 Q4,2007 Q3,0.5936625931315831,0.6908276857890436,-0.09716509265746054,0.009441055231132893,0.09716509265746054,0,NA
LASSO,2,2007 Q4,2008 Q2,1987 Q4,2007 Q3,0.5936625931315831,0.6908276857890436,-0.09716509265746054,0.009441055231132893,0.09716509265746054,1,0.13533878487469278
Elastic net,2,2007 Q4,2008 Q2,1987 Q4,2007 Q3,0.5936625931315831,0.6908276857890436,-0.09716509265746054,0.009441055231132893,0.09716509265746054,1,0.27067756974938556
Ridge,2,2007 Q4,2008 Q2,1987 Q4,2007 Q3,0.5936625931315831,0.6924506200786846,-0.09878802694710154,0.00975907426810126,0.09878802694710154,NA,123.31566023574638
Threshold ridge,2,2007 Q4,2008 Q2,1987 Q4,2007 Q3,0.5936625931315831,0.6899815485980426,-0.09631895546645952,0.009277341182149812,0.09631895546645952,18,123.31566023574638
Post-threshold ridge,2,2007 Q4,2008 Q2,1987 Q4,2007 Q3,0.5936625931315831,0.6177210442677029,-0.02405845113611982,5.78809071069065e-4,0.02405845113611982,18,123.31566023574638
OCMT,2,2007 Q4,2008 Q2,1987 Q4,2007 Q3,0.5936625931315831,0.6908276857890436,-0.09716509265746054,0.009441055231132893,0.09716509265746054,0,NA
BMT,2,2007 Q4,2008 Q2,1987 Q4,2007 Q3,0.5936625931315831,0.6908276857890436,-0.09716509265746054,0.009441055231132893,0.09716509265746054,0,NA
AR,2,2008 Q1,2008 Q3,1988 Q1,2007 Q4,-0.5266423802783748,0.3616921506302423,-0.8883345309086171,0.7891382388046329,0.8883345309086171,0,NA
LASSO,2,2008 Q1,2008 Q3,1988 Q1,2007 Q4,-0.5266423802783748,0.3616921506302425,-0.8883345309086174,0.7891382388046333,0.8883345309086174,1,0.14075653486665304
Elastic net,2,2008 Q1,2008 Q3,1988 Q1,2007 Q4,-0.5266423802783748,0.3616921506302425,-0.8883345309086174,0.7891382388046333,0.8883345309086174,1,0.2815130697333061
Ridge,2,2008 Q1,2008 Q3,1988 Q1,2007 Q4,-0.5266423802783748,0.36342767112346813,-0.8900700514018429,0.7922246964024793,0.8900700514018429,NA,128.2521122503656
Threshold ridge,2,2008 Q1,2008 Q3,1988 Q1,2007 Q4,-0.5266423802783748,0.3640283827549799,-0.8906707630333548,0.7932944081224185,0.8906707630333548,16,128.2521122503656
Post-threshold ridge,2,2008 Q1,2008 Q3,1988 Q1,2007 Q4,-0.5266423802783748,0.35134646515476087,-0.8779888454331357,0.7708644127050107,0.8779888454331357,16,128.2521122503656
OCMT,2,2008 Q1,2008 Q3,1988 Q1,2007 Q4,-0.5266423802783748,0.3616921506302423,-0.8883345309086171,0.7891382388046329,0.8883345309086171,0,NA
BMT,2,2008 Q1,2008 Q3,1988 Q1,2007 Q4,-0.5266423802783748,0.3616921506302423,-0.8883345309086171,0.7891382388046329,0.8883345309086171,0,NA
AR,2,2008 Q2,2008 Q4,1988 Q2,2008 Q1,-2.2133412739485436,0.6607978733284757,-2.8741391472770195,8.260675837910272,2.8741391472770195,0,NA
LASSO,2,2008 Q2,2008 Q4,1988 Q2,2008 Q1,-2.2133412739485436,0.6607978733284757,-2.8741391472770195,8.260675837910272,2.8741391472770195,0,0.14213045416781359
Elastic net,2,2008 Q2,2008 Q4,1988 Q2,2008 Q1,-2.2133412739485436,0.6607978733284757,-2.8741391472770195,8.260675837910272,2.8741391472770195,0,0.2842609083356272
Ridge,2,2008 Q2,2008 Q4,1988 Q2,2008 Q1,-2.2133412739485436,0.6670199360975101,-2.8803612100460536,8.296480700337966,2.8803612100460536,NA,129.50397634749123
Threshold ridge,2,2008 Q2,2008 Q4,1988 Q2,2008 Q1,-2.2133412739485436,0.6655297686687035,-2.8788710426172472,8.287898480020116,2.8788710426172472,15,129.50397634749123
Post-threshold ridge,2,2008 Q2,2008 Q4,1988 Q2,2008 Q1,-2.2133412739485436,1.2973189135928682,-3.510660187541412,12.324734952388301,3.510660187541412,15,129.50397634749123
OCMT,2,2008 Q2,2008 Q4,1988 Q2,2008 Q1,-2.2133412739485436,0.6607978733284757,-2.8741391472770195,8.260675837910272,2.8741391472770195,0,NA
BMT,2,2008 Q2,2008 Q4,1988 Q2,2008 Q1,-2.2133412739485436,0.6607978733284757,-2.8741391472770195,8.260675837910272,2.8741391472770195,0,NA
AR,2,2008 Q3,2009 Q1,1988 Q3,2008 Q2,-1.1413631359902254,0.2124371716634964,-1.3538003076537217,1.8327752730033116,1.3538003076537217,0,NA
LASSO,2,2008 Q3,2009 Q1,1988 Q3,2008 Q2,-1.1413631359902254,0.2124371716634964,-1.3538003076537217,1.8327752730033116,1.3538003076537217,1,0.2202359932968463
Elastic net,2,2008 Q3,2009 Q1,1988 Q3,2008 Q2,-1.1413631359902254,0.2124371716634963,-1.3538003076537217,1.8327752730033116,1.3538003076537217,0,0.4404719865936927
Ridge,2,2008 Q3,2009 Q1,1988 Q3,2008 Q2,-1.1413631359902254,0.20155133042468604,-1.3429144664149115,1.8034192641064466,1.3429144664149115,NA,220.2359932968465
Threshold ridge,2,2008 Q3,2009 Q1,1988 Q3,2008 Q2,-1.1413631359902254,0.21086647245210466,-1.3522296084423302,1.8285249139480977,1.3522296084423302,15,220.2359932968465
Post-threshold ridge,2,2008 Q3,2009 Q1,1988 Q3,2008 Q2,-1.1413631359902254,-0.4950539793812676,-0.6463091566089578,0.4177155259165824,0.6463091566089578,15,220.2359932968465
OCMT,2,2008 Q3,2009 Q1,1988 Q3,2008 Q2,-1.1413631359902254,0.2124371716634964,-1.3538003076537217,1.8327752730033116,1.3538003076537217,0,NA
BMT,2,2008 Q3,2009 Q1,1988 Q3,2008 Q2,-1.1413631359902254,0.2124371716634964,-1.3538003076537217,1.8327752730033116,1.3538003076537217,0,NA
AR,2,2008 Q4,2009 Q2,1988 Q4,2008 Q3,-0.178810721762801,-0.642317811076928,0.463507089314127,0.2148388218444541,0.463507089314127,0,NA
LASSO,2,2008 Q4,2009 Q2,1988 Q4,2008 Q3,-0.178810721762801,-0.6423178110769279,0.4635070893141269,0.214838821844454,0.4635070893141269,1,0.19586751774264022
Elastic net,2,2008 Q4,2009 Q2,1988 Q4,2008 Q3,-0.178810721762801,-0.6423178110769279,0.4635070893141269,0.214838821844454,0.4635070893141269,0,0.3917350354852805
Ridge,2,2008 Q4,2009 Q2,1988 Q4,2008 Q3,-0.178810721762801,-0.7114459215617035,0.5326351997989025,0.2837002560648168,0.5326351997989025,NA,123.01050954124231
Threshold ridge,2,2008 Q4,2009 Q2,1988 Q4,2008 Q3,-0.178810721762801,-0.6531271084399928,0.4743163866771918,0.2249760346705073,0.4743163866771918,17,123.01050954124231
Post-threshold ridge,2,2008 Q4,2009 Q2,1988 Q4,2008 Q3,-0.178810721762801,-0.8136663914619165,0.6348556696991156,0.4030417213491125,0.6348556696991156,17,123.01050954124231
OCMT,2,2008 Q4,2009 Q2,1988 Q4,2008 Q3,-0.178810721762801,-0.642317811076928,0.463507089314127,0.2148388218444541,0.463507089314127,0,NA
BMT,2,2008 Q4,2009 Q2,1988 Q4,2008 Q3,-0.178810721762801,-0.642317811076928,0.463507089314127,0.2148388218444541,0.463507089314127,0,NA
AR,2,2009 Q1,2009 Q3,1989 Q1,2008 Q4,0.3505771547139602,-0.0922258585349719,0.4428030132489321,0.19607450854233396,0.4428030132489321,0,NA
LASSO,2,2009 Q1,2009 Q3,1989 Q1,2008 Q4,0.3505771547139602,-0.09222585853497169,0.4428030132489319,0.19607450854233377,0.4428030132489319,1,0.18796235387085408
Elastic net,2,2009 Q1,2009 Q3,1989 Q1,2008 Q4,0.3505771547139602,-0.0922258585349717,0.4428030132489319,0.19607450854233377,0.4428030132489319,1,0.37592470774170816
Ridge,2,2009 Q1,2009 Q3,1989 Q1,2008 Q4,0.3505771547139602,-0.14061107136759773,0.491188226081558,0.24126587344114772,0.491188226081558,NA,187.9623538708542
Threshold ridge,2,2009 Q1,2009 Q3,1989 Q1,2008 Q4,0.3505771547139602,-0.09179531759984494,0.44237247231380517,0.19569340426102833,0.44237247231380517,14,187.9623538708542
Post-threshold ridge,2,2009 Q1,2009 Q3,1989 Q1,2008 Q4,0.3505771547139602,-0.8114912168595243,1.1620683715734845,1.3504029002114502,1.1620683715734845,14,187.9623538708542
OCMT,2,2009 Q1,2009 Q3,1989 Q1,2008 Q4,0.3505771547139602,-0.0922258585349719,0.4428030132489321,0.19607450854233396,0.4428030132489321,0,NA
BMT,2,2009 Q1,2009 Q3,1989 Q1,2008 Q4,0.3505771547139602,-0.0922258585349719,0.4428030132489321,0.19607450854233396,0.4428030132489321,0,NA
AR,2,2009 Q2,2009 Q4,1989 Q2,2009 Q1,1.0751135379244658,0.3157629482149892,0.7593505897094767,0.57661331809213,0.7593505897094767,0,NA
LASSO,2,2009 Q2,2009 Q4,1989 Q2,2009 Q1,1.0751135379244658,0.3157629482149892,0.7593505897094767,0.57661331809213,0.7593505897094767,1,0.19071821711700557
Elastic net,2,2009 Q2,2009 Q4,1989 Q2,2009 Q1,1.0751135379244658,0.31576294821498924,0.7593505897094766,0.5766133180921298,0.7593505897094766,0,0.3814364342340112
Ridge,2,2009 Q2,2009 Q4,1989 Q2,2009 Q1,1.0751135379244658,0.2942734119537867,0.7808401259706792,0.6097113023259062,0.7808401259706792,NA,190.71821711700574
Threshold ridge,2,2009 Q2,2009 Q4,1989 Q2,2009 Q1,1.0751135379244658,0.31345723931565805,0.7616562986088078,0.5801203172104694,0.7616562986088078,17,190.71821711700574
Post-threshold ridge,2,2009 Q2,2009 Q4,1989 Q2,2009 Q1,1.0751135379244658,-0.8632911264921205,1.9384046644165864,3.757412643031979,1.9384046644165864,17,190.71821711700574
OCMT,2,2009 Q2,2009 Q4,1989 Q2,2009 Q1,1.0751135379244658,0.3157629482149892,0.7593505897094767,0.57661331809213,0.7593505897094767,0,NA
BMT,2,2009 Q2,2009 Q4,1989 Q2,2009 Q1,1.0751135379244658,0.3157629482149892,0.7593505897094767,0.57661331809213,0.7593505897094767,0,NA
AR,2,2009 Q3,2010 Q1,1989 Q3,2009 Q2,0.483331022067901,0.5342456063233847,-0.050914584255483675,0.0025922948899087463,0.050914584255483675,0,NA
LASSO,2,2009 Q3,2010 Q1,1989 Q3,2009 Q2,0.483331022067901,0.5342456063233846,-0.050914584255483564,0.002592294889908735,0.050914584255483564,1,0.17681236249020715
Elastic net,2,2009 Q3,2010 Q1,1989 Q3,2009 Q2,0.483331022067901,0.5342456063233846,-0.050914584255483564,0.002592294889908735,0.050914584255483564,0,0.3536247249804144
Ridge,2,2009 Q3,2010 Q1,1989 Q3,2009 Q2,0.483331022067901,0.5368865911769031,-0.053555569109002055,0.0028681989825890953,0.053555569109002055,NA,176.8123624902073
Threshold ridge,2,2009 Q3,2010 Q1,1989 Q3,2009 Q2,0.483331022067901,0.5399098484012252,-0.05657882633332423,0.003201163589256463,0.05657882633332423,20,176.8123624902073
Post-threshold ridge,2,2009 Q3,2010 Q1,1989 Q3,2009 Q2,0.483331022067901,1.5738453170492845,-1.0905142949813835,1.189221427558744,1.0905142949813835,20,176.8123624902073
OCMT,2,2009 Q3,2010 Q1,1989 Q3,2009 Q2,0.483331022067901,0.5342456063233847,-0.050914584255483675,0.0025922948899087463,0.050914584255483675,0,NA
BMT,2,2009 Q3,2010 Q1,1989 Q3,2009 Q2,0.483331022067901,0.5342456063233847,-0.050914584255483675,0.0025922948899087463,0.050914584255483675,0,NA
AR,2,2009 Q4,2010 Q2,1989 Q4,2009 Q3,0.9629349822608546,0.7884118430154365,0.17452313924541807,0.030458326132075584,0.17452313924541807,0,NA
LASSO,2,2009 Q4,2010 Q2,1989 Q4,2009 Q3,0.9629349822608546,0.7884118430154367,0.17452313924541796,0.030458326132075546,0.17452313924541796,0,0.17488167570137159
Elastic net,2,2009 Q4,2010 Q2,1989 Q4,2009 Q3,0.9629349822608546,0.7884118430154367,0.17452313924541796,0.030458326132075546,0.17452313924541796,1,0.349763351402743
Ridge,2,2009 Q4,2010 Q2,1989 Q4,2009 Q3,0.9629349822608546,0.7900642641749815,0.17287071808587307,0.0298842851715254,0.17287071808587307,NA,174.88167570137165
Threshold ridge,2,2009 Q4,2010 Q2,1989 Q4,2009 Q3,0.9629349822608546,0.7887548303398202,0.17418015192103442,0.03033872532323463,0.17418015192103442,20,174.88167570137165
Post-threshold ridge,2,2009 Q4,2010 Q2,1989 Q4,2009 Q3,0.9629349822608546,1.090282968743361,-0.12734798648250645,0.016217509661148644,0.12734798648250645,20,174.88167570137165
OCMT,2,2009 Q4,2010 Q2,1989 Q4,2009 Q3,0.9629349822608546,0.7884118430154365,0.17452313924541807,0.030458326132075584,0.17452313924541807,0,NA
BMT,2,2009 Q4,2010 Q2,1989 Q4,2009 Q3,0.9629349822608546,0.7884118430154365,0.17452313924541807,0.030458326132075584,0.17452313924541807,0,NA
AR,2,2010 Q1,2010 Q3,1990 Q1,2009 Q4,0.7681272705003295,0.5797400756739474,0.1883871948263821,0.03548973517455325,0.1883871948263821,0,NA
LASSO,2,2010 Q1,2010 Q3,1990 Q1,2009 Q4,0.7681272705003295,0.5797400756739473,0.18838719482638222,0.03548973517455329,0.18838719482638222,1,0.17564783444116266
Elastic net,2,2010 Q1,2010 Q3,1990 Q1,2009 Q4,0.7681272705003295,0.5797400756739473,0.18838719482638222,0.03548973517455329,0.18838719482638222,0,0.35129566888232544
Ridge,2,2010 Q1,2010 Q3,1990 Q1,2009 Q4,0.7681272705003295,0.5864954366797847,0.18163183382054482,0.03299012305701401,0.18163183382054482,NA,175.64783444116284
Threshold ridge,2,2010 Q1,2010 Q3,1990 Q1,2009 Q4,0.7681272705003295,0.5826159979982395,0.18551127250208999,0.03441443222534469,0.18551127250208999,20,175.64783444116284
Post-threshold ridge,2,2010 Q1,2010 Q3,1990 Q1,2009 Q4,0.7681272705003295,0.31727383463820125,0.4508534358621282,0.20326882062868618,0.4508534358621282,20,175.64783444116284
OCMT,2,2010 Q1,2010 Q3,1990 Q1,2009 Q4,0.7681272705003295,0.5797400756739474,0.1883871948263821,0.03548973517455325,0.1883871948263821,0,NA
BMT,2,2010 Q1,2010 Q3,1990 Q1,2009 Q4,0.7681272705003295,0.5797400756739474,0.1883871948263821,0.03548973517455325,0.1883871948263821,0,NA
AR,2,2010 Q2,2010 Q4,1990 Q2,2010 Q1,0.523736364445071,0.7665452210062438,-0.2428088565611728,0.05895614082454419,0.2428088565611728,0,NA
LASSO,2,2010 Q2,2010 Q4,1990 Q2,2010 Q1,0.523736364445071,0.7665452210062439,-0.2428088565611729,0.058956140824544236,0.2428088565611729,1,0.17707260143473352
Elastic net,2,2010 Q2,2010 Q4,1990 Q2,2010 Q1,0.523736364445071,0.7665452210062439,-0.2428088565611729,0.058956140824544236,0.2428088565611729,0,0.35414520286946716
Ridge,2,2010 Q2,2010 Q4,1990 Q2,2010 Q1,0.523736364445071,0.7668445691234914,-0.24310820467842043,0.05910159918196476,0.24310820467842043,NA,177.07260143473346
Threshold ridge,2,2010 Q2,2010 Q4,1990 Q2,2010 Q1,0.523736364445071,0.7662449885411604,-0.24250862409608942,0.0588104327609784,0.24250862409608942,20,177.07260143473346
Post-threshold ridge,2,2010 Q2,2010 Q4,1990 Q2,2010 Q1,0.523736364445071,0.5476622216493384,-0.02392585720426743,5.724466429589957e-4,0.02392585720426743,20,177.07260143473346
OCMT,2,2010 Q2,2010 Q4,1990 Q2,2010 Q1,0.523736364445071,0.7665452210062438,-0.2428088565611728,0.05895614082454419,0.2428088565611728,0,NA
BMT,2,2010 Q2,2010 Q4,1990 Q2,2010 Q1,0.523736364445071,0.7665452210062438,-0.2428088565611728,0.05895614082454419,0.2428088565611728,0,NA
AR,2,2010 Q3,2011 Q1,1990 Q3,2010 Q2,-0.23748667360496967,0.7081703763469853,-0.945657049951955,0.8942672561238343,0.945657049951955,0,NA
LASSO,2,2010 Q3,2011 Q1,1990 Q3,2010 Q2,-0.23748667360496967,0.7081703763469853,-0.945657049951955,0.8942672561238343,0.945657049951955,0,0.19034586806824205
Elastic net,2,2010 Q3,2011 Q1,1990 Q3,2010 Q2,-0.23748667360496967,0.7081703763469853,-0.945657049951955,0.8942672561238343,0.945657049951955,0,0.38069173613648416
Ridge,2,2010 Q3,2011 Q1,1990 Q3,2010 Q2,-0.23748667360496967,0.709617872591884,-0.9471045461968537,0.8970070214267482,0.9471045461968537,NA,190.34586806824183
Threshold ridge,2,2010 Q3,2011 Q1,1990 Q3,2010 Q2,-0.23748667360496967,0.7096529005763319,-0.9471395741813016,0.8970733729803373,0.9471395741813016,17,190.34586806824183
Post-threshold ridge,2,2010 Q3,2011 Q1,1990 Q3,2010 Q2,-0.23748667360496967,1.114380862382986,-1.3518675359879557,1.8275458348581468,1.3518675359879557,17,190.34586806824183
OCMT,2,2010 Q3,2011 Q1,1990 Q3,2010 Q2,-0.23748667360496967,0.7081703763469853,-0.945657049951955,0.8942672561238343,0.945657049951955,0,NA
BMT,2,2010 Q3,2011 Q1,1990 Q3,2010 Q2,-0.23748667360496967,0.7081703763469853,-0.945657049951955,0.8942672561238343,0.945657049951955,0,NA
AR,2,2010 Q4,2011 Q2,1990 Q4,2010 Q3,0.6743037468666557,0.62360700715260875,0.05069673971404698,0.002570159417633828,0.05069673971404698,0,NA
LASSO,2,2010 Q4,2011 Q2,1990 Q4,2010 Q3,0.6743037468666557,0.6236070071526085,0.0506967397140472,0.0025701594176338505,0.0506967397140472,0,0.2122558961178232
Elastic net,2,2010 Q4,2011 Q2,1990 Q4,2010 Q3,0.6743037468666557,0.6236070071526085,0.0506967397140472,0.0025701594176338505,0.0506967397140472,1,0.42451179223564633
Ridge,2,2010 Q4,2011 Q2,1990 Q4,2010 Q3,0.6743037468666557,0.6185768998745153,0.05572684699214048,0.003105481475685436,0.05572684699214048,NA,212.25589611782334
Threshold ridge,2,2010 Q4,2011 Q2,1990 Q4,2010 Q3,0.6743037468666557,0.6259477579085083,0.04835598895814741,0.0023383016681204744,0.04835598895814741,16,212.25589611782334
Post-threshold ridge,2,2010 Q4,2011 Q2,1990 Q4,2010 Q3,0.6743037468666557,0.8640133404710292,-0.18970959360437345,0.03598972990553653,0.18970959360437345,16,212.25589611782334
OCMT,2,2010 Q4,2011 Q2,1990 Q4,2010 Q3,0.6743037468666557,0.62360700715260875,0.05069673971404698,0.002570159417633828,0.05069673971404698,0,NA
BMT,2,2010 Q4,2011 Q2,1990 Q4,2010 Q3,0.6743037468666557,0.62360700715260875,0.05069673971404698,0.002570159417633828,0.05069673971404698,0,NA
AR,2,2011 Q1,2011 Q3,1991 Q1,2010 Q4,-0.0223152255784953,0.33294297264531286,-0.35525819822380816,0.12620838740522658,0.35525819822380816,0,NA
LASSO,2,2011 Q1,2011 Q3,1991 Q1,2010 Q4,-0.0223152255784953,0.33294297264531303,-0.35525819822380833,0.1262083874052267,0.35525819822380833,1,0.2119128633884864
Elastic net,2,2011 Q1,2011 Q3,1991 Q1,2010 Q4,-0.0223152255784953,0.33294297264531303,-0.35525819822380833,0.1262083874052267,0.35525819822380833,0,0.4238257267769729
Ridge,2,2011 Q1,2011 Q3,1991 Q1,2010 Q4,-0.0223152255784953,0.3357301970703349,-0.3580454226488302,0.12819652467977946,0.3580454226488302,NA,211.91286338848658
Threshold ridge,2,2011 Q1,2011 Q3,1991 Q1,2010 Q4,-0.0223152255784953,0.3353683090328199,-0.3576835346113152,0.12793751093204392,0.3576835346113152,16,211.91286338848658
Post-threshold ridge,2,2011 Q1,2011 Q3,1991 Q1,2010 Q4,-0.0223152255784953,0.24535256733366143,-0.2676677929121567,0.0716460473624652,0.2676677929121567,16,211.91286338848658
OCMT,2,2011 Q1,2011 Q3,1991 Q1,2010 Q4,-0.0223152255784953,0.33294297264531286,-0.35525819822380816,0.12620838740522658,0.35525819822380816,0,NA
BMT,2,2011 Q1,2011 Q3,1991 Q1,2010 Q4,-0.0223152255784953,0.33294297264531286,-0.35525819822380816,0.12620838740522658,0.35525819822380816,0,NA
AR,2,2011 Q2,2011 Q4,1991 Q2,2011 Q1,1.1167896811464573,0.6597877799249158,0.4570019012215415,0.20885073772010357,0.4570019012215415,0,NA
LASSO,2,2011 Q2,2011 Q4,1991 Q2,2011 Q1,1.1167896811464573,0.6597877799249159,0.4570019012215414,0.20885073772010346,0.4570019012215414,1,0.2127410012632953
Elastic net,2,2011 Q2,2011 Q4,1991 Q2,2011 Q1,1.1167896811464573,0.6597877799249159,0.4570019012215414,0.20885073772010346,0.4570019012215414,1,0.42548200252659063
Ridge,2,2011 Q2,2011 Q4,1991 Q2,2011 Q1,1.1167896811464573,0.6526414478731228,0.46414823327333443,0.21543358245075767,0.46414823327333443,NA,212.7410012632955
Threshold ridge,2,2011 Q2,2011 Q4,1991 Q2,2011 Q1,1.1167896811464573,0.658315781419816,0.4584738997266413,0.21019831673055436,0.4584738997266413,16,212.7410012632955
Post-threshold ridge,2,2011 Q2,2011 Q4,1991 Q2,2011 Q1,1.1167896811464573,0.25676424409100795,0.8600254370554493,0.7396437523824166,0.8600254370554493,16,212.7410012632955
OCMT,2,2011 Q2,2011 Q4,1991 Q2,2011 Q1,1.1167896811464573,0.6597877799249158,0.4570019012215415,0.20885073772010357,0.4570019012215415,0,NA
BMT,2,2011 Q2,2011 Q4,1991 Q2,2011 Q1,1.1167896811464573,0.6597877799249158,0.4570019012215415,0.20885073772010357,0.4570019012215415,0,NA
AR,2,2011 Q3,2012 Q1,1991 Q3,2011 Q2,0.8350941818790147,0.39992159140857125,0.4351725904704435,0.18937518349675633,0.4351725904704435,0,NA
LASSO,2,2011 Q3,2012 Q1,1991 Q3,2011 Q2,0.8350941818790147,0.3999215914085711,0.43517259047044365,0.18937518349675647,0.43517259047044365,0,0.21894999968969087
Elastic net,2,2011 Q3,2012 Q1,1991 Q3,2011 Q2,0.8350941818790147,0.3999215914085711,0.43517259047044365,0.18937518349675647,0.43517259047044365,0,0.4378999993793816
Ridge,2,2011 Q3,2012 Q1,1991 Q3,2011 Q2,0.8350941818790147,0.4054951269985879,0.4295990548804268,0.18455534795415598,0.4295990548804268,NA,218.94999968969057
Threshold ridge,2,2011 Q3,2012 Q1,1991 Q3,2011 Q2,0.8350941818790147,0.40520146962711934,0.4298927122518954,0.18480774404729094,0.4298927122518954,16,218.94999968969057
Post-threshold ridge,2,2011 Q3,2012 Q1,1991 Q3,2011 Q2,0.8350941818790147,0.7288302851377111,0.10626389674130365,0.011292015750646445,0.10626389674130365,16,218.94999968969057
OCMT,2,2011 Q3,2012 Q1,1991 Q3,2011 Q2,0.8350941818790147,0.5051978021199164,0.32989637975909836,0.10883162137815924,0.32989637975909836,1,NA
BMT,2,2011 Q3,2012 Q1,1991 Q3,2011 Q2,0.8350941818790147,0.5051978021199164,0.32989637975909836,0.10883162137815924,0.32989637975909836,1,NA
AR,2,2011 Q4,2012 Q2,1991 Q4,2011 Q3,0.4453416266322563,0.8365187651653881,-0.39117713853313185,0.15301955371096904,0.39117713853313185,0,NA
LASSO,2,2011 Q4,2012 Q2,1991 Q4,2011 Q3,0.4453416266322563,0.836518765165388,-0.39117713853313174,0.15301955371096895,0.39117713853313174,0,0.21972816777732507
Elastic net,2,2011 Q4,2012 Q2,1991 Q4,2011 Q3,0.4453416266322563,0.836518765165388,-0.39117713853313174,0.15301955371096895,0.39117713853313174,1,0.43945633555465
Ridge,2,2011 Q4,2012 Q2,1991 Q4,2011 Q3,0.4453416266322563,0.8386933781096969,-0.3933517514774406,0.1547256003903702,0.3933517514774406,NA,219.7281677773251
Threshold ridge,2,2011 Q4,2012 Q2,1991 Q4,2011 Q3,0.4453416266322563,0.8378465947453543,-0.392504968113098,0.15406014999346407,0.392504968113098,16,219.7281677773251
Post-threshold ridge,2,2011 Q4,2012 Q2,1991 Q4,2011 Q3,0.4453416266322563,1.2091052853070752,-0.7637636586748189,0.5833349263123452,0.7637636586748189,16,219.7281677773251
OCMT,2,2011 Q4,2012 Q2,1991 Q4,2011 Q3,0.4453416266322563,1.0328002875900142,-0.5874586609577579,0.34510767833428196,0.5874586609577579,1,NA
BMT,2,2011 Q4,2012 Q2,1991 Q4,2011 Q3,0.4453416266322563,1.0328002875900142,-0.5874586609577579,0.34510767833428196,0.5874586609577579,1,NA
AR,2,2012 Q1,2012 Q3,1992 Q1,2011 Q4,0.14392437648620415,0.7175597584446307,-0.5736353819584266,0.3290575514345899,0.5736353819584266,0,NA
LASSO,2,2012 Q1,2012 Q3,1992 Q1,2011 Q4,0.14392437648620415,0.7175597584446307,-0.5736353819584266,0.3290575514345899,0.5736353819584266,1,0.21389949764806232
Elastic net,2,2012 Q1,2012 Q3,1992 Q1,2011 Q4,0.14392437648620415,0.7175597584446307,-0.5736353819584266,0.3290575514345899,0.5736353819584266,0,0.4277989952961247
Ridge,2,2012 Q1,2012 Q3,1992 Q1,2011 Q4,0.14392437648620415,0.7139983521737627,-0.5700739756875586,0.3249843377562191,0.5700739756875586,NA,213.89949764806215
Threshold ridge,2,2012 Q1,2012 Q3,1992 Q1,2011 Q4,0.14392437648620415,0.7166785173262706,-0.5727541408400665,0.3280473058494427,0.5727541408400665,16,213.89949764806215
Post-threshold ridge,2,2012 Q1,2012 Q3,1992 Q1,2011 Q4,0.14392437648620415,0.4971402981176437,-0.35321592163143956,0.12476148729394725,0.35321592163143956,16,213.89949764806215
OCMT,2,2012 Q1,2012 Q3,1992 Q1,2011 Q4,0.14392437648620415,0.7175597584446307,-0.5736353819584266,0.3290575514345899,0.5736353819584266,0,NA
BMT,2,2012 Q1,2012 Q3,1992 Q1,2011 Q4,0.14392437648620415,0.7175597584446307,-0.5736353819584266,0.3290575514345899,0.5736353819584266,0,NA
AR,2,2012 Q2,2012 Q4,1992 Q2,2012 Q1,0.11557374157504796,0.5614734192462288,-0.4458996776711809,0.19882652254726302,0.4458996776711809,0,NA
LASSO,2,2012 Q2,2012 Q4,1992 Q2,2012 Q1,0.11557374157504796,0.561473419246229,-0.445899677671181,0.1988265225472631,0.445899677671181,0,0.2165014106781606
Elastic net,2,2012 Q2,2012 Q4,1992 Q2,2012 Q1,0.11557374157504796,0.561473419246229,-0.445899677671181,0.1988265225472631,0.445899677671181,0,0.4330028213563212
Ridge,2,2012 Q2,2012 Q4,1992 Q2,2012 Q1,0.11557374157504796,0.5586164840218693,-0.4430427424468213,0.19628687163480044,0.4430427424468213,NA,216.50141067816034
Threshold ridge,2,2012 Q2,2012 Q4,1992 Q2,2012 Q1,0.11557374157504796,0.5621931697204461,-0.4466194281453981,0.19946891359692243,0.4466194281453981,16,216.50141067816034
Post-threshold ridge,2,2012 Q2,2012 Q4,1992 Q2,2012 Q1,0.11557374157504796,0.5980417105086868,-0.48246796893363886,0.23277534104695072,0.48246796893363886,16,216.50141067816034
OCMT,2,2012 Q2,2012 Q4,1992 Q2,2012 Q1,0.11557374157504796,0.5614734192462288,-0.4458996776711809,0.19882652254726302,0.4458996776711809,0,NA
BMT,2,2012 Q2,2012 Q4,1992 Q2,2012 Q1,0.11557374157504796,0.5614734192462288,-0.4458996776711809,0.19882652254726302,0.4458996776711809,0,NA
AR,2,2012 Q3,2013 Q1,1992 Q3,2012 Q2,0.9817259265515688,0.43988317648047454,0.5418427500710943,0.2935935658046063,0.5418427500710943,0,NA
LASSO,2,2012 Q3,2013 Q1,1992 Q3,2012 Q2,0.9817259265515688,0.4398831764804747,0.5418427500710941,0.2935935658046061,0.5418427500710941,1,0.21447235303235135
Elastic net,2,2012 Q3,2013 Q1,1992 Q3,2012 Q2,0.9817259265515688,0.43988317648047465,0.5418427500710941,0.2935935658046061,0.5418427500710941,0,0.4289447060647028
Ridge,2,2012 Q3,2013 Q1,1992 Q3,2012 Q2,0.9817259265515688,0.43941489652062904,0.5423110300309397,0.2941012532932188,0.5423110300309397,NA,214.47235303235155
Threshold ridge,2,2012 Q3,2013 Q1,1992 Q3,2012 Q2,0.9817259265515688,0.44251502751798033,0.5392108990335884,0.2907483936366107,0.5392108990335884,16,214.47235303235155
Post-threshold ridge,2,2012 Q3,2013 Q1,1992 Q3,2012 Q2,0.9817259265515688,0.5532028178638427,0.42852310868772603,0.18363205467939264,0.42852310868772603,16,214.47235303235155
OCMT,2,2012 Q3,2013 Q1,1992 Q3,2012 Q2,0.9817259265515688,0.43988317648047454,0.5418427500710943,0.2935935658046063,0.5418427500710943,0,NA
BMT,2,2012 Q3,2013 Q1,1992 Q3,2012 Q2,0.9817259265515688,0.43988317648047454,0.5418427500710943,0.2935935658046063,0.5418427500710943,0,NA
AR,2,2012 Q4,2013 Q2,1992 Q4,2012 Q3,0.26727882651371715,0.4445297972063761,-0.17725097069265894,0.03141790661148984,0.17725097069265894,0,NA
LASSO,2,2012 Q4,2013 Q2,1992 Q4,2012 Q3,0.26727882651371715,0.4445297972063761,-0.17725097069265894,0.03141790661148984,0.17725097069265894,0,0.21794194961793087
Elastic net,2,2012 Q4,2013 Q2,1992 Q4,2012 Q3,0.26727882651371715,0.4445297972063761,-0.17725097069265894,0.03141790661148984,0.17725097069265894,0,0.43588389923586174
Ridge,2,2012 Q4,2013 Q2,1992 Q4,2012 Q3,0.26727882651371715,0.4434604777032847,-0.17618165118956752,0.03103997421588244,0.17618165118956752,NA,217.94194961793087
Threshold ridge,2,2012 Q4,2013 Q2,1992 Q4,2012 Q3,0.26727882651371715,0.4470910338989989,-0.17981220738528175,0.03233242992476757,0.17981220738528175,16,217.94194961793087
Post-threshold ridge,2,2012 Q4,2013 Q2,1992 Q4,2012 Q3,0.26727882651371715,0.2493963230368304,0.017882503476886746,3.197839306008666e-4,0.017882503476886746,16,217.94194961793087
OCMT,2,2012 Q4,2013 Q2,1992 Q4,2012 Q3,0.26727882651371715,-0.023240388086148034,0.2905192145998652,0.08440141405172252,0.2905192145998652,1,NA
BMT,2,2012 Q4,2013 Q2,1992 Q4,2012 Q3,0.26727882651371715,-0.023240388086148034,0.2905192145998652,0.08440141405172252,0.2905192145998652,1,NA
AR,2,2013 Q1,2013 Q3,1993 Q1,2012 Q4,0.8477896552497199,0.7699459457485288,0.07784370950119113,0.006059643108905834,0.07784370950119113,0,NA
LASSO,2,2013 Q1,2013 Q3,1993 Q1,2012 Q4,0.8477896552497199,0.7699459457485288,0.07784370950119113,0.006059643108905834,0.07784370950119113,1,0.21807574817622397
Elastic net,2,2013 Q1,2013 Q3,1993 Q1,2012 Q4,0.8477896552497199,0.7699459457485288,0.07784370950119113,0.006059643108905834,0.07784370950119113,1,0.436151496352448
Ridge,2,2013 Q1,2013 Q3,1993 Q1,2012 Q4,0.8477896552497199,0.7670699424269477,0.08071971282277224,0.006515672038190821,0.08071971282277224,NA,218.07574817622415
Threshold ridge,2,2013 Q1,2013 Q3,1993 Q1,2012 Q4,0.8477896552497199,0.7700809588692482,0.07770869638047173,0.00603864149315234,0.07770869638047173,17,218.07574817622415
Post-threshold ridge,2,2013 Q1,2013 Q3,1993 Q1,2012 Q4,0.8477896552497199,0.3216921201012628,0.5260975351484571,0.2767786164892821,0.5260975351484571,17,218.07574817622415
OCMT,2,2013 Q1,2013 Q3,1993 Q1,2012 Q4,0.8477896552497199,0.7699459457485288,0.07784370950119113,0.006059643108905834,0.07784370950119113,0,NA
BMT,2,2013 Q1,2013 Q3,1993 Q1,2012 Q4,0.8477896552497199,0.7699459457485288,0.07784370950119113,0.006059643108905834,0.07784370950119113,0,NA
AR,2,2013 Q2,2013 Q4,1993 Q2,2013 Q1,0.8679640238263175,0.4998797226104871,0.36808430121583047,0.13548605280154621,0.36808430121583047,0,NA
LASSO,2,2013 Q2,2013 Q4,1993 Q2,2013 Q1,0.8679640238263175,0.4998797226104872,0.36808430121583036,0.13548605280154613,0.36808430121583036,0,0.21815579148650874
Elastic net,2,2013 Q2,2013 Q4,1993 Q2,2013 Q1,0.8679640238263175,0.4998797226104872,0.36808430121583036,0.13548605280154613,0.36808430121583036,0,0.4363115829730175
Ridge,2,2013 Q2,2013 Q4,1993 Q2,2013 Q1,0.8679640238263175,0.4999177370305733,0.36804628679574425,0.13545806922413522,0.36804628679574425,NA,218.1557914865089
Threshold ridge,2,2013 Q2,2013 Q4,1993 Q2,2013 Q1,0.8679640238263175,0.501186155840399,0.3667778679859185,0.13452600444429585,0.3667778679859185,16,218.1557914865089
Post-threshold ridge,2,2013 Q2,2013 Q4,1993 Q2,2013 Q1,0.8679640238263175,0.48422348846782914,0.3837405353584884,0.1472567984772193,0.3837405353584884,16,218.1557914865089
OCMT,2,2013 Q2,2013 Q4,1993 Q2,2013 Q1,0.8679640238263175,0.4998797226104871,0.36808430121583047,0.13548605280154621,0.36808430121583047,0,NA
BMT,2,2013 Q2,2013 Q4,1993 Q2,2013 Q1,0.8679640238263175,0.4998797226104871,0.36808430121583047,0.13548605280154621,0.36808430121583047,0,NA
AR,2,2013 Q3,2014 Q1,1993 Q3,2013 Q2,-0.34569281496601434,0.7150726382195284,-1.0607654531855428,1.1252233466719301,1.0607654531855428,0,NA
LASSO,2,2013 Q3,2014 Q1,1993 Q3,2013 Q2,-0.34569281496601434,0.7150726382195285,-1.0607654531855428,1.1252233466719301,1.0607654531855428,1,0.2116549530745314
Elastic net,2,2013 Q3,2014 Q1,1993 Q3,2013 Q2,-0.34569281496601434,0.7150726382195285,-1.0607654531855428,1.1252233466719301,1.0607654531855428,0,0.42330990614906283
Ridge,2,2013 Q3,2014 Q1,1993 Q3,2013 Q2,-0.34569281496601434,0.710883058326535,-1.0565758732925494,1.1163525760239135,1.0565758732925494,NA,211.6549530745315
Threshold ridge,2,2013 Q3,2014 Q1,1993 Q3,2013 Q2,-0.34569281496601434,0.7144915836926911,-1.0601843986587054,1.1239909591593207,1.0601843986587054,15,211.6549530745315
Post-threshold ridge,2,2013 Q3,2014 Q1,1993 Q3,2013 Q2,-0.34569281496601434,0.8371816683320956,-1.18287448329811,1.3991920432377707,1.18287448329811,15,211.6549530745315
OCMT,2,2013 Q3,2014 Q1,1993 Q3,2013 Q2,-0.34569281496601434,0.7150726382195284,-1.0607654531855428,1.1252233466719301,1.0607654531855428,0,NA
BMT,2,2013 Q3,2014 Q1,1993 Q3,2013 Q2,-0.34569281496601434,0.7150726382195284,-1.0607654531855428,1.1252233466719301,1.0607654531855428,0,NA
AR,2,2013 Q4,2014 Q2,1993 Q4,2013 Q3,1.283569022914932,0.7034328993457211,0.5801361235692108,0.3365579218699107,0.5801361235692108,0,NA
LASSO,2,2013 Q4,2014 Q2,1993 Q4,2013 Q3,1.283569022914932,0.7034328993457213,0.5801361235692106,0.3365579218699104,0.5801361235692106,1,0.2078161494230868
Elastic net,2,2013 Q4,2014 Q2,1993 Q4,2013 Q3,1.283569022914932,0.7034328993457213,0.5801361235692106,0.3365579218699104,0.5801361235692106,0,0.41563229884617364
Ridge,2,2013 Q4,2014 Q2,1993 Q4,2013 Q3,1.283569022914932,0.6990831656541222,0.5844858572608097,0.34162371733790364,0.5844858572608097,NA,207.81614942308687
Threshold ridge,2,2013 Q4,2014 Q2,1993 Q4,2013 Q3,1.283569022914932,0.7020296220051515,0.5815394009097804,0.3381880748105063,0.5815394009097804,14,207.81614942308687
Post-threshold ridge,2,2013 Q4,2014 Q2,1993 Q4,2013 Q3,1.283569022914932,0.6383575540291587,0.6452114688857732,0.41629783958173705,0.6452114688857732,14,207.81614942308687
OCMT,2,2013 Q4,2014 Q2,1993 Q4,2013 Q3,1.283569022914932,0.7034328993457211,0.5801361235692108,0.3365579218699107,0.5801361235692108,0,NA
BMT,2,2013 Q4,2014 Q2,1993 Q4,2013 Q3,1.283569022914932,0.7034328993457211,0.5801361235692108,0.3365579218699107,0.5801361235692108,0,NA
AR,2,2014 Q1,2014 Q3,1994 Q1,2013 Q4,1.2080648325781596,0.2598289689175848,0.9482358636605748,0.8991512531321162,0.9482358636605748,0,NA
LASSO,2,2014 Q1,2014 Q3,1994 Q1,2013 Q4,1.2080648325781596,0.2598289689175848,0.9482358636605748,0.8991512531321162,0.9482358636605748,1,0.20738325944356617
Elastic net,2,2014 Q1,2014 Q3,1994 Q1,2013 Q4,1.2080648325781596,0.2598289689175848,0.9482358636605748,0.8991512531321162,0.9482358636605748,1,0.41476651888713234
Ridge,2,2014 Q1,2014 Q3,1994 Q1,2013 Q4,1.2080648325781596,0.2651534115610691,0.9429114210170905,0.8890819478844688,0.9429114210170905,NA,207.38325944356603
Threshold ridge,2,2014 Q1,2014 Q3,1994 Q1,2013 Q4,1.2080648325781596,0.2661152400927267,0.9419495924854329,0.8872690347834731,0.9419495924854329,13,207.38325944356603
Post-threshold ridge,2,2014 Q1,2014 Q3,1994 Q1,2013 Q4,1.2080648325781596,0.6621663403156716,0.545898492262488,0.29800516385445763,0.545898492262488,13,207.38325944356603
OCMT,2,2014 Q1,2014 Q3,1994 Q1,2013 Q4,1.2080648325781596,0.2598289689175848,0.9482358636605748,0.8991512531321162,0.9482358636605748,0,NA
BMT,2,2014 Q1,2014 Q3,1994 Q1,2013 Q4,1.2080648325781596,0.2598289689175848,0.9482358636605748,0.8991512531321162,0.9482358636605748,0,NA
AR,2,2014 Q2,2014 Q4,1994 Q2,2014 Q1,0.5044586015433339,0.851356499336085,-0.34689789779275115,0.12033815149303002,0.34689789779275115,0,NA
LASSO,2,2014 Q2,2014 Q4,1994 Q2,2014 Q1,0.5044586015433339,0.8513564993360854,-0.3468978977927515,0.12033815149303026,0.3468978977927515,0,0.20048100969462931
Elastic net,2,2014 Q2,2014 Q4,1994 Q2,2014 Q1,0.5044586015433339,0.8513564993360854,-0.3468978977927515,0.12033815149303026,0.3468978977927515,0,0.4009620193892586
Ridge,2,2014 Q2,2014 Q4,1994 Q2,2014 Q1,0.5044586015433339,0.8278748326980006,-0.32341623115466667,0.10459805857428878,0.32341623115466667,NA,27.126038401283147
Threshold ridge,2,2014 Q2,2014 Q4,1994 Q2,2014 Q1,0.5044586015433339,0.8247983143505018,-0.3203397128071679,0.1026175316013788,0.3203397128071679,15,27.126038401283147
Post-threshold ridge,2,2014 Q2,2014 Q4,1994 Q2,2014 Q1,0.5044586015433339,0.7667234552927154,-0.26226485374938147,0.06878285351218445,0.26226485374938147,15,27.126038401283147
OCMT,2,2014 Q2,2014 Q4,1994 Q2,2014 Q1,0.5044586015433339,0.851356499336085,-0.34689789779275115,0.12033815149303002,0.34689789779275115,0,NA
BMT,2,2014 Q2,2014 Q4,1994 Q2,2014 Q1,0.5044586015433339,0.851356499336085,-0.34689789779275115,0.12033815149303002,0.34689789779275115,0,NA
AR,2,2014 Q3,2015 Q1,1994 Q3,2014 Q2,0.8964547876924911,0.810302618032905,0.08615216965958605,0.0074221963370541,0.08615216965958605,0,NA
LASSO,2,2014 Q3,2015 Q1,1994 Q3,2014 Q2,0.8964547876924911,0.8103026180329053,0.08615216965958583,0.007422196337054062,0.08615216965958583,1,0.19871036686471977
Elastic net,2,2014 Q3,2015 Q1,1994 Q3,2014 Q2,0.8964547876924911,0.8103026180329053,0.08615216965958583,0.007422196337054062,0.08615216965958583,1,0.39742073372943953
Ridge,2,2014 Q3,2015 Q1,1994 Q3,2014 Q2,0.8964547876924911,0.7692242342089115,0.1272305534835796,0.016187613739738007,0.1272305534835796,NA,29.507858817505078
Threshold ridge,2,2014 Q3,2015 Q1,1994 Q3,2014 Q2,0.8964547876924911,0.7775760855211177,0.11887870217137342,0.014132145829950104,0.11887870217137342,15,29.507858817505078
Post-threshold ridge,2,2014 Q3,2015 Q1,1994 Q3,2014 Q2,0.8964547876924911,0.5147226405948392,0.3817321470976519,0.14571943212778335,0.3817321470976519,15,29.507858817505078
OCMT,2,2014 Q3,2015 Q1,1994 Q3,2014 Q2,0.8964547876924911,0.810302618032905,0.08615216965958605,0.0074221963370541,0.08615216965958605,0,NA
BMT,2,2014 Q3,2015 Q1,1994 Q3,2014 Q2,0.8964547876924911,0.810302618032905,0.08615216965958605,0.0074221963370541,0.08615216965958605,0,NA
AR,2,2014 Q4,2015 Q2,1994 Q4,2014 Q3,0.6174946582536478,0.5853881639495621,0.03210649430408574,0.00103082697649829,0.03210649430408574,0,NA
LASSO,2,2014 Q4,2015 Q2,1994 Q4,2014 Q3,0.6174946582536478,0.5853881639495623,0.03210649430408552,0.001030826976498276,0.03210649430408552,0,0.19924796454110594
Elastic net,2,2014 Q4,2015 Q2,1994 Q4,2014 Q3,0.6174946582536478,0.5853881639495623,0.03210649430408552,0.001030826976498276,0.03210649430408552,0,0.3984959290822118
Ridge,2,2014 Q4,2015 Q2,1994 Q4,2014 Q3,0.6174946582536478,0.5888012462081129,0.028693412045534883,8.233118948148463e-4,0.028693412045534883,NA,30.99653051633038
Threshold ridge,2,2014 Q4,2015 Q2,1994 Q4,2014 Q3,0.6174946582536478,0.5901868117937115,0.027307846459936336,7.457184782794574e-4,0.027307846459936336,14,30.99653051633038
Post-threshold ridge,2,2014 Q4,2015 Q2,1994 Q4,2014 Q3,0.6174946582536478,0.2636781738706042,0.3538164843830436,0.12518610462117652,0.3538164843830436,14,30.99653051633038
OCMT,2,2014 Q4,2015 Q2,1994 Q4,2014 Q3,0.6174946582536478,0.5853881639495621,0.03210649430408574,0.00103082697649829,0.03210649430408574,0,NA
BMT,2,2014 Q4,2015 Q2,1994 Q4,2014 Q3,0.6174946582536478,0.5853881639495621,0.03210649430408574,0.00103082697649829,0.03210649430408574,0,NA
AR,2,2015 Q1,2015 Q3,1995 Q1,2014 Q4,0.3994462115690211,0.7222284859473433,-0.32278227437832224,0.1041883966528425,0.32278227437832224,0,NA
LASSO,2,2015 Q1,2015 Q3,1995 Q1,2014 Q4,0.3994462115690211,0.7222284859473433,-0.32278227437832224,0.1041883966528425,0.32278227437832224,0,0.20351471274792787
Elastic net,2,2015 Q1,2015 Q3,1995 Q1,2014 Q4,0.3994462115690211,0.7222284859473433,-0.32278227437832224,0.1041883966528425,0.32278227437832224,0,0.4070294254958558
Ridge,2,2015 Q1,2015 Q3,1995 Q1,2014 Q4,0.3994462115690211,0.7197182074347324,-0.32027199586571126,0.10257415133580616,0.32027199586571126,NA,14.357560657593263
Threshold ridge,2,2015 Q1,2015 Q3,1995 Q1,2014 Q4,0.3994462115690211,0.6831021874837021,-0.283655975914681,0.0804607126721101,0.283655975914681,13,14.357560657593263
Post-threshold ridge,2,2015 Q1,2015 Q3,1995 Q1,2014 Q4,0.3994462115690211,0.40581489063874127,-0.006368679069720162,4.056007309309167e-5,0.006368679069720162,13,14.357560657593263
OCMT,2,2015 Q1,2015 Q3,1995 Q1,2014 Q4,0.3994462115690211,0.7222284859473433,-0.32278227437832224,0.1041883966528425,0.32278227437832224,0,NA
BMT,2,2015 Q1,2015 Q3,1995 Q1,2014 Q4,0.3994462115690211,0.7222284859473433,-0.32278227437832224,0.1041883966528425,0.32278227437832224,0,NA
AR,2,2015 Q2,2015 Q4,1995 Q2,2015 Q1,0.18430917271050615,0.6210307019647688,-0.43672152925426266,0.1907256941141818,0.43672152925426266,0,NA
LASSO,2,2015 Q2,2015 Q4,1995 Q2,2015 Q1,0.18430917271050615,0.6210307019647691,-0.4367215292542629,0.190725694114182,0.4367215292542629,0,0.20327916267199586
Elastic net,2,2015 Q2,2015 Q4,1995 Q2,2015 Q1,0.18430917271050615,0.6210307019647691,-0.4367215292542629,0.190725694114182,0.4367215292542629,0,0.4065583253439917
Ridge,2,2015 Q2,2015 Q4,1995 Q2,2015 Q1,0.18430917271050615,0.5879188306547661,-0.40360965794425996,0.16290075598588252,0.40360965794425996,NA,50.353800752059456
Threshold ridge,2,2015 Q2,2015 Q4,1995 Q2,2015 Q1,0.18430917271050615,0.6144735346629375,-0.43016436195243135,0.18504137829394238,0.43016436195243135,13,50.353800752059456
Post-threshold ridge,2,2015 Q2,2015 Q4,1995 Q2,2015 Q1,0.18430917271050615,0.2844672830394585,-0.10015811032895236,0.010031647064666593,0.10015811032895236,13,50.353800752059456
OCMT,2,2015 Q2,2015 Q4,1995 Q2,2015 Q1,0.18430917271050615,0.6210307019647688,-0.43672152925426266,0.1907256941141818,0.43672152925426266,0,NA
BMT,2,2015 Q2,2015 Q4,1995 Q2,2015 Q1,0.18430917271050615,0.6210307019647688,-0.43672152925426266,0.1907256941141818,0.43672152925426266,0,NA
AR,2,2015 Q3,2016 Q1,1995 Q3,2015 Q2,0.5778466518471248,0.5401910137461033,0.03765563810102146,0.001417947080795099,0.03765563810102146,0,NA
LASSO,2,2015 Q3,2016 Q1,1995 Q3,2015 Q2,0.5778466518471248,0.5401910137461036,0.03765563810102124,0.0014179470807950823,0.03765563810102124,0,0.20177330537067892
Elastic net,2,2015 Q3,2016 Q1,1995 Q3,2015 Q2,0.5778466518471248,0.5401910137461036,0.03765563810102124,0.0014179470807950823,0.03765563810102124,0,0.40354661074135784
Ridge,2,2015 Q3,2016 Q1,1995 Q3,2015 Q2,0.5778466518471248,0.5360666914621586,0.04177996038496623,0.0017455650897693475,0.04177996038496623,NA,145.69665030900427
Threshold ridge,2,2015 Q3,2016 Q1,1995 Q3,2015 Q2,0.5778466518471248,0.5405973749735016,0.03724927687362323,0.0013875086276078422,0.03724927687362323,13,145.69665030900427
Post-threshold ridge,2,2015 Q3,2016 Q1,1995 Q3,2015 Q2,0.5778466518471248,0.20082427458740187,0.37702237725972293,0.14214587295457284,0.37702237725972293,13,145.69665030900427
OCMT,2,2015 Q3,2016 Q1,1995 Q3,2015 Q2,0.5778466518471248,0.5401910137461033,0.03765563810102146,0.001417947080795099,0.03765563810102146,0,NA
BMT,2,2015 Q3,2016 Q1,1995 Q3,2015 Q2,0.5778466518471248,0.5401910137461033,0.03765563810102146,0.001417947080795099,0.03765563810102146,0,NA
AR,2,2015 Q4,2016 Q2,1995 Q4,2015 Q3,0.32060956626729364,0.4679067485952784,-0.14729718232798478,0.02169645992176359,0.14729718232798478,0,NA
LASSO,2,2015 Q4,2016 Q2,1995 Q4,2015 Q3,0.32060956626729364,0.4679067485952786,-0.14729718232798494,0.02169645992176364,0.14729718232798494,0,0.20166646137774769
Elastic net,2,2015 Q4,2016 Q2,1995 Q4,2015 Q3,0.32060956626729364,0.4679067485952786,-0.14729718232798494,0.02169645992176364,0.14729718232798494,0,0.4033329227554953
Ridge,2,2015 Q4,2016 Q2,1995 Q4,2015 Q3,0.32060956626729364,0.47304308542671625,-0.1524335191594226,0.023235977763326057,0.1524335191594226,NA,126.65241514956674
Threshold ridge,2,2015 Q4,2016 Q2,1995 Q4,2015 Q3,0.32060956626729364,0.4710141428243886,-0.15040457655709494,0.022621536649319034,0.15040457655709494,13,126.65241514956674
Post-threshold ridge,2,2015 Q4,2016 Q2,1995 Q4,2015 Q3,0.32060956626729364,0.4626249687030035,-0.14201540243570987,0.02016837452897663,0.14201540243570987,13,126.65241514956674
OCMT,2,2015 Q4,2016 Q2,1995 Q4,2015 Q3,0.32060956626729364,0.4679067485952784,-0.14729718232798478,0.02169645992176359,0.14729718232798478,0,NA
BMT,2,2015 Q4,2016 Q2,1995 Q4,2015 Q3,0.32060956626729364,0.4679067485952784,-0.14729718232798478,0.02169645992176359,0.14729718232798478,0,NA
AR,2,2016 Q1,2016 Q3,1996 Q1,2015 Q4,0.7068859191104337,0.585382992517956,0.12150292659247774,0.014762961170537036,0.12150292659247774,0,NA
LASSO,2,2016 Q1,2016 Q3,1996 Q1,2015 Q4,0.7068859191104337,0.5853829925179562,0.12150292659247752,0.014762961170536982,0.12150292659247752,0,0.20049236263855452
Elastic net,2,2016 Q1,2016 Q3,1996 Q1,2015 Q4,0.7068859191104337,0.5853829925179562,0.12150292659247752,0.014762961170536982,0.12150292659247752,0,0.400984725277109
Ridge,2,2016 Q1,2016 Q3,1996 Q1,2015 Q4,0.7068859191104337,0.5863837385122661,0.12050218059816764,0.01452077552891341,0.12050218059816764,NA,200.49236263855457
Threshold ridge,2,2016 Q1,2016 Q3,1996 Q1,2015 Q4,0.7068859191104337,0.5862611066502624,0.12062481246017132,0.0145503453810515,0.12062481246017132,12,200.49236263855457
Post-threshold ridge,2,2016 Q1,2016 Q3,1996 Q1,2015 Q4,0.7068859191104337,0.6119755807305508,0.09491033837988294,0.009007972331383882,0.09491033837988294,12,200.49236263855457
OCMT,2,2016 Q1,2016 Q3,1996 Q1,2015 Q4,0.7068859191104337,0.585382992517956,0.12150292659247774,0.014762961170537036,0.12150292659247774,0,NA
BMT,2,2016 Q1,2016 Q3,1996 Q1,2015 Q4,0.7068859191104337,0.585382992517956,0.12150292659247774,0.014762961170537036,0.12150292659247774,0,NA
AR,2,2016 Q2,2016 Q4,1996 Q2,2016 Q1,0.5527685286210726,0.4977427255585245,0.05502580306254812,0.00302783900267833,0.05502580306254812,0,NA
LASSO,2,2016 Q2,2016 Q4,1996 Q2,2016 Q1,0.5527685286210726,0.4977427255585248,0.05502580306254784,0.003027839002678299,0.05502580306254784,0,0.20472426681209305
Elastic net,2,2016 Q2,2016 Q4,1996 Q2,2016 Q1,0.5527685286210726,0.49774272555852483,0.055025803062547785,0.003027839002678293,0.055025803062547785,1,0.409448533624186
Ridge,2,2016 Q2,2016 Q4,1996 Q2,2016 Q1,0.5527685286210726,0.5005015491174196,0.052266979503653,0.0027318371464352827,0.052266979503653,NA,204.72426681209313
Threshold ridge,2,2016 Q2,2016 Q4,1996 Q2,2016 Q1,0.5527685286210726,0.4988554073235976,0.053913121297475,0.0029066246480362523,0.053913121297475,11,204.72426681209313
Post-threshold ridge,2,2016 Q2,2016 Q4,1996 Q2,2016 Q1,0.5527685286210726,0.6385936685375079,-0.08582513991643526,0.007365954641675688,0.08582513991643526,11,204.72426681209313
OCMT,2,2016 Q2,2016 Q4,1996 Q2,2016 Q1,0.5527685286210726,0.4977427255585245,0.05502580306254812,0.00302783900267833,0.05502580306254812,0,NA
BMT,2,2016 Q2,2016 Q4,1996 Q2,2016 Q1,0.5527685286210726,0.4977427255585245,0.05502580306254812,0.00302783900267833,0.05502580306254812,0,NA
AR,2,2016 Q3,2017 Q1,1996 Q3,2016 Q2,0.48570873310360696,0.6261738750454824,-0.14046514194187543,0.01973045610075121,0.14046514194187543,0,NA
LASSO,2,2016 Q3,2017 Q1,1996 Q3,2016 Q2,0.48570873310360696,0.6261738750454826,-0.14046514194187565,0.019730456100751272,0.14046514194187565,1,0.20468115859889136
Elastic net,2,2016 Q3,2017 Q1,1996 Q3,2016 Q2,0.48570873310360696,0.6261738750454826,-0.14046514194187565,0.019730456100751272,0.14046514194187565,0,0.4093623171977829
Ridge,2,2016 Q3,2017 Q1,1996 Q3,2016 Q2,0.48570873310360696,0.6248460775352707,-0.1391373444316637,0.01935920061549542,0.1391373444316637,NA,204.6811585988912
Threshold ridge,2,2016 Q3,2017 Q1,1996 Q3,2016 Q2,0.48570873310360696,0.6253832523116715,-0.1396745192080645,0.01950897131600398,0.1396745192080645,11,204.6811585988912
Post-threshold ridge,2,2016 Q3,2017 Q1,1996 Q3,2016 Q2,0.48570873310360696,0.6858151068796139,-0.20010637377600693,0.040042560825782995,0.20010637377600693,11,204.6811585988912
OCMT,2,2016 Q3,2017 Q1,1996 Q3,2016 Q2,0.48570873310360696,0.6261738750454824,-0.14046514194187543,0.01973045610075121,0.14046514194187543,0,NA
BMT,2,2016 Q3,2017 Q1,1996 Q3,2016 Q2,0.48570873310360696,0.6261738750454824,-0.14046514194187543,0.01973045610075121,0.14046514194187543,0,NA
AR,2,2016 Q4,2017 Q2,1996 Q4,2016 Q3,0.5583111012978037,0.5739540427252606,-0.015642941427456925,2.4470161650284807e-4,0.015642941427456925,0,NA
LASSO,2,2016 Q4,2017 Q2,1996 Q4,2016 Q3,0.5583111012978037,0.5739540427252607,-0.015642941427457036,2.4470161650285154e-4,0.015642941427457036,1,0.20396470651979884
Elastic net,2,2016 Q4,2017 Q2,1996 Q4,2016 Q3,0.5583111012978037,0.5739540427252607,-0.015642941427457036,2.4470161650285154e-4,0.015642941427457036,0,0.4079294130395978
Ridge,2,2016 Q4,2017 Q2,1996 Q4,2016 Q3,0.5583111012978037,0.5697249430077072,-0.01141384170990345,1.302757825787317e-4,0.01141384170990345,NA,203.9647065197987
Threshold ridge,2,2016 Q4,2017 Q2,1996 Q4,2016 Q3,0.5583111012978037,0.5735479759985679,-0.01523687470076418,2.3216235064678752e-4,0.01523687470076418,11,203.9647065197987
Post-threshold ridge,2,2016 Q4,2017 Q2,1996 Q4,2016 Q3,0.5583111012978037,0.5501791371586614,0.0081319641391423,6.612884076029637e-5,0.0081319641391423,11,203.9647065197987
OCMT,2,2016 Q4,2017 Q2,1996 Q4,2016 Q3,0.5583111012978037,0.5739540427252606,-0.015642941427456925,2.4470161650284807e-4,0.015642941427456925,0,NA
BMT,2,2016 Q4,2017 Q2,1996 Q4,2016 Q3,0.5583111012978037,0.5739540427252606,-0.015642941427456925,2.4470161650284807e-4,0.015642941427456925,0,NA
AR,2,2017 Q1,2017 Q3,1997 Q1,2016 Q4,0.785431525684821,0.5414541655144689,0.2439773601703521,0.05952495227569371,0.2439773601703521,0,NA
LASSO,2,2017 Q1,2017 Q3,1997 Q1,2016 Q4,0.785431525684821,0.541454165514469,0.243977360170352,0.059524952275693654,0.243977360170352,0,0.20332089155347094
Elastic net,2,2017 Q1,2017 Q3,1997 Q1,2016 Q4,0.785431525684821,0.541454165514469,0.243977360170352,0.059524952275693654,0.243977360170352,0,0.4066417831069419
Ridge,2,2017 Q1,2017 Q3,1997 Q1,2016 Q4,0.785431525684821,0.5432568108879156,0.24217471479690544,0.05864859248696249,0.24217471479690544,NA,203.32089155347106
Threshold ridge,2,2017 Q1,2017 Q3,1997 Q1,2016 Q4,0.785431525684821,0.542465415257064,0.24296611042775695,0.05903253081639299,0.24296611042775695,13,203.32089155347106
Post-threshold ridge,2,2017 Q1,2017 Q3,1997 Q1,2016 Q4,0.785431525684821,0.5700366872933784,0.21539483839144258,0.046394936405675664,0.21539483839144258,13,203.32089155347106
OCMT,2,2017 Q1,2017 Q3,1997 Q1,2016 Q4,0.785431525684821,0.5414541655144689,0.2439773601703521,0.05952495227569371,0.2439773601703521,0,NA
BMT,2,2017 Q1,2017 Q3,1997 Q1,2016 Q4,0.785431525684821,0.5414541655144689,0.2439773601703521,0.05952495227569371,0.2439773601703521,0,NA
AR,2,2017 Q2,2017 Q4,1997 Q2,2017 Q1,1.1207427769393874,0.5595242277784582,0.5612185491609292,0.31496625992229826,0.5612185491609292,0,NA
LASSO,2,2017 Q2,2017 Q4,1997 Q2,2017 Q1,1.1207427769393874,0.5595242277784582,0.5612185491609292,0.31496625992229826,0.5612185491609292,0,0.20343850993832407
Elastic net,2,2017 Q2,2017 Q4,1997 Q2,2017 Q1,1.1207427769393874,0.5595242277784582,0.5612185491609292,0.31496625992229826,0.5612185491609292,0,0.4068770198766481
Ridge,2,2017 Q2,2017 Q4,1997 Q2,2017 Q1,1.1207427769393874,0.5607858636521802,0.5599569132872072,0.3135517447381369,0.5599569132872072,NA,203.43850993832416
Threshold ridge,2,2017 Q2,2017 Q4,1997 Q2,2017 Q1,1.1207427769393874,0.5596639697683601,0.5610788071710273,0.3148094278564629,0.5610788071710273,14,203.43850993832416
Post-threshold ridge,2,2017 Q2,2017 Q4,1997 Q2,2017 Q1,1.1207427769393874,0.2730604197754001,0.8476823571639873,0.7185653786470938,0.8476823571639873,14,203.43850993832416
OCMT,2,2017 Q2,2017 Q4,1997 Q2,2017 Q1,1.1207427769393874,0.5595242277784582,0.5612185491609292,0.31496625992229826,0.5612185491609292,0,NA
BMT,2,2017 Q2,2017 Q4,1997 Q2,2017 Q1,1.1207427769393874,0.5595242277784582,0.5612185491609292,0.31496625992229826,0.5612185491609292,0,NA
AR,2,2017 Q3,2018 Q1,1997 Q3,2017 Q2,0.8101194549169577,0.6393188720145606,0.17080058290239708,0.029172839119798618,0.17080058290239708,0,NA
LASSO,2,2017 Q3,2018 Q1,1997 Q3,2017 Q2,0.8101194549169577,0.6393188720145604,0.1708005829023973,0.029172839119798694,0.1708005829023973,0,0.19895341079177736
Elastic net,2,2017 Q3,2018 Q1,1997 Q3,2017 Q2,0.8101194549169577,0.6393188720145604,0.1708005829023973,0.029172839119798694,0.1708005829023973,0,0.39790682158355467
Ridge,2,2017 Q3,2018 Q1,1997 Q3,2017 Q2,0.8101194549169577,0.6414672317307922,0.16865222318616546,0.028443572385636166,0.16865222318616546,NA,124.9485403119334
Threshold ridge,2,2017 Q3,2018 Q1,1997 Q3,2017 Q2,0.8101194549169577,0.6394741952210841,0.17064525969587363,0.029119804656672153,0.17064525969587363,13,124.9485403119334
Post-threshold ridge,2,2017 Q3,2018 Q1,1997 Q3,2017 Q2,0.8101194549169577,0.8279967648664709,-0.017877309949513198,3.195982110309636e-4,0.017877309949513198,13,124.9485403119334
OCMT,2,2017 Q3,2018 Q1,1997 Q3,2017 Q2,0.8101194549169577,0.6393188720145606,0.17080058290239708,0.029172839119798618,0.17080058290239708,0,NA
BMT,2,2017 Q3,2018 Q1,1997 Q3,2017 Q2,0.8101194549169577,0.6393188720145606,0.17080058290239708,0.029172839119798618,0.17080058290239708,0,NA
AR,2,2017 Q4,2018 Q2,1997 Q4,2017 Q3,0.5294212303768475,0.7432338643065667,-0.21381263392971916,0.045715842427964094,0.21381263392971916,0,NA
LASSO,2,2017 Q4,2018 Q2,1997 Q4,2017 Q3,0.5294212303768475,0.7432338643065668,-0.21381263392971928,0.04571584242796414,0.21381263392971928,0,0.2007716085318219
Elastic net,2,2017 Q4,2018 Q2,1997 Q4,2017 Q3,0.5294212303768475,0.7432338643065668,-0.21381263392971928,0.04571584242796414,0.21381263392971928,0,0.40154321706364376
Ridge,2,2017 Q4,2018 Q2,1997 Q4,2017 Q3,0.5294212303768475,0.7380219302738632,-0.20860069989701568,0.0435142519975248,0.20860069989701568,NA,144.97334415223358
Threshold ridge,2,2017 Q4,2018 Q2,1997 Q4,2017 Q3,0.5294212303768475,0.7406446778174365,-0.21122344744058896,0.044615344748687245,0.21122344744058896,15,144.97334415223358
Post-threshold ridge,2,2017 Q4,2018 Q2,1997 Q4,2017 Q3,0.5294212303768475,0.8883168760783879,-0.3588956457015404,0.12880608450352563,0.3588956457015404,15,144.97334415223358
OCMT,2,2017 Q4,2018 Q2,1997 Q4,2017 Q3,0.5294212303768475,0.7432338643065667,-0.21381263392971916,0.045715842427964094,0.21381263392971916,0,NA
BMT,2,2017 Q4,2018 Q2,1997 Q4,2017 Q3,0.5294212303768475,0.7432338643065667,-0.21381263392971916,0.045715842427964094,0.21381263392971916,0,NA
AR,2,2018 Q1,2018 Q3,1998 Q1,2017 Q4,0.621760482522582,0.6382379523492383,-0.01647746982665632,2.715070118883695e-4,0.01647746982665632,0,NA
LASSO,2,2018 Q1,2018 Q3,1998 Q1,2017 Q4,0.621760482522582,0.6382379523492383,-0.01647746982665632,2.715070118883695e-4,0.01647746982665632,1,0.20327718176802195
Elastic net,2,2018 Q1,2018 Q3,1998 Q1,2017 Q4,0.621760482522582,0.6382379523492383,-0.01647746982665632,2.715070118883695e-4,0.01647746982665632,1,0.4065543635360439
Ridge,2,2018 Q1,2018 Q3,1998 Q1,2017 Q4,0.621760482522582,0.6258291035763629,-0.004068621053780919,1.6553677279269352e-5,0.004068621053780919,NA,48.06467441228851
Threshold ridge,2,2018 Q1,2018 Q3,1998 Q1,2017 Q4,0.621760482522582,0.6386124743660134,-0.016851991843431446,2.8398962909108e-4,0.016851991843431446,13,48.06467441228851
Post-threshold ridge,2,2018 Q1,2018 Q3,1998 Q1,2017 Q4,0.621760482522582,0.8786846508792511,-0.2569241683566691,0.06601002828576605,0.2569241683566691,13,48.06467441228851
OCMT,2,2018 Q1,2018 Q3,1998 Q1,2017 Q4,0.621760482522582,0.6382379523492383,-0.01647746982665632,2.715070118883695e-4,0.01647746982665632,0,NA
BMT,2,2018 Q1,2018 Q3,1998 Q1,2017 Q4,0.621760482522582,0.6382379523492383,-0.01647746982665632,2.715070118883695e-4,0.01647746982665632,0,NA
AR,2,2018 Q2,2018 Q4,1998 Q2,2018 Q1,0.14154399831838305,0.5451217348031555,-0.40357773648477246,0.16287498938617245,0.40357773648477246,0,NA
LASSO,2,2018 Q2,2018 Q4,1998 Q2,2018 Q1,0.14154399831838305,0.5451217348031555,-0.40357773648477246,0.16287498938617245,0.40357773648477246,0,0.20834115650120652
Elastic net,2,2018 Q2,2018 Q4,1998 Q2,2018 Q1,0.14154399831838305,0.5451217348031555,-0.40357773648477246,0.16287498938617245,0.40357773648477246,1,0.4166823130024129
Ridge,2,2018 Q2,2018 Q4,1998 Q2,2018 Q1,0.14154399831838305,0.5546336047778369,-0.4130896064594538,0.17064302296482642,0.4130896064594538,NA,28.189553815734115
Threshold ridge,2,2018 Q2,2018 Q4,1998 Q2,2018 Q1,0.14154399831838305,0.5480853861909056,-0.4065413878725226,0.16527590005331685,0.4065413878725226,14,28.189553815734115
Post-threshold ridge,2,2018 Q2,2018 Q4,1998 Q2,2018 Q1,0.14154399831838305,0.6583587583785868,-0.5168147600602038,0.26709749621608597,0.5168147600602038,14,28.189553815734115
OCMT,2,2018 Q2,2018 Q4,1998 Q2,2018 Q1,0.14154399831838305,0.5451217348031555,-0.40357773648477246,0.16287498938617245,0.40357773648477246,0,NA
BMT,2,2018 Q2,2018 Q4,1998 Q2,2018 Q1,0.14154399831838305,0.5451217348031555,-0.40357773648477246,0.16287498938617245,0.40357773648477246,0,NA
AR,2,2018 Q3,2019 Q1,1998 Q3,2018 Q2,0.6223772907267389,0.5554234773342329,0.06695381339250595,0.004482813127798508,0.06695381339250595,0,NA
LASSO,2,2018 Q3,2019 Q1,1998 Q3,2018 Q2,0.6223772907267389,0.5554234773342333,0.06695381339250561,0.004482813127798464,0.06695381339250561,0,0.21152165431062145
Elastic net,2,2018 Q3,2019 Q1,1998 Q3,2018 Q2,0.6223772907267389,0.5554234773342333,0.06695381339250561,0.004482813127798464,0.06695381339250561,0,0.42304330862124284
Ridge,2,2018 Q3,2019 Q1,1998 Q3,2018 Q2,0.6223772907267389,0.5402827562944729,0.082094534432266,0.006739512583650508,0.082094534432266,NA,22.680773666267854
Threshold ridge,2,2018 Q3,2019 Q1,1998 Q3,2018 Q2,0.6223772907267389,0.5591900772321065,0.06318721349463241,0.003992623949216256,0.06318721349463241,12,22.680773666267854
Post-threshold ridge,2,2018 Q3,2019 Q1,1998 Q3,2018 Q2,0.6223772907267389,0.6896234128298271,-0.06724612210308822,0.004522040937903451,0.06724612210308822,12,22.680773666267854
OCMT,2,2018 Q3,2019 Q1,1998 Q3,2018 Q2,0.6223772907267389,0.5554234773342329,0.06695381339250595,0.004482813127798508,0.06695381339250595,0,NA
BMT,2,2018 Q3,2019 Q1,1998 Q3,2018 Q2,0.6223772907267389,0.5554234773342329,0.06695381339250595,0.004482813127798508,0.06695381339250595,0,NA
AR,2,2018 Q4,2019 Q2,1998 Q4,2018 Q3,0.8316777932895647,0.41719122515226215,0.41448656813730256,0.17179911516623875,0.41448656813730256,0,NA
LASSO,2,2018 Q4,2019 Q2,1998 Q4,2018 Q3,0.8316777932895647,0.4171912251522624,0.4144865681373023,0.17179911516623853,0.4144865681373023,0,0.2115320938884196
Elastic net,2,2018 Q4,2019 Q2,1998 Q4,2018 Q3,0.8316777932895647,0.4171912251522624,0.4144865681373023,0.17179911516623853,0.4144865681373023,1,0.42306418777683913
Ridge,2,2018 Q4,2019 Q2,1998 Q4,2018 Q3,0.8316777932895647,0.3998049137781219,0.4318728795114428,0.1865141840575052,0.4318728795114428,NA,36.11598805254126
Threshold ridge,2,2018 Q4,2019 Q2,1998 Q4,2018 Q3,0.8316777932895647,0.43266094217761897,0.39901685111194574,0.15921444747129268,0.39901685111194574,14,36.11598805254126
Post-threshold ridge,2,2018 Q4,2019 Q2,1998 Q4,2018 Q3,0.8316777932895647,0.4528109446063505,0.3788668486832142,0.1435400890311495,0.3788668486832142,14,36.11598805254126
OCMT,2,2018 Q4,2019 Q2,1998 Q4,2018 Q3,0.8316777932895647,0.41719122515226215,0.41448656813730256,0.17179911516623875,0.41448656813730256,0,NA
BMT,2,2018 Q4,2019 Q2,1998 Q4,2018 Q3,0.8316777932895647,0.41719122515226215,0.41448656813730256,0.17179911516623875,0.41448656813730256,0,NA
AR,4,2005 Q2,2006 Q2,1985 Q2,2005 Q1,0.25841857488995146,0.7330587173075799,-0.4746401424176284,0.22528326479422658,0.4746401424176284,0,NA
LASSO,4,2005 Q2,2006 Q2,1985 Q2,2005 Q1,0.25841857488995146,0.7330587173075799,-0.4746401424176284,0.22528326479422658,0.4746401424176284,0,0.14572395841655442
Elastic net,4,2005 Q2,2006 Q2,1985 Q2,2005 Q1,0.25841857488995146,0.7330587173075799,-0.4746401424176284,0.22528326479422658,0.4746401424176284,1,0.2914479168331087
Ridge,4,2005 Q2,2006 Q2,1985 Q2,2005 Q1,0.25841857488995146,0.7328517249316048,-0.4744331500416533,0.22508681385844592,0.4744331500416533,NA,145.72395841655424
Threshold ridge,4,2005 Q2,2006 Q2,1985 Q2,2005 Q1,0.25841857488995146,0.7350165844119749,-0.47659800952202347,0.22714566268035477,0.47659800952202347,14,145.72395841655424
Post-threshold ridge,4,2005 Q2,2006 Q2,1985 Q2,2005 Q1,0.25841857488995146,1.2113518672426655,-0.9529332923527141,0.9080818596741832,0.9529332923527141,14,145.72395841655424
OCMT,4,2005 Q2,2006 Q2,1985 Q2,2005 Q1,0.25841857488995146,0.7330587173075799,-0.4746401424176284,0.22528326479422658,0.4746401424176284,0,NA
BMT,4,2005 Q2,2006 Q2,1985 Q2,2005 Q1,0.25841857488995146,0.7330587173075799,-0.4746401424176284,0.22528326479422658,0.4746401424176284,0,NA
AR,4,2005 Q3,2006 Q3,1985 Q3,2005 Q2,0.14984360400802643,0.7782136822108225,-0.6283700782027961,0.3948489551805881,0.6283700782027961,0,NA
LASSO,4,2005 Q3,2006 Q3,1985 Q3,2005 Q2,0.14984360400802643,0.7782136822108225,-0.6283700782027961,0.3948489551805881,0.6283700782027961,0,0.13538600999828637
Elastic net,4,2005 Q3,2006 Q3,1985 Q3,2005 Q2,0.14984360400802643,0.7782136822108225,-0.6283700782027961,0.3948489551805881,0.6283700782027961,0,0.2707720199965728
Ridge,4,2005 Q3,2006 Q3,1985 Q3,2005 Q2,0.14984360400802643,0.7713678568581895,-0.6215242528501631,0.38629239688095346,0.6215242528501631,NA,129.23250689746789
Threshold ridge,4,2005 Q3,2006 Q3,1985 Q3,2005 Q2,0.14984360400802643,0.7740127961670648,-0.6241691921590383,0.38958718044046653,0.6241691921590383,16,129.23250689746789
Post-threshold ridge,4,2005 Q3,2006 Q3,1985 Q3,2005 Q2,0.14984360400802643,0.2996194916136829,-0.14977588760565647,0.02243281650806224,0.14977588760565647,16,129.23250689746789
OCMT,4,2005 Q3,2006 Q3,1985 Q3,2005 Q2,0.14984360400802643,0.7782136822108225,-0.6283700782027961,0.3948489551805881,0.6283700782027961,0,NA
BMT,4,2005 Q3,2006 Q3,1985 Q3,2005 Q2,0.14984360400802643,0.7782136822108225,-0.6283700782027961,0.3948489551805881,0.6283700782027961,0,NA
AR,4,2005 Q4,2006 Q4,1985 Q4,2005 Q3,0.8557775565416037,0.7315863578471561,0.12419119869444761,0.015423453833163767,0.12419119869444761,0,NA
LASSO,4,2005 Q4,2006 Q4,1985 Q4,2005 Q3,0.8557775565416037,0.7315863578471563,0.12419119869444739,0.015423453833163712,0.12419119869444739,1,0.134342914255727
Elastic net,4,2005 Q4,2006 Q4,1985 Q4,2005 Q3,0.8557775565416037,0.7315863578471562,0.1241911986944475,0.01542345383316374,0.1241911986944475,1,0.26868582851145406
Ridge,4,2005 Q4,2006 Q4,1985 Q4,2005 Q3,0.8557775565416037,0.7180497389726166,0.1377278175689871,0.018968951732316195,0.1377278175689871,NA,134.34291425572692
Threshold ridge,4,2005 Q4,2006 Q4,1985 Q4,2005 Q3,0.8557775565416037,0.7284932016884945,0.12728435485310918,0.01620130699037222,0.12728435485310918,16,134.34291425572692
Post-threshold ridge,4,2005 Q4,2006 Q4,1985 Q4,2005 Q3,0.8557775565416037,0.7144680601792059,0.14130949636239776,0.019968373762194506,0.14130949636239776,16,134.34291425572692
OCMT,4,2005 Q4,2006 Q4,1985 Q4,2005 Q3,0.8557775565416037,0.7315863578471561,0.12419119869444761,0.015423453833163767,0.12419119869444761,0,NA
BMT,4,2005 Q4,2006 Q4,1985 Q4,2005 Q3,0.8557775565416037,0.7315863578471561,0.12419119869444761,0.015423453833163767,0.12419119869444761,0,NA
AR,4,2006 Q1,2007 Q1,1986 Q1,2005 Q4,0.3003840617131104,0.866652383786749,-0.5662683220736386,0.32065981258409415,0.5662683220736386,0,NA
LASSO,4,2006 Q1,2007 Q1,1986 Q1,2005 Q4,0.3003840617131104,0.8666523837867491,-0.5662683220736388,0.32065981258409426,0.5662683220736388,0,0.1342107106024053
Elastic net,4,2006 Q1,2007 Q1,1986 Q1,2005 Q4,0.3003840617131104,0.8666523837867491,-0.5662683220736388,0.32065981258409426,0.5662683220736388,0,0.26842142120481055
Ridge,4,2006 Q1,2007 Q1,1986 Q1,2005 Q4,0.3003840617131104,0.8592259334756561,-0.5588418717625457,0.3123042376350656,0.5588418717625457,NA,128.110626673014
Threshold ridge,4,2006 Q1,2007 Q1,1986 Q1,2005 Q4,0.3003840617131104,0.8660416792191232,-0.5656576175060128,0.3199685402425787,0.5656576175060128,17,128.110626673014
Post-threshold ridge,4,2006 Q1,2007 Q1,1986 Q1,2005 Q4,0.3003840617131104,1.0463258645894995,-0.7459418028763891,0.5564291732784777,0.7459418028763891,17,128.110626673014
OCMT,4,2006 Q1,2007 Q1,1986 Q1,2005 Q4,0.3003840617131104,0.866652383786749,-0.5662683220736386,0.32065981258409415,0.5662683220736386,0,NA
BMT,4,2006 Q1,2007 Q1,1986 Q1,2005 Q4,0.3003840617131104,0.866652383786749,-0.5662683220736386,0.32065981258409415,0.5662683220736386,0,NA
AR,4,2006 Q2,2007 Q2,1986 Q2,2006 Q1,0.6098982914680917,0.6886215839566175,-0.07872329248852583,0.006197356780233988,0.07872329248852583,0,NA
LASSO,4,2006 Q2,2007 Q2,1986 Q2,2006 Q1,0.6098982914680917,0.6886215839566177,-0.07872329248852594,0.006197356780234005,0.07872329248852594,0,0.13344377651763234
Elastic net,4,2006 Q2,2007 Q2,1986 Q2,2006 Q1,0.6098982914680917,0.6886215839566177,-0.07872329248852594,0.006197356780234005,0.07872329248852594,1,0.2668875530352645
Ridge,4,2006 Q2,2007 Q2,1986 Q2,2006 Q1,0.6098982914680917,0.6837433310202632,-0.07384503955217148,0.00545308986646177,0.07384503955217148,NA,133.4437765176322
Threshold ridge,4,2006 Q2,2007 Q2,1986 Q2,2006 Q1,0.6098982914680917,0.6857974947325337,-0.075899203264442,0.005760689056177082,0.075899203264442,18,133.4437765176322
Post-threshold ridge,4,2006 Q2,2007 Q2,1986 Q2,2006 Q1,0.6098982914680917,0.4913523954350404,0.11854589603305132,0.014053129466279013,0.11854589603305132,18,133.4437765176322
OCMT,4,2006 Q2,2007 Q2,1986 Q2,2006 Q1,0.6098982914680917,0.6886215839566175,-0.07872329248852583,0.006197356780233988,0.07872329248852583,0,NA
BMT,4,2006 Q2,2007 Q2,1986 Q2,2006 Q1,0.6098982914680917,0.6886215839566175,-0.07872329248852583,0.006197356780233988,0.07872329248852583,0,NA
AR,4,2006 Q3,2007 Q3,1986 Q3,2006 Q2,0.5743731109307149,0.6619277667382895,-0.0875546558075746,0.007665817753582857,0.0875546558075746,0,NA
LASSO,4,2006 Q3,2007 Q3,1986 Q3,2006 Q2,0.5743731109307149,0.6619277667382895,-0.0875546558075746,0.007665817753582857,0.0875546558075746,0,0.1306093759252204
Elastic net,4,2006 Q3,2007 Q3,1986 Q3,2006 Q2,0.5743731109307149,0.6619277667382895,-0.0875546558075746,0.007665817753582857,0.0875546558075746,0,0.26121875185044086
Ridge,4,2006 Q3,2007 Q3,1986 Q3,2006 Q2,0.5743731109307149,0.6580269773182692,-0.08365386638755434,0.006997969361586794,0.08365386638755434,NA,130.6093759252204
Threshold ridge,4,2006 Q3,2007 Q3,1986 Q3,2006 Q2,0.5743731109307149,0.6633009025033542,-0.0889277915726393,0.007908152113986778,0.0889277915726393,18,130.6093759252204
Post-threshold ridge,4,2006 Q3,2007 Q3,1986 Q3,2006 Q2,0.5743731109307149,0.4743212770326744,0.10005183389804045,0.010010369466361076,0.10005183389804045,18,130.6093759252204
OCMT,4,2006 Q3,2007 Q3,1986 Q3,2006 Q2,0.5743731109307149,0.6619277667382895,-0.0875546558075746,0.007665817753582857,0.0875546558075746,0,NA
BMT,4,2006 Q3,2007 Q3,1986 Q3,2006 Q2,0.5743731109307149,0.6619277667382895,-0.0875546558075746,0.007665817753582857,0.0875546558075746,0,NA
AR,4,2006 Q4,2007 Q4,1986 Q4,2006 Q3,0.6262715512194816,0.7725163397165895,-0.14624478849710787,0.021387538162563814,0.14624478849710787,0,NA
LASSO,4,2006 Q4,2007 Q4,1986 Q4,2006 Q3,0.6262715512194816,0.7725163397165895,-0.14624478849710787,0.021387538162563814,0.14624478849710787,1,0.12962967752213186
Elastic net,4,2006 Q4,2007 Q4,1986 Q4,2006 Q3,0.6262715512194816,0.7725163397165895,-0.14624478849710787,0.021387538162563814,0.14624478849710787,0,0.25925935504426384
Ridge,4,2006 Q4,2007 Q4,1986 Q4,2006 Q3,0.6262715512194816,0.7661863624177876,-0.13991481119830596,0.019576154392657603,0.13991481119830596,NA,129.62967752213194
Threshold ridge,4,2006 Q4,2007 Q4,1986 Q4,2006 Q3,0.6262715512194816,0.7677469322619402,-0.1414753810424586,0.020015283441108856,0.1414753810424586,18,129.62967752213194
Post-threshold ridge,4,2006 Q4,2007 Q4,1986 Q4,2006 Q3,0.6262715512194816,1.2435007383061865,-0.6172291870867048,0.38097186939171446,0.6172291870867048,18,129.62967752213194
OCMT,4,2006 Q4,2007 Q4,1986 Q4,2006 Q3,0.6262715512194816,0.7725163397165895,-0.14624478849710787,0.021387538162563814,0.14624478849710787,0,NA
BMT,4,2006 Q4,2007 Q4,1986 Q4,2006 Q3,0.6262715512194816,0.7725163397165895,-0.14624478849710787,0.021387538162563814,0.14624478849710787,0,NA
AR,4,2007 Q1,2008 Q1,1987 Q1,2006 Q4,-0.42767755900321447,0.6638833894956019,-1.0915609484988162,1.1915053042876353,1.0915609484988162,0,NA
LASSO,4,2007 Q1,2008 Q1,1987 Q1,2006 Q4,-0.42767755900321447,0.6638833894956019,-1.0915609484988162,1.1915053042876353,1.0915609484988162,1,0.12524440160355862
Elastic net,4,2007 Q1,2008 Q1,1987 Q1,2006 Q4,-0.42767755900321447,0.6638833894956019,-1.0915609484988162,1.1915053042876353,1.0915609484988162,1,0.25048880320711725
Ridge,4,2007 Q1,2008 Q1,1987 Q1,2006 Q4,-0.42767755900321447,0.6531086032202797,-1.0807861622234942,1.1680987284537891,1.0807861622234942,NA,119.55185025621184
Threshold ridge,4,2007 Q1,2008 Q1,1987 Q1,2006 Q4,-0.42767755900321447,0.6573711096758711,-1.0850486686790854,1.1773306134022556,1.0850486686790854,20,119.55185025621184
Post-threshold ridge,4,2007 Q1,2008 Q1,1987 Q1,2006 Q4,-0.42767755900321447,0.5518671906361452,-0.9795447496393597,0.9595079165460358,0.9795447496393597,20,119.55185025621184
OCMT,4,2007 Q1,2008 Q1,1987 Q1,2006 Q4,-0.42767755900321447,0.6638833894956019,-1.0915609484988162,1.1915053042876353,1.0915609484988162,0,NA
BMT,4,2007 Q1,2008 Q1,1987 Q1,2006 Q4,-0.42767755900321447,0.6638833894956019,-1.0915609484988162,1.1915053042876353,1.0915609484988162,0,NA
AR,4,2007 Q2,2008 Q2,1987 Q2,2007 Q1,0.5936625931315831,0.7024511581895837,-0.10878856505800061,0.011834951887378832,0.10878856505800061,0,NA
LASSO,4,2007 Q2,2008 Q2,1987 Q2,2007 Q1,0.5936625931315831,0.7024511581895837,-0.10878856505800061,0.011834951887378832,0.10878856505800061,0,0.13926125200646228
Elastic net,4,2007 Q2,2008 Q2,1987 Q2,2007 Q1,0.5936625931315831,0.7024511581895837,-0.10878856505800061,0.011834951887378832,0.10878856505800061,1,0.2785225040129244
Ridge,4,2007 Q2,2008 Q2,1987 Q2,2007 Q1,0.5936625931315831,0.6947132668474386,-0.10105067371585552,0.010211238658428294,0.10105067371585552,NA,139.2612520064623
Threshold ridge,4,2007 Q2,2008 Q2,1987 Q2,2007 Q1,0.5936625931315831,0.6981046607271435,-0.1044420675955604,0.010908145483635608,0.1044420675955604,20,139.2612520064623
Post-threshold ridge,4,2007 Q2,2008 Q2,1987 Q2,2007 Q1,0.5936625931315831,1.0000812660449316,-0.40641867291334854,0.16517613769264738,0.40641867291334854,20,139.2612520064623
OCMT,4,2007 Q2,2008 Q2,1987 Q2,2007 Q1,0.5936625931315831,0.7024511581895837,-0.10878856505800061,0.011834951887378832,0.10878856505800061,0,NA
BMT,4,2007 Q2,2008 Q2,1987 Q2,2007 Q1,0.5936625931315831,0.7024511581895837,-0.10878856505800061,0.011834951887378832,0.10878856505800061,0,NA
AR,4,2007 Q3,2008 Q3,1987 Q3,2007 Q2,-0.5266423802783748,0.6890023509832572,-1.215644731261632,1.4777921126441658,1.215644731261632,0,NA
LASSO,4,2007 Q3,2008 Q3,1987 Q3,2007 Q2,-0.5266423802783748,0.6890023509832572,-1.215644731261632,1.4777921126441658,1.215644731261632,1,0.14104954062246913
Elastic net,4,2007 Q3,2008 Q3,1987 Q3,2007 Q2,-0.5266423802783748,0.6890023509832572,-1.215644731261632,1.4777921126441658,1.215644731261632,1,0.2820990812449382
Ridge,4,2007 Q3,2008 Q3,1987 Q3,2007 Q2,-0.5266423802783748,0.6874900167336325,-1.2141323970120075,1.474117477474123,1.2141323970120075,NA,134.63862131403857
Threshold ridge,4,2007 Q3,2008 Q3,1987 Q3,2007 Q2,-0.5266423802783748,0.6853371556480347,-1.2119795359264094,1.4688943955043947,1.2119795359264094,20,134.63862131403857
Post-threshold ridge,4,2007 Q3,2008 Q3,1987 Q3,2007 Q2,-0.5266423802783748,0.9333275358547455,-1.4599699161331203,2.13151215601375,1.4599699161331203,20,134.63862131403857
OCMT,4,2007 Q3,2008 Q3,1987 Q3,2007 Q2,-0.5266423802783748,0.6890023509832572,-1.215644731261632,1.4777921126441658,1.215644731261632,0,NA
BMT,4,2007 Q3,2008 Q3,1987 Q3,2007 Q2,-0.5266423802783748,0.6890023509832572,-1.215644731261632,1.4777921126441658,1.215644731261632,0,NA
AR,4,2007 Q4,2008 Q4,1987 Q4,2007 Q3,-2.2133412739485436,0.6840927147729271,-2.897433988721471,8.395123718998413,2.897433988721471,0,NA
LASSO,4,2007 Q4,2008 Q4,1987 Q4,2007 Q3,-2.2133412739485436,0.6840927147729271,-2.897433988721471,8.395123718998413,2.897433988721471,1,0.15546462763020555
Elastic net,4,2007 Q4,2008 Q4,1987 Q4,2007 Q3,-2.2133412739485436,0.684092714772927,-2.8974339887214704,8.39512371899841,2.8974339887214704,1,0.31092925526041104
Ridge,4,2007 Q4,2008 Q4,1987 Q4,2007 Q3,-2.2133412739485436,0.6877741524926664,-2.9011154264412102,8.416470717535166,2.9011154264412102,NA,123.20305869589782
Threshold ridge,4,2007 Q4,2008 Q4,1987 Q4,2007 Q3,-2.2133412739485436,0.6846447306213795,-2.897986004569923,8.398322882683146,2.897986004569923,19,123.20305869589782
Post-threshold ridge,4,2007 Q4,2008 Q4,1987 Q4,2007 Q3,-2.2133412739485436,0.8017383603544137,-3.0150796343029573,9.090705201188454,3.0150796343029573,19,123.20305869589782
OCMT,4,2007 Q4,2008 Q4,1987 Q4,2007 Q3,-2.2133412739485436,0.6840927147729271,-2.897433988721471,8.395123718998413,2.897433988721471,0,NA
BMT,4,2007 Q4,2008 Q4,1987 Q4,2007 Q3,-2.2133412739485436,0.6840927147729271,-2.897433988721471,8.395123718998413,2.897433988721471,0,NA
AR,4,2008 Q1,2009 Q1,1988 Q1,2007 Q4,-1.1413631359902254,0.435196515395227,-1.5765596513854525,2.4855403343766196,1.5765596513854525,0,NA
LASSO,4,2008 Q1,2009 Q1,1988 Q1,2007 Q4,-1.1413631359902254,0.43519651539522697,-1.5765596513854523,2.4855403343766187,1.5765596513854523,0,0.20349155089408016
Elastic net,4,2008 Q1,2009 Q1,1988 Q1,2007 Q4,-1.1413631359902254,0.43519651539522697,-1.5765596513854523,2.4855403343766187,1.5765596513854523,1,0.40698310178816016
Ridge,4,2008 Q1,2009 Q1,1988 Q1,2007 Q4,-1.1413631359902254,0.43303860292430674,-1.5744017389145322,2.478740835497103,1.5744017389145322,NA,203.49155089408015
Threshold ridge,4,2008 Q1,2009 Q1,1988 Q1,2007 Q4,-1.1413631359902254,0.4371887471110739,-1.5785518831012992,2.491826047642658,1.5785518831012992,17,203.49155089408015
Post-threshold ridge,4,2008 Q1,2009 Q1,1988 Q1,2007 Q4,-1.1413631359902254,1.1314254712127982,-2.2727886072030237,5.16556805303186,2.2727886072030237,17,203.49155089408015
OCMT,4,2008 Q1,2009 Q1,1988 Q1,2007 Q4,-1.1413631359902254,0.435196515395227,-1.5765596513854525,2.4855403343766196,1.5765596513854525,0,NA
BMT,4,2008 Q1,2009 Q1,1988 Q1,2007 Q4,-1.1413631359902254,0.435196515395227,-1.5765596513854525,2.4855403343766196,1.5765596513854525,0,NA
AR,4,2008 Q2,2009 Q2,1988 Q2,2008 Q1,-0.178810721762801,0.5995419901825643,-0.7783527119453653,0.6058329441927047,0.7783527119453653,0,NA
LASSO,4,2008 Q2,2009 Q2,1988 Q2,2008 Q1,-0.178810721762801,0.5995419901825642,-0.77835271194536515,0.6058329441927046,0.77835271194536515,0,0.21376431798890427
Elastic net,4,2008 Q2,2009 Q2,1988 Q2,2008 Q1,-0.178810721762801,0.5995419901825642,-0.77835271194536515,0.6058329441927046,0.77835271194536515,0,0.42752863597780844
Ridge,4,2008 Q2,2009 Q2,1988 Q2,2008 Q1,-0.178810721762801,0.5917400913206174,-0.7705508130834184,0.5937485555435172,0.7705508130834184,NA,213.76431798890428
Threshold ridge,4,2008 Q2,2009 Q2,1988 Q2,2008 Q1,-0.178810721762801,0.5983825951142296,-0.7771933168770306,0.6040294517983206,0.7771933168770306,15,213.76431798890428
Post-threshold ridge,4,2008 Q2,2009 Q2,1988 Q2,2008 Q1,-0.178810721762801,-0.13177190661348384,-0.047038815149317154,0.002212650130651629,0.047038815149317154,15,213.76431798890428
OCMT,4,2008 Q2,2009 Q2,1988 Q2,2008 Q1,-0.178810721762801,0.5995419901825643,-0.7783527119453653,0.6058329441927047,0.7783527119453653,0,NA
BMT,4,2008 Q2,2009 Q2,1988 Q2,2008 Q1,-0.178810721762801,0.5995419901825643,-0.7783527119453653,0.6058329441927047,0.7783527119453653,0,NA
AR,4,2008 Q3,2009 Q3,1988 Q3,2008 Q2,0.3505771547139602,0.26281367938660644,0.08776347532735379,0.0077024276015350375,0.08776347532735379,0,NA
LASSO,4,2008 Q3,2009 Q3,1988 Q3,2008 Q2,0.3505771547139602,0.2628136793866066,0.08776347532735362,0.007702427601535008,0.08776347532735362,0,0.21038832212241507
Elastic net,4,2008 Q3,2009 Q3,1988 Q3,2008 Q2,0.3505771547139602,0.2628136793866066,0.08776347532735362,0.007702427601535008,0.08776347532735362,1,0.4207766442448301
Ridge,4,2008 Q3,2009 Q3,1988 Q3,2008 Q2,0.3505771547139602,0.2584403963697371,0.09213675834422314,0.00848918223818177,0.09213675834422314,NA,210.38832212241516
Threshold ridge,4,2008 Q3,2009 Q3,1988 Q3,2008 Q2,0.3505771547139602,0.2675777468953493,0.08299940781861093,0.006888901698240093,0.08299940781861093,15,210.38832212241516
Post-threshold ridge,4,2008 Q3,2009 Q3,1988 Q3,2008 Q2,0.3505771547139602,-0.05857771876401807,0.4091548734779783,0.16740771049078043,0.4091548734779783,15,210.38832212241516
OCMT,4,2008 Q3,2009 Q3,1988 Q3,2008 Q2,0.3505771547139602,0.26281367938660644,0.08776347532735379,0.0077024276015350375,0.08776347532735379,0,NA
BMT,4,2008 Q3,2009 Q3,1988 Q3,2008 Q2,0.3505771547139602,0.26281367938660644,0.08776347532735379,0.0077024276015350375,0.08776347532735379,0,NA
AR,4,2008 Q4,2009 Q4,1988 Q4,2008 Q3,1.0751135379244658,-0.2184717477622058,1.2935852856866716,1.6733628913450678,1.2935852856866716,0,NA
LASSO,4,2008 Q4,2009 Q4,1988 Q4,2008 Q3,1.0751135379244658,-0.21847174776220568,1.2935852856866714,1.6733628913450673,1.2935852856866714,1,0.2131459391700077
Elastic net,4,2008 Q4,2009 Q4,1988 Q4,2008 Q3,1.0751135379244658,-0.21847174776220557,1.2935852856866714,1.6733628913450673,1.2935852856866714,0,0.42629187834001553
Ridge,4,2008 Q4,2009 Q4,1988 Q4,2008 Q3,1.0751135379244658,-0.2215311848798372,1.296644722804303,1.6812875371762477,1.296644722804303,NA,168.91451164581548
Threshold ridge,4,2008 Q4,2009 Q4,1988 Q4,2008 Q3,1.0751135379244658,-0.20666209560417614,1.281775633528642,1.6429487747077518,1.281775633528642,15,168.91451164581548
Post-threshold ridge,4,2008 Q4,2009 Q4,1988 Q4,2008 Q3,1.0751135379244658,-0.2686470507784784,1.3437605887029442,1.8056925197512832,1.3437605887029442,15,168.91451164581548
OCMT,4,2008 Q4,2009 Q4,1988 Q4,2008 Q3,1.0751135379244658,-0.2184717477622058,1.2935852856866716,1.6733628913450678,1.2935852856866716,0,NA
BMT,4,2008 Q4,2009 Q4,1988 Q4,2008 Q3,1.0751135379244658,-0.2184717477622058,1.2935852856866716,1.6733628913450678,1.2935852856866716,0,NA
AR,4,2009 Q1,2010 Q1,1989 Q1,2008 Q4,0.483331022067901,0.30878171047510966,0.17454931159279136,0.030467462177517366,0.17454931159279136,0,NA
LASSO,4,2009 Q1,2010 Q1,1989 Q1,2008 Q4,0.483331022067901,0.30878171047510977,0.17454931159279125,0.030467462177517328,0.17454931159279125,1,0.2257867346437738
Elastic net,4,2009 Q1,2010 Q1,1989 Q1,2008 Q4,0.483331022067901,0.3087817104751097,0.1745493115927913,0.03046746217751735,0.1745493115927913,0,0.45157346928754766
Ridge,4,2009 Q1,2010 Q1,1989 Q1,2008 Q4,0.483331022067901,0.2956764265389656,0.18765459552893543,0.03521424722312835,0.18765459552893543,NA,178.93212588036477
Threshold ridge,4,2009 Q1,2010 Q1,1989 Q1,2008 Q4,0.483331022067901,0.30165539476497116,0.18167562730292985,0.03300603355591307,0.18167562730292985,17,178.93212588036477
Post-threshold ridge,4,2009 Q1,2010 Q1,1989 Q1,2008 Q4,0.483331022067901,-0.6516342380420028,1.1349652601099038,1.2881461416563418,1.1349652601099038,17,178.93212588036477
OCMT,4,2009 Q1,2010 Q1,1989 Q1,2008 Q4,0.483331022067901,0.30878171047510966,0.17454931159279136,0.030467462177517366,0.17454931159279136,0,NA
BMT,4,2009 Q1,2010 Q1,1989 Q1,2008 Q4,0.483331022067901,0.30878171047510966,0.17454931159279136,0.030467462177517366,0.17454931159279136,0,NA
AR,4,2009 Q2,2010 Q2,1989 Q2,2009 Q1,0.9629349822608546,0.49016583969138544,0.47276914256946917,0.22351066216587107,0.47276914256946917,0,NA
LASSO,4,2009 Q2,2010 Q2,1989 Q2,2009 Q1,0.9629349822608546,0.4901658396913856,0.472769142569469,0.2235106621658709,0.472769142569469,0,0.2274535552296442
Elastic net,4,2009 Q2,2010 Q2,1989 Q2,2009 Q1,0.9629349822608546,0.4901658396913856,0.472769142569469,0.2235106621658709,0.472769142569469,0,0.4549071104592883
Ridge,4,2009 Q2,2010 Q2,1989 Q2,2009 Q1,0.9629349822608546,0.5058034264010984,0.4571315558597562,0.2089692593627614,0.4571315558597562,NA,164.23986828660514
Threshold ridge,4,2009 Q2,2010 Q2,1989 Q2,2009 Q1,0.9629349822608546,0.4979272116773521,0.4650077705835025,0.2162322267030393,0.4650077705835025,17,164.23986828660514
Post-threshold ridge,4,2009 Q2,2010 Q2,1989 Q2,2009 Q1,0.9629349822608546,1.2142956097068185,-0.2513606274459639,0.06318216503002864,0.2513606274459639,17,164.23986828660514
OCMT,4,2009 Q2,2010 Q2,1989 Q2,2009 Q1,0.9629349822608546,0.49016583969138544,0.47276914256946917,0.22351066216587107,0.47276914256946917,0,NA
BMT,4,2009 Q2,2010 Q2,1989 Q2,2009 Q1,0.9629349822608546,0.49016583969138544,0.47276914256946917,0.22351066216587107,0.47276914256946917,0,NA
AR,4,2009 Q3,2010 Q3,1989 Q3,2009 Q2,0.7681272705003295,0.5904608094373379,0.17766646106299155,0.031565371386647494,0.17766646106299155,0,NA
LASSO,4,2009 Q3,2010 Q3,1989 Q3,2009 Q2,0.7681272705003295,0.5904608094373378,0.17766646106299167,0.031565371386647535,0.17766646106299167,0,0.22870368431520374
Elastic net,4,2009 Q3,2010 Q3,1989 Q3,2009 Q2,0.7681272705003295,0.5904608094373378,0.17766646106299167,0.031565371386647535,0.17766646106299167,1,0.4574073686304074
Ridge,4,2009 Q3,2010 Q3,1989 Q3,2009 Q2,0.7681272705003295,0.6221415446386959,0.1459857258616336,0.02131183215534804,0.1459857258616336,NA,78.456096471037
Threshold ridge,4,2009 Q3,2010 Q3,1989 Q3,2009 Q2,0.7681272705003295,0.6072899914666595,0.16083727903366996,0.02586863032695461,0.16083727903366996,16,78.456096471037
Post-threshold ridge,4,2009 Q3,2010 Q3,1989 Q3,2009 Q2,0.7681272705003295,0.843591751482073,-0.07546448098174352,0.0056948878898439295,0.07546448098174352,16,78.456096471037
OCMT,4,2009 Q3,2010 Q3,1989 Q3,2009 Q2,0.7681272705003295,0.5904608094373379,0.17766646106299155,0.031565371386647494,0.17766646106299155,0,NA
BMT,4,2009 Q3,2010 Q3,1989 Q3,2009 Q2,0.7681272705003295,0.5904608094373379,0.17766646106299155,0.031565371386647494,0.17766646106299155,0,NA
AR,4,2009 Q4,2010 Q4,1989 Q4,2009 Q3,0.523736364445071,0.7135839858992503,-0.18984762145417933,0.03604211937180937,0.18984762145417933,0,NA
LASSO,4,2009 Q4,2010 Q4,1989 Q4,2009 Q3,0.523736364445071,0.7135839858992504,-0.18984762145417944,0.036042119371809414,0.18984762145417944,0,0.2236330860706018
Elastic net,4,2009 Q4,2010 Q4,1989 Q4,2009 Q3,0.523736364445071,0.7135839858992504,-0.18984762145417944,0.036042119371809414,0.18984762145417944,0,0.4472661721412037
Ridge,4,2009 Q4,2010 Q4,1989 Q4,2009 Q3,0.523736364445071,0.8009293973459206,-0.2771930329008496,0.0768359774887715,0.2771930329008496,NA,21.849175187253316
Threshold ridge,4,2009 Q4,2010 Q4,1989 Q4,2009 Q3,0.523736364445071,0.7500706337330768,-0.22633426928800582,0.051227201454135535,0.22633426928800582,19,21.849175187253316
Post-threshold ridge,4,2009 Q4,2010 Q4,1989 Q4,2009 Q3,0.523736364445071,0.9579677369093665,-0.43423137246429555,0.18855688483222577,0.43423137246429555,19,21.849175187253316
OCMT,4,2009 Q4,2010 Q4,1989 Q4,2009 Q3,0.523736364445071,0.7135839858992503,-0.18984762145417933,0.03604211937180937,0.18984762145417933,0,NA
BMT,4,2009 Q4,2010 Q4,1989 Q4,2009 Q3,0.523736364445071,0.7135839858992503,-0.18984762145417933,0.03604211937180937,0.18984762145417933,0,NA
AR,4,2010 Q1,2011 Q1,1990 Q1,2009 Q4,-0.23748667360496967,0.6401282980353126,-0.8776149716402822,0.7702080384471734,0.8776149716402822,0,NA
LASSO,4,2010 Q1,2011 Q1,1990 Q1,2009 Q4,-0.23748667360496967,0.6401282980353126,-0.8776149716402822,0.7702080384471734,0.8776149716402822,0,0.19533179849558968
Elastic net,4,2010 Q1,2011 Q1,1990 Q1,2009 Q4,-0.23748667360496967,0.6401282980353126,-0.8776149716402822,0.7702080384471734,0.8776149716402822,0,0.39066359699117925
Ridge,4,2010 Q1,2011 Q1,1990 Q1,2009 Q4,-0.23748667360496967,0.6481585628898032,-0.8856452364947729,0.7843674849258822,0.8856452364947729,NA,195.33179849558968
Threshold ridge,4,2010 Q1,2011 Q1,1990 Q1,2009 Q4,-0.23748667360496967,0.6433185050213833,-0.880805178626353,0.7758177626950016,0.880805178626353,19,195.33179849558968
Post-threshold ridge,4,2010 Q1,2011 Q1,1990 Q1,2009 Q4,-0.23748667360496967,0.7636639430259454,-1.0011506166309152,1.0023025571804618,1.0011506166309152,19,195.33179849558968
OCMT,4,2010 Q1,2011 Q1,1990 Q1,2009 Q4,-0.23748667360496967,0.6401282980353126,-0.8776149716402822,0.7702080384471734,0.8776149716402822,0,NA
BMT,4,2010 Q1,2011 Q1,1990 Q1,2009 Q4,-0.23748667360496967,0.6401282980353126,-0.8776149716402822,0.7702080384471734,0.8776149716402822,0,NA
AR,4,2010 Q2,2011 Q2,1990 Q2,2010 Q1,0.6743037468666557,0.7157508519496292,-0.041447105082973446,0.0017178625197590432,0.041447105082973446,0,NA
LASSO,4,2010 Q2,2011 Q2,1990 Q2,2010 Q1,0.6743037468666557,0.715750851949629,-0.041447105082973223,0.0017178625197590248,0.041447105082973223,1,0.1787590355752003
Elastic net,4,2010 Q2,2011 Q2,1990 Q2,2010 Q1,0.6743037468666557,0.715750851949629,-0.041447105082973223,0.0017178625197590248,0.041447105082973223,1,0.3575180711504006
Ridge,4,2010 Q2,2011 Q2,1990 Q2,2010 Q1,0.6743037468666557,0.7155858269957501,-0.0412820801290944,0.0017042101397849708,0.0412820801290944,NA,178.75903557520036
Threshold ridge,4,2010 Q2,2011 Q2,1990 Q2,2010 Q1,0.6743037468666557,0.7162779013667114,-0.041974154500055705,0.0017618296459945466,0.041974154500055705,19,178.75903557520036
Post-threshold ridge,4,2010 Q2,2011 Q2,1990 Q2,2010 Q1,0.6743037468666557,0.2015963797787082,0.4727073670879475,0.22345225489921958,0.4727073670879475,19,178.75903557520036
OCMT,4,2010 Q2,2011 Q2,1990 Q2,2010 Q1,0.6743037468666557,0.7157508519496292,-0.041447105082973446,0.0017178625197590432,0.041447105082973446,0,NA
BMT,4,2010 Q2,2011 Q2,1990 Q2,2010 Q1,0.6743037468666557,0.7157508519496292,-0.041447105082973446,0.0017178625197590432,0.041447105082973446,0,NA
AR,4,2010 Q3,2011 Q3,1990 Q3,2010 Q2,-0.0223152255784953,0.6831542402247353,-0.7054694658032306,0.4976871671806955,0.7054694658032306,0,NA
LASSO,4,2010 Q3,2011 Q3,1990 Q3,2010 Q2,-0.0223152255784953,0.6831542402247353,-0.7054694658032306,0.4976871671806955,0.7054694658032306,0,0.1773655737006681
Elastic net,4,2010 Q3,2011 Q3,1990 Q3,2010 Q2,-0.0223152255784953,0.6831542402247353,-0.7054694658032306,0.4976871671806955,0.7054694658032306,0,0.3547311474013363
Ridge,4,2010 Q3,2011 Q3,1990 Q3,2010 Q2,-0.0223152255784953,0.6877898669317667,-0.710105092510262,0.5042492424090077,0.710105092510262,NA,177.36557370066797
Threshold ridge,4,2010 Q3,2011 Q3,1990 Q3,2010 Q2,-0.0223152255784953,0.6864893241908894,-0.7088045497693847,0.5024038897737801,0.7088045497693847,19,177.36557370066797
Post-threshold ridge,4,2010 Q3,2011 Q3,1990 Q3,2010 Q2,-0.0223152255784953,1.3657001953069658,-1.3880154208854611,1.9265868086158437,1.3880154208854611,19,177.36557370066797
OCMT,4,2010 Q3,2011 Q3,1990 Q3,2010 Q2,-0.0223152255784953,0.6831542402247353,-0.7054694658032306,0.4976871671806955,0.7054694658032306,0,NA
BMT,4,2010 Q3,2011 Q3,1990 Q3,2010 Q2,-0.0223152255784953,0.6831542402247353,-0.7054694658032306,0.4976871671806955,0.7054694658032306,0,NA
AR,4,2010 Q4,2011 Q4,1990 Q4,2010 Q3,1.1167896811464573,0.6374890368208005,0.4793006443256568,0.22972910765098975,0.4793006443256568,0,NA
LASSO,4,2010 Q4,2011 Q4,1990 Q4,2010 Q3,1.1167896811464573,0.6374890368208006,0.47930064432565667,0.22972910765098964,0.47930064432565667,0,0.17890573334194287
Elastic net,4,2010 Q4,2011 Q4,1990 Q4,2010 Q3,1.1167896811464573,0.6374890368208005,0.4793006443256568,0.22972910765098975,0.4793006443256568,1,0.3578114666838856
Ridge,4,2010 Q4,2011 Q4,1990 Q4,2010 Q3,1.1167896811464573,0.6351737109594799,0.4816159701869773,0.23195394273914344,0.4816159701869773,NA,178.90573334194266
Threshold ridge,4,2010 Q4,2011 Q4,1990 Q4,2010 Q3,1.1167896811464573,0.6386279823184717,0.47816169882798554,0.22863861022606516,0.47816169882798554,18,178.90573334194266
Post-threshold ridge,4,2010 Q4,2011 Q4,1990 Q4,2010 Q3,1.1167896811464573,0.413044320597312,0.7037453605491453,0.4952575324944465,0.7037453605491453,18,178.90573334194266
OCMT,4,2010 Q4,2011 Q4,1990 Q4,2010 Q3,1.1167896811464573,0.6374890368208005,0.4793006443256568,0.22972910765098975,0.4793006443256568,0,NA
BMT,4,2010 Q4,2011 Q4,1990 Q4,2010 Q3,1.1167896811464573,0.6374890368208005,0.4793006443256568,0.22972910765098975,0.4793006443256568,0,NA
AR,4,2011 Q1,2012 Q1,1991 Q1,2010 Q4,0.8350941818790147,0.5333415878915471,0.3017525939874677,0.09105462797816552,0.3017525939874677,0,NA
LASSO,4,2011 Q1,2012 Q1,1991 Q1,2010 Q4,0.8350941818790147,0.5333415878915471,0.3017525939874677,0.09105462797816552,0.3017525939874677,0,0.1726422331948019
Elastic net,4,2011 Q1,2012 Q1,1991 Q1,2010 Q4,0.8350941818790147,0.5333415878915471,0.3017525939874677,0.09105462797816552,0.3017525939874677,0,0.34528446638960375
Ridge,4,2011 Q1,2012 Q1,1991 Q1,2010 Q4,0.8350941818790147,0.5259305565891949,0.3091636252898199,0.09558214720234416,0.3091636252898199,NA,172.64223319480175
Threshold ridge,4,2011 Q1,2012 Q1,1991 Q1,2010 Q4,0.8350941818790147,0.5328771318908386,0.3022170499881761,0.09133514530355574,0.3022170499881761,19,172.64223319480175
Post-threshold ridge,4,2011 Q1,2012 Q1,1991 Q1,2010 Q4,0.8350941818790147,0.3340502455215245,0.5010439363574902,0.2510450261606087,0.5010439363574902,19,172.64223319480175
OCMT,4,2011 Q1,2012 Q1,1991 Q1,2010 Q4,0.8350941818790147,0.5333415878915471,0.3017525939874677,0.09105462797816552,0.3017525939874677,0,NA
BMT,4,2011 Q1,2012 Q1,1991 Q1,2010 Q4,0.8350941818790147,0.5333415878915471,0.3017525939874677,0.09105462797816552,0.3017525939874677,0,NA
AR,4,2011 Q2,2012 Q2,1991 Q2,2011 Q1,0.4453416266322563,0.6625428268245939,-0.21720120019233757,0.047176361364991905,0.21720120019233757,0,NA
LASSO,4,2011 Q2,2012 Q2,1991 Q2,2011 Q1,0.4453416266322563,0.6625428268245938,-0.21720120019233746,0.047176361364991856,0.21720120019233746,0,0.17783987310647575
Elastic net,4,2011 Q2,2012 Q2,1991 Q2,2011 Q1,0.4453416266322563,0.6625428268245938,-0.21720120019233746,0.047176361364991856,0.21720120019233746,0,0.35567974621295156
Ridge,4,2011 Q2,2012 Q2,1991 Q2,2011 Q1,0.4453416266322563,0.6597354221478361,-0.2143937955155798,0.04596469955557624,0.2143937955155798,NA,177.83987310647555
Threshold ridge,4,2011 Q2,2012 Q2,1991 Q2,2011 Q1,0.4453416266322563,0.6644854617174484,-0.21914383508519208,0.04802402045584587,0.21914383508519208,21,177.83987310647555
Post-threshold ridge,4,2011 Q2,2012 Q2,1991 Q2,2011 Q1,0.4453416266322563,0.7207854924541357,-0.2754438658218794,0.07586932321890151,0.2754438658218794,21,177.83987310647555
OCMT,4,2011 Q2,2012 Q2,1991 Q2,2011 Q1,0.4453416266322563,0.6625428268245939,-0.21720120019233757,0.047176361364991905,0.21720120019233757,0,NA
BMT,4,2011 Q2,2012 Q2,1991 Q2,2011 Q1,0.4453416266322563,0.6625428268245939,-0.21720120019233757,0.047176361364991905,0.21720120019233757,0,NA
AR,4,2011 Q3,2012 Q3,1991 Q3,2011 Q2,0.14392437648620415,0.5422402536082848,-0.3983158771220806,0.15865553796753243,0.3983158771220806,0,NA
LASSO,4,2011 Q3,2012 Q3,1991 Q3,2011 Q2,0.14392437648620415,0.5422402536082848,-0.3983158771220806,0.15865553796753243,0.3983158771220806,1,0.18389039444616845
Elastic net,4,2011 Q3,2012 Q3,1991 Q3,2011 Q2,0.14392437648620415,0.5422402536082848,-0.3983158771220806,0.15865553796753243,0.3983158771220806,0,0.367780788892337
Ridge,4,2011 Q3,2012 Q3,1991 Q3,2011 Q2,0.14392437648620415,0.5449713040552288,-0.4010469275690246,0.16083863811255447,0.4010469275690246,NA,183.89039444616836
Threshold ridge,4,2011 Q3,2012 Q3,1991 Q3,2011 Q2,0.14392437648620415,0.5419653178772206,-0.3980409413910164,0.15843659102344657,0.3980409413910164,19,183.89039444616836
Post-threshold ridge,4,2011 Q3,2012 Q3,1991 Q3,2011 Q2,0.14392437648620415,0.7953043175055665,-0.6513799410193624,0.424295827562388,0.6513799410193624,19,183.89039444616836
OCMT,4,2011 Q3,2012 Q3,1991 Q3,2011 Q2,0.14392437648620415,0.5422402536082848,-0.3983158771220806,0.15865553796753243,0.3983158771220806,0,NA
BMT,4,2011 Q3,2012 Q3,1991 Q3,2011 Q2,0.14392437648620415,0.5422402536082848,-0.3983158771220806,0.15865553796753243,0.3983158771220806,0,NA
AR,4,2011 Q4,2012 Q4,1991 Q4,2011 Q3,0.11557374157504796,0.7216092660790028,-0.6060355245039548,0.3672790569607836,0.6060355245039548,0,NA
LASSO,4,2011 Q4,2012 Q4,1991 Q4,2011 Q3,0.11557374157504796,0.721609266079003,-0.606035524503955,0.3672790569607839,0.606035524503955,0,0.18916204424729566
Elastic net,4,2011 Q4,2012 Q4,1991 Q4,2011 Q3,0.11557374157504796,0.721609266079003,-0.606035524503955,0.3672790569607839,0.606035524503955,1,0.37832408849459115
Ridge,4,2011 Q4,2012 Q4,1991 Q4,2011 Q3,0.11557374157504796,0.7200640493426316,-0.6044903077675836,0.36540853218494795,0.6044903077675836,NA,189.16204424729577
Threshold ridge,4,2011 Q4,2012 Q4,1991 Q4,2011 Q3,0.11557374157504796,0.7202067390433763,-0.6046329974683283,0.3655810616275355,0.6046329974683283,18,189.16204424729577
Post-threshold ridge,4,2011 Q4,2012 Q4,1991 Q4,2011 Q3,0.11557374157504796,0.3143274232853402,-0.19875368171029223,0.039503025993396154,0.19875368171029223,18,189.16204424729577
OCMT,4,2011 Q4,2012 Q4,1991 Q4,2011 Q3,0.11557374157504796,0.7216092660790028,-0.6060355245039548,0.3672790569607836,0.6060355245039548,0,NA
BMT,4,2011 Q4,2012 Q4,1991 Q4,2011 Q3,0.11557374157504796,0.7216092660790028,-0.6060355245039548,0.3672790569607836,0.6060355245039548,0,NA
AR,4,2012 Q1,2013 Q1,1992 Q1,2011 Q4,0.9817259265515688,0.6593315469150659,0.32239437963650286,0.10393813602120552,0.32239437963650286,0,NA
LASSO,4,2012 Q1,2013 Q1,1992 Q1,2011 Q4,0.9817259265515688,0.6593315469150659,0.32239437963650286,0.10393813602120552,0.32239437963650286,1,0.19955595270125878
Elastic net,4,2012 Q1,2013 Q1,1992 Q1,2011 Q4,0.9817259265515688,0.6593315469150659,0.32239437963650286,0.10393813602120552,0.32239437963650286,0,0.3991119054025176
Ridge,4,2012 Q1,2013 Q1,1992 Q1,2011 Q4,0.9817259265515688,0.656138895817542,0.32558703073402673,0.10600691458220006,0.32558703073402673,NA,199.5559527012589
Threshold ridge,4,2012 Q1,2013 Q1,1992 Q1,2011 Q4,0.9817259265515688,0.6593855734140124,0.3223403531375564,0.10390330326084456,0.3223403531375564,17,199.5559527012589
Post-threshold ridge,4,2012 Q1,2013 Q1,1992 Q1,2011 Q4,0.9817259265515688,0.4972503816092627,0.48447554494230605,0.23471655364714442,0.48447554494230605,17,199.5559527012589
OCMT,4,2012 Q1,2013 Q1,1992 Q1,2011 Q4,0.9817259265515688,0.6593315469150659,0.32239437963650286,0.10393813602120552,0.32239437963650286,0,NA
BMT,4,2012 Q1,2013 Q1,1992 Q1,2011 Q4,0.9817259265515688,0.6593315469150659,0.32239437963650286,0.10393813602120552,0.32239437963650286,0,NA
AR,4,2012 Q2,2013 Q2,1992 Q2,2012 Q1,0.26727882651371715,0.6025290667768941,-0.33525024026317696,0.11239272359651788,0.33525024026317696,0,NA
LASSO,4,2012 Q2,2013 Q2,1992 Q2,2012 Q1,0.26727882651371715,0.6025290667768942,-0.33525024026317707,0.11239272359651795,0.33525024026317707,1,0.18887236399697324
Elastic net,4,2012 Q2,2013 Q2,1992 Q2,2012 Q1,0.26727882651371715,0.6025290667768942,-0.33525024026317707,0.11239272359651795,0.33525024026317707,0,0.3777447279939466
Ridge,4,2012 Q2,2013 Q2,1992 Q2,2012 Q1,0.26727882651371715,0.6007441884494327,-0.3334653619357155,0.11119914761091775,0.3334653619357155,NA,188.87236399697312
Threshold ridge,4,2012 Q2,2013 Q2,1992 Q2,2012 Q1,0.26727882651371715,0.6043357806678437,-0.3370569541541265,0.11360739034365694,0.3370569541541265,17,188.87236399697312
Post-threshold ridge,4,2012 Q2,2013 Q2,1992 Q2,2012 Q1,0.26727882651371715,0.6952877107705095,-0.4280088842567924,0.1831916050027443,0.4280088842567924,17,188.87236399697312
OCMT,4,2012 Q2,2013 Q2,1992 Q2,2012 Q1,0.26727882651371715,0.6025290667768941,-0.33525024026317696,0.11239272359651788,0.33525024026317696,0,NA
BMT,4,2012 Q2,2013 Q2,1992 Q2,2012 Q1,0.26727882651371715,0.6025290667768941,-0.33525024026317696,0.11239272359651788,0.33525024026317696,0,NA
AR,4,2012 Q3,2013 Q3,1992 Q3,2012 Q2,0.8477896552497199,0.5441023185180933,0.3036873367316266,0.09222599849114838,0.3036873367316266,0,NA
LASSO,4,2012 Q3,2013 Q3,1992 Q3,2012 Q2,0.8477896552497199,0.5441023185180932,0.30368733673162673,0.09222599849114844,0.30368733673162673,1,0.18790143444482527
Elastic net,4,2012 Q3,2013 Q3,1992 Q3,2012 Q2,0.8477896552497199,0.5441023185180932,0.30368733673162673,0.09222599849114844,0.30368733673162673,0,0.3758028688896506
Ridge,4,2012 Q3,2013 Q3,1992 Q3,2012 Q2,0.8477896552497199,0.5414761465751922,0.3063135086745278,0.0938279655965,0.3063135086745278,NA,187.90143444482536
Threshold ridge,4,2012 Q3,2013 Q3,1992 Q3,2012 Q2,0.8477896552497199,0.5429267240583715,0.30486293119134844,0.09294140681458085,0.30486293119134844,17,187.90143444482536
Post-threshold ridge,4,2012 Q3,2013 Q3,1992 Q3,2012 Q2,0.8477896552497199,0.6971789905141025,0.15061066473561746,0.022683572332104565,0.15061066473561746,17,187.90143444482536
OCMT,4,2012 Q3,2013 Q3,1992 Q3,2012 Q2,0.8477896552497199,0.5441023185180933,0.3036873367316266,0.09222599849114838,0.3036873367316266,0,NA
BMT,4,2012 Q3,2013 Q3,1992 Q3,2012 Q2,0.8477896552497199,0.5441023185180933,0.3036873367316266,0.09222599849114838,0.3036873367316266,0,NA
AR,4,2012 Q4,2013 Q4,1992 Q4,2012 Q3,0.8679640238263175,0.546750667915989,0.3212133559103285,0.10317802001517538,0.3212133559103285,0,NA
LASSO,4,2012 Q4,2013 Q4,1992 Q4,2012 Q3,0.8679640238263175,0.5467506679159891,0.3212133559103284,0.1031780200151753,0.3212133559103284,0,0.1864882623173546
Elastic net,4,2012 Q4,2013 Q4,1992 Q4,2012 Q3,0.8679640238263175,0.5467506679159891,0.3212133559103284,0.1031780200151753,0.3212133559103284,0,0.3729765246347092
Ridge,4,2012 Q4,2013 Q4,1992 Q4,2012 Q3,0.8679640238263175,0.5439220658786076,0.32404195794770996,0.10500319051058543,0.32404195794770996,NA,186.48826231735444
Threshold ridge,4,2012 Q4,2013 Q4,1992 Q4,2012 Q3,0.8679640238263175,0.5484708936973437,0.31949313012897385,0.10207586019960942,0.31949313012897385,17,186.48826231735444
Post-threshold ridge,4,2012 Q4,2013 Q4,1992 Q4,2012 Q3,0.8679640238263175,0.6952188477174572,0.1727451761088603,0.029840895868881164,0.1727451761088603,17,186.48826231735444
OCMT,4,2012 Q4,2013 Q4,1992 Q4,2012 Q3,0.8679640238263175,0.546750667915989,0.3212133559103285,0.10317802001517538,0.3212133559103285,0,NA
BMT,4,2012 Q4,2013 Q4,1992 Q4,2012 Q3,0.8679640238263175,0.546750667915989,0.3212133559103285,0.10317802001517538,0.3212133559103285,0,NA
AR,4,2013 Q1,2014 Q1,1993 Q1,2012 Q4,-0.34569281496601434,0.6943072197330641,-1.0400000346990783,1.0816000721740842,1.0400000346990783,0,NA
LASSO,4,2013 Q1,2014 Q1,1993 Q1,2012 Q4,-0.34569281496601434,0.6943072197330642,-1.0400000346990785,1.0816000721740846,1.0400000346990785,0,0.19152264786157597
Elastic net,4,2013 Q1,2014 Q1,1993 Q1,2012 Q4,-0.34569281496601434,0.6943072197330642,-1.0400000346990785,1.0816000721740846,1.0400000346990785,1,0.3830452957231518
Ridge,4,2013 Q1,2014 Q1,1993 Q1,2012 Q4,-0.34569281496601434,0.6931845531121725,-1.0388773680781869,1.0792661859050605,1.0388773680781869,NA,191.5226478615761
Threshold ridge,4,2013 Q1,2014 Q1,1993 Q1,2012 Q4,-0.34569281496601434,0.6942194023119045,-1.039912217277919,1.0814174196438777,1.039912217277919,17,191.5226478615761
Post-threshold ridge,4,2013 Q1,2014 Q1,1993 Q1,2012 Q4,-0.34569281496601434,0.8636388969874567,-1.209331711953471,1.4624831895363128,1.209331711953471,17,191.5226478615761
OCMT,4,2013 Q1,2014 Q1,1993 Q1,2012 Q4,-0.34569281496601434,0.6943072197330641,-1.0400000346990783,1.0816000721740842,1.0400000346990783,0,NA
BMT,4,2013 Q1,2014 Q1,1993 Q1,2012 Q4,-0.34569281496601434,0.6943072197330641,-1.0400000346990783,1.0816000721740842,1.0400000346990783,0,NA
AR,4,2013 Q2,2014 Q2,1993 Q2,2013 Q1,1.283569022914932,0.5588382267901197,0.7247307961248122,0.525234726851704,0.7247307961248122,0,NA
LASSO,4,2013 Q2,2014 Q2,1993 Q2,2013 Q1,1.283569022914932,0.55883822679012,0.724730796124812,0.5252347268517037,0.724730796124812,1,0.18958762240577723
Elastic net,4,2013 Q2,2014 Q2,1993 Q2,2013 Q1,1.283569022914932,0.55883822679012,0.724730796124812,0.5252347268517037,0.724730796124812,1,0.3791752448115545
Ridge,4,2013 Q2,2014 Q2,1993 Q2,2013 Q1,1.283569022914932,0.5577051352668815,0.7258638876480504,0.5268783833915416,0.7258638876480504,NA,189.58762240577735
Threshold ridge,4,2013 Q2,2014 Q2,1993 Q2,2013 Q1,1.283569022914932,0.5585705202164031,0.7249985026985288,0.5256228289151087,0.7249985026985288,19,189.58762240577735
Post-threshold ridge,4,2013 Q2,2014 Q2,1993 Q2,2013 Q1,1.283569022914932,0.49247766335065396,0.7910913595642779,0.6258255391772576,0.7910913595642779,19,189.58762240577735
OCMT,4,2013 Q2,2014 Q2,1993 Q2,2013 Q1,1.283569022914932,0.5588382267901197,0.7247307961248122,0.525234726851704,0.7247307961248122,0,NA
BMT,4,2013 Q2,2014 Q2,1993 Q2,2013 Q1,1.283569022914932,0.5588382267901197,0.7247307961248122,0.525234726851704,0.7247307961248122,0,NA
AR,4,2013 Q3,2014 Q3,1993 Q3,2013 Q2,1.2080648325781596,0.6511486354370237,0.5569161971411358,0.3101556506381445,0.5569161971411358,0,NA
LASSO,4,2013 Q3,2014 Q3,1993 Q3,2013 Q2,1.2080648325781596,0.6511486354370238,0.5569161971411357,0.3101556506381443,0.5569161971411357,0,0.1949961191372571
Elastic net,4,2013 Q3,2014 Q3,1993 Q3,2013 Q2,1.2080648325781596,0.6511486354370238,0.5569161971411357,0.3101556506381443,0.5569161971411357,0,0.3899922382745142
Ridge,4,2013 Q3,2014 Q3,1993 Q3,2013 Q2,1.2080648325781596,0.6475641856257985,0.560500646952361,0.31416097523401526,0.560500646952361,NA,194.99611913725712
Threshold ridge,4,2013 Q3,2014 Q3,1993 Q3,2013 Q2,1.2080648325781596,0.6519344781773151,0.5561303544008445,0.3092809710860089,0.5561303544008445,19,194.99611913725712
Post-threshold ridge,4,2013 Q3,2014 Q3,1993 Q3,2013 Q2,1.2080648325781596,0.9428007160149601,0.2652641165631995,0.07036505153605468,0.2652641165631995,19,194.99611913725712
OCMT,4,2013 Q3,2014 Q3,1993 Q3,2013 Q2,1.2080648325781596,0.6511486354370237,0.5569161971411358,0.3101556506381445,0.5569161971411358,0,NA
BMT,4,2013 Q3,2014 Q3,1993 Q3,2013 Q2,1.2080648325781596,0.6511486354370237,0.5569161971411358,0.3101556506381445,0.5569161971411358,0,NA
AR,4,2013 Q4,2014 Q4,1993 Q4,2013 Q3,0.5044586015433339,0.6621705878614348,-0.1577119863181009,0.024873070628400846,0.1577119863181009,0,NA
LASSO,4,2013 Q4,2014 Q4,1993 Q4,2013 Q3,0.5044586015433339,0.6621705878614351,-0.15771198631810124,0.024873070628400953,0.15771198631810124,1,0.19337098770861882
Elastic net,4,2013 Q4,2014 Q4,1993 Q4,2013 Q3,0.5044586015433339,0.6621705878614351,-0.15771198631810124,0.024873070628400953,0.15771198631810124,1,0.3867419754172376
Ridge,4,2013 Q4,2014 Q4,1993 Q4,2013 Q3,0.5044586015433339,0.6639202670563088,-0.15946166551297491,0.025428022768171892,0.15946166551297491,NA,193.370987708619
Threshold ridge,4,2013 Q4,2014 Q4,1993 Q4,2013 Q3,0.5044586015433339,0.6631571063261443,-0.15869850478281045,0.02518521542029971,0.15869850478281045,21,193.370987708619
Post-threshold ridge,4,2013 Q4,2014 Q4,1993 Q4,2013 Q3,0.5044586015433339,0.7804929839226771,-0.2760343823793432,0.07619498025554546,0.2760343823793432,21,193.370987708619
OCMT,4,2013 Q4,2014 Q4,1993 Q4,2013 Q3,0.5044586015433339,0.6621705878614348,-0.1577119863181009,0.024873070628400846,0.1577119863181009,0,NA
BMT,4,2013 Q4,2014 Q4,1993 Q4,2013 Q3,0.5044586015433339,0.6621705878614348,-0.1577119863181009,0.024873070628400846,0.1577119863181009,0,NA
AR,4,2014 Q1,2015 Q1,1994 Q1,2013 Q4,0.8964547876924911,0.4732201623565527,0.4232346253359384,0.17912754808325218,0.4232346253359384,0,NA
LASSO,4,2014 Q1,2015 Q1,1994 Q1,2013 Q4,0.8964547876924911,0.47322016235655284,0.42323462533593825,0.17912754808325201,0.42323462533593825,0,0.19564061050622578
Elastic net,4,2014 Q1,2015 Q1,1994 Q1,2013 Q4,0.8964547876924911,0.47322016235655284,0.42323462533593825,0.17912754808325201,0.42323462533593825,0,0.3912812210124515
Ridge,4,2014 Q1,2015 Q1,1994 Q1,2013 Q4,0.8964547876924911,0.47372072773092294,0.42273405996156815,0.1787040854515907,0.42273405996156815,NA,195.6406105062256
Threshold ridge,4,2014 Q1,2015 Q1,1994 Q1,2013 Q4,0.8964547876924911,0.47479176348222807,0.421663024210263,0.17779970598614486,0.421663024210263,20,195.6406105062256
Post-threshold ridge,4,2014 Q1,2015 Q1,1994 Q1,2013 Q4,0.8964547876924911,0.9825360411549386,-0.08608125346244755,0.0074099821976661385,0.08608125346244755,20,195.6406105062256
OCMT,4,2014 Q1,2015 Q1,1994 Q1,2013 Q4,0.8964547876924911,0.4732201623565527,0.4232346253359384,0.17912754808325218,0.4232346253359384,0,NA
BMT,4,2014 Q1,2015 Q1,1994 Q1,2013 Q4,0.8964547876924911,0.4732201623565527,0.4232346253359384,0.17912754808325218,0.4232346253359384,0,NA
AR,4,2014 Q2,2015 Q2,1994 Q2,2014 Q1,0.6174946582536478,0.7172937466981032,-0.0997990884444554,0.00995985805434423,0.0997990884444554,0,NA
LASSO,4,2014 Q2,2015 Q2,1994 Q2,2014 Q1,0.6174946582536478,0.7172937466981035,-0.09979908844445573,0.009959858054344297,0.09979908844445573,0,0.19773229105094306
Elastic net,4,2014 Q2,2015 Q2,1994 Q2,2014 Q1,0.6174946582536478,0.7172937466981035,-0.09979908844445573,0.009959858054344297,0.09979908844445573,1,0.39546458210188606
Ridge,4,2014 Q2,2015 Q2,1994 Q2,2014 Q1,0.6174946582536478,0.7133578822167799,-0.09586322396313207,0.009189757708605618,0.09586322396313207,NA,197.73229105094313
Threshold ridge,4,2014 Q2,2015 Q2,1994 Q2,2014 Q1,0.6174946582536478,0.7164880653870723,-0.09899340713342453,0.009799694655883946,0.09899340713342453,20,197.73229105094313
Post-threshold ridge,4,2014 Q2,2015 Q2,1994 Q2,2014 Q1,0.6174946582536478,0.7272837515469308,-0.10978909329328301,0.012053645006161202,0.10978909329328301,20,197.73229105094313
OCMT,4,2014 Q2,2015 Q2,1994 Q2,2014 Q1,0.6174946582536478,0.7172937466981032,-0.0997990884444554,0.00995985805434423,0.0997990884444554,0,NA
BMT,4,2014 Q2,2015 Q2,1994 Q2,2014 Q1,0.6174946582536478,0.7172937466981032,-0.0997990884444554,0.00995985805434423,0.0997990884444554,0,NA
AR,4,2014 Q3,2015 Q3,1994 Q3,2014 Q2,0.3994462115690211,0.7154389352211654,-0.3159927236521443,0.09985140140110045,0.3159927236521443,0,NA
LASSO,4,2014 Q3,2015 Q3,1994 Q3,2014 Q2,0.3994462115690211,0.7154389352211654,-0.3159927236521443,0.09985140140110045,0.3159927236521443,0,0.20570204559861283
Elastic net,4,2014 Q3,2015 Q3,1994 Q3,2014 Q2,0.3994462115690211,0.7154389352211654,-0.3159927236521443,0.09985140140110045,0.3159927236521443,0,0.41140409119722565
Ridge,4,2014 Q3,2015 Q3,1994 Q3,2014 Q2,0.3994462115690211,0.7157347063392242,-0.3162884947702031,0.10003841192400079,0.3162884947702031,NA,205.70204559861259
Threshold ridge,4,2014 Q3,2015 Q3,1994 Q3,2014 Q2,0.3994462115690211,0.7149304343487738,-0.3154842227797527,0.09953029482294462,0.3154842227797527,19,205.70204559861259
Post-threshold ridge,4,2014 Q3,2015 Q3,1994 Q3,2014 Q2,0.3994462115690211,0.4958845179073941,-0.09643830633837297,0.009300346929413868,0.09643830633837297,19,205.70204559861259
OCMT,4,2014 Q3,2015 Q3,1994 Q3,2014 Q2,0.3994462115690211,0.7154389352211654,-0.3159927236521443,0.09985140140110045,0.3159927236521443,0,NA
BMT,4,2014 Q3,2015 Q3,1994 Q3,2014 Q2,0.3994462115690211,0.7154389352211654,-0.3159927236521443,0.09985140140110045,0.3159927236521443,0,NA
AR,4,2014 Q4,2015 Q4,1994 Q4,2014 Q3,0.18430917271050615,0.6064352805385324,-0.4221261078280262,0.17819045091003838,0.4221261078280262,0,NA
LASSO,4,2014 Q4,2015 Q4,1994 Q4,2014 Q3,0.18430917271050615,0.6064352805385326,-0.4221261078280264,0.17819045091003857,0.4221261078280264,1,0.20670136589128493
Elastic net,4,2014 Q4,2015 Q4,1994 Q4,2014 Q3,0.18430917271050615,0.6064352805385326,-0.4221261078280264,0.17819045091003857,0.4221261078280264,0,0.4134027317825699
Ridge,4,2014 Q4,2015 Q4,1994 Q4,2014 Q3,0.18430917271050615,0.6073414984383799,-0.42303232572787375,0.17895634861073387,0.42303232572787375,NA,206.70136589128506
Threshold ridge,4,2014 Q4,2015 Q4,1994 Q4,2014 Q3,0.18430917271050615,0.6080662398296307,-0.42375706711912453,0.17957005193340222,0.42375706711912453,19,206.70136589128506
Post-threshold ridge,4,2014 Q4,2015 Q4,1994 Q4,2014 Q3,0.18430917271050615,0.9029571933092765,-0.7186480205987703,0.5164549775105306,0.7186480205987703,19,206.70136589128506
OCMT,4,2014 Q4,2015 Q4,1994 Q4,2014 Q3,0.18430917271050615,0.6064352805385324,-0.4221261078280262,0.17819045091003838,0.4221261078280262,0,NA
BMT,4,2014 Q4,2015 Q4,1994 Q4,2014 Q3,0.18430917271050615,0.6064352805385324,-0.4221261078280262,0.17819045091003838,0.4221261078280262,0,NA
AR,4,2015 Q1,2016 Q1,1995 Q1,2014 Q4,0.5778466518471248,0.6571309187718393,-0.07928426692471446,0.006285994981789372,0.07928426692471446,0,NA
LASSO,4,2015 Q1,2016 Q1,1995 Q1,2014 Q4,0.5778466518471248,0.6571309187718395,-0.07928426692471469,0.006285994981789407,0.07928426692471469,1,0.20765501592347824
Elastic net,4,2015 Q1,2016 Q1,1995 Q1,2014 Q4,0.5778466518471248,0.6571309187718395,-0.07928426692471469,0.006285994981789407,0.07928426692471469,0,0.4153100318469566
Ridge,4,2015 Q1,2016 Q1,1995 Q1,2014 Q4,0.5778466518471248,0.6526979660939554,-0.07485131424683056,0.005602719244477779,0.07485131424683056,NA,207.65501592347837
Threshold ridge,4,2015 Q1,2016 Q1,1995 Q1,2014 Q4,0.5778466518471248,0.6542937659166169,-0.07644711406949212,0.00584416124955394,0.07644711406949212,19,207.65501592347837
Post-threshold ridge,4,2015 Q1,2016 Q1,1995 Q1,2014 Q4,0.5778466518471248,0.6143045301147296,-0.036457878267604826,0.0013291768877754923,0.036457878267604826,19,207.65501592347837
OCMT,4,2015 Q1,2016 Q1,1995 Q1,2014 Q4,0.5778466518471248,0.6571309187718393,-0.07928426692471446,0.006285994981789372,0.07928426692471446,0,NA
BMT,4,2015 Q1,2016 Q1,1995 Q1,2014 Q4,0.5778466518471248,0.6571309187718393,-0.07928426692471446,0.006285994981789372,0.07928426692471446,0,NA
AR,4,2015 Q2,2016 Q2,1995 Q2,2015 Q1,0.32060956626729364,0.6142437444430537,-0.2936341781757601,0.08622103059295402,0.2936341781757601,0,NA
LASSO,4,2015 Q2,2016 Q2,1995 Q2,2015 Q1,0.32060956626729364,0.6142437444430541,-0.29363417817576043,0.08622103059295422,0.29363417817576043,0,0.20792454264712062
Elastic net,4,2015 Q2,2016 Q2,1995 Q2,2015 Q1,0.32060956626729364,0.6142437444430541,-0.29363417817576043,0.08622103059295422,0.29363417817576043,0,0.41584908529424125
Ridge,4,2015 Q2,2016 Q2,1995 Q2,2015 Q1,0.32060956626729364,0.6096183023429814,-0.2890087360756878,0.08352604952806655,0.2890087360756878,NA,207.92454264712046
Threshold ridge,4,2015 Q2,2016 Q2,1995 Q2,2015 Q1,0.32060956626729364,0.6107527588372851,-0.29014319256999144,0.08418307219470714,0.29014319256999144,18,207.92454264712046
Post-threshold ridge,4,2015 Q2,2016 Q2,1995 Q2,2015 Q1,0.32060956626729364,0.03756743642994659,0.28304212983734706,0.08011284726286162,0.28304212983734706,18,207.92454264712046
OCMT,4,2015 Q2,2016 Q2,1995 Q2,2015 Q1,0.32060956626729364,0.6142437444430537,-0.2936341781757601,0.08622103059295402,0.2936341781757601,0,NA
BMT,4,2015 Q2,2016 Q2,1995 Q2,2015 Q1,0.32060956626729364,0.6142437444430537,-0.2936341781757601,0.08622103059295402,0.2936341781757601,0,NA
AR,4,2015 Q3,2016 Q3,1995 Q3,2015 Q2,0.7068859191104337,0.563118572626123,0.14376734648431078,0.020669049915139865,0.14376734648431078,0,NA
LASSO,4,2015 Q3,2016 Q3,1995 Q3,2015 Q2,0.7068859191104337,0.5631185726261232,0.14376734648431055,0.020669049915139803,0.14376734648431055,1,0.2033854605206001
Elastic net,4,2015 Q3,2016 Q3,1995 Q3,2015 Q2,0.7068859191104337,0.5631185726261232,0.14376734648431055,0.020669049915139803,0.14376734648431055,0,0.40677092104120033
Ridge,4,2015 Q3,2016 Q3,1995 Q3,2015 Q2,0.7068859191104337,0.5623380623195303,0.14454785679090343,0.020894082902843527,0.14454785679090343,NA,203.3854605206002
Threshold ridge,4,2015 Q3,2016 Q3,1995 Q3,2015 Q2,0.7068859191104337,0.5617314692079554,0.1451544499024784,0.021069814326491108,0.1451544499024784,19,203.3854605206002
Post-threshold ridge,4,2015 Q3,2016 Q3,1995 Q3,2015 Q2,0.7068859191104337,0.2999096314264045,0.40697628768402927,0.16562969873707376,0.40697628768402927,19,203.3854605206002
OCMT,4,2015 Q3,2016 Q3,1995 Q3,2015 Q2,0.7068859191104337,0.563118572626123,0.14376734648431078,0.020669049915139865,0.14376734648431078,0,NA
BMT,4,2015 Q3,2016 Q3,1995 Q3,2015 Q2,0.7068859191104337,0.563118572626123,0.14376734648431078,0.020669049915139865,0.14376734648431078,0,NA
AR,4,2015 Q4,2016 Q4,1995 Q4,2015 Q3,0.5527685286210726,0.529599885655053,0.023168642966019615,5.367860168868901e-4,0.023168642966019615,0,NA
LASSO,4,2015 Q4,2016 Q4,1995 Q4,2015 Q3,0.5527685286210726,0.5295998856550532,0.023168642966019393,5.367860168868798e-4,0.023168642966019393,0,0.20335139085210424
Elastic net,4,2015 Q4,2016 Q4,1995 Q4,2015 Q3,0.5527685286210726,0.5295998856550532,0.023168642966019393,5.367860168868798e-4,0.023168642966019393,0,0.4067027817042085
Ridge,4,2015 Q4,2016 Q4,1995 Q4,2015 Q3,0.5527685286210726,0.5272537322675162,0.025514796353556468,6.510048329634585e-4,0.025514796353556468,NA,203.35139085210406
Threshold ridge,4,2015 Q4,2016 Q4,1995 Q4,2015 Q3,0.5527685286210726,0.5291174888191925,0.023651039801880103,5.593716837101168e-4,0.023651039801880103,18,203.35139085210406
Post-threshold ridge,4,2015 Q4,2016 Q4,1995 Q4,2015 Q3,0.5527685286210726,0.4506671019374416,0.10210142668363104,0.010424701330832883,0.10210142668363104,18,203.35139085210406
OCMT,4,2015 Q4,2016 Q4,1995 Q4,2015 Q3,0.5527685286210726,0.529599885655053,0.023168642966019615,5.367860168868901e-4,0.023168642966019615,0,NA
BMT,4,2015 Q4,2016 Q4,1995 Q4,2015 Q3,0.5527685286210726,0.529599885655053,0.023168642966019615,5.367860168868901e-4,0.023168642966019615,0,NA
AR,4,2016 Q1,2017 Q1,1996 Q1,2015 Q4,0.48570873310360696,0.5843759281915991,-0.09866719508799215,0.009735215386531904,0.09866719508799215,0,NA
LASSO,4,2016 Q1,2017 Q1,1996 Q1,2015 Q4,0.48570873310360696,0.5843759281915993,-0.09866719508799238,0.009735215386531947,0.09866719508799238,1,0.20419836560884802
Elastic net,4,2016 Q1,2017 Q1,1996 Q1,2015 Q4,0.48570873310360696,0.5843759281915993,-0.09866719508799238,0.009735215386531947,0.09866719508799238,0,0.40839673121769615
Ridge,4,2016 Q1,2017 Q1,1996 Q1,2015 Q4,0.48570873310360696,0.5887530255133543,-0.10304429240974733,0.010618126198225511,0.10304429240974733,NA,161.82371261683278
Threshold ridge,4,2016 Q1,2017 Q1,1996 Q1,2015 Q4,0.48570873310360696,0.5860506541933498,-0.10034192108974282,0.010068501127980176,0.10034192108974282,17,161.82371261683278
Post-threshold ridge,4,2016 Q1,2017 Q1,1996 Q1,2015 Q4,0.48570873310360696,0.9574691098241983,-0.47176037672059135,0.22255785304355427,0.47176037672059135,17,161.82371261683278
OCMT,4,2016 Q1,2017 Q1,1996 Q1,2015 Q4,0.48570873310360696,0.5843759281915991,-0.09866719508799215,0.009735215386531904,0.09866719508799215,0,NA
BMT,4,2016 Q1,2017 Q1,1996 Q1,2015 Q4,0.48570873310360696,0.5843759281915991,-0.09866719508799215,0.009735215386531904,0.09866719508799215,0,NA
AR,4,2016 Q2,2017 Q2,1996 Q2,2016 Q1,0.5583111012978037,0.5439237348679277,0.014387366429876036,2.0699631278752392e-4,0.014387366429876036,0,NA
LASSO,4,2016 Q2,2017 Q2,1996 Q2,2016 Q1,0.5583111012978037,0.5439237348679277,0.014387366429876036,2.0699631278752392e-4,0.014387366429876036,0,0.2033153275299415
Elastic net,4,2016 Q2,2017 Q2,1996 Q2,2016 Q1,0.5583111012978037,0.5439237348679277,0.014387366429876036,2.0699631278752392e-4,0.014387366429876036,0,0.40663065505988294
Ridge,4,2016 Q2,2017 Q2,1996 Q2,2016 Q1,0.5583111012978037,0.5413658338664759,0.01694526743132785,2.871420883192203e-4,0.01694526743132785,NA,203.31532752994144
Threshold ridge,4,2016 Q2,2017 Q2,1996 Q2,2016 Q1,0.5583111012978037,0.544177891062584,0.01413321023521974,1.9974763155292002e-4,0.01413321023521974,17,203.31532752994144
Post-threshold ridge,4,2016 Q2,2017 Q2,1996 Q2,2016 Q1,0.5583111012978037,0.3862664336995361,0.1720446675982676,0.029599367648998384,0.1720446675982676,17,203.31532752994144
OCMT,4,2016 Q2,2017 Q2,1996 Q2,2016 Q1,0.5583111012978037,0.5439237348679277,0.014387366429876036,2.0699631278752392e-4,0.014387366429876036,0,NA
BMT,4,2016 Q2,2017 Q2,1996 Q2,2016 Q1,0.5583111012978037,0.5439237348679277,0.014387366429876036,2.0699631278752392e-4,0.014387366429876036,0,NA
AR,4,2016 Q3,2017 Q3,1996 Q3,2016 Q2,0.785431525684821,0.5877030980983191,0.1977284275865019,0.03909653107583052,0.1977284275865019,0,NA
LASSO,4,2016 Q3,2017 Q3,1996 Q3,2016 Q2,0.785431525684821,0.5877030980983192,0.19772842758650178,0.03909653107583048,0.19772842758650178,1,0.21814042964321373
Elastic net,4,2016 Q3,2017 Q3,1996 Q3,2016 Q2,0.785431525684821,0.5877030980983192,0.19772842758650178,0.03909653107583048,0.19772842758650178,0,0.43628085928642757
Ridge,4,2016 Q3,2017 Q3,1996 Q3,2016 Q2,0.785431525684821,0.5842708707538572,0.2011606549309638,0.040465609092254294,0.2011606549309638,NA,218.14042964321382
Threshold ridge,4,2016 Q3,2017 Q3,1996 Q3,2016 Q2,0.785431525684821,0.5878626906675517,0.1975688350172693,0.039033444570080976,0.1975688350172693,17,218.14042964321382
Post-threshold ridge,4,2016 Q3,2017 Q3,1996 Q3,2016 Q2,0.785431525684821,0.5864755507127338,0.19895597497208717,0.03958347997709378,0.19895597497208717,17,218.14042964321382
OCMT,4,2016 Q3,2017 Q3,1996 Q3,2016 Q2,0.785431525684821,0.5877030980983191,0.1977284275865019,0.03909653107583052,0.1977284275865019,0,NA
BMT,4,2016 Q3,2017 Q3,1996 Q3,2016 Q2,0.785431525684821,0.5877030980983191,0.1977284275865019,0.03909653107583052,0.1977284275865019,0,NA
AR,4,2016 Q4,2017 Q4,1996 Q4,2016 Q3,1.1207427769393874,0.5640229519619976,0.5567198249773898,0.30993696352285555,0.5567198249773898,0,NA
LASSO,4,2016 Q4,2017 Q4,1996 Q4,2016 Q3,1.1207427769393874,0.5640229519619976,0.5567198249773898,0.30993696352285555,0.5567198249773898,1,0.21664949927161636
Elastic net,4,2016 Q4,2017 Q4,1996 Q4,2016 Q3,1.1207427769393874,0.5640229519619976,0.5567198249773898,0.30993696352285555,0.5567198249773898,0,0.4332989985432328
Ridge,4,2016 Q4,2017 Q4,1996 Q4,2016 Q3,1.1207427769393874,0.5631091975974977,0.5576335793418897,0.3109552088096476,0.5576335793418897,NA,216.64949927161618
Threshold ridge,4,2016 Q4,2017 Q4,1996 Q4,2016 Q3,1.1207427769393874,0.5644290178879272,0.5563137590514602,0.3094849985099661,0.5563137590514602,16,216.64949927161618
Post-threshold ridge,4,2016 Q4,2017 Q4,1996 Q4,2016 Q3,1.1207427769393874,0.33003680777895006,0.7907059691604373,0.6252159296659465,0.7907059691604373,16,216.64949927161618
OCMT,4,2016 Q4,2017 Q4,1996 Q4,2016 Q3,1.1207427769393874,0.5640229519619976,0.5567198249773898,0.30993696352285555,0.5567198249773898,0,NA
BMT,4,2016 Q4,2017 Q4,1996 Q4,2016 Q3,1.1207427769393874,0.5640229519619976,0.5567198249773898,0.30993696352285555,0.5567198249773898,0,NA
AR,4,2017 Q1,2018 Q1,1997 Q1,2016 Q4,0.8101194549169577,0.5608171875680894,0.2493022673488683,0.0621516205052866,0.2493022673488683,0,NA
LASSO,4,2017 Q1,2018 Q1,1997 Q1,2016 Q4,0.8101194549169577,0.5608171875680892,0.2493022673488685,0.06215162050528671,0.2493022673488685,1,0.2188272706193416
Elastic net,4,2017 Q1,2018 Q1,1997 Q1,2016 Q4,0.8101194549169577,0.5608171875680892,0.2493022673488685,0.06215162050528671,0.2493022673488685,1,0.43765454123868325
Ridge,4,2017 Q1,2018 Q1,1997 Q1,2016 Q4,0.8101194549169577,0.5619424791980213,0.24817697571893638,0.06159181127699754,0.24817697571893638,NA,218.82727061934148
Threshold ridge,4,2017 Q1,2018 Q1,1997 Q1,2016 Q4,0.8101194549169577,0.5629562181295301,0.24716323678742758,0.061089665619237996,0.24716323678742758,14,218.82727061934148
Post-threshold ridge,4,2017 Q1,2018 Q1,1997 Q1,2016 Q4,0.8101194549169577,0.7844872164085374,0.025632238508420335,6.570116509525463e-4,0.025632238508420335,14,218.82727061934148
OCMT,4,2017 Q1,2018 Q1,1997 Q1,2016 Q4,0.8101194549169577,0.5608171875680894,0.2493022673488683,0.0621516205052866,0.2493022673488683,0,NA
BMT,4,2017 Q1,2018 Q1,1997 Q1,2016 Q4,0.8101194549169577,0.5608171875680894,0.2493022673488683,0.0621516205052866,0.2493022673488683,0,NA
AR,4,2017 Q2,2018 Q2,1997 Q2,2017 Q1,0.5294212303768475,0.5667641658482199,-0.03734293547137235,0.0013944948296190794,0.03734293547137235,0,NA
LASSO,4,2017 Q2,2018 Q2,1997 Q2,2017 Q1,0.5294212303768475,0.56676416584822,-0.03734293547137246,0.0013944948296190876,0.03734293547137246,0,0.21953505746895158
Elastic net,4,2017 Q2,2018 Q2,1997 Q2,2017 Q1,0.5294212303768475,0.56676416584822,-0.03734293547137246,0.0013944948296190876,0.03734293547137246,0,0.43907011493790316
Ridge,4,2017 Q2,2018 Q2,1997 Q2,2017 Q1,0.5294212303768475,0.5669574362228013,-0.03753620584595374,0.0014089667493098117,0.03753620584595374,NA,219.53505746895172
Threshold ridge,4,2017 Q2,2018 Q2,1997 Q2,2017 Q1,0.5294212303768475,0.568230077259007,-0.038808846882159465,0.0015061265963228984,0.038808846882159465,14,219.53505746895172
Post-threshold ridge,4,2017 Q2,2018 Q2,1997 Q2,2017 Q1,0.5294212303768475,0.8118077048767173,-0.28238647449986976,0.0797421209804656,0.28238647449986976,14,219.53505746895172
OCMT,4,2017 Q2,2018 Q2,1997 Q2,2017 Q1,0.5294212303768475,0.5667641658482199,-0.03734293547137235,0.0013944948296190794,0.03734293547137235,0,NA
BMT,4,2017 Q2,2018 Q2,1997 Q2,2017 Q1,0.5294212303768475,0.5667641658482199,-0.03734293547137235,0.0013944948296190794,0.03734293547137235,0,NA
AR,4,2017 Q3,2018 Q3,1997 Q3,2017 Q2,0.621760482522582,0.5863585017261593,0.03540198079642265,0.0012533002443102781,0.03540198079642265,0,NA
LASSO,4,2017 Q3,2018 Q3,1997 Q3,2017 Q2,0.621760482522582,0.5863585017261593,0.03540198079642265,0.0012533002443102781,0.03540198079642265,0,0.22094779360696196
Elastic net,4,2017 Q3,2018 Q3,1997 Q3,2017 Q2,0.621760482522582,0.5863585017261593,0.03540198079642265,0.0012533002443102781,0.03540198079642265,1,0.44189558721392375
Ridge,4,2017 Q3,2018 Q3,1997 Q3,2017 Q2,0.621760482522582,0.5853329326425643,0.03642754988001773,0.0013269663902611797,0.03642754988001773,NA,220.94779360696205
Threshold ridge,4,2017 Q3,2018 Q3,1997 Q3,2017 Q2,0.621760482522582,0.5863962540598842,0.03536422846269782,0.0012506286547618868,0.03536422846269782,15,220.94779360696205
Post-threshold ridge,4,2017 Q3,2018 Q3,1997 Q3,2017 Q2,0.621760482522582,0.5028802573771608,0.11888022514542118,0.01413250793062603,0.11888022514542118,15,220.94779360696205
OCMT,4,2017 Q3,2018 Q3,1997 Q3,2017 Q2,0.621760482522582,0.5863585017261593,0.03540198079642265,0.0012533002443102781,0.03540198079642265,0,NA
BMT,4,2017 Q3,2018 Q3,1997 Q3,2017 Q2,0.621760482522582,0.5863585017261593,0.03540198079642265,0.0012533002443102781,0.03540198079642265,0,NA
AR,4,2017 Q4,2018 Q4,1997 Q4,2017 Q3,0.14154399831838305,0.6051568337971256,-0.46361283547874255,0.2149368612206396,0.46361283547874255,0,NA
LASSO,4,2017 Q4,2018 Q4,1997 Q4,2017 Q3,0.14154399831838305,0.6051568337971256,-0.46361283547874255,0.2149368612206396,0.46361283547874255,0,0.22803423034998055
Elastic net,4,2017 Q4,2018 Q4,1997 Q4,2017 Q3,0.14154399831838305,0.6051568337971256,-0.46361283547874255,0.2149368612206396,0.46361283547874255,0,0.45606846069996104
Ridge,4,2017 Q4,2018 Q4,1997 Q4,2017 Q3,0.14154399831838305,0.6029483172355442,-0.46140431891716116,0.21289394551540936,0.46140431891716116,NA,228.03423034998062
Threshold ridge,4,2017 Q4,2018 Q4,1997 Q4,2017 Q3,0.14154399831838305,0.6054315204265419,-0.46388752210815887,0.21519163316764758,0.46388752210815887,13,228.03423034998062
Post-threshold ridge,4,2017 Q4,2018 Q4,1997 Q4,2017 Q3,0.14154399831838305,0.5685314812802431,-0.42698748296186007,0.18231831060610473,0.42698748296186007,13,228.03423034998062
OCMT,4,2017 Q4,2018 Q4,1997 Q4,2017 Q3,0.14154399831838305,0.4711608784661967,-0.32961688014781365,0.10864728767837815,0.32961688014781365,1,NA
BMT,4,2017 Q4,2018 Q4,1997 Q4,2017 Q3,0.14154399831838305,0.4711608784661967,-0.32961688014781365,0.10864728767837815,0.32961688014781365,1,NA
AR,4,2018 Q1,2019 Q1,1998 Q1,2017 Q4,0.6223772907267389,0.5554180400683235,0.06695925065841535,0.004483541248736496,0.06695925065841535,0,NA
LASSO,4,2018 Q1,2019 Q1,1998 Q1,2017 Q4,0.6223772907267389,0.5554180400683238,0.06695925065841501,0.004483541248736451,0.06695925065841501,0,0.22698311739114915
Elastic net,4,2018 Q1,2019 Q1,1998 Q1,2017 Q4,0.6223772907267389,0.5554180400683238,0.06695925065841501,0.004483541248736451,0.06695925065841501,0,0.4539662347822982
Ridge,4,2018 Q1,2019 Q1,1998 Q1,2017 Q4,0.6223772907267389,0.5531975290886157,0.06917976163812312,0.004785839420307531,0.06917976163812312,NA,226.98311739114925
Threshold ridge,4,2018 Q1,2019 Q1,1998 Q1,2017 Q4,0.6223772907267389,0.5565693434263916,0.06580794730034722,0.004330685927885277,0.06580794730034722,15,226.98311739114925
Post-threshold ridge,4,2018 Q1,2019 Q1,1998 Q1,2017 Q4,0.6223772907267389,0.774705602079428,-0.1523283113526891,0.02320391443956179,0.1523283113526891,15,226.98311739114925
OCMT,4,2018 Q1,2019 Q1,1998 Q1,2017 Q4,0.6223772907267389,0.7256765333576027,-0.10329924263086387,0.010670733528110085,0.10329924263086387,1,NA
BMT,4,2018 Q1,2019 Q1,1998 Q1,2017 Q4,0.6223772907267389,0.7256765333576027,-0.10329924263086387,0.010670733528110085,0.10329924263086387,1,NA
AR,4,2018 Q2,2019 Q2,1998 Q2,2018 Q1,0.8316777932895647,0.5325905926096004,0.2990872006799643,0.08945315361057724,0.2990872006799643,0,NA
LASSO,4,2018 Q2,2019 Q2,1998 Q2,2018 Q1,0.8316777932895647,0.5325905926096007,0.29908720067996397,0.08945315361057704,0.29908720067996397,1,0.22445477972520406
Elastic net,4,2018 Q2,2019 Q2,1998 Q2,2018 Q1,0.8316777932895647,0.5325905926096007,0.29908720067996397,0.08945315361057704,0.29908720067996397,0,0.4489095594504082
Ridge,4,2018 Q2,2019 Q2,1998 Q2,2018 Q1,0.8316777932895647,0.5341281881025643,0.29754960518700035,0.08853576754693979,0.29754960518700035,NA,224.4547797252042
Threshold ridge,4,2018 Q2,2019 Q2,1998 Q2,2018 Q1,0.8316777932895647,0.5348137957529809,0.29686399753658377,0.08812823303340081,0.29686399753658377,15,224.4547797252042
Post-threshold ridge,4,2018 Q2,2019 Q2,1998 Q2,2018 Q1,0.8316777932895647,1.1661694674570917,-0.334491674167527,0.11188468008739505,0.334491674167527,15,224.4547797252042
OCMT,4,2018 Q2,2019 Q2,1998 Q2,2018 Q1,0.8316777932895647,0.7203452084506576,0.11133258483890707,0.012394944446912439,0.11133258483890707,1,NA
BMT,4,2018 Q2,2019 Q2,1998 Q2,2018 Q1,0.8316777932895647,0.7203452084506576,0.11133258483890707,0.012394944446912439,0.11133258483890707,1,NA
AR,4,2018 Q3,2019 Q3,1998 Q3,2018 Q2,1.1632102580909631,0.5385988955034156,0.6246113625875476,0.3901393542734728,0.6246113625875476,0,NA
LASSO,4,2018 Q3,2019 Q3,1998 Q3,2018 Q2,1.1632102580909631,0.5385988955034158,0.6246113625875473,0.3901393542734725,0.6246113625875473,0,0.2262485947405271
Elastic net,4,2018 Q3,2019 Q3,1998 Q3,2018 Q2,1.1632102580909631,0.5385988955034158,0.6246113625875473,0.3901393542734725,0.6246113625875473,1,0.45249718948105405
Ridge,4,2018 Q3,2019 Q3,1998 Q3,2018 Q2,1.1632102580909631,0.5371794202132033,0.6260308378777598,0.39191460997393,0.6260308378777598,NA,226.2485947405272
Threshold ridge,4,2018 Q3,2019 Q3,1998 Q3,2018 Q2,1.1632102580909631,0.5381889615819703,0.6250212965089929,0.39065162108978235,0.6250212965089929,15,226.2485947405272
Post-threshold ridge,4,2018 Q3,2019 Q3,1998 Q3,2018 Q2,1.1632102580909631,0.4931150830682941,0.670095175022669,0.4490275435886614,0.670095175022669,15,226.2485947405272
OCMT,4,2018 Q3,2019 Q3,1998 Q3,2018 Q2,1.1632102580909631,0.6437023635674434,0.5195078945235198,0.2698884524722605,0.5195078945235198,1,NA
BMT,4,2018 Q3,2019 Q3,1998 Q3,2018 Q2,1.1632102580909631,0.6437023635674434,0.5195078945235198,0.2698884524722605,0.5195078945235198,1,NA
AR,4,2018 Q4,2019 Q4,1998 Q4,2018 Q3,0.6795635968053659,0.5150564532583888,0.16450714354697715,0.027062600277985748,0.16450714354697715,0,NA
LASSO,4,2018 Q4,2019 Q4,1998 Q4,2018 Q3,0.6795635968053659,0.5150564532583889,0.16450714354697704,0.02706260027798571,0.16450714354697704,0,0.22946000641574768
Elastic net,4,2018 Q4,2019 Q4,1998 Q4,2018 Q3,0.6795635968053659,0.5150564532583889,0.16450714354697704,0.02706260027798571,0.16450714354697704,0,0.45892001283149525
Ridge,4,2018 Q4,2019 Q4,1998 Q4,2018 Q3,0.6795635968053659,0.51397753899166565,0.16558605781370028,0.027418742542282094,0.16558605781370028,NA,229.46000641574747
Threshold ridge,4,2018 Q4,2019 Q4,1998 Q4,2018 Q3,0.6795635968053659,0.5140852420273467,0.1654783547780192,0.02738308590003999,0.1654783547780192,14,229.46000641574747
Post-threshold ridge,4,2018 Q4,2019 Q4,1998 Q4,2018 Q3,0.6795635968053659,0.44556559830611037,0.23399799849925557,0.05475506330165761,0.23399799849925557,14,229.46000641574747
OCMT,4,2018 Q4,2019 Q4,1998 Q4,2018 Q3,0.6795635968053659,0.6155268306352828,0.06403676617008314,0.0041007074215219045,0.06403676617008314,1,NA
BMT,4,2018 Q4,2019 Q4,1998 Q4,2018 Q3,0.6795635968053659,0.6155268306352828,0.06403676617008314,0.0041007074215219045,0.06403676617008314,1,NA
