method,forecast_quarter,predictor,selected_lags,selected,forecast_quarter_yq,forecast_quarter_date,year,quarter,quarter_index,predictor_category,fill_category
LASSO,2005 Q2,RPI,1,1,2005 Q2,2005-04-01,2005,2,1,Real activity / consumption,Real activity / consumption
LASSO,2005 Q2,DPCERA3M086SBEA,1,1,2005 Q2,2005-04-01,2005,2,1,Real activity / consumption,Real activity / consumption
LASSO,2005 Q2,INDPRO,0,0,2005 Q2,2005-04-01,2005,2,1,Real activity / consumption,Not selected
LASSO,2005 Q2,CMRMTSPLx,0,0,2005 Q2,2005-04-01,2005,2,1,Real activity / consumption,Not selected
LASSO,2005 Q2,RETAILx,0,0,2005 Q2,2005-04-01,2005,2,1,Real activity / consumption,Not selected
LASSO,2005 Q2,UNRATE,1,1,2005 Q2,2005-04-01,2005,2,1,Labor market,Labor market
LASSO,2005 Q2,CLAIMSx,0,0,2005 Q2,2005-04-01,2005,2,1,Labor market,Not selected
LASSO,2005 Q2,PAYEMS,0,0,2005 Q2,2005-04-01,2005,2,1,Labor market,Not selected
LASSO,2005 Q2,AWHMAN,0,0,2005 Q2,2005-04-01,2005,2,1,Labor market,Not selected
LASSO,2005 Q2,HOUST,0,0,2005 Q2,2005-04-01,2005,2,1,Housing,Not selected
LASSO,2005 Q2,PERMIT,0,0,2005 Q2,2005-04-01,2005,2,1,Housing,Not selected
LASSO,2005 Q2,M1SL,0,0,2005 Q2,2005-04-01,2005,2,1,Money and credit,Not selected
LASSO,2005 Q2,M2SL,0,0,2005 Q2,2005-04-01,2005,2,1,Money and credit,Not selected
LASSO,2005 Q2,BOGMBASE,0,0,2005 Q2,2005-04-01,2005,2,1,Money and credit,Not selected
LASSO,2005 Q2,BUSLOANS,0,0,2005 Q2,2005-04-01,2005,2,1,Money and credit,Not selected
LASSO,2005 Q2,NONREVSL,0,0,2005 Q2,2005-04-01,2005,2,1,Money and credit,Not selected
LASSO,2005 Q2,CPIAUCSL,0,0,2005 Q2,2005-04-01,2005,2,1,Prices and commodities,Not selected
LASSO,2005 Q2,PPICMM,0,0,2005 Q2,2005-04-01,2005,2,1,Prices and commodities,Not selected
LASSO,2005 Q2,PCEPI,0,0,2005 Q2,2005-04-01,2005,2,1,Prices and commodities,Not selected
LASSO,2005 Q2,OILPRICEx,0,0,2005 Q2,2005-04-01,2005,2,1,Prices and commodities,Not selected
LASSO,2005 Q2,FEDFUNDS,0,0,2005 Q2,2005-04-01,2005,2,1,Financial / sentiment,Not selected
LASSO,2005 Q2,TB3MS,0,0,2005 Q2,2005-04-01,2005,2,1,Financial / sentiment,Not selected
LASSO,2005 Q2,GS10,0,0,2005 Q2,2005-04-01,2005,2,1,Financial / sentiment,Not selected
LASSO,2005 Q2,AAA,0,0,2005 Q2,2005-04-01,2005,2,1,Financial / sentiment,Not selected
LASSO,2005 Q2,BAA,0,0,2005 Q2,2005-04-01,2005,2,1,Financial / sentiment,Not selected
LASSO,2005 Q2,S&P 500,1,1,2005 Q2,2005-04-01,2005,2,1,Financial / sentiment,Financial / sentiment
LASSO,2005 Q2,VIXCLSx,0,0,2005 Q2,2005-04-01,2005,2,1,Financial / sentiment,Not selected
LASSO,2005 Q2,UMCSENTx,0,0,2005 Q2,2005-04-01,2005,2,1,Financial / sentiment,Not selected
LASSO,2005 Q2,TERM_SPREAD,0,0,2005 Q2,2005-04-01,2005,2,1,Financial / sentiment,Not selected
LASSO,2005 Q2,CREDIT_SPREAD,0,0,2005 Q2,2005-04-01,2005,2,1,Financial / sentiment,Not selected
LASSO,2005 Q3,RPI,0,0,2005 Q3,2005-07-01,2005,3,2,Real activity / consumption,Not selected
LASSO,2005 Q3,DPCERA3M086SBEA,0,0,2005 Q3,2005-07-01,2005,3,2,Real activity / consumption,Not selected
LASSO,2005 Q3,INDPRO,0,0,2005 Q3,2005-07-01,2005,3,2,Real activity / consumption,Not selected
LASSO,2005 Q3,CMRMTSPLx,0,0,2005 Q3,2005-07-01,2005,3,2,Real activity / consumption,Not selected
LASSO,2005 Q3,RETAILx,0,0,2005 Q3,2005-07-01,2005,3,2,Real activity / consumption,Not selected
LASSO,2005 Q3,UNRATE,0,0,2005 Q3,2005-07-01,2005,3,2,Labor market,Not selected
LASSO,2005 Q3,CLAIMSx,0,0,2005 Q3,2005-07-01,2005,3,2,Labor market,Not selected
LASSO,2005 Q3,PAYEMS,0,0,2005 Q3,2005-07-01,2005,3,2,Labor market,Not selected
LASSO,2005 Q3,AWHMAN,0,0,2005 Q3,2005-07-01,2005,3,2,Labor market,Not selected
LASSO,2005 Q3,HOUST,0,0,2005 Q3,2005-07-01,2005,3,2,Housing,Not selected
LASSO,2005 Q3,PERMIT,0,0,2005 Q3,2005-07-01,2005,3,2,Housing,Not selected
LASSO,2005 Q3,M1SL,0,0,2005 Q3,2005-07-01,2005,3,2,Money and credit,Not selected
LASSO,2005 Q3,M2SL,0,0,2005 Q3,2005-07-01,2005,3,2,Money and credit,Not selected
LASSO,2005 Q3,BOGMBASE,0,0,2005 Q3,2005-07-01,2005,3,2,Money and credit,Not selected
LASSO,2005 Q3,BUSLOANS,0,0,2005 Q3,2005-07-01,2005,3,2,Money and credit,Not selected
LASSO,2005 Q3,NONREVSL,0,0,2005 Q3,2005-07-01,2005,3,2,Money and credit,Not selected
LASSO,2005 Q3,CPIAUCSL,0,0,2005 Q3,2005-07-01,2005,3,2,Prices and commodities,Not selected
LASSO,2005 Q3,PPICMM,0,0,2005 Q3,2005-07-01,2005,3,2,Prices and commodities,Not selected
LASSO,2005 Q3,PCEPI,0,0,2005 Q3,2005-07-01,2005,3,2,Prices and commodities,Not selected
LASSO,2005 Q3,OILPRICEx,0,0,2005 Q3,2005-07-01,2005,3,2,Prices and commodities,Not selected
LASSO,2005 Q3,FEDFUNDS,0,0,2005 Q3,2005-07-01,2005,3,2,Financial / sentiment,Not selected
LASSO,2005 Q3,TB3MS,0,0,2005 Q3,2005-07-01,2005,3,2,Financial / sentiment,Not selected
LASSO,2005 Q3,GS10,0,0,2005 Q3,2005-07-01,2005,3,2,Financial / sentiment,Not selected
LASSO,2005 Q3,AAA,0,0,2005 Q3,2005-07-01,2005,3,2,Financial / sentiment,Not selected
LASSO,2005 Q3,BAA,0,0,2005 Q3,2005-07-01,2005,3,2,Financial / sentiment,Not selected
LASSO,2005 Q3,S&P 500,0,0,2005 Q3,2005-07-01,2005,3,2,Financial / sentiment,Not selected
LASSO,2005 Q3,VIXCLSx,0,0,2005 Q3,2005-07-01,2005,3,2,Financial / sentiment,Not selected
LASSO,2005 Q3,UMCSENTx,0,0,2005 Q3,2005-07-01,2005,3,2,Financial / sentiment,Not selected
LASSO,2005 Q3,TERM_SPREAD,0,0,2005 Q3,2005-07-01,2005,3,2,Financial / sentiment,Not selected
LASSO,2005 Q3,CREDIT_SPREAD,0,0,2005 Q3,2005-07-01,2005,3,2,Financial / sentiment,Not selected
LASSO,2005 Q4,RPI,0,0,2005 Q4,2005-10-01,2005,4,3,Real activity / consumption,Not selected
LASSO,2005 Q4,DPCERA3M086SBEA,0,0,2005 Q4,2005-10-01,2005,4,3,Real activity / consumption,Not selected
LASSO,2005 Q4,INDPRO,0,0,2005 Q4,2005-10-01,2005,4,3,Real activity / consumption,Not selected
LASSO,2005 Q4,CMRMTSPLx,0,0,2005 Q4,2005-10-01,2005,4,3,Real activity / consumption,Not selected
LASSO,2005 Q4,RETAILx,0,0,2005 Q4,2005-10-01,2005,4,3,Real activity / consumption,Not selected
LASSO,2005 Q4,UNRATE,0,0,2005 Q4,2005-10-01,2005,4,3,Labor market,Not selected
LASSO,2005 Q4,CLAIMSx,0,0,2005 Q4,2005-10-01,2005,4,3,Labor market,Not selected
LASSO,2005 Q4,PAYEMS,0,0,2005 Q4,2005-10-01,2005,4,3,Labor market,Not selected
LASSO,2005 Q4,AWHMAN,0,0,2005 Q4,2005-10-01,2005,4,3,Labor market,Not selected
LASSO,2005 Q4,HOUST,0,0,2005 Q4,2005-10-01,2005,4,3,Housing,Not selected
LASSO,2005 Q4,PERMIT,0,0,2005 Q4,2005-10-01,2005,4,3,Housing,Not selected
LASSO,2005 Q4,M1SL,0,0,2005 Q4,2005-10-01,2005,4,3,Money and credit,Not selected
LASSO,2005 Q4,M2SL,0,0,2005 Q4,2005-10-01,2005,4,3,Money and credit,Not selected
LASSO,2005 Q4,BOGMBASE,0,0,2005 Q4,2005-10-01,2005,4,3,Money and credit,Not selected
LASSO,2005 Q4,BUSLOANS,0,0,2005 Q4,2005-10-01,2005,4,3,Money and credit,Not selected
LASSO,2005 Q4,NONREVSL,0,0,2005 Q4,2005-10-01,2005,4,3,Money and credit,Not selected
LASSO,2005 Q4,CPIAUCSL,0,0,2005 Q4,2005-10-01,2005,4,3,Prices and commodities,Not selected
LASSO,2005 Q4,PPICMM,0,0,2005 Q4,2005-10-01,2005,4,3,Prices and commodities,Not selected
LASSO,2005 Q4,PCEPI,0,0,2005 Q4,2005-10-01,2005,4,3,Prices and commodities,Not selected
LASSO,2005 Q4,OILPRICEx,0,0,2005 Q4,2005-10-01,2005,4,3,Prices and commodities,Not selected
LASSO,2005 Q4,FEDFUNDS,0,0,2005 Q4,2005-10-01,2005,4,3,Financial / sentiment,Not selected
LASSO,2005 Q4,TB3MS,0,0,2005 Q4,2005-10-01,2005,4,3,Financial / sentiment,Not selected
LASSO,2005 Q4,GS10,0,0,2005 Q4,2005-10-01,2005,4,3,Financial / sentiment,Not selected
LASSO,2005 Q4,AAA,0,0,2005 Q4,2005-10-01,2005,4,3,Financial / sentiment,Not selected
LASSO,2005 Q4,BAA,0,0,2005 Q4,2005-10-01,2005,4,3,Financial / sentiment,Not selected
LASSO,2005 Q4,S&P 500,0,0,2005 Q4,2005-10-01,2005,4,3,Financial / sentiment,Not selected
LASSO,2005 Q4,VIXCLSx,0,0,2005 Q4,2005-10-01,2005,4,3,Financial / sentiment,Not selected
LASSO,2005 Q4,UMCSENTx,0,0,2005 Q4,2005-10-01,2005,4,3,Financial / sentiment,Not selected
LASSO,2005 Q4,TERM_SPREAD,0,0,2005 Q4,2005-10-01,2005,4,3,Financial / sentiment,Not selected
LASSO,2005 Q4,CREDIT_SPREAD,0,0,2005 Q4,2005-10-01,2005,4,3,Financial / sentiment,Not selected
LASSO,2006 Q1,RPI,0,0,2006 Q1,2006-01-01,2006,1,4,Real activity / consumption,Not selected
LASSO,2006 Q1,DPCERA3M086SBEA,0,0,2006 Q1,2006-01-01,2006,1,4,Real activity / consumption,Not selected
LASSO,2006 Q1,INDPRO,0,0,2006 Q1,2006-01-01,2006,1,4,Real activity / consumption,Not selected
LASSO,2006 Q1,CMRMTSPLx,0,0,2006 Q1,2006-01-01,2006,1,4,Real activity / consumption,Not selected
LASSO,2006 Q1,RETAILx,0,0,2006 Q1,2006-01-01,2006,1,4,Real activity / consumption,Not selected
LASSO,2006 Q1,UNRATE,0,0,2006 Q1,2006-01-01,2006,1,4,Labor market,Not selected
LASSO,2006 Q1,CLAIMSx,0,0,2006 Q1,2006-01-01,2006,1,4,Labor market,Not selected
LASSO,2006 Q1,PAYEMS,0,0,2006 Q1,2006-01-01,2006,1,4,Labor market,Not selected
LASSO,2006 Q1,AWHMAN,0,0,2006 Q1,2006-01-01,2006,1,4,Labor market,Not selected
LASSO,2006 Q1,HOUST,0,0,2006 Q1,2006-01-01,2006,1,4,Housing,Not selected
LASSO,2006 Q1,PERMIT,0,0,2006 Q1,2006-01-01,2006,1,4,Housing,Not selected
LASSO,2006 Q1,M1SL,0,0,2006 Q1,2006-01-01,2006,1,4,Money and credit,Not selected
LASSO,2006 Q1,M2SL,0,0,2006 Q1,2006-01-01,2006,1,4,Money and credit,Not selected
LASSO,2006 Q1,BOGMBASE,0,0,2006 Q1,2006-01-01,2006,1,4,Money and credit,Not selected
LASSO,2006 Q1,BUSLOANS,0,0,2006 Q1,2006-01-01,2006,1,4,Money and credit,Not selected
LASSO,2006 Q1,NONREVSL,0,0,2006 Q1,2006-01-01,2006,1,4,Money and credit,Not selected
LASSO,2006 Q1,CPIAUCSL,0,0,2006 Q1,2006-01-01,2006,1,4,Prices and commodities,Not selected
LASSO,2006 Q1,PPICMM,0,0,2006 Q1,2006-01-01,2006,1,4,Prices and commodities,Not selected
LASSO,2006 Q1,PCEPI,0,0,2006 Q1,2006-01-01,2006,1,4,Prices and commodities,Not selected
LASSO,2006 Q1,OILPRICEx,0,0,2006 Q1,2006-01-01,2006,1,4,Prices and commodities,Not selected
LASSO,2006 Q1,FEDFUNDS,0,0,2006 Q1,2006-01-01,2006,1,4,Financial / sentiment,Not selected
LASSO,2006 Q1,TB3MS,0,0,2006 Q1,2006-01-01,2006,1,4,Financial / sentiment,Not selected
LASSO,2006 Q1,GS10,0,0,2006 Q1,2006-01-01,2006,1,4,Financial / sentiment,Not selected
LASSO,2006 Q1,AAA,0,0,2006 Q1,2006-01-01,2006,1,4,Financial / sentiment,Not selected
LASSO,2006 Q1,BAA,0,0,2006 Q1,2006-01-01,2006,1,4,Financial / sentiment,Not selected
LASSO,2006 Q1,S&P 500,0,0,2006 Q1,2006-01-01,2006,1,4,Financial / sentiment,Not selected
LASSO,2006 Q1,VIXCLSx,0,0,2006 Q1,2006-01-01,2006,1,4,Financial / sentiment,Not selected
LASSO,2006 Q1,UMCSENTx,0,0,2006 Q1,2006-01-01,2006,1,4,Financial / sentiment,Not selected
LASSO,2006 Q1,TERM_SPREAD,0,0,2006 Q1,2006-01-01,2006,1,4,Financial / sentiment,Not selected
LASSO,2006 Q1,CREDIT_SPREAD,0,0,2006 Q1,2006-01-01,2006,1,4,Financial / sentiment,Not selected
LASSO,2006 Q2,RPI,1,1,2006 Q2,2006-04-01,2006,2,5,Real activity / consumption,Real activity / consumption
LASSO,2006 Q2,DPCERA3M086SBEA,0,0,2006 Q2,2006-04-01,2006,2,5,Real activity / consumption,Not selected
LASSO,2006 Q2,INDPRO,0,0,2006 Q2,2006-04-01,2006,2,5,Real activity / consumption,Not selected
LASSO,2006 Q2,CMRMTSPLx,0,0,2006 Q2,2006-04-01,2006,2,5,Real activity / consumption,Not selected
LASSO,2006 Q2,RETAILx,0,0,2006 Q2,2006-04-01,2006,2,5,Real activity / consumption,Not selected
LASSO,2006 Q2,UNRATE,0,0,2006 Q2,2006-04-01,2006,2,5,Labor market,Not selected
LASSO,2006 Q2,CLAIMSx,0,0,2006 Q2,2006-04-01,2006,2,5,Labor market,Not selected
LASSO,2006 Q2,PAYEMS,0,0,2006 Q2,2006-04-01,2006,2,5,Labor market,Not selected
LASSO,2006 Q2,AWHMAN,0,0,2006 Q2,2006-04-01,2006,2,5,Labor market,Not selected
LASSO,2006 Q2,HOUST,0,0,2006 Q2,2006-04-01,2006,2,5,Housing,Not selected
LASSO,2006 Q2,PERMIT,0,0,2006 Q2,2006-04-01,2006,2,5,Housing,Not selected
LASSO,2006 Q2,M1SL,0,0,2006 Q2,2006-04-01,2006,2,5,Money and credit,Not selected
LASSO,2006 Q2,M2SL,0,0,2006 Q2,2006-04-01,2006,2,5,Money and credit,Not selected
LASSO,2006 Q2,BOGMBASE,0,0,2006 Q2,2006-04-01,2006,2,5,Money and credit,Not selected
LASSO,2006 Q2,BUSLOANS,0,0,2006 Q2,2006-04-01,2006,2,5,Money and credit,Not selected
LASSO,2006 Q2,NONREVSL,0,0,2006 Q2,2006-04-01,2006,2,5,Money and credit,Not selected
LASSO,2006 Q2,CPIAUCSL,0,0,2006 Q2,2006-04-01,2006,2,5,Prices and commodities,Not selected
LASSO,2006 Q2,PPICMM,0,0,2006 Q2,2006-04-01,2006,2,5,Prices and commodities,Not selected
LASSO,2006 Q2,PCEPI,0,0,2006 Q2,2006-04-01,2006,2,5,Prices and commodities,Not selected
LASSO,2006 Q2,OILPRICEx,0,0,2006 Q2,2006-04-01,2006,2,5,Prices and commodities,Not selected
LASSO,2006 Q2,FEDFUNDS,0,0,2006 Q2,2006-04-01,2006,2,5,Financial / sentiment,Not selected
LASSO,2006 Q2,TB3MS,0,0,2006 Q2,2006-04-01,2006,2,5,Financial / sentiment,Not selected
LASSO,2006 Q2,GS10,0,0,2006 Q2,2006-04-01,2006,2,5,Financial / sentiment,Not selected
LASSO,2006 Q2,AAA,0,0,2006 Q2,2006-04-01,2006,2,5,Financial / sentiment,Not selected
LASSO,2006 Q2,BAA,0,0,2006 Q2,2006-04-01,2006,2,5,Financial / sentiment,Not selected
LASSO,2006 Q2,S&P 500,0,0,2006 Q2,2006-04-01,2006,2,5,Financial / sentiment,Not selected
LASSO,2006 Q2,VIXCLSx,0,0,2006 Q2,2006-04-01,2006,2,5,Financial / sentiment,Not selected
LASSO,2006 Q2,UMCSENTx,0,0,2006 Q2,2006-04-01,2006,2,5,Financial / sentiment,Not selected
LASSO,2006 Q2,TERM_SPREAD,0,0,2006 Q2,2006-04-01,2006,2,5,Financial / sentiment,Not selected
LASSO,2006 Q2,CREDIT_SPREAD,0,0,2006 Q2,2006-04-01,2006,2,5,Financial / sentiment,Not selected
LASSO,2006 Q3,RPI,1,1,2006 Q3,2006-07-01,2006,3,6,Real activity / consumption,Real activity / consumption
LASSO,2006 Q3,DPCERA3M086SBEA,0,0,2006 Q3,2006-07-01,2006,3,6,Real activity / consumption,Not selected
LASSO,2006 Q3,INDPRO,0,0,2006 Q3,2006-07-01,2006,3,6,Real activity / consumption,Not selected
LASSO,2006 Q3,CMRMTSPLx,0,0,2006 Q3,2006-07-01,2006,3,6,Real activity / consumption,Not selected
LASSO,2006 Q3,RETAILx,0,0,2006 Q3,2006-07-01,2006,3,6,Real activity / consumption,Not selected
LASSO,2006 Q3,UNRATE,1,1,2006 Q3,2006-07-01,2006,3,6,Labor market,Labor market
LASSO,2006 Q3,CLAIMSx,0,0,2006 Q3,2006-07-01,2006,3,6,Labor market,Not selected
LASSO,2006 Q3,PAYEMS,0,0,2006 Q3,2006-07-01,2006,3,6,Labor market,Not selected
LASSO,2006 Q3,AWHMAN,0,0,2006 Q3,2006-07-01,2006,3,6,Labor market,Not selected
LASSO,2006 Q3,HOUST,0,0,2006 Q3,2006-07-01,2006,3,6,Housing,Not selected
LASSO,2006 Q3,PERMIT,0,0,2006 Q3,2006-07-01,2006,3,6,Housing,Not selected
LASSO,2006 Q3,M1SL,0,0,2006 Q3,2006-07-01,2006,3,6,Money and credit,Not selected
LASSO,2006 Q3,M2SL,0,0,2006 Q3,2006-07-01,2006,3,6,Money and credit,Not selected
LASSO,2006 Q3,BOGMBASE,0,0,2006 Q3,2006-07-01,2006,3,6,Money and credit,Not selected
LASSO,2006 Q3,BUSLOANS,0,0,2006 Q3,2006-07-01,2006,3,6,Money and credit,Not selected
LASSO,2006 Q3,NONREVSL,0,0,2006 Q3,2006-07-01,2006,3,6,Money and credit,Not selected
LASSO,2006 Q3,CPIAUCSL,0,0,2006 Q3,2006-07-01,2006,3,6,Prices and commodities,Not selected
LASSO,2006 Q3,PPICMM,0,0,2006 Q3,2006-07-01,2006,3,6,Prices and commodities,Not selected
LASSO,2006 Q3,PCEPI,0,0,2006 Q3,2006-07-01,2006,3,6,Prices and commodities,Not selected
LASSO,2006 Q3,OILPRICEx,0,0,2006 Q3,2006-07-01,2006,3,6,Prices and commodities,Not selected
LASSO,2006 Q3,FEDFUNDS,0,0,2006 Q3,2006-07-01,2006,3,6,Financial / sentiment,Not selected
LASSO,2006 Q3,TB3MS,0,0,2006 Q3,2006-07-01,2006,3,6,Financial / sentiment,Not selected
LASSO,2006 Q3,GS10,0,0,2006 Q3,2006-07-01,2006,3,6,Financial / sentiment,Not selected
LASSO,2006 Q3,AAA,0,0,2006 Q3,2006-07-01,2006,3,6,Financial / sentiment,Not selected
LASSO,2006 Q3,BAA,0,0,2006 Q3,2006-07-01,2006,3,6,Financial / sentiment,Not selected
LASSO,2006 Q3,S&P 500,0,0,2006 Q3,2006-07-01,2006,3,6,Financial / sentiment,Not selected
LASSO,2006 Q3,VIXCLSx,0,0,2006 Q3,2006-07-01,2006,3,6,Financial / sentiment,Not selected
LASSO,2006 Q3,UMCSENTx,0,0,2006 Q3,2006-07-01,2006,3,6,Financial / sentiment,Not selected
LASSO,2006 Q3,TERM_SPREAD,0,0,2006 Q3,2006-07-01,2006,3,6,Financial / sentiment,Not selected
LASSO,2006 Q3,CREDIT_SPREAD,0,0,2006 Q3,2006-07-01,2006,3,6,Financial / sentiment,Not selected
LASSO,2006 Q4,RPI,0,0,2006 Q4,2006-10-01,2006,4,7,Real activity / consumption,Not selected
LASSO,2006 Q4,DPCERA3M086SBEA,0,0,2006 Q4,2006-10-01,2006,4,7,Real activity / consumption,Not selected
LASSO,2006 Q4,INDPRO,0,0,2006 Q4,2006-10-01,2006,4,7,Real activity / consumption,Not selected
LASSO,2006 Q4,CMRMTSPLx,0,0,2006 Q4,2006-10-01,2006,4,7,Real activity / consumption,Not selected
LASSO,2006 Q4,RETAILx,0,0,2006 Q4,2006-10-01,2006,4,7,Real activity / consumption,Not selected
LASSO,2006 Q4,UNRATE,0,0,2006 Q4,2006-10-01,2006,4,7,Labor market,Not selected
LASSO,2006 Q4,CLAIMSx,0,0,2006 Q4,2006-10-01,2006,4,7,Labor market,Not selected
LASSO,2006 Q4,PAYEMS,0,0,2006 Q4,2006-10-01,2006,4,7,Labor market,Not selected
LASSO,2006 Q4,AWHMAN,0,0,2006 Q4,2006-10-01,2006,4,7,Labor market,Not selected
LASSO,2006 Q4,HOUST,0,0,2006 Q4,2006-10-01,2006,4,7,Housing,Not selected
LASSO,2006 Q4,PERMIT,0,0,2006 Q4,2006-10-01,2006,4,7,Housing,Not selected
LASSO,2006 Q4,M1SL,0,0,2006 Q4,2006-10-01,2006,4,7,Money and credit,Not selected
LASSO,2006 Q4,M2SL,0,0,2006 Q4,2006-10-01,2006,4,7,Money and credit,Not selected
LASSO,2006 Q4,BOGMBASE,0,0,2006 Q4,2006-10-01,2006,4,7,Money and credit,Not selected
LASSO,2006 Q4,BUSLOANS,0,0,2006 Q4,2006-10-01,2006,4,7,Money and credit,Not selected
LASSO,2006 Q4,NONREVSL,0,0,2006 Q4,2006-10-01,2006,4,7,Money and credit,Not selected
LASSO,2006 Q4,CPIAUCSL,0,0,2006 Q4,2006-10-01,2006,4,7,Prices and commodities,Not selected
LASSO,2006 Q4,PPICMM,0,0,2006 Q4,2006-10-01,2006,4,7,Prices and commodities,Not selected
LASSO,2006 Q4,PCEPI,0,0,2006 Q4,2006-10-01,2006,4,7,Prices and commodities,Not selected
LASSO,2006 Q4,OILPRICEx,0,0,2006 Q4,2006-10-01,2006,4,7,Prices and commodities,Not selected
LASSO,2006 Q4,FEDFUNDS,0,0,2006 Q4,2006-10-01,2006,4,7,Financial / sentiment,Not selected
LASSO,2006 Q4,TB3MS,0,0,2006 Q4,2006-10-01,2006,4,7,Financial / sentiment,Not selected
LASSO,2006 Q4,GS10,0,0,2006 Q4,2006-10-01,2006,4,7,Financial / sentiment,Not selected
LASSO,2006 Q4,AAA,0,0,2006 Q4,2006-10-01,2006,4,7,Financial / sentiment,Not selected
LASSO,2006 Q4,BAA,0,0,2006 Q4,2006-10-01,2006,4,7,Financial / sentiment,Not selected
LASSO,2006 Q4,S&P 500,0,0,2006 Q4,2006-10-01,2006,4,7,Financial / sentiment,Not selected
LASSO,2006 Q4,VIXCLSx,0,0,2006 Q4,2006-10-01,2006,4,7,Financial / sentiment,Not selected
LASSO,2006 Q4,UMCSENTx,0,0,2006 Q4,2006-10-01,2006,4,7,Financial / sentiment,Not selected
LASSO,2006 Q4,TERM_SPREAD,0,0,2006 Q4,2006-10-01,2006,4,7,Financial / sentiment,Not selected
LASSO,2006 Q4,CREDIT_SPREAD,0,0,2006 Q4,2006-10-01,2006,4,7,Financial / sentiment,Not selected
LASSO,2007 Q1,RPI,0,0,2007 Q1,2007-01-01,2007,1,8,Real activity / consumption,Not selected
LASSO,2007 Q1,DPCERA3M086SBEA,0,0,2007 Q1,2007-01-01,2007,1,8,Real activity / consumption,Not selected
LASSO,2007 Q1,INDPRO,0,0,2007 Q1,2007-01-01,2007,1,8,Real activity / consumption,Not selected
LASSO,2007 Q1,CMRMTSPLx,0,0,2007 Q1,2007-01-01,2007,1,8,Real activity / consumption,Not selected
LASSO,2007 Q1,RETAILx,0,0,2007 Q1,2007-01-01,2007,1,8,Real activity / consumption,Not selected
LASSO,2007 Q1,UNRATE,0,0,2007 Q1,2007-01-01,2007,1,8,Labor market,Not selected
LASSO,2007 Q1,CLAIMSx,0,0,2007 Q1,2007-01-01,2007,1,8,Labor market,Not selected
LASSO,2007 Q1,PAYEMS,0,0,2007 Q1,2007-01-01,2007,1,8,Labor market,Not selected
LASSO,2007 Q1,AWHMAN,0,0,2007 Q1,2007-01-01,2007,1,8,Labor market,Not selected
LASSO,2007 Q1,HOUST,0,0,2007 Q1,2007-01-01,2007,1,8,Housing,Not selected
LASSO,2007 Q1,PERMIT,0,0,2007 Q1,2007-01-01,2007,1,8,Housing,Not selected
LASSO,2007 Q1,M1SL,0,0,2007 Q1,2007-01-01,2007,1,8,Money and credit,Not selected
LASSO,2007 Q1,M2SL,0,0,2007 Q1,2007-01-01,2007,1,8,Money and credit,Not selected
LASSO,2007 Q1,BOGMBASE,0,0,2007 Q1,2007-01-01,2007,1,8,Money and credit,Not selected
LASSO,2007 Q1,BUSLOANS,0,0,2007 Q1,2007-01-01,2007,1,8,Money and credit,Not selected
LASSO,2007 Q1,NONREVSL,0,0,2007 Q1,2007-01-01,2007,1,8,Money and credit,Not selected
LASSO,2007 Q1,CPIAUCSL,0,0,2007 Q1,2007-01-01,2007,1,8,Prices and commodities,Not selected
LASSO,2007 Q1,PPICMM,0,0,2007 Q1,2007-01-01,2007,1,8,Prices and commodities,Not selected
LASSO,2007 Q1,PCEPI,0,0,2007 Q1,2007-01-01,2007,1,8,Prices and commodities,Not selected
LASSO,2007 Q1,OILPRICEx,0,0,2007 Q1,2007-01-01,2007,1,8,Prices and commodities,Not selected
LASSO,2007 Q1,FEDFUNDS,0,0,2007 Q1,2007-01-01,2007,1,8,Financial / sentiment,Not selected
LASSO,2007 Q1,TB3MS,0,0,2007 Q1,2007-01-01,2007,1,8,Financial / sentiment,Not selected
LASSO,2007 Q1,GS10,0,0,2007 Q1,2007-01-01,2007,1,8,Financial / sentiment,Not selected
LASSO,2007 Q1,AAA,0,0,2007 Q1,2007-01-01,2007,1,8,Financial / sentiment,Not selected
LASSO,2007 Q1,BAA,0,0,2007 Q1,2007-01-01,2007,1,8,Financial / sentiment,Not selected
LASSO,2007 Q1,S&P 500,0,0,2007 Q1,2007-01-01,2007,1,8,Financial / sentiment,Not selected
LASSO,2007 Q1,VIXCLSx,0,0,2007 Q1,2007-01-01,2007,1,8,Financial / sentiment,Not selected
LASSO,2007 Q1,UMCSENTx,0,0,2007 Q1,2007-01-01,2007,1,8,Financial / sentiment,Not selected
LASSO,2007 Q1,TERM_SPREAD,0,0,2007 Q1,2007-01-01,2007,1,8,Financial / sentiment,Not selected
LASSO,2007 Q1,CREDIT_SPREAD,0,0,2007 Q1,2007-01-01,2007,1,8,Financial / sentiment,Not selected
LASSO,2007 Q2,RPI,0,0,2007 Q2,2007-04-01,2007,2,9,Real activity / consumption,Not selected
LASSO,2007 Q2,DPCERA3M086SBEA,0,0,2007 Q2,2007-04-01,2007,2,9,Real activity / consumption,Not selected
LASSO,2007 Q2,INDPRO,0,0,2007 Q2,2007-04-01,2007,2,9,Real activity / consumption,Not selected
LASSO,2007 Q2,CMRMTSPLx,0,0,2007 Q2,2007-04-01,2007,2,9,Real activity / consumption,Not selected
LASSO,2007 Q2,RETAILx,0,0,2007 Q2,2007-04-01,2007,2,9,Real activity / consumption,Not selected
LASSO,2007 Q2,UNRATE,1,1,2007 Q2,2007-04-01,2007,2,9,Labor market,Labor market
LASSO,2007 Q2,CLAIMSx,0,0,2007 Q2,2007-04-01,2007,2,9,Labor market,Not selected
LASSO,2007 Q2,PAYEMS,0,0,2007 Q2,2007-04-01,2007,2,9,Labor market,Not selected
LASSO,2007 Q2,AWHMAN,0,0,2007 Q2,2007-04-01,2007,2,9,Labor market,Not selected
LASSO,2007 Q2,HOUST,0,0,2007 Q2,2007-04-01,2007,2,9,Housing,Not selected
LASSO,2007 Q2,PERMIT,0,0,2007 Q2,2007-04-01,2007,2,9,Housing,Not selected
LASSO,2007 Q2,M1SL,0,0,2007 Q2,2007-04-01,2007,2,9,Money and credit,Not selected
LASSO,2007 Q2,M2SL,0,0,2007 Q2,2007-04-01,2007,2,9,Money and credit,Not selected
LASSO,2007 Q2,BOGMBASE,0,0,2007 Q2,2007-04-01,2007,2,9,Money and credit,Not selected
LASSO,2007 Q2,BUSLOANS,0,0,2007 Q2,2007-04-01,2007,2,9,Money and credit,Not selected
LASSO,2007 Q2,NONREVSL,0,0,2007 Q2,2007-04-01,2007,2,9,Money and credit,Not selected
LASSO,2007 Q2,CPIAUCSL,0,0,2007 Q2,2007-04-01,2007,2,9,Prices and commodities,Not selected
LASSO,2007 Q2,PPICMM,0,0,2007 Q2,2007-04-01,2007,2,9,Prices and commodities,Not selected
LASSO,2007 Q2,PCEPI,0,0,2007 Q2,2007-04-01,2007,2,9,Prices and commodities,Not selected
LASSO,2007 Q2,OILPRICEx,0,0,2007 Q2,2007-04-01,2007,2,9,Prices and commodities,Not selected
LASSO,2007 Q2,FEDFUNDS,0,0,2007 Q2,2007-04-01,2007,2,9,Financial / sentiment,Not selected
LASSO,2007 Q2,TB3MS,0,0,2007 Q2,2007-04-01,2007,2,9,Financial / sentiment,Not selected
LASSO,2007 Q2,GS10,0,0,2007 Q2,2007-04-01,2007,2,9,Financial / sentiment,Not selected
LASSO,2007 Q2,AAA,0,0,2007 Q2,2007-04-01,2007,2,9,Financial / sentiment,Not selected
LASSO,2007 Q2,BAA,0,0,2007 Q2,2007-04-01,2007,2,9,Financial / sentiment,Not selected
LASSO,2007 Q2,S&P 500,0,0,2007 Q2,2007-04-01,2007,2,9,Financial / sentiment,Not selected
LASSO,2007 Q2,VIXCLSx,0,0,2007 Q2,2007-04-01,2007,2,9,Financial / sentiment,Not selected
LASSO,2007 Q2,UMCSENTx,0,0,2007 Q2,2007-04-01,2007,2,9,Financial / sentiment,Not selected
LASSO,2007 Q2,TERM_SPREAD,0,0,2007 Q2,2007-04-01,2007,2,9,Financial / sentiment,Not selected
LASSO,2007 Q2,CREDIT_SPREAD,0,0,2007 Q2,2007-04-01,2007,2,9,Financial / sentiment,Not selected
LASSO,2007 Q3,RPI,0,0,2007 Q3,2007-07-01,2007,3,10,Real activity / consumption,Not selected
LASSO,2007 Q3,DPCERA3M086SBEA,0,0,2007 Q3,2007-07-01,2007,3,10,Real activity / consumption,Not selected
LASSO,2007 Q3,INDPRO,0,0,2007 Q3,2007-07-01,2007,3,10,Real activity / consumption,Not selected
LASSO,2007 Q3,CMRMTSPLx,0,0,2007 Q3,2007-07-01,2007,3,10,Real activity / consumption,Not selected
LASSO,2007 Q3,RETAILx,0,0,2007 Q3,2007-07-01,2007,3,10,Real activity / consumption,Not selected
LASSO,2007 Q3,UNRATE,1,1,2007 Q3,2007-07-01,2007,3,10,Labor market,Labor market
LASSO,2007 Q3,CLAIMSx,0,0,2007 Q3,2007-07-01,2007,3,10,Labor market,Not selected
LASSO,2007 Q3,PAYEMS,0,0,2007 Q3,2007-07-01,2007,3,10,Labor market,Not selected
LASSO,2007 Q3,AWHMAN,0,0,2007 Q3,2007-07-01,2007,3,10,Labor market,Not selected
LASSO,2007 Q3,HOUST,0,0,2007 Q3,2007-07-01,2007,3,10,Housing,Not selected
LASSO,2007 Q3,PERMIT,0,0,2007 Q3,2007-07-01,2007,3,10,Housing,Not selected
LASSO,2007 Q3,M1SL,0,0,2007 Q3,2007-07-01,2007,3,10,Money and credit,Not selected
LASSO,2007 Q3,M2SL,0,0,2007 Q3,2007-07-01,2007,3,10,Money and credit,Not selected
LASSO,2007 Q3,BOGMBASE,0,0,2007 Q3,2007-07-01,2007,3,10,Money and credit,Not selected
LASSO,2007 Q3,BUSLOANS,0,0,2007 Q3,2007-07-01,2007,3,10,Money and credit,Not selected
LASSO,2007 Q3,NONREVSL,0,0,2007 Q3,2007-07-01,2007,3,10,Money and credit,Not selected
LASSO,2007 Q3,CPIAUCSL,0,0,2007 Q3,2007-07-01,2007,3,10,Prices and commodities,Not selected
LASSO,2007 Q3,PPICMM,0,0,2007 Q3,2007-07-01,2007,3,10,Prices and commodities,Not selected
LASSO,2007 Q3,PCEPI,0,0,2007 Q3,2007-07-01,2007,3,10,Prices and commodities,Not selected
LASSO,2007 Q3,OILPRICEx,0,0,2007 Q3,2007-07-01,2007,3,10,Prices and commodities,Not selected
LASSO,2007 Q3,FEDFUNDS,0,0,2007 Q3,2007-07-01,2007,3,10,Financial / sentiment,Not selected
LASSO,2007 Q3,TB3MS,0,0,2007 Q3,2007-07-01,2007,3,10,Financial / sentiment,Not selected
LASSO,2007 Q3,GS10,0,0,2007 Q3,2007-07-01,2007,3,10,Financial / sentiment,Not selected
LASSO,2007 Q3,AAA,0,0,2007 Q3,2007-07-01,2007,3,10,Financial / sentiment,Not selected
LASSO,2007 Q3,BAA,0,0,2007 Q3,2007-07-01,2007,3,10,Financial / sentiment,Not selected
LASSO,2007 Q3,S&P 500,0,0,2007 Q3,2007-07-01,2007,3,10,Financial / sentiment,Not selected
LASSO,2007 Q3,VIXCLSx,0,0,2007 Q3,2007-07-01,2007,3,10,Financial / sentiment,Not selected
LASSO,2007 Q3,UMCSENTx,0,0,2007 Q3,2007-07-01,2007,3,10,Financial / sentiment,Not selected
LASSO,2007 Q3,TERM_SPREAD,0,0,2007 Q3,2007-07-01,2007,3,10,Financial / sentiment,Not selected
LASSO,2007 Q3,CREDIT_SPREAD,0,0,2007 Q3,2007-07-01,2007,3,10,Financial / sentiment,Not selected
LASSO,2007 Q4,RPI,0,0,2007 Q4,2007-10-01,2007,4,11,Real activity / consumption,Not selected
LASSO,2007 Q4,DPCERA3M086SBEA,0,0,2007 Q4,2007-10-01,2007,4,11,Real activity / consumption,Not selected
LASSO,2007 Q4,INDPRO,0,0,2007 Q4,2007-10-01,2007,4,11,Real activity / consumption,Not selected
LASSO,2007 Q4,CMRMTSPLx,0,0,2007 Q4,2007-10-01,2007,4,11,Real activity / consumption,Not selected
LASSO,2007 Q4,RETAILx,0,0,2007 Q4,2007-10-01,2007,4,11,Real activity / consumption,Not selected
LASSO,2007 Q4,UNRATE,0,0,2007 Q4,2007-10-01,2007,4,11,Labor market,Not selected
LASSO,2007 Q4,CLAIMSx,0,0,2007 Q4,2007-10-01,2007,4,11,Labor market,Not selected
LASSO,2007 Q4,PAYEMS,0,0,2007 Q4,2007-10-01,2007,4,11,Labor market,Not selected
LASSO,2007 Q4,AWHMAN,0,0,2007 Q4,2007-10-01,2007,4,11,Labor market,Not selected
LASSO,2007 Q4,HOUST,0,0,2007 Q4,2007-10-01,2007,4,11,Housing,Not selected
LASSO,2007 Q4,PERMIT,0,0,2007 Q4,2007-10-01,2007,4,11,Housing,Not selected
LASSO,2007 Q4,M1SL,0,0,2007 Q4,2007-10-01,2007,4,11,Money and credit,Not selected
LASSO,2007 Q4,M2SL,0,0,2007 Q4,2007-10-01,2007,4,11,Money and credit,Not selected
LASSO,2007 Q4,BOGMBASE,0,0,2007 Q4,2007-10-01,2007,4,11,Money and credit,Not selected
LASSO,2007 Q4,BUSLOANS,0,0,2007 Q4,2007-10-01,2007,4,11,Money and credit,Not selected
LASSO,2007 Q4,NONREVSL,0,0,2007 Q4,2007-10-01,2007,4,11,Money and credit,Not selected
LASSO,2007 Q4,CPIAUCSL,0,0,2007 Q4,2007-10-01,2007,4,11,Prices and commodities,Not selected
LASSO,2007 Q4,PPICMM,0,0,2007 Q4,2007-10-01,2007,4,11,Prices and commodities,Not selected
LASSO,2007 Q4,PCEPI,0,0,2007 Q4,2007-10-01,2007,4,11,Prices and commodities,Not selected
LASSO,2007 Q4,OILPRICEx,0,0,2007 Q4,2007-10-01,2007,4,11,Prices and commodities,Not selected
LASSO,2007 Q4,FEDFUNDS,0,0,2007 Q4,2007-10-01,2007,4,11,Financial / sentiment,Not selected
LASSO,2007 Q4,TB3MS,0,0,2007 Q4,2007-10-01,2007,4,11,Financial / sentiment,Not selected
LASSO,2007 Q4,GS10,0,0,2007 Q4,2007-10-01,2007,4,11,Financial / sentiment,Not selected
LASSO,2007 Q4,AAA,0,0,2007 Q4,2007-10-01,2007,4,11,Financial / sentiment,Not selected
LASSO,2007 Q4,BAA,0,0,2007 Q4,2007-10-01,2007,4,11,Financial / sentiment,Not selected
LASSO,2007 Q4,S&P 500,0,0,2007 Q4,2007-10-01,2007,4,11,Financial / sentiment,Not selected
LASSO,2007 Q4,VIXCLSx,0,0,2007 Q4,2007-10-01,2007,4,11,Financial / sentiment,Not selected
LASSO,2007 Q4,UMCSENTx,0,0,2007 Q4,2007-10-01,2007,4,11,Financial / sentiment,Not selected
LASSO,2007 Q4,TERM_SPREAD,0,0,2007 Q4,2007-10-01,2007,4,11,Financial / sentiment,Not selected
LASSO,2007 Q4,CREDIT_SPREAD,0,0,2007 Q4,2007-10-01,2007,4,11,Financial / sentiment,Not selected
LASSO,2008 Q1,RPI,1,1,2008 Q1,2008-01-01,2008,1,12,Real activity / consumption,Real activity / consumption
LASSO,2008 Q1,DPCERA3M086SBEA,0,0,2008 Q1,2008-01-01,2008,1,12,Real activity / consumption,Not selected
LASSO,2008 Q1,INDPRO,0,0,2008 Q1,2008-01-01,2008,1,12,Real activity / consumption,Not selected
LASSO,2008 Q1,CMRMTSPLx,0,0,2008 Q1,2008-01-01,2008,1,12,Real activity / consumption,Not selected
LASSO,2008 Q1,RETAILx,0,0,2008 Q1,2008-01-01,2008,1,12,Real activity / consumption,Not selected
LASSO,2008 Q1,UNRATE,1,1,2008 Q1,2008-01-01,2008,1,12,Labor market,Labor market
LASSO,2008 Q1,CLAIMSx,0,0,2008 Q1,2008-01-01,2008,1,12,Labor market,Not selected
LASSO,2008 Q1,PAYEMS,0,0,2008 Q1,2008-01-01,2008,1,12,Labor market,Not selected
LASSO,2008 Q1,AWHMAN,0,0,2008 Q1,2008-01-01,2008,1,12,Labor market,Not selected
LASSO,2008 Q1,HOUST,0,0,2008 Q1,2008-01-01,2008,1,12,Housing,Not selected
LASSO,2008 Q1,PERMIT,0,0,2008 Q1,2008-01-01,2008,1,12,Housing,Not selected
LASSO,2008 Q1,M1SL,0,0,2008 Q1,2008-01-01,2008,1,12,Money and credit,Not selected
LASSO,2008 Q1,M2SL,0,0,2008 Q1,2008-01-01,2008,1,12,Money and credit,Not selected
LASSO,2008 Q1,BOGMBASE,0,0,2008 Q1,2008-01-01,2008,1,12,Money and credit,Not selected
LASSO,2008 Q1,BUSLOANS,0,0,2008 Q1,2008-01-01,2008,1,12,Money and credit,Not selected
LASSO,2008 Q1,NONREVSL,0,0,2008 Q1,2008-01-01,2008,1,12,Money and credit,Not selected
LASSO,2008 Q1,CPIAUCSL,0,0,2008 Q1,2008-01-01,2008,1,12,Prices and commodities,Not selected
LASSO,2008 Q1,PPICMM,0,0,2008 Q1,2008-01-01,2008,1,12,Prices and commodities,Not selected
LASSO,2008 Q1,PCEPI,0,0,2008 Q1,2008-01-01,2008,1,12,Prices and commodities,Not selected
LASSO,2008 Q1,OILPRICEx,0,0,2008 Q1,2008-01-01,2008,1,12,Prices and commodities,Not selected
LASSO,2008 Q1,FEDFUNDS,0,0,2008 Q1,2008-01-01,2008,1,12,Financial / sentiment,Not selected
LASSO,2008 Q1,TB3MS,0,0,2008 Q1,2008-01-01,2008,1,12,Financial / sentiment,Not selected
LASSO,2008 Q1,GS10,0,0,2008 Q1,2008-01-01,2008,1,12,Financial / sentiment,Not selected
LASSO,2008 Q1,AAA,0,0,2008 Q1,2008-01-01,2008,1,12,Financial / sentiment,Not selected
LASSO,2008 Q1,BAA,0,0,2008 Q1,2008-01-01,2008,1,12,Financial / sentiment,Not selected
LASSO,2008 Q1,S&P 500,0,0,2008 Q1,2008-01-01,2008,1,12,Financial / sentiment,Not selected
LASSO,2008 Q1,VIXCLSx,0,0,2008 Q1,2008-01-01,2008,1,12,Financial / sentiment,Not selected
LASSO,2008 Q1,UMCSENTx,0,0,2008 Q1,2008-01-01,2008,1,12,Financial / sentiment,Not selected
LASSO,2008 Q1,TERM_SPREAD,0,0,2008 Q1,2008-01-01,2008,1,12,Financial / sentiment,Not selected
LASSO,2008 Q1,CREDIT_SPREAD,0,0,2008 Q1,2008-01-01,2008,1,12,Financial / sentiment,Not selected
LASSO,2008 Q2,RPI,0,0,2008 Q2,2008-04-01,2008,2,13,Real activity / consumption,Not selected
LASSO,2008 Q2,DPCERA3M086SBEA,0,0,2008 Q2,2008-04-01,2008,2,13,Real activity / consumption,Not selected
LASSO,2008 Q2,INDPRO,0,0,2008 Q2,2008-04-01,2008,2,13,Real activity / consumption,Not selected
LASSO,2008 Q2,CMRMTSPLx,0,0,2008 Q2,2008-04-01,2008,2,13,Real activity / consumption,Not selected
LASSO,2008 Q2,RETAILx,0,0,2008 Q2,2008-04-01,2008,2,13,Real activity / consumption,Not selected
LASSO,2008 Q2,UNRATE,1,1,2008 Q2,2008-04-01,2008,2,13,Labor market,Labor market
LASSO,2008 Q2,CLAIMSx,0,0,2008 Q2,2008-04-01,2008,2,13,Labor market,Not selected
LASSO,2008 Q2,PAYEMS,0,0,2008 Q2,2008-04-01,2008,2,13,Labor market,Not selected
LASSO,2008 Q2,AWHMAN,0,0,2008 Q2,2008-04-01,2008,2,13,Labor market,Not selected
LASSO,2008 Q2,HOUST,0,0,2008 Q2,2008-04-01,2008,2,13,Housing,Not selected
LASSO,2008 Q2,PERMIT,0,0,2008 Q2,2008-04-01,2008,2,13,Housing,Not selected
LASSO,2008 Q2,M1SL,0,0,2008 Q2,2008-04-01,2008,2,13,Money and credit,Not selected
LASSO,2008 Q2,M2SL,0,0,2008 Q2,2008-04-01,2008,2,13,Money and credit,Not selected
LASSO,2008 Q2,BOGMBASE,0,0,2008 Q2,2008-04-01,2008,2,13,Money and credit,Not selected
LASSO,2008 Q2,BUSLOANS,0,0,2008 Q2,2008-04-01,2008,2,13,Money and credit,Not selected
LASSO,2008 Q2,NONREVSL,0,0,2008 Q2,2008-04-01,2008,2,13,Money and credit,Not selected
LASSO,2008 Q2,CPIAUCSL,0,0,2008 Q2,2008-04-01,2008,2,13,Prices and commodities,Not selected
LASSO,2008 Q2,PPICMM,0,0,2008 Q2,2008-04-01,2008,2,13,Prices and commodities,Not selected
LASSO,2008 Q2,PCEPI,0,0,2008 Q2,2008-04-01,2008,2,13,Prices and commodities,Not selected
LASSO,2008 Q2,OILPRICEx,0,0,2008 Q2,2008-04-01,2008,2,13,Prices and commodities,Not selected
LASSO,2008 Q2,FEDFUNDS,0,0,2008 Q2,2008-04-01,2008,2,13,Financial / sentiment,Not selected
LASSO,2008 Q2,TB3MS,0,0,2008 Q2,2008-04-01,2008,2,13,Financial / sentiment,Not selected
LASSO,2008 Q2,GS10,0,0,2008 Q2,2008-04-01,2008,2,13,Financial / sentiment,Not selected
LASSO,2008 Q2,AAA,0,0,2008 Q2,2008-04-01,2008,2,13,Financial / sentiment,Not selected
LASSO,2008 Q2,BAA,0,0,2008 Q2,2008-04-01,2008,2,13,Financial / sentiment,Not selected
LASSO,2008 Q2,S&P 500,0,0,2008 Q2,2008-04-01,2008,2,13,Financial / sentiment,Not selected
LASSO,2008 Q2,VIXCLSx,0,0,2008 Q2,2008-04-01,2008,2,13,Financial / sentiment,Not selected
LASSO,2008 Q2,UMCSENTx,0,0,2008 Q2,2008-04-01,2008,2,13,Financial / sentiment,Not selected
LASSO,2008 Q2,TERM_SPREAD,0,0,2008 Q2,2008-04-01,2008,2,13,Financial / sentiment,Not selected
LASSO,2008 Q2,CREDIT_SPREAD,0,0,2008 Q2,2008-04-01,2008,2,13,Financial / sentiment,Not selected
LASSO,2008 Q3,RPI,0,0,2008 Q3,2008-07-01,2008,3,14,Real activity / consumption,Not selected
LASSO,2008 Q3,DPCERA3M086SBEA,0,0,2008 Q3,2008-07-01,2008,3,14,Real activity / consumption,Not selected
LASSO,2008 Q3,INDPRO,0,0,2008 Q3,2008-07-01,2008,3,14,Real activity / consumption,Not selected
LASSO,2008 Q3,CMRMTSPLx,0,0,2008 Q3,2008-07-01,2008,3,14,Real activity / consumption,Not selected
LASSO,2008 Q3,RETAILx,0,0,2008 Q3,2008-07-01,2008,3,14,Real activity / consumption,Not selected
LASSO,2008 Q3,UNRATE,0,0,2008 Q3,2008-07-01,2008,3,14,Labor market,Not selected
LASSO,2008 Q3,CLAIMSx,0,0,2008 Q3,2008-07-01,2008,3,14,Labor market,Not selected
LASSO,2008 Q3,PAYEMS,0,0,2008 Q3,2008-07-01,2008,3,14,Labor market,Not selected
LASSO,2008 Q3,AWHMAN,0,0,2008 Q3,2008-07-01,2008,3,14,Labor market,Not selected
LASSO,2008 Q3,HOUST,0,0,2008 Q3,2008-07-01,2008,3,14,Housing,Not selected
LASSO,2008 Q3,PERMIT,0,0,2008 Q3,2008-07-01,2008,3,14,Housing,Not selected
LASSO,2008 Q3,M1SL,0,0,2008 Q3,2008-07-01,2008,3,14,Money and credit,Not selected
LASSO,2008 Q3,M2SL,0,0,2008 Q3,2008-07-01,2008,3,14,Money and credit,Not selected
LASSO,2008 Q3,BOGMBASE,0,0,2008 Q3,2008-07-01,2008,3,14,Money and credit,Not selected
LASSO,2008 Q3,BUSLOANS,0,0,2008 Q3,2008-07-01,2008,3,14,Money and credit,Not selected
LASSO,2008 Q3,NONREVSL,0,0,2008 Q3,2008-07-01,2008,3,14,Money and credit,Not selected
LASSO,2008 Q3,CPIAUCSL,0,0,2008 Q3,2008-07-01,2008,3,14,Prices and commodities,Not selected
LASSO,2008 Q3,PPICMM,0,0,2008 Q3,2008-07-01,2008,3,14,Prices and commodities,Not selected
LASSO,2008 Q3,PCEPI,0,0,2008 Q3,2008-07-01,2008,3,14,Prices and commodities,Not selected
LASSO,2008 Q3,OILPRICEx,0,0,2008 Q3,2008-07-01,2008,3,14,Prices and commodities,Not selected
LASSO,2008 Q3,FEDFUNDS,0,0,2008 Q3,2008-07-01,2008,3,14,Financial / sentiment,Not selected
LASSO,2008 Q3,TB3MS,0,0,2008 Q3,2008-07-01,2008,3,14,Financial / sentiment,Not selected
LASSO,2008 Q3,GS10,0,0,2008 Q3,2008-07-01,2008,3,14,Financial / sentiment,Not selected
LASSO,2008 Q3,AAA,0,0,2008 Q3,2008-07-01,2008,3,14,Financial / sentiment,Not selected
LASSO,2008 Q3,BAA,0,0,2008 Q3,2008-07-01,2008,3,14,Financial / sentiment,Not selected
LASSO,2008 Q3,S&P 500,0,0,2008 Q3,2008-07-01,2008,3,14,Financial / sentiment,Not selected
LASSO,2008 Q3,VIXCLSx,0,0,2008 Q3,2008-07-01,2008,3,14,Financial / sentiment,Not selected
LASSO,2008 Q3,UMCSENTx,0,0,2008 Q3,2008-07-01,2008,3,14,Financial / sentiment,Not selected
LASSO,2008 Q3,TERM_SPREAD,0,0,2008 Q3,2008-07-01,2008,3,14,Financial / sentiment,Not selected
LASSO,2008 Q3,CREDIT_SPREAD,0,0,2008 Q3,2008-07-01,2008,3,14,Financial / sentiment,Not selected
LASSO,2008 Q4,RPI,0,0,2008 Q4,2008-10-01,2008,4,15,Real activity / consumption,Not selected
LASSO,2008 Q4,DPCERA3M086SBEA,0,0,2008 Q4,2008-10-01,2008,4,15,Real activity / consumption,Not selected
LASSO,2008 Q4,INDPRO,0,0,2008 Q4,2008-10-01,2008,4,15,Real activity / consumption,Not selected
LASSO,2008 Q4,CMRMTSPLx,0,0,2008 Q4,2008-10-01,2008,4,15,Real activity / consumption,Not selected
LASSO,2008 Q4,RETAILx,0,0,2008 Q4,2008-10-01,2008,4,15,Real activity / consumption,Not selected
LASSO,2008 Q4,UNRATE,0,0,2008 Q4,2008-10-01,2008,4,15,Labor market,Not selected
LASSO,2008 Q4,CLAIMSx,0,0,2008 Q4,2008-10-01,2008,4,15,Labor market,Not selected
LASSO,2008 Q4,PAYEMS,0,0,2008 Q4,2008-10-01,2008,4,15,Labor market,Not selected
LASSO,2008 Q4,AWHMAN,0,0,2008 Q4,2008-10-01,2008,4,15,Labor market,Not selected
LASSO,2008 Q4,HOUST,0,0,2008 Q4,2008-10-01,2008,4,15,Housing,Not selected
LASSO,2008 Q4,PERMIT,0,0,2008 Q4,2008-10-01,2008,4,15,Housing,Not selected
LASSO,2008 Q4,M1SL,0,0,2008 Q4,2008-10-01,2008,4,15,Money and credit,Not selected
LASSO,2008 Q4,M2SL,0,0,2008 Q4,2008-10-01,2008,4,15,Money and credit,Not selected
LASSO,2008 Q4,BOGMBASE,0,0,2008 Q4,2008-10-01,2008,4,15,Money and credit,Not selected
LASSO,2008 Q4,BUSLOANS,0,0,2008 Q4,2008-10-01,2008,4,15,Money and credit,Not selected
LASSO,2008 Q4,NONREVSL,0,0,2008 Q4,2008-10-01,2008,4,15,Money and credit,Not selected
LASSO,2008 Q4,CPIAUCSL,0,0,2008 Q4,2008-10-01,2008,4,15,Prices and commodities,Not selected
LASSO,2008 Q4,PPICMM,0,0,2008 Q4,2008-10-01,2008,4,15,Prices and commodities,Not selected
LASSO,2008 Q4,PCEPI,0,0,2008 Q4,2008-10-01,2008,4,15,Prices and commodities,Not selected
LASSO,2008 Q4,OILPRICEx,0,0,2008 Q4,2008-10-01,2008,4,15,Prices and commodities,Not selected
LASSO,2008 Q4,FEDFUNDS,0,0,2008 Q4,2008-10-01,2008,4,15,Financial / sentiment,Not selected
LASSO,2008 Q4,TB3MS,0,0,2008 Q4,2008-10-01,2008,4,15,Financial / sentiment,Not selected
LASSO,2008 Q4,GS10,0,0,2008 Q4,2008-10-01,2008,4,15,Financial / sentiment,Not selected
LASSO,2008 Q4,AAA,0,0,2008 Q4,2008-10-01,2008,4,15,Financial / sentiment,Not selected
LASSO,2008 Q4,BAA,0,0,2008 Q4,2008-10-01,2008,4,15,Financial / sentiment,Not selected
LASSO,2008 Q4,S&P 500,0,0,2008 Q4,2008-10-01,2008,4,15,Financial / sentiment,Not selected
LASSO,2008 Q4,VIXCLSx,0,0,2008 Q4,2008-10-01,2008,4,15,Financial / sentiment,Not selected
LASSO,2008 Q4,UMCSENTx,0,0,2008 Q4,2008-10-01,2008,4,15,Financial / sentiment,Not selected
LASSO,2008 Q4,TERM_SPREAD,0,0,2008 Q4,2008-10-01,2008,4,15,Financial / sentiment,Not selected
LASSO,2008 Q4,CREDIT_SPREAD,0,0,2008 Q4,2008-10-01,2008,4,15,Financial / sentiment,Not selected
LASSO,2009 Q1,RPI,0,0,2009 Q1,2009-01-01,2009,1,16,Real activity / consumption,Not selected
LASSO,2009 Q1,DPCERA3M086SBEA,0,0,2009 Q1,2009-01-01,2009,1,16,Real activity / consumption,Not selected
LASSO,2009 Q1,INDPRO,0,0,2009 Q1,2009-01-01,2009,1,16,Real activity / consumption,Not selected
LASSO,2009 Q1,CMRMTSPLx,0,0,2009 Q1,2009-01-01,2009,1,16,Real activity / consumption,Not selected
LASSO,2009 Q1,RETAILx,0,0,2009 Q1,2009-01-01,2009,1,16,Real activity / consumption,Not selected
LASSO,2009 Q1,UNRATE,0,0,2009 Q1,2009-01-01,2009,1,16,Labor market,Not selected
LASSO,2009 Q1,CLAIMSx,0,0,2009 Q1,2009-01-01,2009,1,16,Labor market,Not selected
LASSO,2009 Q1,PAYEMS,0,0,2009 Q1,2009-01-01,2009,1,16,Labor market,Not selected
LASSO,2009 Q1,AWHMAN,0,0,2009 Q1,2009-01-01,2009,1,16,Labor market,Not selected
LASSO,2009 Q1,HOUST,0,0,2009 Q1,2009-01-01,2009,1,16,Housing,Not selected
LASSO,2009 Q1,PERMIT,0,0,2009 Q1,2009-01-01,2009,1,16,Housing,Not selected
LASSO,2009 Q1,M1SL,0,0,2009 Q1,2009-01-01,2009,1,16,Money and credit,Not selected
LASSO,2009 Q1,M2SL,0,0,2009 Q1,2009-01-01,2009,1,16,Money and credit,Not selected
LASSO,2009 Q1,BOGMBASE,0,0,2009 Q1,2009-01-01,2009,1,16,Money and credit,Not selected
LASSO,2009 Q1,BUSLOANS,0,0,2009 Q1,2009-01-01,2009,1,16,Money and credit,Not selected
LASSO,2009 Q1,NONREVSL,0,0,2009 Q1,2009-01-01,2009,1,16,Money and credit,Not selected
LASSO,2009 Q1,CPIAUCSL,0,0,2009 Q1,2009-01-01,2009,1,16,Prices and commodities,Not selected
LASSO,2009 Q1,PPICMM,0,0,2009 Q1,2009-01-01,2009,1,16,Prices and commodities,Not selected
LASSO,2009 Q1,PCEPI,0,0,2009 Q1,2009-01-01,2009,1,16,Prices and commodities,Not selected
LASSO,2009 Q1,OILPRICEx,0,0,2009 Q1,2009-01-01,2009,1,16,Prices and commodities,Not selected
LASSO,2009 Q1,FEDFUNDS,0,0,2009 Q1,2009-01-01,2009,1,16,Financial / sentiment,Not selected
LASSO,2009 Q1,TB3MS,0,0,2009 Q1,2009-01-01,2009,1,16,Financial / sentiment,Not selected
LASSO,2009 Q1,GS10,0,0,2009 Q1,2009-01-01,2009,1,16,Financial / sentiment,Not selected
LASSO,2009 Q1,AAA,0,0,2009 Q1,2009-01-01,2009,1,16,Financial / sentiment,Not selected
LASSO,2009 Q1,BAA,0,0,2009 Q1,2009-01-01,2009,1,16,Financial / sentiment,Not selected
LASSO,2009 Q1,S&P 500,0,0,2009 Q1,2009-01-01,2009,1,16,Financial / sentiment,Not selected
LASSO,2009 Q1,VIXCLSx,0,0,2009 Q1,2009-01-01,2009,1,16,Financial / sentiment,Not selected
LASSO,2009 Q1,UMCSENTx,0,0,2009 Q1,2009-01-01,2009,1,16,Financial / sentiment,Not selected
LASSO,2009 Q1,TERM_SPREAD,0,0,2009 Q1,2009-01-01,2009,1,16,Financial / sentiment,Not selected
LASSO,2009 Q1,CREDIT_SPREAD,0,0,2009 Q1,2009-01-01,2009,1,16,Financial / sentiment,Not selected
LASSO,2009 Q2,RPI,0,0,2009 Q2,2009-04-01,2009,2,17,Real activity / consumption,Not selected
LASSO,2009 Q2,DPCERA3M086SBEA,0,0,2009 Q2,2009-04-01,2009,2,17,Real activity / consumption,Not selected
LASSO,2009 Q2,INDPRO,0,0,2009 Q2,2009-04-01,2009,2,17,Real activity / consumption,Not selected
LASSO,2009 Q2,CMRMTSPLx,0,0,2009 Q2,2009-04-01,2009,2,17,Real activity / consumption,Not selected
LASSO,2009 Q2,RETAILx,0,0,2009 Q2,2009-04-01,2009,2,17,Real activity / consumption,Not selected
LASSO,2009 Q2,UNRATE,0,0,2009 Q2,2009-04-01,2009,2,17,Labor market,Not selected
LASSO,2009 Q2,CLAIMSx,0,0,2009 Q2,2009-04-01,2009,2,17,Labor market,Not selected
LASSO,2009 Q2,PAYEMS,0,0,2009 Q2,2009-04-01,2009,2,17,Labor market,Not selected
LASSO,2009 Q2,AWHMAN,0,0,2009 Q2,2009-04-01,2009,2,17,Labor market,Not selected
LASSO,2009 Q2,HOUST,0,0,2009 Q2,2009-04-01,2009,2,17,Housing,Not selected
LASSO,2009 Q2,PERMIT,0,0,2009 Q2,2009-04-01,2009,2,17,Housing,Not selected
LASSO,2009 Q2,M1SL,0,0,2009 Q2,2009-04-01,2009,2,17,Money and credit,Not selected
LASSO,2009 Q2,M2SL,0,0,2009 Q2,2009-04-01,2009,2,17,Money and credit,Not selected
LASSO,2009 Q2,BOGMBASE,0,0,2009 Q2,2009-04-01,2009,2,17,Money and credit,Not selected
LASSO,2009 Q2,BUSLOANS,0,0,2009 Q2,2009-04-01,2009,2,17,Money and credit,Not selected
LASSO,2009 Q2,NONREVSL,0,0,2009 Q2,2009-04-01,2009,2,17,Money and credit,Not selected
LASSO,2009 Q2,CPIAUCSL,0,0,2009 Q2,2009-04-01,2009,2,17,Prices and commodities,Not selected
LASSO,2009 Q2,PPICMM,0,0,2009 Q2,2009-04-01,2009,2,17,Prices and commodities,Not selected
LASSO,2009 Q2,PCEPI,0,0,2009 Q2,2009-04-01,2009,2,17,Prices and commodities,Not selected
LASSO,2009 Q2,OILPRICEx,0,0,2009 Q2,2009-04-01,2009,2,17,Prices and commodities,Not selected
LASSO,2009 Q2,FEDFUNDS,0,0,2009 Q2,2009-04-01,2009,2,17,Financial / sentiment,Not selected
LASSO,2009 Q2,TB3MS,0,0,2009 Q2,2009-04-01,2009,2,17,Financial / sentiment,Not selected
LASSO,2009 Q2,GS10,0,0,2009 Q2,2009-04-01,2009,2,17,Financial / sentiment,Not selected
LASSO,2009 Q2,AAA,0,0,2009 Q2,2009-04-01,2009,2,17,Financial / sentiment,Not selected
LASSO,2009 Q2,BAA,0,0,2009 Q2,2009-04-01,2009,2,17,Financial / sentiment,Not selected
LASSO,2009 Q2,S&P 500,0,0,2009 Q2,2009-04-01,2009,2,17,Financial / sentiment,Not selected
LASSO,2009 Q2,VIXCLSx,0,0,2009 Q2,2009-04-01,2009,2,17,Financial / sentiment,Not selected
LASSO,2009 Q2,UMCSENTx,0,0,2009 Q2,2009-04-01,2009,2,17,Financial / sentiment,Not selected
LASSO,2009 Q2,TERM_SPREAD,0,0,2009 Q2,2009-04-01,2009,2,17,Financial / sentiment,Not selected
LASSO,2009 Q2,CREDIT_SPREAD,0,0,2009 Q2,2009-04-01,2009,2,17,Financial / sentiment,Not selected
LASSO,2009 Q3,RPI,0,0,2009 Q3,2009-07-01,2009,3,18,Real activity / consumption,Not selected
LASSO,2009 Q3,DPCERA3M086SBEA,0,0,2009 Q3,2009-07-01,2009,3,18,Real activity / consumption,Not selected
LASSO,2009 Q3,INDPRO,0,0,2009 Q3,2009-07-01,2009,3,18,Real activity / consumption,Not selected
LASSO,2009 Q3,CMRMTSPLx,0,0,2009 Q3,2009-07-01,2009,3,18,Real activity / consumption,Not selected
LASSO,2009 Q3,RETAILx,0,0,2009 Q3,2009-07-01,2009,3,18,Real activity / consumption,Not selected
LASSO,2009 Q3,UNRATE,0,0,2009 Q3,2009-07-01,2009,3,18,Labor market,Not selected
LASSO,2009 Q3,CLAIMSx,0,0,2009 Q3,2009-07-01,2009,3,18,Labor market,Not selected
LASSO,2009 Q3,PAYEMS,0,0,2009 Q3,2009-07-01,2009,3,18,Labor market,Not selected
LASSO,2009 Q3,AWHMAN,0,0,2009 Q3,2009-07-01,2009,3,18,Labor market,Not selected
LASSO,2009 Q3,HOUST,0,0,2009 Q3,2009-07-01,2009,3,18,Housing,Not selected
LASSO,2009 Q3,PERMIT,0,0,2009 Q3,2009-07-01,2009,3,18,Housing,Not selected
LASSO,2009 Q3,M1SL,0,0,2009 Q3,2009-07-01,2009,3,18,Money and credit,Not selected
LASSO,2009 Q3,M2SL,0,0,2009 Q3,2009-07-01,2009,3,18,Money and credit,Not selected
LASSO,2009 Q3,BOGMBASE,0,0,2009 Q3,2009-07-01,2009,3,18,Money and credit,Not selected
LASSO,2009 Q3,BUSLOANS,0,0,2009 Q3,2009-07-01,2009,3,18,Money and credit,Not selected
LASSO,2009 Q3,NONREVSL,0,0,2009 Q3,2009-07-01,2009,3,18,Money and credit,Not selected
LASSO,2009 Q3,CPIAUCSL,0,0,2009 Q3,2009-07-01,2009,3,18,Prices and commodities,Not selected
LASSO,2009 Q3,PPICMM,0,0,2009 Q3,2009-07-01,2009,3,18,Prices and commodities,Not selected
LASSO,2009 Q3,PCEPI,0,0,2009 Q3,2009-07-01,2009,3,18,Prices and commodities,Not selected
LASSO,2009 Q3,OILPRICEx,0,0,2009 Q3,2009-07-01,2009,3,18,Prices and commodities,Not selected
LASSO,2009 Q3,FEDFUNDS,0,0,2009 Q3,2009-07-01,2009,3,18,Financial / sentiment,Not selected
LASSO,2009 Q3,TB3MS,0,0,2009 Q3,2009-07-01,2009,3,18,Financial / sentiment,Not selected
LASSO,2009 Q3,GS10,0,0,2009 Q3,2009-07-01,2009,3,18,Financial / sentiment,Not selected
LASSO,2009 Q3,AAA,0,0,2009 Q3,2009-07-01,2009,3,18,Financial / sentiment,Not selected
LASSO,2009 Q3,BAA,0,0,2009 Q3,2009-07-01,2009,3,18,Financial / sentiment,Not selected
LASSO,2009 Q3,S&P 500,0,0,2009 Q3,2009-07-01,2009,3,18,Financial / sentiment,Not selected
LASSO,2009 Q3,VIXCLSx,0,0,2009 Q3,2009-07-01,2009,3,18,Financial / sentiment,Not selected
LASSO,2009 Q3,UMCSENTx,0,0,2009 Q3,2009-07-01,2009,3,18,Financial / sentiment,Not selected
LASSO,2009 Q3,TERM_SPREAD,0,0,2009 Q3,2009-07-01,2009,3,18,Financial / sentiment,Not selected
LASSO,2009 Q3,CREDIT_SPREAD,0,0,2009 Q3,2009-07-01,2009,3,18,Financial / sentiment,Not selected
LASSO,2009 Q4,RPI,0,0,2009 Q4,2009-10-01,2009,4,19,Real activity / consumption,Not selected
LASSO,2009 Q4,DPCERA3M086SBEA,0,0,2009 Q4,2009-10-01,2009,4,19,Real activity / consumption,Not selected
LASSO,2009 Q4,INDPRO,1,1,2009 Q4,2009-10-01,2009,4,19,Real activity / consumption,Real activity / consumption
LASSO,2009 Q4,CMRMTSPLx,0,0,2009 Q4,2009-10-01,2009,4,19,Real activity / consumption,Not selected
LASSO,2009 Q4,RETAILx,0,0,2009 Q4,2009-10-01,2009,4,19,Real activity / consumption,Not selected
LASSO,2009 Q4,UNRATE,0,0,2009 Q4,2009-10-01,2009,4,19,Labor market,Not selected
LASSO,2009 Q4,CLAIMSx,0,0,2009 Q4,2009-10-01,2009,4,19,Labor market,Not selected
LASSO,2009 Q4,PAYEMS,0,0,2009 Q4,2009-10-01,2009,4,19,Labor market,Not selected
LASSO,2009 Q4,AWHMAN,0,0,2009 Q4,2009-10-01,2009,4,19,Labor market,Not selected
LASSO,2009 Q4,HOUST,0,0,2009 Q4,2009-10-01,2009,4,19,Housing,Not selected
LASSO,2009 Q4,PERMIT,0,0,2009 Q4,2009-10-01,2009,4,19,Housing,Not selected
LASSO,2009 Q4,M1SL,0,0,2009 Q4,2009-10-01,2009,4,19,Money and credit,Not selected
LASSO,2009 Q4,M2SL,0,0,2009 Q4,2009-10-01,2009,4,19,Money and credit,Not selected
LASSO,2009 Q4,BOGMBASE,0,0,2009 Q4,2009-10-01,2009,4,19,Money and credit,Not selected
LASSO,2009 Q4,BUSLOANS,0,0,2009 Q4,2009-10-01,2009,4,19,Money and credit,Not selected
LASSO,2009 Q4,NONREVSL,0,0,2009 Q4,2009-10-01,2009,4,19,Money and credit,Not selected
LASSO,2009 Q4,CPIAUCSL,0,0,2009 Q4,2009-10-01,2009,4,19,Prices and commodities,Not selected
LASSO,2009 Q4,PPICMM,0,0,2009 Q4,2009-10-01,2009,4,19,Prices and commodities,Not selected
LASSO,2009 Q4,PCEPI,0,0,2009 Q4,2009-10-01,2009,4,19,Prices and commodities,Not selected
LASSO,2009 Q4,OILPRICEx,0,0,2009 Q4,2009-10-01,2009,4,19,Prices and commodities,Not selected
LASSO,2009 Q4,FEDFUNDS,0,0,2009 Q4,2009-10-01,2009,4,19,Financial / sentiment,Not selected
LASSO,2009 Q4,TB3MS,0,0,2009 Q4,2009-10-01,2009,4,19,Financial / sentiment,Not selected
LASSO,2009 Q4,GS10,0,0,2009 Q4,2009-10-01,2009,4,19,Financial / sentiment,Not selected
LASSO,2009 Q4,AAA,0,0,2009 Q4,2009-10-01,2009,4,19,Financial / sentiment,Not selected
LASSO,2009 Q4,BAA,0,0,2009 Q4,2009-10-01,2009,4,19,Financial / sentiment,Not selected
LASSO,2009 Q4,S&P 500,0,0,2009 Q4,2009-10-01,2009,4,19,Financial / sentiment,Not selected
LASSO,2009 Q4,VIXCLSx,0,0,2009 Q4,2009-10-01,2009,4,19,Financial / sentiment,Not selected
LASSO,2009 Q4,UMCSENTx,0,0,2009 Q4,2009-10-01,2009,4,19,Financial / sentiment,Not selected
LASSO,2009 Q4,TERM_SPREAD,0,0,2009 Q4,2009-10-01,2009,4,19,Financial / sentiment,Not selected
LASSO,2009 Q4,CREDIT_SPREAD,0,0,2009 Q4,2009-10-01,2009,4,19,Financial / sentiment,Not selected
LASSO,2010 Q1,RPI,0,0,2010 Q1,2010-01-01,2010,1,20,Real activity / consumption,Not selected
LASSO,2010 Q1,DPCERA3M086SBEA,0,0,2010 Q1,2010-01-01,2010,1,20,Real activity / consumption,Not selected
LASSO,2010 Q1,INDPRO,0,0,2010 Q1,2010-01-01,2010,1,20,Real activity / consumption,Not selected
LASSO,2010 Q1,CMRMTSPLx,0,0,2010 Q1,2010-01-01,2010,1,20,Real activity / consumption,Not selected
LASSO,2010 Q1,RETAILx,0,0,2010 Q1,2010-01-01,2010,1,20,Real activity / consumption,Not selected
LASSO,2010 Q1,UNRATE,0,0,2010 Q1,2010-01-01,2010,1,20,Labor market,Not selected
LASSO,2010 Q1,CLAIMSx,0,0,2010 Q1,2010-01-01,2010,1,20,Labor market,Not selected
LASSO,2010 Q1,PAYEMS,0,0,2010 Q1,2010-01-01,2010,1,20,Labor market,Not selected
LASSO,2010 Q1,AWHMAN,0,0,2010 Q1,2010-01-01,2010,1,20,Labor market,Not selected
LASSO,2010 Q1,HOUST,0,0,2010 Q1,2010-01-01,2010,1,20,Housing,Not selected
LASSO,2010 Q1,PERMIT,0,0,2010 Q1,2010-01-01,2010,1,20,Housing,Not selected
LASSO,2010 Q1,M1SL,0,0,2010 Q1,2010-01-01,2010,1,20,Money and credit,Not selected
LASSO,2010 Q1,M2SL,0,0,2010 Q1,2010-01-01,2010,1,20,Money and credit,Not selected
LASSO,2010 Q1,BOGMBASE,0,0,2010 Q1,2010-01-01,2010,1,20,Money and credit,Not selected
LASSO,2010 Q1,BUSLOANS,0,0,2010 Q1,2010-01-01,2010,1,20,Money and credit,Not selected
LASSO,2010 Q1,NONREVSL,0,0,2010 Q1,2010-01-01,2010,1,20,Money and credit,Not selected
LASSO,2010 Q1,CPIAUCSL,0,0,2010 Q1,2010-01-01,2010,1,20,Prices and commodities,Not selected
LASSO,2010 Q1,PPICMM,0,0,2010 Q1,2010-01-01,2010,1,20,Prices and commodities,Not selected
LASSO,2010 Q1,PCEPI,0,0,2010 Q1,2010-01-01,2010,1,20,Prices and commodities,Not selected
LASSO,2010 Q1,OILPRICEx,0,0,2010 Q1,2010-01-01,2010,1,20,Prices and commodities,Not selected
LASSO,2010 Q1,FEDFUNDS,0,0,2010 Q1,2010-01-01,2010,1,20,Financial / sentiment,Not selected
LASSO,2010 Q1,TB3MS,0,0,2010 Q1,2010-01-01,2010,1,20,Financial / sentiment,Not selected
LASSO,2010 Q1,GS10,0,0,2010 Q1,2010-01-01,2010,1,20,Financial / sentiment,Not selected
LASSO,2010 Q1,AAA,0,0,2010 Q1,2010-01-01,2010,1,20,Financial / sentiment,Not selected
LASSO,2010 Q1,BAA,0,0,2010 Q1,2010-01-01,2010,1,20,Financial / sentiment,Not selected
LASSO,2010 Q1,S&P 500,0,0,2010 Q1,2010-01-01,2010,1,20,Financial / sentiment,Not selected
LASSO,2010 Q1,VIXCLSx,0,0,2010 Q1,2010-01-01,2010,1,20,Financial / sentiment,Not selected
LASSO,2010 Q1,UMCSENTx,0,0,2010 Q1,2010-01-01,2010,1,20,Financial / sentiment,Not selected
LASSO,2010 Q1,TERM_SPREAD,0,0,2010 Q1,2010-01-01,2010,1,20,Financial / sentiment,Not selected
LASSO,2010 Q1,CREDIT_SPREAD,0,0,2010 Q1,2010-01-01,2010,1,20,Financial / sentiment,Not selected
LASSO,2010 Q2,RPI,0,0,2010 Q2,2010-04-01,2010,2,21,Real activity / consumption,Not selected
LASSO,2010 Q2,DPCERA3M086SBEA,0,0,2010 Q2,2010-04-01,2010,2,21,Real activity / consumption,Not selected
LASSO,2010 Q2,INDPRO,0,0,2010 Q2,2010-04-01,2010,2,21,Real activity / consumption,Not selected
LASSO,2010 Q2,CMRMTSPLx,0,0,2010 Q2,2010-04-01,2010,2,21,Real activity / consumption,Not selected
LASSO,2010 Q2,RETAILx,0,0,2010 Q2,2010-04-01,2010,2,21,Real activity / consumption,Not selected
LASSO,2010 Q2,UNRATE,0,0,2010 Q2,2010-04-01,2010,2,21,Labor market,Not selected
LASSO,2010 Q2,CLAIMSx,0,0,2010 Q2,2010-04-01,2010,2,21,Labor market,Not selected
LASSO,2010 Q2,PAYEMS,0,0,2010 Q2,2010-04-01,2010,2,21,Labor market,Not selected
LASSO,2010 Q2,AWHMAN,0,0,2010 Q2,2010-04-01,2010,2,21,Labor market,Not selected
LASSO,2010 Q2,HOUST,0,0,2010 Q2,2010-04-01,2010,2,21,Housing,Not selected
LASSO,2010 Q2,PERMIT,0,0,2010 Q2,2010-04-01,2010,2,21,Housing,Not selected
LASSO,2010 Q2,M1SL,0,0,2010 Q2,2010-04-01,2010,2,21,Money and credit,Not selected
LASSO,2010 Q2,M2SL,0,0,2010 Q2,2010-04-01,2010,2,21,Money and credit,Not selected
LASSO,2010 Q2,BOGMBASE,0,0,2010 Q2,2010-04-01,2010,2,21,Money and credit,Not selected
LASSO,2010 Q2,BUSLOANS,0,0,2010 Q2,2010-04-01,2010,2,21,Money and credit,Not selected
LASSO,2010 Q2,NONREVSL,0,0,2010 Q2,2010-04-01,2010,2,21,Money and credit,Not selected
LASSO,2010 Q2,CPIAUCSL,0,0,2010 Q2,2010-04-01,2010,2,21,Prices and commodities,Not selected
LASSO,2010 Q2,PPICMM,0,0,2010 Q2,2010-04-01,2010,2,21,Prices and commodities,Not selected
LASSO,2010 Q2,PCEPI,0,0,2010 Q2,2010-04-01,2010,2,21,Prices and commodities,Not selected
LASSO,2010 Q2,OILPRICEx,0,0,2010 Q2,2010-04-01,2010,2,21,Prices and commodities,Not selected
LASSO,2010 Q2,FEDFUNDS,0,0,2010 Q2,2010-04-01,2010,2,21,Financial / sentiment,Not selected
LASSO,2010 Q2,TB3MS,0,0,2010 Q2,2010-04-01,2010,2,21,Financial / sentiment,Not selected
LASSO,2010 Q2,GS10,0,0,2010 Q2,2010-04-01,2010,2,21,Financial / sentiment,Not selected
LASSO,2010 Q2,AAA,0,0,2010 Q2,2010-04-01,2010,2,21,Financial / sentiment,Not selected
LASSO,2010 Q2,BAA,0,0,2010 Q2,2010-04-01,2010,2,21,Financial / sentiment,Not selected
LASSO,2010 Q2,S&P 500,0,0,2010 Q2,2010-04-01,2010,2,21,Financial / sentiment,Not selected
LASSO,2010 Q2,VIXCLSx,0,0,2010 Q2,2010-04-01,2010,2,21,Financial / sentiment,Not selected
LASSO,2010 Q2,UMCSENTx,0,0,2010 Q2,2010-04-01,2010,2,21,Financial / sentiment,Not selected
LASSO,2010 Q2,TERM_SPREAD,0,0,2010 Q2,2010-04-01,2010,2,21,Financial / sentiment,Not selected
LASSO,2010 Q2,CREDIT_SPREAD,0,0,2010 Q2,2010-04-01,2010,2,21,Financial / sentiment,Not selected
LASSO,2010 Q3,RPI,0,0,2010 Q3,2010-07-01,2010,3,22,Real activity / consumption,Not selected
LASSO,2010 Q3,DPCERA3M086SBEA,0,0,2010 Q3,2010-07-01,2010,3,22,Real activity / consumption,Not selected
LASSO,2010 Q3,INDPRO,0,0,2010 Q3,2010-07-01,2010,3,22,Real activity / consumption,Not selected
LASSO,2010 Q3,CMRMTSPLx,0,0,2010 Q3,2010-07-01,2010,3,22,Real activity / consumption,Not selected
LASSO,2010 Q3,RETAILx,0,0,2010 Q3,2010-07-01,2010,3,22,Real activity / consumption,Not selected
LASSO,2010 Q3,UNRATE,0,0,2010 Q3,2010-07-01,2010,3,22,Labor market,Not selected
LASSO,2010 Q3,CLAIMSx,0,0,2010 Q3,2010-07-01,2010,3,22,Labor market,Not selected
LASSO,2010 Q3,PAYEMS,0,0,2010 Q3,2010-07-01,2010,3,22,Labor market,Not selected
LASSO,2010 Q3,AWHMAN,0,0,2010 Q3,2010-07-01,2010,3,22,Labor market,Not selected
LASSO,2010 Q3,HOUST,0,0,2010 Q3,2010-07-01,2010,3,22,Housing,Not selected
LASSO,2010 Q3,PERMIT,0,0,2010 Q3,2010-07-01,2010,3,22,Housing,Not selected
LASSO,2010 Q3,M1SL,0,0,2010 Q3,2010-07-01,2010,3,22,Money and credit,Not selected
LASSO,2010 Q3,M2SL,0,0,2010 Q3,2010-07-01,2010,3,22,Money and credit,Not selected
LASSO,2010 Q3,BOGMBASE,0,0,2010 Q3,2010-07-01,2010,3,22,Money and credit,Not selected
LASSO,2010 Q3,BUSLOANS,0,0,2010 Q3,2010-07-01,2010,3,22,Money and credit,Not selected
LASSO,2010 Q3,NONREVSL,0,0,2010 Q3,2010-07-01,2010,3,22,Money and credit,Not selected
LASSO,2010 Q3,CPIAUCSL,0,0,2010 Q3,2010-07-01,2010,3,22,Prices and commodities,Not selected
LASSO,2010 Q3,PPICMM,0,0,2010 Q3,2010-07-01,2010,3,22,Prices and commodities,Not selected
LASSO,2010 Q3,PCEPI,0,0,2010 Q3,2010-07-01,2010,3,22,Prices and commodities,Not selected
LASSO,2010 Q3,OILPRICEx,0,0,2010 Q3,2010-07-01,2010,3,22,Prices and commodities,Not selected
LASSO,2010 Q3,FEDFUNDS,0,0,2010 Q3,2010-07-01,2010,3,22,Financial / sentiment,Not selected
LASSO,2010 Q3,TB3MS,0,0,2010 Q3,2010-07-01,2010,3,22,Financial / sentiment,Not selected
LASSO,2010 Q3,GS10,0,0,2010 Q3,2010-07-01,2010,3,22,Financial / sentiment,Not selected
LASSO,2010 Q3,AAA,0,0,2010 Q3,2010-07-01,2010,3,22,Financial / sentiment,Not selected
LASSO,2010 Q3,BAA,0,0,2010 Q3,2010-07-01,2010,3,22,Financial / sentiment,Not selected
LASSO,2010 Q3,S&P 500,0,0,2010 Q3,2010-07-01,2010,3,22,Financial / sentiment,Not selected
LASSO,2010 Q3,VIXCLSx,0,0,2010 Q3,2010-07-01,2010,3,22,Financial / sentiment,Not selected
LASSO,2010 Q3,UMCSENTx,0,0,2010 Q3,2010-07-01,2010,3,22,Financial / sentiment,Not selected
LASSO,2010 Q3,TERM_SPREAD,0,0,2010 Q3,2010-07-01,2010,3,22,Financial / sentiment,Not selected
LASSO,2010 Q3,CREDIT_SPREAD,0,0,2010 Q3,2010-07-01,2010,3,22,Financial / sentiment,Not selected
LASSO,2010 Q4,RPI,0,0,2010 Q4,2010-10-01,2010,4,23,Real activity / consumption,Not selected
LASSO,2010 Q4,DPCERA3M086SBEA,0,0,2010 Q4,2010-10-01,2010,4,23,Real activity / consumption,Not selected
LASSO,2010 Q4,INDPRO,1,1,2010 Q4,2010-10-01,2010,4,23,Real activity / consumption,Real activity / consumption
LASSO,2010 Q4,CMRMTSPLx,0,0,2010 Q4,2010-10-01,2010,4,23,Real activity / consumption,Not selected
LASSO,2010 Q4,RETAILx,0,0,2010 Q4,2010-10-01,2010,4,23,Real activity / consumption,Not selected
LASSO,2010 Q4,UNRATE,0,0,2010 Q4,2010-10-01,2010,4,23,Labor market,Not selected
LASSO,2010 Q4,CLAIMSx,0,0,2010 Q4,2010-10-01,2010,4,23,Labor market,Not selected
LASSO,2010 Q4,PAYEMS,0,0,2010 Q4,2010-10-01,2010,4,23,Labor market,Not selected
LASSO,2010 Q4,AWHMAN,0,0,2010 Q4,2010-10-01,2010,4,23,Labor market,Not selected
LASSO,2010 Q4,HOUST,0,0,2010 Q4,2010-10-01,2010,4,23,Housing,Not selected
LASSO,2010 Q4,PERMIT,0,0,2010 Q4,2010-10-01,2010,4,23,Housing,Not selected
LASSO,2010 Q4,M1SL,0,0,2010 Q4,2010-10-01,2010,4,23,Money and credit,Not selected
LASSO,2010 Q4,M2SL,0,0,2010 Q4,2010-10-01,2010,4,23,Money and credit,Not selected
LASSO,2010 Q4,BOGMBASE,0,0,2010 Q4,2010-10-01,2010,4,23,Money and credit,Not selected
LASSO,2010 Q4,BUSLOANS,0,0,2010 Q4,2010-10-01,2010,4,23,Money and credit,Not selected
LASSO,2010 Q4,NONREVSL,0,0,2010 Q4,2010-10-01,2010,4,23,Money and credit,Not selected
LASSO,2010 Q4,CPIAUCSL,0,0,2010 Q4,2010-10-01,2010,4,23,Prices and commodities,Not selected
LASSO,2010 Q4,PPICMM,0,0,2010 Q4,2010-10-01,2010,4,23,Prices and commodities,Not selected
LASSO,2010 Q4,PCEPI,0,0,2010 Q4,2010-10-01,2010,4,23,Prices and commodities,Not selected
LASSO,2010 Q4,OILPRICEx,0,0,2010 Q4,2010-10-01,2010,4,23,Prices and commodities,Not selected
LASSO,2010 Q4,FEDFUNDS,0,0,2010 Q4,2010-10-01,2010,4,23,Financial / sentiment,Not selected
LASSO,2010 Q4,TB3MS,0,0,2010 Q4,2010-10-01,2010,4,23,Financial / sentiment,Not selected
LASSO,2010 Q4,GS10,0,0,2010 Q4,2010-10-01,2010,4,23,Financial / sentiment,Not selected
LASSO,2010 Q4,AAA,0,0,2010 Q4,2010-10-01,2010,4,23,Financial / sentiment,Not selected
LASSO,2010 Q4,BAA,0,0,2010 Q4,2010-10-01,2010,4,23,Financial / sentiment,Not selected
LASSO,2010 Q4,S&P 500,0,0,2010 Q4,2010-10-01,2010,4,23,Financial / sentiment,Not selected
LASSO,2010 Q4,VIXCLSx,0,0,2010 Q4,2010-10-01,2010,4,23,Financial / sentiment,Not selected
LASSO,2010 Q4,UMCSENTx,0,0,2010 Q4,2010-10-01,2010,4,23,Financial / sentiment,Not selected
LASSO,2010 Q4,TERM_SPREAD,0,0,2010 Q4,2010-10-01,2010,4,23,Financial / sentiment,Not selected
LASSO,2010 Q4,CREDIT_SPREAD,0,0,2010 Q4,2010-10-01,2010,4,23,Financial / sentiment,Not selected
LASSO,2011 Q1,RPI,0,0,2011 Q1,2011-01-01,2011,1,24,Real activity / consumption,Not selected
LASSO,2011 Q1,DPCERA3M086SBEA,0,0,2011 Q1,2011-01-01,2011,1,24,Real activity / consumption,Not selected
LASSO,2011 Q1,INDPRO,0,0,2011 Q1,2011-01-01,2011,1,24,Real activity / consumption,Not selected
LASSO,2011 Q1,CMRMTSPLx,0,0,2011 Q1,2011-01-01,2011,1,24,Real activity / consumption,Not selected
LASSO,2011 Q1,RETAILx,0,0,2011 Q1,2011-01-01,2011,1,24,Real activity / consumption,Not selected
LASSO,2011 Q1,UNRATE,0,0,2011 Q1,2011-01-01,2011,1,24,Labor market,Not selected
LASSO,2011 Q1,CLAIMSx,0,0,2011 Q1,2011-01-01,2011,1,24,Labor market,Not selected
LASSO,2011 Q1,PAYEMS,0,0,2011 Q1,2011-01-01,2011,1,24,Labor market,Not selected
LASSO,2011 Q1,AWHMAN,0,0,2011 Q1,2011-01-01,2011,1,24,Labor market,Not selected
LASSO,2011 Q1,HOUST,0,0,2011 Q1,2011-01-01,2011,1,24,Housing,Not selected
LASSO,2011 Q1,PERMIT,0,0,2011 Q1,2011-01-01,2011,1,24,Housing,Not selected
LASSO,2011 Q1,M1SL,0,0,2011 Q1,2011-01-01,2011,1,24,Money and credit,Not selected
LASSO,2011 Q1,M2SL,0,0,2011 Q1,2011-01-01,2011,1,24,Money and credit,Not selected
LASSO,2011 Q1,BOGMBASE,0,0,2011 Q1,2011-01-01,2011,1,24,Money and credit,Not selected
LASSO,2011 Q1,BUSLOANS,0,0,2011 Q1,2011-01-01,2011,1,24,Money and credit,Not selected
LASSO,2011 Q1,NONREVSL,0,0,2011 Q1,2011-01-01,2011,1,24,Money and credit,Not selected
LASSO,2011 Q1,CPIAUCSL,0,0,2011 Q1,2011-01-01,2011,1,24,Prices and commodities,Not selected
LASSO,2011 Q1,PPICMM,0,0,2011 Q1,2011-01-01,2011,1,24,Prices and commodities,Not selected
LASSO,2011 Q1,PCEPI,0,0,2011 Q1,2011-01-01,2011,1,24,Prices and commodities,Not selected
LASSO,2011 Q1,OILPRICEx,0,0,2011 Q1,2011-01-01,2011,1,24,Prices and commodities,Not selected
LASSO,2011 Q1,FEDFUNDS,0,0,2011 Q1,2011-01-01,2011,1,24,Financial / sentiment,Not selected
LASSO,2011 Q1,TB3MS,0,0,2011 Q1,2011-01-01,2011,1,24,Financial / sentiment,Not selected
LASSO,2011 Q1,GS10,0,0,2011 Q1,2011-01-01,2011,1,24,Financial / sentiment,Not selected
LASSO,2011 Q1,AAA,0,0,2011 Q1,2011-01-01,2011,1,24,Financial / sentiment,Not selected
LASSO,2011 Q1,BAA,0,0,2011 Q1,2011-01-01,2011,1,24,Financial / sentiment,Not selected
LASSO,2011 Q1,S&P 500,0,0,2011 Q1,2011-01-01,2011,1,24,Financial / sentiment,Not selected
LASSO,2011 Q1,VIXCLSx,0,0,2011 Q1,2011-01-01,2011,1,24,Financial / sentiment,Not selected
LASSO,2011 Q1,UMCSENTx,0,0,2011 Q1,2011-01-01,2011,1,24,Financial / sentiment,Not selected
LASSO,2011 Q1,TERM_SPREAD,0,0,2011 Q1,2011-01-01,2011,1,24,Financial / sentiment,Not selected
LASSO,2011 Q1,CREDIT_SPREAD,0,0,2011 Q1,2011-01-01,2011,1,24,Financial / sentiment,Not selected
LASSO,2011 Q2,RPI,0,0,2011 Q2,2011-04-01,2011,2,25,Real activity / consumption,Not selected
LASSO,2011 Q2,DPCERA3M086SBEA,0,0,2011 Q2,2011-04-01,2011,2,25,Real activity / consumption,Not selected
LASSO,2011 Q2,INDPRO,0,0,2011 Q2,2011-04-01,2011,2,25,Real activity / consumption,Not selected
LASSO,2011 Q2,CMRMTSPLx,0,0,2011 Q2,2011-04-01,2011,2,25,Real activity / consumption,Not selected
LASSO,2011 Q2,RETAILx,0,0,2011 Q2,2011-04-01,2011,2,25,Real activity / consumption,Not selected
LASSO,2011 Q2,UNRATE,0,0,2011 Q2,2011-04-01,2011,2,25,Labor market,Not selected
LASSO,2011 Q2,CLAIMSx,0,0,2011 Q2,2011-04-01,2011,2,25,Labor market,Not selected
LASSO,2011 Q2,PAYEMS,0,0,2011 Q2,2011-04-01,2011,2,25,Labor market,Not selected
LASSO,2011 Q2,AWHMAN,0,0,2011 Q2,2011-04-01,2011,2,25,Labor market,Not selected
LASSO,2011 Q2,HOUST,0,0,2011 Q2,2011-04-01,2011,2,25,Housing,Not selected
LASSO,2011 Q2,PERMIT,0,0,2011 Q2,2011-04-01,2011,2,25,Housing,Not selected
LASSO,2011 Q2,M1SL,0,0,2011 Q2,2011-04-01,2011,2,25,Money and credit,Not selected
LASSO,2011 Q2,M2SL,0,0,2011 Q2,2011-04-01,2011,2,25,Money and credit,Not selected
LASSO,2011 Q2,BOGMBASE,0,0,2011 Q2,2011-04-01,2011,2,25,Money and credit,Not selected
LASSO,2011 Q2,BUSLOANS,0,0,2011 Q2,2011-04-01,2011,2,25,Money and credit,Not selected
LASSO,2011 Q2,NONREVSL,0,0,2011 Q2,2011-04-01,2011,2,25,Money and credit,Not selected
LASSO,2011 Q2,CPIAUCSL,0,0,2011 Q2,2011-04-01,2011,2,25,Prices and commodities,Not selected
LASSO,2011 Q2,PPICMM,0,0,2011 Q2,2011-04-01,2011,2,25,Prices and commodities,Not selected
LASSO,2011 Q2,PCEPI,0,0,2011 Q2,2011-04-01,2011,2,25,Prices and commodities,Not selected
LASSO,2011 Q2,OILPRICEx,0,0,2011 Q2,2011-04-01,2011,2,25,Prices and commodities,Not selected
LASSO,2011 Q2,FEDFUNDS,0,0,2011 Q2,2011-04-01,2011,2,25,Financial / sentiment,Not selected
LASSO,2011 Q2,TB3MS,0,0,2011 Q2,2011-04-01,2011,2,25,Financial / sentiment,Not selected
LASSO,2011 Q2,GS10,0,0,2011 Q2,2011-04-01,2011,2,25,Financial / sentiment,Not selected
LASSO,2011 Q2,AAA,0,0,2011 Q2,2011-04-01,2011,2,25,Financial / sentiment,Not selected
LASSO,2011 Q2,BAA,0,0,2011 Q2,2011-04-01,2011,2,25,Financial / sentiment,Not selected
LASSO,2011 Q2,S&P 500,0,0,2011 Q2,2011-04-01,2011,2,25,Financial / sentiment,Not selected
LASSO,2011 Q2,VIXCLSx,0,0,2011 Q2,2011-04-01,2011,2,25,Financial / sentiment,Not selected
LASSO,2011 Q2,UMCSENTx,0,0,2011 Q2,2011-04-01,2011,2,25,Financial / sentiment,Not selected
LASSO,2011 Q2,TERM_SPREAD,0,0,2011 Q2,2011-04-01,2011,2,25,Financial / sentiment,Not selected
LASSO,2011 Q2,CREDIT_SPREAD,0,0,2011 Q2,2011-04-01,2011,2,25,Financial / sentiment,Not selected
LASSO,2011 Q3,RPI,0,0,2011 Q3,2011-07-01,2011,3,26,Real activity / consumption,Not selected
LASSO,2011 Q3,DPCERA3M086SBEA,0,0,2011 Q3,2011-07-01,2011,3,26,Real activity / consumption,Not selected
LASSO,2011 Q3,INDPRO,1,1,2011 Q3,2011-07-01,2011,3,26,Real activity / consumption,Real activity / consumption
LASSO,2011 Q3,CMRMTSPLx,0,0,2011 Q3,2011-07-01,2011,3,26,Real activity / consumption,Not selected
LASSO,2011 Q3,RETAILx,0,0,2011 Q3,2011-07-01,2011,3,26,Real activity / consumption,Not selected
LASSO,2011 Q3,UNRATE,0,0,2011 Q3,2011-07-01,2011,3,26,Labor market,Not selected
LASSO,2011 Q3,CLAIMSx,0,0,2011 Q3,2011-07-01,2011,3,26,Labor market,Not selected
LASSO,2011 Q3,PAYEMS,0,0,2011 Q3,2011-07-01,2011,3,26,Labor market,Not selected
LASSO,2011 Q3,AWHMAN,0,0,2011 Q3,2011-07-01,2011,3,26,Labor market,Not selected
LASSO,2011 Q3,HOUST,0,0,2011 Q3,2011-07-01,2011,3,26,Housing,Not selected
LASSO,2011 Q3,PERMIT,0,0,2011 Q3,2011-07-01,2011,3,26,Housing,Not selected
LASSO,2011 Q3,M1SL,0,0,2011 Q3,2011-07-01,2011,3,26,Money and credit,Not selected
LASSO,2011 Q3,M2SL,0,0,2011 Q3,2011-07-01,2011,3,26,Money and credit,Not selected
LASSO,2011 Q3,BOGMBASE,0,0,2011 Q3,2011-07-01,2011,3,26,Money and credit,Not selected
LASSO,2011 Q3,BUSLOANS,0,0,2011 Q3,2011-07-01,2011,3,26,Money and credit,Not selected
LASSO,2011 Q3,NONREVSL,0,0,2011 Q3,2011-07-01,2011,3,26,Money and credit,Not selected
LASSO,2011 Q3,CPIAUCSL,0,0,2011 Q3,2011-07-01,2011,3,26,Prices and commodities,Not selected
LASSO,2011 Q3,PPICMM,0,0,2011 Q3,2011-07-01,2011,3,26,Prices and commodities,Not selected
LASSO,2011 Q3,PCEPI,0,0,2011 Q3,2011-07-01,2011,3,26,Prices and commodities,Not selected
LASSO,2011 Q3,OILPRICEx,0,0,2011 Q3,2011-07-01,2011,3,26,Prices and commodities,Not selected
LASSO,2011 Q3,FEDFUNDS,0,0,2011 Q3,2011-07-01,2011,3,26,Financial / sentiment,Not selected
LASSO,2011 Q3,TB3MS,0,0,2011 Q3,2011-07-01,2011,3,26,Financial / sentiment,Not selected
LASSO,2011 Q3,GS10,0,0,2011 Q3,2011-07-01,2011,3,26,Financial / sentiment,Not selected
LASSO,2011 Q3,AAA,0,0,2011 Q3,2011-07-01,2011,3,26,Financial / sentiment,Not selected
LASSO,2011 Q3,BAA,0,0,2011 Q3,2011-07-01,2011,3,26,Financial / sentiment,Not selected
LASSO,2011 Q3,S&P 500,0,0,2011 Q3,2011-07-01,2011,3,26,Financial / sentiment,Not selected
LASSO,2011 Q3,VIXCLSx,0,0,2011 Q3,2011-07-01,2011,3,26,Financial / sentiment,Not selected
LASSO,2011 Q3,UMCSENTx,0,0,2011 Q3,2011-07-01,2011,3,26,Financial / sentiment,Not selected
LASSO,2011 Q3,TERM_SPREAD,0,0,2011 Q3,2011-07-01,2011,3,26,Financial / sentiment,Not selected
LASSO,2011 Q3,CREDIT_SPREAD,0,0,2011 Q3,2011-07-01,2011,3,26,Financial / sentiment,Not selected
LASSO,2011 Q4,RPI,0,0,2011 Q4,2011-10-01,2011,4,27,Real activity / consumption,Not selected
LASSO,2011 Q4,DPCERA3M086SBEA,0,0,2011 Q4,2011-10-01,2011,4,27,Real activity / consumption,Not selected
LASSO,2011 Q4,INDPRO,0,0,2011 Q4,2011-10-01,2011,4,27,Real activity / consumption,Not selected
LASSO,2011 Q4,CMRMTSPLx,0,0,2011 Q4,2011-10-01,2011,4,27,Real activity / consumption,Not selected
LASSO,2011 Q4,RETAILx,0,0,2011 Q4,2011-10-01,2011,4,27,Real activity / consumption,Not selected
LASSO,2011 Q4,UNRATE,0,0,2011 Q4,2011-10-01,2011,4,27,Labor market,Not selected
LASSO,2011 Q4,CLAIMSx,0,0,2011 Q4,2011-10-01,2011,4,27,Labor market,Not selected
LASSO,2011 Q4,PAYEMS,0,0,2011 Q4,2011-10-01,2011,4,27,Labor market,Not selected
LASSO,2011 Q4,AWHMAN,0,0,2011 Q4,2011-10-01,2011,4,27,Labor market,Not selected
LASSO,2011 Q4,HOUST,0,0,2011 Q4,2011-10-01,2011,4,27,Housing,Not selected
LASSO,2011 Q4,PERMIT,0,0,2011 Q4,2011-10-01,2011,4,27,Housing,Not selected
LASSO,2011 Q4,M1SL,0,0,2011 Q4,2011-10-01,2011,4,27,Money and credit,Not selected
LASSO,2011 Q4,M2SL,0,0,2011 Q4,2011-10-01,2011,4,27,Money and credit,Not selected
LASSO,2011 Q4,BOGMBASE,0,0,2011 Q4,2011-10-01,2011,4,27,Money and credit,Not selected
LASSO,2011 Q4,BUSLOANS,0,0,2011 Q4,2011-10-01,2011,4,27,Money and credit,Not selected
LASSO,2011 Q4,NONREVSL,0,0,2011 Q4,2011-10-01,2011,4,27,Money and credit,Not selected
LASSO,2011 Q4,CPIAUCSL,0,0,2011 Q4,2011-10-01,2011,4,27,Prices and commodities,Not selected
LASSO,2011 Q4,PPICMM,0,0,2011 Q4,2011-10-01,2011,4,27,Prices and commodities,Not selected
LASSO,2011 Q4,PCEPI,0,0,2011 Q4,2011-10-01,2011,4,27,Prices and commodities,Not selected
LASSO,2011 Q4,OILPRICEx,0,0,2011 Q4,2011-10-01,2011,4,27,Prices and commodities,Not selected
LASSO,2011 Q4,FEDFUNDS,0,0,2011 Q4,2011-10-01,2011,4,27,Financial / sentiment,Not selected
LASSO,2011 Q4,TB3MS,0,0,2011 Q4,2011-10-01,2011,4,27,Financial / sentiment,Not selected
LASSO,2011 Q4,GS10,0,0,2011 Q4,2011-10-01,2011,4,27,Financial / sentiment,Not selected
LASSO,2011 Q4,AAA,0,0,2011 Q4,2011-10-01,2011,4,27,Financial / sentiment,Not selected
LASSO,2011 Q4,BAA,0,0,2011 Q4,2011-10-01,2011,4,27,Financial / sentiment,Not selected
LASSO,2011 Q4,S&P 500,0,0,2011 Q4,2011-10-01,2011,4,27,Financial / sentiment,Not selected
LASSO,2011 Q4,VIXCLSx,0,0,2011 Q4,2011-10-01,2011,4,27,Financial / sentiment,Not selected
LASSO,2011 Q4,UMCSENTx,0,0,2011 Q4,2011-10-01,2011,4,27,Financial / sentiment,Not selected
LASSO,2011 Q4,TERM_SPREAD,0,0,2011 Q4,2011-10-01,2011,4,27,Financial / sentiment,Not selected
LASSO,2011 Q4,CREDIT_SPREAD,0,0,2011 Q4,2011-10-01,2011,4,27,Financial / sentiment,Not selected
LASSO,2012 Q1,RPI,0,0,2012 Q1,2012-01-01,2012,1,28,Real activity / consumption,Not selected
LASSO,2012 Q1,DPCERA3M086SBEA,0,0,2012 Q1,2012-01-01,2012,1,28,Real activity / consumption,Not selected
LASSO,2012 Q1,INDPRO,1,1,2012 Q1,2012-01-01,2012,1,28,Real activity / consumption,Real activity / consumption
LASSO,2012 Q1,CMRMTSPLx,0,0,2012 Q1,2012-01-01,2012,1,28,Real activity / consumption,Not selected
LASSO,2012 Q1,RETAILx,0,0,2012 Q1,2012-01-01,2012,1,28,Real activity / consumption,Not selected
LASSO,2012 Q1,UNRATE,0,0,2012 Q1,2012-01-01,2012,1,28,Labor market,Not selected
LASSO,2012 Q1,CLAIMSx,0,0,2012 Q1,2012-01-01,2012,1,28,Labor market,Not selected
LASSO,2012 Q1,PAYEMS,0,0,2012 Q1,2012-01-01,2012,1,28,Labor market,Not selected
LASSO,2012 Q1,AWHMAN,0,0,2012 Q1,2012-01-01,2012,1,28,Labor market,Not selected
LASSO,2012 Q1,HOUST,0,0,2012 Q1,2012-01-01,2012,1,28,Housing,Not selected
LASSO,2012 Q1,PERMIT,0,0,2012 Q1,2012-01-01,2012,1,28,Housing,Not selected
LASSO,2012 Q1,M1SL,0,0,2012 Q1,2012-01-01,2012,1,28,Money and credit,Not selected
LASSO,2012 Q1,M2SL,0,0,2012 Q1,2012-01-01,2012,1,28,Money and credit,Not selected
LASSO,2012 Q1,BOGMBASE,0,0,2012 Q1,2012-01-01,2012,1,28,Money and credit,Not selected
LASSO,2012 Q1,BUSLOANS,0,0,2012 Q1,2012-01-01,2012,1,28,Money and credit,Not selected
LASSO,2012 Q1,NONREVSL,0,0,2012 Q1,2012-01-01,2012,1,28,Money and credit,Not selected
LASSO,2012 Q1,CPIAUCSL,0,0,2012 Q1,2012-01-01,2012,1,28,Prices and commodities,Not selected
LASSO,2012 Q1,PPICMM,0,0,2012 Q1,2012-01-01,2012,1,28,Prices and commodities,Not selected
LASSO,2012 Q1,PCEPI,0,0,2012 Q1,2012-01-01,2012,1,28,Prices and commodities,Not selected
LASSO,2012 Q1,OILPRICEx,0,0,2012 Q1,2012-01-01,2012,1,28,Prices and commodities,Not selected
LASSO,2012 Q1,FEDFUNDS,0,0,2012 Q1,2012-01-01,2012,1,28,Financial / sentiment,Not selected
LASSO,2012 Q1,TB3MS,0,0,2012 Q1,2012-01-01,2012,1,28,Financial / sentiment,Not selected
LASSO,2012 Q1,GS10,0,0,2012 Q1,2012-01-01,2012,1,28,Financial / sentiment,Not selected
LASSO,2012 Q1,AAA,0,0,2012 Q1,2012-01-01,2012,1,28,Financial / sentiment,Not selected
LASSO,2012 Q1,BAA,0,0,2012 Q1,2012-01-01,2012,1,28,Financial / sentiment,Not selected
LASSO,2012 Q1,S&P 500,0,0,2012 Q1,2012-01-01,2012,1,28,Financial / sentiment,Not selected
LASSO,2012 Q1,VIXCLSx,0,0,2012 Q1,2012-01-01,2012,1,28,Financial / sentiment,Not selected
LASSO,2012 Q1,UMCSENTx,0,0,2012 Q1,2012-01-01,2012,1,28,Financial / sentiment,Not selected
LASSO,2012 Q1,TERM_SPREAD,0,0,2012 Q1,2012-01-01,2012,1,28,Financial / sentiment,Not selected
LASSO,2012 Q1,CREDIT_SPREAD,0,0,2012 Q1,2012-01-01,2012,1,28,Financial / sentiment,Not selected
LASSO,2012 Q2,RPI,0,0,2012 Q2,2012-04-01,2012,2,29,Real activity / consumption,Not selected
LASSO,2012 Q2,DPCERA3M086SBEA,0,0,2012 Q2,2012-04-01,2012,2,29,Real activity / consumption,Not selected
LASSO,2012 Q2,INDPRO,1,1,2012 Q2,2012-04-01,2012,2,29,Real activity / consumption,Real activity / consumption
LASSO,2012 Q2,CMRMTSPLx,0,0,2012 Q2,2012-04-01,2012,2,29,Real activity / consumption,Not selected
LASSO,2012 Q2,RETAILx,0,0,2012 Q2,2012-04-01,2012,2,29,Real activity / consumption,Not selected
LASSO,2012 Q2,UNRATE,0,0,2012 Q2,2012-04-01,2012,2,29,Labor market,Not selected
LASSO,2012 Q2,CLAIMSx,0,0,2012 Q2,2012-04-01,2012,2,29,Labor market,Not selected
LASSO,2012 Q2,PAYEMS,0,0,2012 Q2,2012-04-01,2012,2,29,Labor market,Not selected
LASSO,2012 Q2,AWHMAN,0,0,2012 Q2,2012-04-01,2012,2,29,Labor market,Not selected
LASSO,2012 Q2,HOUST,0,0,2012 Q2,2012-04-01,2012,2,29,Housing,Not selected
LASSO,2012 Q2,PERMIT,0,0,2012 Q2,2012-04-01,2012,2,29,Housing,Not selected
LASSO,2012 Q2,M1SL,0,0,2012 Q2,2012-04-01,2012,2,29,Money and credit,Not selected
LASSO,2012 Q2,M2SL,0,0,2012 Q2,2012-04-01,2012,2,29,Money and credit,Not selected
LASSO,2012 Q2,BOGMBASE,0,0,2012 Q2,2012-04-01,2012,2,29,Money and credit,Not selected
LASSO,2012 Q2,BUSLOANS,0,0,2012 Q2,2012-04-01,2012,2,29,Money and credit,Not selected
LASSO,2012 Q2,NONREVSL,0,0,2012 Q2,2012-04-01,2012,2,29,Money and credit,Not selected
LASSO,2012 Q2,CPIAUCSL,0,0,2012 Q2,2012-04-01,2012,2,29,Prices and commodities,Not selected
LASSO,2012 Q2,PPICMM,0,0,2012 Q2,2012-04-01,2012,2,29,Prices and commodities,Not selected
LASSO,2012 Q2,PCEPI,0,0,2012 Q2,2012-04-01,2012,2,29,Prices and commodities,Not selected
LASSO,2012 Q2,OILPRICEx,0,0,2012 Q2,2012-04-01,2012,2,29,Prices and commodities,Not selected
LASSO,2012 Q2,FEDFUNDS,0,0,2012 Q2,2012-04-01,2012,2,29,Financial / sentiment,Not selected
LASSO,2012 Q2,TB3MS,0,0,2012 Q2,2012-04-01,2012,2,29,Financial / sentiment,Not selected
LASSO,2012 Q2,GS10,0,0,2012 Q2,2012-04-01,2012,2,29,Financial / sentiment,Not selected
LASSO,2012 Q2,AAA,0,0,2012 Q2,2012-04-01,2012,2,29,Financial / sentiment,Not selected
LASSO,2012 Q2,BAA,0,0,2012 Q2,2012-04-01,2012,2,29,Financial / sentiment,Not selected
LASSO,2012 Q2,S&P 500,0,0,2012 Q2,2012-04-01,2012,2,29,Financial / sentiment,Not selected
LASSO,2012 Q2,VIXCLSx,0,0,2012 Q2,2012-04-01,2012,2,29,Financial / sentiment,Not selected
LASSO,2012 Q2,UMCSENTx,0,0,2012 Q2,2012-04-01,2012,2,29,Financial / sentiment,Not selected
LASSO,2012 Q2,TERM_SPREAD,0,0,2012 Q2,2012-04-01,2012,2,29,Financial / sentiment,Not selected
LASSO,2012 Q2,CREDIT_SPREAD,0,0,2012 Q2,2012-04-01,2012,2,29,Financial / sentiment,Not selected
LASSO,2012 Q3,RPI,0,0,2012 Q3,2012-07-01,2012,3,30,Real activity / consumption,Not selected
LASSO,2012 Q3,DPCERA3M086SBEA,0,0,2012 Q3,2012-07-01,2012,3,30,Real activity / consumption,Not selected
LASSO,2012 Q3,INDPRO,0,0,2012 Q3,2012-07-01,2012,3,30,Real activity / consumption,Not selected
LASSO,2012 Q3,CMRMTSPLx,0,0,2012 Q3,2012-07-01,2012,3,30,Real activity / consumption,Not selected
LASSO,2012 Q3,RETAILx,0,0,2012 Q3,2012-07-01,2012,3,30,Real activity / consumption,Not selected
LASSO,2012 Q3,UNRATE,0,0,2012 Q3,2012-07-01,2012,3,30,Labor market,Not selected
LASSO,2012 Q3,CLAIMSx,0,0,2012 Q3,2012-07-01,2012,3,30,Labor market,Not selected
LASSO,2012 Q3,PAYEMS,0,0,2012 Q3,2012-07-01,2012,3,30,Labor market,Not selected
LASSO,2012 Q3,AWHMAN,0,0,2012 Q3,2012-07-01,2012,3,30,Labor market,Not selected
LASSO,2012 Q3,HOUST,0,0,2012 Q3,2012-07-01,2012,3,30,Housing,Not selected
LASSO,2012 Q3,PERMIT,0,0,2012 Q3,2012-07-01,2012,3,30,Housing,Not selected
LASSO,2012 Q3,M1SL,0,0,2012 Q3,2012-07-01,2012,3,30,Money and credit,Not selected
LASSO,2012 Q3,M2SL,0,0,2012 Q3,2012-07-01,2012,3,30,Money and credit,Not selected
LASSO,2012 Q3,BOGMBASE,0,0,2012 Q3,2012-07-01,2012,3,30,Money and credit,Not selected
LASSO,2012 Q3,BUSLOANS,0,0,2012 Q3,2012-07-01,2012,3,30,Money and credit,Not selected
LASSO,2012 Q3,NONREVSL,0,0,2012 Q3,2012-07-01,2012,3,30,Money and credit,Not selected
LASSO,2012 Q3,CPIAUCSL,0,0,2012 Q3,2012-07-01,2012,3,30,Prices and commodities,Not selected
LASSO,2012 Q3,PPICMM,0,0,2012 Q3,2012-07-01,2012,3,30,Prices and commodities,Not selected
LASSO,2012 Q3,PCEPI,0,0,2012 Q3,2012-07-01,2012,3,30,Prices and commodities,Not selected
LASSO,2012 Q3,OILPRICEx,0,0,2012 Q3,2012-07-01,2012,3,30,Prices and commodities,Not selected
LASSO,2012 Q3,FEDFUNDS,0,0,2012 Q3,2012-07-01,2012,3,30,Financial / sentiment,Not selected
LASSO,2012 Q3,TB3MS,0,0,2012 Q3,2012-07-01,2012,3,30,Financial / sentiment,Not selected
LASSO,2012 Q3,GS10,0,0,2012 Q3,2012-07-01,2012,3,30,Financial / sentiment,Not selected
LASSO,2012 Q3,AAA,0,0,2012 Q3,2012-07-01,2012,3,30,Financial / sentiment,Not selected
LASSO,2012 Q3,BAA,0,0,2012 Q3,2012-07-01,2012,3,30,Financial / sentiment,Not selected
LASSO,2012 Q3,S&P 500,0,0,2012 Q3,2012-07-01,2012,3,30,Financial / sentiment,Not selected
LASSO,2012 Q3,VIXCLSx,0,0,2012 Q3,2012-07-01,2012,3,30,Financial / sentiment,Not selected
LASSO,2012 Q3,UMCSENTx,0,0,2012 Q3,2012-07-01,2012,3,30,Financial / sentiment,Not selected
LASSO,2012 Q3,TERM_SPREAD,0,0,2012 Q3,2012-07-01,2012,3,30,Financial / sentiment,Not selected
LASSO,2012 Q3,CREDIT_SPREAD,0,0,2012 Q3,2012-07-01,2012,3,30,Financial / sentiment,Not selected
LASSO,2012 Q4,RPI,0,0,2012 Q4,2012-10-01,2012,4,31,Real activity / consumption,Not selected
LASSO,2012 Q4,DPCERA3M086SBEA,0,0,2012 Q4,2012-10-01,2012,4,31,Real activity / consumption,Not selected
LASSO,2012 Q4,INDPRO,0,0,2012 Q4,2012-10-01,2012,4,31,Real activity / consumption,Not selected
LASSO,2012 Q4,CMRMTSPLx,0,0,2012 Q4,2012-10-01,2012,4,31,Real activity / consumption,Not selected
LASSO,2012 Q4,RETAILx,0,0,2012 Q4,2012-10-01,2012,4,31,Real activity / consumption,Not selected
LASSO,2012 Q4,UNRATE,0,0,2012 Q4,2012-10-01,2012,4,31,Labor market,Not selected
LASSO,2012 Q4,CLAIMSx,0,0,2012 Q4,2012-10-01,2012,4,31,Labor market,Not selected
LASSO,2012 Q4,PAYEMS,0,0,2012 Q4,2012-10-01,2012,4,31,Labor market,Not selected
LASSO,2012 Q4,AWHMAN,0,0,2012 Q4,2012-10-01,2012,4,31,Labor market,Not selected
LASSO,2012 Q4,HOUST,0,0,2012 Q4,2012-10-01,2012,4,31,Housing,Not selected
LASSO,2012 Q4,PERMIT,0,0,2012 Q4,2012-10-01,2012,4,31,Housing,Not selected
LASSO,2012 Q4,M1SL,0,0,2012 Q4,2012-10-01,2012,4,31,Money and credit,Not selected
LASSO,2012 Q4,M2SL,0,0,2012 Q4,2012-10-01,2012,4,31,Money and credit,Not selected
LASSO,2012 Q4,BOGMBASE,0,0,2012 Q4,2012-10-01,2012,4,31,Money and credit,Not selected
LASSO,2012 Q4,BUSLOANS,0,0,2012 Q4,2012-10-01,2012,4,31,Money and credit,Not selected
LASSO,2012 Q4,NONREVSL,0,0,2012 Q4,2012-10-01,2012,4,31,Money and credit,Not selected
LASSO,2012 Q4,CPIAUCSL,0,0,2012 Q4,2012-10-01,2012,4,31,Prices and commodities,Not selected
LASSO,2012 Q4,PPICMM,0,0,2012 Q4,2012-10-01,2012,4,31,Prices and commodities,Not selected
LASSO,2012 Q4,PCEPI,0,0,2012 Q4,2012-10-01,2012,4,31,Prices and commodities,Not selected
LASSO,2012 Q4,OILPRICEx,0,0,2012 Q4,2012-10-01,2012,4,31,Prices and commodities,Not selected
LASSO,2012 Q4,FEDFUNDS,0,0,2012 Q4,2012-10-01,2012,4,31,Financial / sentiment,Not selected
LASSO,2012 Q4,TB3MS,0,0,2012 Q4,2012-10-01,2012,4,31,Financial / sentiment,Not selected
LASSO,2012 Q4,GS10,0,0,2012 Q4,2012-10-01,2012,4,31,Financial / sentiment,Not selected
LASSO,2012 Q4,AAA,0,0,2012 Q4,2012-10-01,2012,4,31,Financial / sentiment,Not selected
LASSO,2012 Q4,BAA,0,0,2012 Q4,2012-10-01,2012,4,31,Financial / sentiment,Not selected
LASSO,2012 Q4,S&P 500,0,0,2012 Q4,2012-10-01,2012,4,31,Financial / sentiment,Not selected
LASSO,2012 Q4,VIXCLSx,0,0,2012 Q4,2012-10-01,2012,4,31,Financial / sentiment,Not selected
LASSO,2012 Q4,UMCSENTx,0,0,2012 Q4,2012-10-01,2012,4,31,Financial / sentiment,Not selected
LASSO,2012 Q4,TERM_SPREAD,0,0,2012 Q4,2012-10-01,2012,4,31,Financial / sentiment,Not selected
LASSO,2012 Q4,CREDIT_SPREAD,0,0,2012 Q4,2012-10-01,2012,4,31,Financial / sentiment,Not selected
LASSO,2013 Q1,RPI,0,0,2013 Q1,2013-01-01,2013,1,32,Real activity / consumption,Not selected
LASSO,2013 Q1,DPCERA3M086SBEA,0,0,2013 Q1,2013-01-01,2013,1,32,Real activity / consumption,Not selected
LASSO,2013 Q1,INDPRO,1,1,2013 Q1,2013-01-01,2013,1,32,Real activity / consumption,Real activity / consumption
LASSO,2013 Q1,CMRMTSPLx,0,0,2013 Q1,2013-01-01,2013,1,32,Real activity / consumption,Not selected
LASSO,2013 Q1,RETAILx,0,0,2013 Q1,2013-01-01,2013,1,32,Real activity / consumption,Not selected
LASSO,2013 Q1,UNRATE,0,0,2013 Q1,2013-01-01,2013,1,32,Labor market,Not selected
LASSO,2013 Q1,CLAIMSx,0,0,2013 Q1,2013-01-01,2013,1,32,Labor market,Not selected
LASSO,2013 Q1,PAYEMS,0,0,2013 Q1,2013-01-01,2013,1,32,Labor market,Not selected
LASSO,2013 Q1,AWHMAN,0,0,2013 Q1,2013-01-01,2013,1,32,Labor market,Not selected
LASSO,2013 Q1,HOUST,0,0,2013 Q1,2013-01-01,2013,1,32,Housing,Not selected
LASSO,2013 Q1,PERMIT,0,0,2013 Q1,2013-01-01,2013,1,32,Housing,Not selected
LASSO,2013 Q1,M1SL,0,0,2013 Q1,2013-01-01,2013,1,32,Money and credit,Not selected
LASSO,2013 Q1,M2SL,0,0,2013 Q1,2013-01-01,2013,1,32,Money and credit,Not selected
LASSO,2013 Q1,BOGMBASE,0,0,2013 Q1,2013-01-01,2013,1,32,Money and credit,Not selected
LASSO,2013 Q1,BUSLOANS,0,0,2013 Q1,2013-01-01,2013,1,32,Money and credit,Not selected
LASSO,2013 Q1,NONREVSL,0,0,2013 Q1,2013-01-01,2013,1,32,Money and credit,Not selected
LASSO,2013 Q1,CPIAUCSL,0,0,2013 Q1,2013-01-01,2013,1,32,Prices and commodities,Not selected
LASSO,2013 Q1,PPICMM,0,0,2013 Q1,2013-01-01,2013,1,32,Prices and commodities,Not selected
LASSO,2013 Q1,PCEPI,0,0,2013 Q1,2013-01-01,2013,1,32,Prices and commodities,Not selected
LASSO,2013 Q1,OILPRICEx,0,0,2013 Q1,2013-01-01,2013,1,32,Prices and commodities,Not selected
LASSO,2013 Q1,FEDFUNDS,0,0,2013 Q1,2013-01-01,2013,1,32,Financial / sentiment,Not selected
LASSO,2013 Q1,TB3MS,0,0,2013 Q1,2013-01-01,2013,1,32,Financial / sentiment,Not selected
LASSO,2013 Q1,GS10,0,0,2013 Q1,2013-01-01,2013,1,32,Financial / sentiment,Not selected
LASSO,2013 Q1,AAA,0,0,2013 Q1,2013-01-01,2013,1,32,Financial / sentiment,Not selected
LASSO,2013 Q1,BAA,0,0,2013 Q1,2013-01-01,2013,1,32,Financial / sentiment,Not selected
LASSO,2013 Q1,S&P 500,0,0,2013 Q1,2013-01-01,2013,1,32,Financial / sentiment,Not selected
LASSO,2013 Q1,VIXCLSx,0,0,2013 Q1,2013-01-01,2013,1,32,Financial / sentiment,Not selected
LASSO,2013 Q1,UMCSENTx,0,0,2013 Q1,2013-01-01,2013,1,32,Financial / sentiment,Not selected
LASSO,2013 Q1,TERM_SPREAD,0,0,2013 Q1,2013-01-01,2013,1,32,Financial / sentiment,Not selected
LASSO,2013 Q1,CREDIT_SPREAD,0,0,2013 Q1,2013-01-01,2013,1,32,Financial / sentiment,Not selected
LASSO,2013 Q2,RPI,0,0,2013 Q2,2013-04-01,2013,2,33,Real activity / consumption,Not selected
LASSO,2013 Q2,DPCERA3M086SBEA,0,0,2013 Q2,2013-04-01,2013,2,33,Real activity / consumption,Not selected
LASSO,2013 Q2,INDPRO,0,0,2013 Q2,2013-04-01,2013,2,33,Real activity / consumption,Not selected
LASSO,2013 Q2,CMRMTSPLx,0,0,2013 Q2,2013-04-01,2013,2,33,Real activity / consumption,Not selected
LASSO,2013 Q2,RETAILx,0,0,2013 Q2,2013-04-01,2013,2,33,Real activity / consumption,Not selected
LASSO,2013 Q2,UNRATE,0,0,2013 Q2,2013-04-01,2013,2,33,Labor market,Not selected
LASSO,2013 Q2,CLAIMSx,0,0,2013 Q2,2013-04-01,2013,2,33,Labor market,Not selected
LASSO,2013 Q2,PAYEMS,0,0,2013 Q2,2013-04-01,2013,2,33,Labor market,Not selected
LASSO,2013 Q2,AWHMAN,0,0,2013 Q2,2013-04-01,2013,2,33,Labor market,Not selected
LASSO,2013 Q2,HOUST,0,0,2013 Q2,2013-04-01,2013,2,33,Housing,Not selected
LASSO,2013 Q2,PERMIT,0,0,2013 Q2,2013-04-01,2013,2,33,Housing,Not selected
LASSO,2013 Q2,M1SL,0,0,2013 Q2,2013-04-01,2013,2,33,Money and credit,Not selected
LASSO,2013 Q2,M2SL,0,0,2013 Q2,2013-04-01,2013,2,33,Money and credit,Not selected
LASSO,2013 Q2,BOGMBASE,0,0,2013 Q2,2013-04-01,2013,2,33,Money and credit,Not selected
LASSO,2013 Q2,BUSLOANS,0,0,2013 Q2,2013-04-01,2013,2,33,Money and credit,Not selected
LASSO,2013 Q2,NONREVSL,0,0,2013 Q2,2013-04-01,2013,2,33,Money and credit,Not selected
LASSO,2013 Q2,CPIAUCSL,0,0,2013 Q2,2013-04-01,2013,2,33,Prices and commodities,Not selected
LASSO,2013 Q2,PPICMM,0,0,2013 Q2,2013-04-01,2013,2,33,Prices and commodities,Not selected
LASSO,2013 Q2,PCEPI,0,0,2013 Q2,2013-04-01,2013,2,33,Prices and commodities,Not selected
LASSO,2013 Q2,OILPRICEx,0,0,2013 Q2,2013-04-01,2013,2,33,Prices and commodities,Not selected
LASSO,2013 Q2,FEDFUNDS,0,0,2013 Q2,2013-04-01,2013,2,33,Financial / sentiment,Not selected
LASSO,2013 Q2,TB3MS,0,0,2013 Q2,2013-04-01,2013,2,33,Financial / sentiment,Not selected
LASSO,2013 Q2,GS10,0,0,2013 Q2,2013-04-01,2013,2,33,Financial / sentiment,Not selected
LASSO,2013 Q2,AAA,0,0,2013 Q2,2013-04-01,2013,2,33,Financial / sentiment,Not selected
LASSO,2013 Q2,BAA,0,0,2013 Q2,2013-04-01,2013,2,33,Financial / sentiment,Not selected
LASSO,2013 Q2,S&P 500,0,0,2013 Q2,2013-04-01,2013,2,33,Financial / sentiment,Not selected
LASSO,2013 Q2,VIXCLSx,0,0,2013 Q2,2013-04-01,2013,2,33,Financial / sentiment,Not selected
LASSO,2013 Q2,UMCSENTx,0,0,2013 Q2,2013-04-01,2013,2,33,Financial / sentiment,Not selected
LASSO,2013 Q2,TERM_SPREAD,0,0,2013 Q2,2013-04-01,2013,2,33,Financial / sentiment,Not selected
LASSO,2013 Q2,CREDIT_SPREAD,0,0,2013 Q2,2013-04-01,2013,2,33,Financial / sentiment,Not selected
LASSO,2013 Q3,RPI,0,0,2013 Q3,2013-07-01,2013,3,34,Real activity / consumption,Not selected
LASSO,2013 Q3,DPCERA3M086SBEA,0,0,2013 Q3,2013-07-01,2013,3,34,Real activity / consumption,Not selected
LASSO,2013 Q3,INDPRO,0,0,2013 Q3,2013-07-01,2013,3,34,Real activity / consumption,Not selected
LASSO,2013 Q3,CMRMTSPLx,0,0,2013 Q3,2013-07-01,2013,3,34,Real activity / consumption,Not selected
LASSO,2013 Q3,RETAILx,0,0,2013 Q3,2013-07-01,2013,3,34,Real activity / consumption,Not selected
LASSO,2013 Q3,UNRATE,0,0,2013 Q3,2013-07-01,2013,3,34,Labor market,Not selected
LASSO,2013 Q3,CLAIMSx,0,0,2013 Q3,2013-07-01,2013,3,34,Labor market,Not selected
LASSO,2013 Q3,PAYEMS,0,0,2013 Q3,2013-07-01,2013,3,34,Labor market,Not selected
LASSO,2013 Q3,AWHMAN,0,0,2013 Q3,2013-07-01,2013,3,34,Labor market,Not selected
LASSO,2013 Q3,HOUST,0,0,2013 Q3,2013-07-01,2013,3,34,Housing,Not selected
LASSO,2013 Q3,PERMIT,0,0,2013 Q3,2013-07-01,2013,3,34,Housing,Not selected
LASSO,2013 Q3,M1SL,0,0,2013 Q3,2013-07-01,2013,3,34,Money and credit,Not selected
LASSO,2013 Q3,M2SL,0,0,2013 Q3,2013-07-01,2013,3,34,Money and credit,Not selected
LASSO,2013 Q3,BOGMBASE,0,0,2013 Q3,2013-07-01,2013,3,34,Money and credit,Not selected
LASSO,2013 Q3,BUSLOANS,0,0,2013 Q3,2013-07-01,2013,3,34,Money and credit,Not selected
LASSO,2013 Q3,NONREVSL,0,0,2013 Q3,2013-07-01,2013,3,34,Money and credit,Not selected
LASSO,2013 Q3,CPIAUCSL,0,0,2013 Q3,2013-07-01,2013,3,34,Prices and commodities,Not selected
LASSO,2013 Q3,PPICMM,0,0,2013 Q3,2013-07-01,2013,3,34,Prices and commodities,Not selected
LASSO,2013 Q3,PCEPI,0,0,2013 Q3,2013-07-01,2013,3,34,Prices and commodities,Not selected
LASSO,2013 Q3,OILPRICEx,0,0,2013 Q3,2013-07-01,2013,3,34,Prices and commodities,Not selected
LASSO,2013 Q3,FEDFUNDS,0,0,2013 Q3,2013-07-01,2013,3,34,Financial / sentiment,Not selected
LASSO,2013 Q3,TB3MS,0,0,2013 Q3,2013-07-01,2013,3,34,Financial / sentiment,Not selected
LASSO,2013 Q3,GS10,0,0,2013 Q3,2013-07-01,2013,3,34,Financial / sentiment,Not selected
LASSO,2013 Q3,AAA,0,0,2013 Q3,2013-07-01,2013,3,34,Financial / sentiment,Not selected
LASSO,2013 Q3,BAA,0,0,2013 Q3,2013-07-01,2013,3,34,Financial / sentiment,Not selected
LASSO,2013 Q3,S&P 500,0,0,2013 Q3,2013-07-01,2013,3,34,Financial / sentiment,Not selected
LASSO,2013 Q3,VIXCLSx,0,0,2013 Q3,2013-07-01,2013,3,34,Financial / sentiment,Not selected
LASSO,2013 Q3,UMCSENTx,0,0,2013 Q3,2013-07-01,2013,3,34,Financial / sentiment,Not selected
LASSO,2013 Q3,TERM_SPREAD,0,0,2013 Q3,2013-07-01,2013,3,34,Financial / sentiment,Not selected
LASSO,2013 Q3,CREDIT_SPREAD,0,0,2013 Q3,2013-07-01,2013,3,34,Financial / sentiment,Not selected
LASSO,2013 Q4,RPI,0,0,2013 Q4,2013-10-01,2013,4,35,Real activity / consumption,Not selected
LASSO,2013 Q4,DPCERA3M086SBEA,0,0,2013 Q4,2013-10-01,2013,4,35,Real activity / consumption,Not selected
LASSO,2013 Q4,INDPRO,1,1,2013 Q4,2013-10-01,2013,4,35,Real activity / consumption,Real activity / consumption
LASSO,2013 Q4,CMRMTSPLx,0,0,2013 Q4,2013-10-01,2013,4,35,Real activity / consumption,Not selected
LASSO,2013 Q4,RETAILx,0,0,2013 Q4,2013-10-01,2013,4,35,Real activity / consumption,Not selected
LASSO,2013 Q4,UNRATE,0,0,2013 Q4,2013-10-01,2013,4,35,Labor market,Not selected
LASSO,2013 Q4,CLAIMSx,0,0,2013 Q4,2013-10-01,2013,4,35,Labor market,Not selected
LASSO,2013 Q4,PAYEMS,0,0,2013 Q4,2013-10-01,2013,4,35,Labor market,Not selected
LASSO,2013 Q4,AWHMAN,0,0,2013 Q4,2013-10-01,2013,4,35,Labor market,Not selected
LASSO,2013 Q4,HOUST,0,0,2013 Q4,2013-10-01,2013,4,35,Housing,Not selected
LASSO,2013 Q4,PERMIT,0,0,2013 Q4,2013-10-01,2013,4,35,Housing,Not selected
LASSO,2013 Q4,M1SL,0,0,2013 Q4,2013-10-01,2013,4,35,Money and credit,Not selected
LASSO,2013 Q4,M2SL,0,0,2013 Q4,2013-10-01,2013,4,35,Money and credit,Not selected
LASSO,2013 Q4,BOGMBASE,0,0,2013 Q4,2013-10-01,2013,4,35,Money and credit,Not selected
LASSO,2013 Q4,BUSLOANS,0,0,2013 Q4,2013-10-01,2013,4,35,Money and credit,Not selected
LASSO,2013 Q4,NONREVSL,0,0,2013 Q4,2013-10-01,2013,4,35,Money and credit,Not selected
LASSO,2013 Q4,CPIAUCSL,0,0,2013 Q4,2013-10-01,2013,4,35,Prices and commodities,Not selected
LASSO,2013 Q4,PPICMM,0,0,2013 Q4,2013-10-01,2013,4,35,Prices and commodities,Not selected
LASSO,2013 Q4,PCEPI,0,0,2013 Q4,2013-10-01,2013,4,35,Prices and commodities,Not selected
LASSO,2013 Q4,OILPRICEx,0,0,2013 Q4,2013-10-01,2013,4,35,Prices and commodities,Not selected
LASSO,2013 Q4,FEDFUNDS,0,0,2013 Q4,2013-10-01,2013,4,35,Financial / sentiment,Not selected
LASSO,2013 Q4,TB3MS,0,0,2013 Q4,2013-10-01,2013,4,35,Financial / sentiment,Not selected
LASSO,2013 Q4,GS10,0,0,2013 Q4,2013-10-01,2013,4,35,Financial / sentiment,Not selected
LASSO,2013 Q4,AAA,0,0,2013 Q4,2013-10-01,2013,4,35,Financial / sentiment,Not selected
LASSO,2013 Q4,BAA,0,0,2013 Q4,2013-10-01,2013,4,35,Financial / sentiment,Not selected
LASSO,2013 Q4,S&P 500,0,0,2013 Q4,2013-10-01,2013,4,35,Financial / sentiment,Not selected
LASSO,2013 Q4,VIXCLSx,0,0,2013 Q4,2013-10-01,2013,4,35,Financial / sentiment,Not selected
LASSO,2013 Q4,UMCSENTx,0,0,2013 Q4,2013-10-01,2013,4,35,Financial / sentiment,Not selected
LASSO,2013 Q4,TERM_SPREAD,0,0,2013 Q4,2013-10-01,2013,4,35,Financial / sentiment,Not selected
LASSO,2013 Q4,CREDIT_SPREAD,0,0,2013 Q4,2013-10-01,2013,4,35,Financial / sentiment,Not selected
LASSO,2014 Q1,RPI,0,0,2014 Q1,2014-01-01,2014,1,36,Real activity / consumption,Not selected
LASSO,2014 Q1,DPCERA3M086SBEA,0,0,2014 Q1,2014-01-01,2014,1,36,Real activity / consumption,Not selected
LASSO,2014 Q1,INDPRO,0,0,2014 Q1,2014-01-01,2014,1,36,Real activity / consumption,Not selected
LASSO,2014 Q1,CMRMTSPLx,0,0,2014 Q1,2014-01-01,2014,1,36,Real activity / consumption,Not selected
LASSO,2014 Q1,RETAILx,0,0,2014 Q1,2014-01-01,2014,1,36,Real activity / consumption,Not selected
LASSO,2014 Q1,UNRATE,0,0,2014 Q1,2014-01-01,2014,1,36,Labor market,Not selected
LASSO,2014 Q1,CLAIMSx,0,0,2014 Q1,2014-01-01,2014,1,36,Labor market,Not selected
LASSO,2014 Q1,PAYEMS,0,0,2014 Q1,2014-01-01,2014,1,36,Labor market,Not selected
LASSO,2014 Q1,AWHMAN,0,0,2014 Q1,2014-01-01,2014,1,36,Labor market,Not selected
LASSO,2014 Q1,HOUST,0,0,2014 Q1,2014-01-01,2014,1,36,Housing,Not selected
LASSO,2014 Q1,PERMIT,0,0,2014 Q1,2014-01-01,2014,1,36,Housing,Not selected
LASSO,2014 Q1,M1SL,0,0,2014 Q1,2014-01-01,2014,1,36,Money and credit,Not selected
LASSO,2014 Q1,M2SL,0,0,2014 Q1,2014-01-01,2014,1,36,Money and credit,Not selected
LASSO,2014 Q1,BOGMBASE,0,0,2014 Q1,2014-01-01,2014,1,36,Money and credit,Not selected
LASSO,2014 Q1,BUSLOANS,0,0,2014 Q1,2014-01-01,2014,1,36,Money and credit,Not selected
LASSO,2014 Q1,NONREVSL,0,0,2014 Q1,2014-01-01,2014,1,36,Money and credit,Not selected
LASSO,2014 Q1,CPIAUCSL,0,0,2014 Q1,2014-01-01,2014,1,36,Prices and commodities,Not selected
LASSO,2014 Q1,PPICMM,0,0,2014 Q1,2014-01-01,2014,1,36,Prices and commodities,Not selected
LASSO,2014 Q1,PCEPI,0,0,2014 Q1,2014-01-01,2014,1,36,Prices and commodities,Not selected
LASSO,2014 Q1,OILPRICEx,0,0,2014 Q1,2014-01-01,2014,1,36,Prices and commodities,Not selected
LASSO,2014 Q1,FEDFUNDS,0,0,2014 Q1,2014-01-01,2014,1,36,Financial / sentiment,Not selected
LASSO,2014 Q1,TB3MS,0,0,2014 Q1,2014-01-01,2014,1,36,Financial / sentiment,Not selected
LASSO,2014 Q1,GS10,0,0,2014 Q1,2014-01-01,2014,1,36,Financial / sentiment,Not selected
LASSO,2014 Q1,AAA,0,0,2014 Q1,2014-01-01,2014,1,36,Financial / sentiment,Not selected
LASSO,2014 Q1,BAA,0,0,2014 Q1,2014-01-01,2014,1,36,Financial / sentiment,Not selected
LASSO,2014 Q1,S&P 500,0,0,2014 Q1,2014-01-01,2014,1,36,Financial / sentiment,Not selected
LASSO,2014 Q1,VIXCLSx,0,0,2014 Q1,2014-01-01,2014,1,36,Financial / sentiment,Not selected
LASSO,2014 Q1,UMCSENTx,0,0,2014 Q1,2014-01-01,2014,1,36,Financial / sentiment,Not selected
LASSO,2014 Q1,TERM_SPREAD,0,0,2014 Q1,2014-01-01,2014,1,36,Financial / sentiment,Not selected
LASSO,2014 Q1,CREDIT_SPREAD,0,0,2014 Q1,2014-01-01,2014,1,36,Financial / sentiment,Not selected
LASSO,2014 Q2,RPI,0,0,2014 Q2,2014-04-01,2014,2,37,Real activity / consumption,Not selected
LASSO,2014 Q2,DPCERA3M086SBEA,0,0,2014 Q2,2014-04-01,2014,2,37,Real activity / consumption,Not selected
LASSO,2014 Q2,INDPRO,0,0,2014 Q2,2014-04-01,2014,2,37,Real activity / consumption,Not selected
LASSO,2014 Q2,CMRMTSPLx,0,0,2014 Q2,2014-04-01,2014,2,37,Real activity / consumption,Not selected
LASSO,2014 Q2,RETAILx,0,0,2014 Q2,2014-04-01,2014,2,37,Real activity / consumption,Not selected
LASSO,2014 Q2,UNRATE,0,0,2014 Q2,2014-04-01,2014,2,37,Labor market,Not selected
LASSO,2014 Q2,CLAIMSx,0,0,2014 Q2,2014-04-01,2014,2,37,Labor market,Not selected
LASSO,2014 Q2,PAYEMS,0,0,2014 Q2,2014-04-01,2014,2,37,Labor market,Not selected
LASSO,2014 Q2,AWHMAN,0,0,2014 Q2,2014-04-01,2014,2,37,Labor market,Not selected
LASSO,2014 Q2,HOUST,0,0,2014 Q2,2014-04-01,2014,2,37,Housing,Not selected
LASSO,2014 Q2,PERMIT,0,0,2014 Q2,2014-04-01,2014,2,37,Housing,Not selected
LASSO,2014 Q2,M1SL,0,0,2014 Q2,2014-04-01,2014,2,37,Money and credit,Not selected
LASSO,2014 Q2,M2SL,0,0,2014 Q2,2014-04-01,2014,2,37,Money and credit,Not selected
LASSO,2014 Q2,BOGMBASE,0,0,2014 Q2,2014-04-01,2014,2,37,Money and credit,Not selected
LASSO,2014 Q2,BUSLOANS,0,0,2014 Q2,2014-04-01,2014,2,37,Money and credit,Not selected
LASSO,2014 Q2,NONREVSL,0,0,2014 Q2,2014-04-01,2014,2,37,Money and credit,Not selected
LASSO,2014 Q2,CPIAUCSL,0,0,2014 Q2,2014-04-01,2014,2,37,Prices and commodities,Not selected
LASSO,2014 Q2,PPICMM,0,0,2014 Q2,2014-04-01,2014,2,37,Prices and commodities,Not selected
LASSO,2014 Q2,PCEPI,0,0,2014 Q2,2014-04-01,2014,2,37,Prices and commodities,Not selected
LASSO,2014 Q2,OILPRICEx,0,0,2014 Q2,2014-04-01,2014,2,37,Prices and commodities,Not selected
LASSO,2014 Q2,FEDFUNDS,0,0,2014 Q2,2014-04-01,2014,2,37,Financial / sentiment,Not selected
LASSO,2014 Q2,TB3MS,0,0,2014 Q2,2014-04-01,2014,2,37,Financial / sentiment,Not selected
LASSO,2014 Q2,GS10,0,0,2014 Q2,2014-04-01,2014,2,37,Financial / sentiment,Not selected
LASSO,2014 Q2,AAA,0,0,2014 Q2,2014-04-01,2014,2,37,Financial / sentiment,Not selected
LASSO,2014 Q2,BAA,0,0,2014 Q2,2014-04-01,2014,2,37,Financial / sentiment,Not selected
LASSO,2014 Q2,S&P 500,0,0,2014 Q2,2014-04-01,2014,2,37,Financial / sentiment,Not selected
LASSO,2014 Q2,VIXCLSx,0,0,2014 Q2,2014-04-01,2014,2,37,Financial / sentiment,Not selected
LASSO,2014 Q2,UMCSENTx,0,0,2014 Q2,2014-04-01,2014,2,37,Financial / sentiment,Not selected
LASSO,2014 Q2,TERM_SPREAD,0,0,2014 Q2,2014-04-01,2014,2,37,Financial / sentiment,Not selected
LASSO,2014 Q2,CREDIT_SPREAD,0,0,2014 Q2,2014-04-01,2014,2,37,Financial / sentiment,Not selected
LASSO,2014 Q3,RPI,0,0,2014 Q3,2014-07-01,2014,3,38,Real activity / consumption,Not selected
LASSO,2014 Q3,DPCERA3M086SBEA,0,0,2014 Q3,2014-07-01,2014,3,38,Real activity / consumption,Not selected
LASSO,2014 Q3,INDPRO,1,1,2014 Q3,2014-07-01,2014,3,38,Real activity / consumption,Real activity / consumption
LASSO,2014 Q3,CMRMTSPLx,0,0,2014 Q3,2014-07-01,2014,3,38,Real activity / consumption,Not selected
LASSO,2014 Q3,RETAILx,0,0,2014 Q3,2014-07-01,2014,3,38,Real activity / consumption,Not selected
LASSO,2014 Q3,UNRATE,0,0,2014 Q3,2014-07-01,2014,3,38,Labor market,Not selected
LASSO,2014 Q3,CLAIMSx,0,0,2014 Q3,2014-07-01,2014,3,38,Labor market,Not selected
LASSO,2014 Q3,PAYEMS,0,0,2014 Q3,2014-07-01,2014,3,38,Labor market,Not selected
LASSO,2014 Q3,AWHMAN,0,0,2014 Q3,2014-07-01,2014,3,38,Labor market,Not selected
LASSO,2014 Q3,HOUST,0,0,2014 Q3,2014-07-01,2014,3,38,Housing,Not selected
LASSO,2014 Q3,PERMIT,0,0,2014 Q3,2014-07-01,2014,3,38,Housing,Not selected
LASSO,2014 Q3,M1SL,0,0,2014 Q3,2014-07-01,2014,3,38,Money and credit,Not selected
LASSO,2014 Q3,M2SL,0,0,2014 Q3,2014-07-01,2014,3,38,Money and credit,Not selected
LASSO,2014 Q3,BOGMBASE,0,0,2014 Q3,2014-07-01,2014,3,38,Money and credit,Not selected
LASSO,2014 Q3,BUSLOANS,0,0,2014 Q3,2014-07-01,2014,3,38,Money and credit,Not selected
LASSO,2014 Q3,NONREVSL,0,0,2014 Q3,2014-07-01,2014,3,38,Money and credit,Not selected
LASSO,2014 Q3,CPIAUCSL,0,0,2014 Q3,2014-07-01,2014,3,38,Prices and commodities,Not selected
LASSO,2014 Q3,PPICMM,0,0,2014 Q3,2014-07-01,2014,3,38,Prices and commodities,Not selected
LASSO,2014 Q3,PCEPI,0,0,2014 Q3,2014-07-01,2014,3,38,Prices and commodities,Not selected
LASSO,2014 Q3,OILPRICEx,0,0,2014 Q3,2014-07-01,2014,3,38,Prices and commodities,Not selected
LASSO,2014 Q3,FEDFUNDS,0,0,2014 Q3,2014-07-01,2014,3,38,Financial / sentiment,Not selected
LASSO,2014 Q3,TB3MS,0,0,2014 Q3,2014-07-01,2014,3,38,Financial / sentiment,Not selected
LASSO,2014 Q3,GS10,0,0,2014 Q3,2014-07-01,2014,3,38,Financial / sentiment,Not selected
LASSO,2014 Q3,AAA,0,0,2014 Q3,2014-07-01,2014,3,38,Financial / sentiment,Not selected
LASSO,2014 Q3,BAA,0,0,2014 Q3,2014-07-01,2014,3,38,Financial / sentiment,Not selected
LASSO,2014 Q3,S&P 500,0,0,2014 Q3,2014-07-01,2014,3,38,Financial / sentiment,Not selected
LASSO,2014 Q3,VIXCLSx,0,0,2014 Q3,2014-07-01,2014,3,38,Financial / sentiment,Not selected
LASSO,2014 Q3,UMCSENTx,0,0,2014 Q3,2014-07-01,2014,3,38,Financial / sentiment,Not selected
LASSO,2014 Q3,TERM_SPREAD,0,0,2014 Q3,2014-07-01,2014,3,38,Financial / sentiment,Not selected
LASSO,2014 Q3,CREDIT_SPREAD,0,0,2014 Q3,2014-07-01,2014,3,38,Financial / sentiment,Not selected
LASSO,2014 Q4,RPI,0,0,2014 Q4,2014-10-01,2014,4,39,Real activity / consumption,Not selected
LASSO,2014 Q4,DPCERA3M086SBEA,0,0,2014 Q4,2014-10-01,2014,4,39,Real activity / consumption,Not selected
LASSO,2014 Q4,INDPRO,2,1,2014 Q4,2014-10-01,2014,4,39,Real activity / consumption,Real activity / consumption
LASSO,2014 Q4,CMRMTSPLx,0,0,2014 Q4,2014-10-01,2014,4,39,Real activity / consumption,Not selected
LASSO,2014 Q4,RETAILx,0,0,2014 Q4,2014-10-01,2014,4,39,Real activity / consumption,Not selected
LASSO,2014 Q4,UNRATE,0,0,2014 Q4,2014-10-01,2014,4,39,Labor market,Not selected
LASSO,2014 Q4,CLAIMSx,0,0,2014 Q4,2014-10-01,2014,4,39,Labor market,Not selected
LASSO,2014 Q4,PAYEMS,0,0,2014 Q4,2014-10-01,2014,4,39,Labor market,Not selected
LASSO,2014 Q4,AWHMAN,0,0,2014 Q4,2014-10-01,2014,4,39,Labor market,Not selected
LASSO,2014 Q4,HOUST,0,0,2014 Q4,2014-10-01,2014,4,39,Housing,Not selected
LASSO,2014 Q4,PERMIT,0,0,2014 Q4,2014-10-01,2014,4,39,Housing,Not selected
LASSO,2014 Q4,M1SL,0,0,2014 Q4,2014-10-01,2014,4,39,Money and credit,Not selected
LASSO,2014 Q4,M2SL,1,1,2014 Q4,2014-10-01,2014,4,39,Money and credit,Money and credit
LASSO,2014 Q4,BOGMBASE,0,0,2014 Q4,2014-10-01,2014,4,39,Money and credit,Not selected
LASSO,2014 Q4,BUSLOANS,0,0,2014 Q4,2014-10-01,2014,4,39,Money and credit,Not selected
LASSO,2014 Q4,NONREVSL,0,0,2014 Q4,2014-10-01,2014,4,39,Money and credit,Not selected
LASSO,2014 Q4,CPIAUCSL,0,0,2014 Q4,2014-10-01,2014,4,39,Prices and commodities,Not selected
LASSO,2014 Q4,PPICMM,0,0,2014 Q4,2014-10-01,2014,4,39,Prices and commodities,Not selected
LASSO,2014 Q4,PCEPI,0,0,2014 Q4,2014-10-01,2014,4,39,Prices and commodities,Not selected
LASSO,2014 Q4,OILPRICEx,0,0,2014 Q4,2014-10-01,2014,4,39,Prices and commodities,Not selected
LASSO,2014 Q4,FEDFUNDS,0,0,2014 Q4,2014-10-01,2014,4,39,Financial / sentiment,Not selected
LASSO,2014 Q4,TB3MS,0,0,2014 Q4,2014-10-01,2014,4,39,Financial / sentiment,Not selected
LASSO,2014 Q4,GS10,0,0,2014 Q4,2014-10-01,2014,4,39,Financial / sentiment,Not selected
LASSO,2014 Q4,AAA,0,0,2014 Q4,2014-10-01,2014,4,39,Financial / sentiment,Not selected
LASSO,2014 Q4,BAA,0,0,2014 Q4,2014-10-01,2014,4,39,Financial / sentiment,Not selected
LASSO,2014 Q4,S&P 500,0,0,2014 Q4,2014-10-01,2014,4,39,Financial / sentiment,Not selected
LASSO,2014 Q4,VIXCLSx,0,0,2014 Q4,2014-10-01,2014,4,39,Financial / sentiment,Not selected
LASSO,2014 Q4,UMCSENTx,0,0,2014 Q4,2014-10-01,2014,4,39,Financial / sentiment,Not selected
LASSO,2014 Q4,TERM_SPREAD,0,0,2014 Q4,2014-10-01,2014,4,39,Financial / sentiment,Not selected
LASSO,2014 Q4,CREDIT_SPREAD,0,0,2014 Q4,2014-10-01,2014,4,39,Financial / sentiment,Not selected
LASSO,2015 Q1,RPI,2,1,2015 Q1,2015-01-01,2015,1,40,Real activity / consumption,Real activity / consumption
LASSO,2015 Q1,DPCERA3M086SBEA,0,0,2015 Q1,2015-01-01,2015,1,40,Real activity / consumption,Not selected
LASSO,2015 Q1,INDPRO,2,1,2015 Q1,2015-01-01,2015,1,40,Real activity / consumption,Real activity / consumption
LASSO,2015 Q1,CMRMTSPLx,1,1,2015 Q1,2015-01-01,2015,1,40,Real activity / consumption,Real activity / consumption
LASSO,2015 Q1,RETAILx,0,0,2015 Q1,2015-01-01,2015,1,40,Real activity / consumption,Not selected
LASSO,2015 Q1,UNRATE,0,0,2015 Q1,2015-01-01,2015,1,40,Labor market,Not selected
LASSO,2015 Q1,CLAIMSx,0,0,2015 Q1,2015-01-01,2015,1,40,Labor market,Not selected
LASSO,2015 Q1,PAYEMS,0,0,2015 Q1,2015-01-01,2015,1,40,Labor market,Not selected
LASSO,2015 Q1,AWHMAN,0,0,2015 Q1,2015-01-01,2015,1,40,Labor market,Not selected
LASSO,2015 Q1,HOUST,0,0,2015 Q1,2015-01-01,2015,1,40,Housing,Not selected
LASSO,2015 Q1,PERMIT,0,0,2015 Q1,2015-01-01,2015,1,40,Housing,Not selected
LASSO,2015 Q1,M1SL,0,0,2015 Q1,2015-01-01,2015,1,40,Money and credit,Not selected
LASSO,2015 Q1,M2SL,1,1,2015 Q1,2015-01-01,2015,1,40,Money and credit,Money and credit
LASSO,2015 Q1,BOGMBASE,0,0,2015 Q1,2015-01-01,2015,1,40,Money and credit,Not selected
LASSO,2015 Q1,BUSLOANS,0,0,2015 Q1,2015-01-01,2015,1,40,Money and credit,Not selected
LASSO,2015 Q1,NONREVSL,0,0,2015 Q1,2015-01-01,2015,1,40,Money and credit,Not selected
LASSO,2015 Q1,CPIAUCSL,0,0,2015 Q1,2015-01-01,2015,1,40,Prices and commodities,Not selected
LASSO,2015 Q1,PPICMM,0,0,2015 Q1,2015-01-01,2015,1,40,Prices and commodities,Not selected
LASSO,2015 Q1,PCEPI,0,0,2015 Q1,2015-01-01,2015,1,40,Prices and commodities,Not selected
LASSO,2015 Q1,OILPRICEx,0,0,2015 Q1,2015-01-01,2015,1,40,Prices and commodities,Not selected
LASSO,2015 Q1,FEDFUNDS,0,0,2015 Q1,2015-01-01,2015,1,40,Financial / sentiment,Not selected
LASSO,2015 Q1,TB3MS,0,0,2015 Q1,2015-01-01,2015,1,40,Financial / sentiment,Not selected
LASSO,2015 Q1,GS10,0,0,2015 Q1,2015-01-01,2015,1,40,Financial / sentiment,Not selected
LASSO,2015 Q1,AAA,0,0,2015 Q1,2015-01-01,2015,1,40,Financial / sentiment,Not selected
LASSO,2015 Q1,BAA,0,0,2015 Q1,2015-01-01,2015,1,40,Financial / sentiment,Not selected
LASSO,2015 Q1,S&P 500,0,0,2015 Q1,2015-01-01,2015,1,40,Financial / sentiment,Not selected
LASSO,2015 Q1,VIXCLSx,0,0,2015 Q1,2015-01-01,2015,1,40,Financial / sentiment,Not selected
LASSO,2015 Q1,UMCSENTx,0,0,2015 Q1,2015-01-01,2015,1,40,Financial / sentiment,Not selected
LASSO,2015 Q1,TERM_SPREAD,0,0,2015 Q1,2015-01-01,2015,1,40,Financial / sentiment,Not selected
LASSO,2015 Q1,CREDIT_SPREAD,0,0,2015 Q1,2015-01-01,2015,1,40,Financial / sentiment,Not selected
LASSO,2015 Q2,RPI,2,1,2015 Q2,2015-04-01,2015,2,41,Real activity / consumption,Real activity / consumption
LASSO,2015 Q2,DPCERA3M086SBEA,0,0,2015 Q2,2015-04-01,2015,2,41,Real activity / consumption,Not selected
LASSO,2015 Q2,INDPRO,2,1,2015 Q2,2015-04-01,2015,2,41,Real activity / consumption,Real activity / consumption
LASSO,2015 Q2,CMRMTSPLx,1,1,2015 Q2,2015-04-01,2015,2,41,Real activity / consumption,Real activity / consumption
LASSO,2015 Q2,RETAILx,0,0,2015 Q2,2015-04-01,2015,2,41,Real activity / consumption,Not selected
LASSO,2015 Q2,UNRATE,0,0,2015 Q2,2015-04-01,2015,2,41,Labor market,Not selected
LASSO,2015 Q2,CLAIMSx,0,0,2015 Q2,2015-04-01,2015,2,41,Labor market,Not selected
LASSO,2015 Q2,PAYEMS,0,0,2015 Q2,2015-04-01,2015,2,41,Labor market,Not selected
LASSO,2015 Q2,AWHMAN,0,0,2015 Q2,2015-04-01,2015,2,41,Labor market,Not selected
LASSO,2015 Q2,HOUST,0,0,2015 Q2,2015-04-01,2015,2,41,Housing,Not selected
LASSO,2015 Q2,PERMIT,0,0,2015 Q2,2015-04-01,2015,2,41,Housing,Not selected
LASSO,2015 Q2,M1SL,0,0,2015 Q2,2015-04-01,2015,2,41,Money and credit,Not selected
LASSO,2015 Q2,M2SL,1,1,2015 Q2,2015-04-01,2015,2,41,Money and credit,Money and credit
LASSO,2015 Q2,BOGMBASE,0,0,2015 Q2,2015-04-01,2015,2,41,Money and credit,Not selected
LASSO,2015 Q2,BUSLOANS,0,0,2015 Q2,2015-04-01,2015,2,41,Money and credit,Not selected
LASSO,2015 Q2,NONREVSL,0,0,2015 Q2,2015-04-01,2015,2,41,Money and credit,Not selected
LASSO,2015 Q2,CPIAUCSL,0,0,2015 Q2,2015-04-01,2015,2,41,Prices and commodities,Not selected
LASSO,2015 Q2,PPICMM,0,0,2015 Q2,2015-04-01,2015,2,41,Prices and commodities,Not selected
LASSO,2015 Q2,PCEPI,0,0,2015 Q2,2015-04-01,2015,2,41,Prices and commodities,Not selected
LASSO,2015 Q2,OILPRICEx,0,0,2015 Q2,2015-04-01,2015,2,41,Prices and commodities,Not selected
LASSO,2015 Q2,FEDFUNDS,0,0,2015 Q2,2015-04-01,2015,2,41,Financial / sentiment,Not selected
LASSO,2015 Q2,TB3MS,0,0,2015 Q2,2015-04-01,2015,2,41,Financial / sentiment,Not selected
LASSO,2015 Q2,GS10,0,0,2015 Q2,2015-04-01,2015,2,41,Financial / sentiment,Not selected
LASSO,2015 Q2,AAA,0,0,2015 Q2,2015-04-01,2015,2,41,Financial / sentiment,Not selected
LASSO,2015 Q2,BAA,0,0,2015 Q2,2015-04-01,2015,2,41,Financial / sentiment,Not selected
LASSO,2015 Q2,S&P 500,0,0,2015 Q2,2015-04-01,2015,2,41,Financial / sentiment,Not selected
LASSO,2015 Q2,VIXCLSx,0,0,2015 Q2,2015-04-01,2015,2,41,Financial / sentiment,Not selected
LASSO,2015 Q2,UMCSENTx,0,0,2015 Q2,2015-04-01,2015,2,41,Financial / sentiment,Not selected
LASSO,2015 Q2,TERM_SPREAD,0,0,2015 Q2,2015-04-01,2015,2,41,Financial / sentiment,Not selected
LASSO,2015 Q2,CREDIT_SPREAD,0,0,2015 Q2,2015-04-01,2015,2,41,Financial / sentiment,Not selected
LASSO,2015 Q3,RPI,0,0,2015 Q3,2015-07-01,2015,3,42,Real activity / consumption,Not selected
LASSO,2015 Q3,DPCERA3M086SBEA,0,0,2015 Q3,2015-07-01,2015,3,42,Real activity / consumption,Not selected
LASSO,2015 Q3,INDPRO,2,1,2015 Q3,2015-07-01,2015,3,42,Real activity / consumption,Real activity / consumption
LASSO,2015 Q3,CMRMTSPLx,0,0,2015 Q3,2015-07-01,2015,3,42,Real activity / consumption,Not selected
LASSO,2015 Q3,RETAILx,0,0,2015 Q3,2015-07-01,2015,3,42,Real activity / consumption,Not selected
LASSO,2015 Q3,UNRATE,0,0,2015 Q3,2015-07-01,2015,3,42,Labor market,Not selected
LASSO,2015 Q3,CLAIMSx,0,0,2015 Q3,2015-07-01,2015,3,42,Labor market,Not selected
LASSO,2015 Q3,PAYEMS,0,0,2015 Q3,2015-07-01,2015,3,42,Labor market,Not selected
LASSO,2015 Q3,AWHMAN,0,0,2015 Q3,2015-07-01,2015,3,42,Labor market,Not selected
LASSO,2015 Q3,HOUST,0,0,2015 Q3,2015-07-01,2015,3,42,Housing,Not selected
LASSO,2015 Q3,PERMIT,0,0,2015 Q3,2015-07-01,2015,3,42,Housing,Not selected
LASSO,2015 Q3,M1SL,0,0,2015 Q3,2015-07-01,2015,3,42,Money and credit,Not selected
LASSO,2015 Q3,M2SL,1,1,2015 Q3,2015-07-01,2015,3,42,Money and credit,Money and credit
LASSO,2015 Q3,BOGMBASE,0,0,2015 Q3,2015-07-01,2015,3,42,Money and credit,Not selected
LASSO,2015 Q3,BUSLOANS,0,0,2015 Q3,2015-07-01,2015,3,42,Money and credit,Not selected
LASSO,2015 Q3,NONREVSL,0,0,2015 Q3,2015-07-01,2015,3,42,Money and credit,Not selected
LASSO,2015 Q3,CPIAUCSL,0,0,2015 Q3,2015-07-01,2015,3,42,Prices and commodities,Not selected
LASSO,2015 Q3,PPICMM,0,0,2015 Q3,2015-07-01,2015,3,42,Prices and commodities,Not selected
LASSO,2015 Q3,PCEPI,0,0,2015 Q3,2015-07-01,2015,3,42,Prices and commodities,Not selected
LASSO,2015 Q3,OILPRICEx,0,0,2015 Q3,2015-07-01,2015,3,42,Prices and commodities,Not selected
LASSO,2015 Q3,FEDFUNDS,0,0,2015 Q3,2015-07-01,2015,3,42,Financial / sentiment,Not selected
LASSO,2015 Q3,TB3MS,0,0,2015 Q3,2015-07-01,2015,3,42,Financial / sentiment,Not selected
LASSO,2015 Q3,GS10,0,0,2015 Q3,2015-07-01,2015,3,42,Financial / sentiment,Not selected
LASSO,2015 Q3,AAA,0,0,2015 Q3,2015-07-01,2015,3,42,Financial / sentiment,Not selected
LASSO,2015 Q3,BAA,0,0,2015 Q3,2015-07-01,2015,3,42,Financial / sentiment,Not selected
LASSO,2015 Q3,S&P 500,0,0,2015 Q3,2015-07-01,2015,3,42,Financial / sentiment,Not selected
LASSO,2015 Q3,VIXCLSx,0,0,2015 Q3,2015-07-01,2015,3,42,Financial / sentiment,Not selected
LASSO,2015 Q3,UMCSENTx,0,0,2015 Q3,2015-07-01,2015,3,42,Financial / sentiment,Not selected
LASSO,2015 Q3,TERM_SPREAD,0,0,2015 Q3,2015-07-01,2015,3,42,Financial / sentiment,Not selected
LASSO,2015 Q3,CREDIT_SPREAD,0,0,2015 Q3,2015-07-01,2015,3,42,Financial / sentiment,Not selected
LASSO,2015 Q4,RPI,0,0,2015 Q4,2015-10-01,2015,4,43,Real activity / consumption,Not selected
LASSO,2015 Q4,DPCERA3M086SBEA,0,0,2015 Q4,2015-10-01,2015,4,43,Real activity / consumption,Not selected
LASSO,2015 Q4,INDPRO,2,1,2015 Q4,2015-10-01,2015,4,43,Real activity / consumption,Real activity / consumption
LASSO,2015 Q4,CMRMTSPLx,0,0,2015 Q4,2015-10-01,2015,4,43,Real activity / consumption,Not selected
LASSO,2015 Q4,RETAILx,0,0,2015 Q4,2015-10-01,2015,4,43,Real activity / consumption,Not selected
LASSO,2015 Q4,UNRATE,0,0,2015 Q4,2015-10-01,2015,4,43,Labor market,Not selected
LASSO,2015 Q4,CLAIMSx,0,0,2015 Q4,2015-10-01,2015,4,43,Labor market,Not selected
LASSO,2015 Q4,PAYEMS,0,0,2015 Q4,2015-10-01,2015,4,43,Labor market,Not selected
LASSO,2015 Q4,AWHMAN,0,0,2015 Q4,2015-10-01,2015,4,43,Labor market,Not selected
LASSO,2015 Q4,HOUST,0,0,2015 Q4,2015-10-01,2015,4,43,Housing,Not selected
LASSO,2015 Q4,PERMIT,0,0,2015 Q4,2015-10-01,2015,4,43,Housing,Not selected
LASSO,2015 Q4,M1SL,0,0,2015 Q4,2015-10-01,2015,4,43,Money and credit,Not selected
LASSO,2015 Q4,M2SL,1,1,2015 Q4,2015-10-01,2015,4,43,Money and credit,Money and credit
LASSO,2015 Q4,BOGMBASE,0,0,2015 Q4,2015-10-01,2015,4,43,Money and credit,Not selected
LASSO,2015 Q4,BUSLOANS,0,0,2015 Q4,2015-10-01,2015,4,43,Money and credit,Not selected
LASSO,2015 Q4,NONREVSL,0,0,2015 Q4,2015-10-01,2015,4,43,Money and credit,Not selected
LASSO,2015 Q4,CPIAUCSL,0,0,2015 Q4,2015-10-01,2015,4,43,Prices and commodities,Not selected
LASSO,2015 Q4,PPICMM,0,0,2015 Q4,2015-10-01,2015,4,43,Prices and commodities,Not selected
LASSO,2015 Q4,PCEPI,0,0,2015 Q4,2015-10-01,2015,4,43,Prices and commodities,Not selected
LASSO,2015 Q4,OILPRICEx,0,0,2015 Q4,2015-10-01,2015,4,43,Prices and commodities,Not selected
LASSO,2015 Q4,FEDFUNDS,0,0,2015 Q4,2015-10-01,2015,4,43,Financial / sentiment,Not selected
LASSO,2015 Q4,TB3MS,0,0,2015 Q4,2015-10-01,2015,4,43,Financial / sentiment,Not selected
LASSO,2015 Q4,GS10,0,0,2015 Q4,2015-10-01,2015,4,43,Financial / sentiment,Not selected
LASSO,2015 Q4,AAA,0,0,2015 Q4,2015-10-01,2015,4,43,Financial / sentiment,Not selected
LASSO,2015 Q4,BAA,0,0,2015 Q4,2015-10-01,2015,4,43,Financial / sentiment,Not selected
LASSO,2015 Q4,S&P 500,0,0,2015 Q4,2015-10-01,2015,4,43,Financial / sentiment,Not selected
LASSO,2015 Q4,VIXCLSx,0,0,2015 Q4,2015-10-01,2015,4,43,Financial / sentiment,Not selected
LASSO,2015 Q4,UMCSENTx,0,0,2015 Q4,2015-10-01,2015,4,43,Financial / sentiment,Not selected
LASSO,2015 Q4,TERM_SPREAD,0,0,2015 Q4,2015-10-01,2015,4,43,Financial / sentiment,Not selected
LASSO,2015 Q4,CREDIT_SPREAD,0,0,2015 Q4,2015-10-01,2015,4,43,Financial / sentiment,Not selected
LASSO,2016 Q1,RPI,1,1,2016 Q1,2016-01-01,2016,1,44,Real activity / consumption,Real activity / consumption
LASSO,2016 Q1,DPCERA3M086SBEA,0,0,2016 Q1,2016-01-01,2016,1,44,Real activity / consumption,Not selected
LASSO,2016 Q1,INDPRO,2,1,2016 Q1,2016-01-01,2016,1,44,Real activity / consumption,Real activity / consumption
LASSO,2016 Q1,CMRMTSPLx,0,0,2016 Q1,2016-01-01,2016,1,44,Real activity / consumption,Not selected
LASSO,2016 Q1,RETAILx,0,0,2016 Q1,2016-01-01,2016,1,44,Real activity / consumption,Not selected
LASSO,2016 Q1,UNRATE,0,0,2016 Q1,2016-01-01,2016,1,44,Labor market,Not selected
LASSO,2016 Q1,CLAIMSx,0,0,2016 Q1,2016-01-01,2016,1,44,Labor market,Not selected
LASSO,2016 Q1,PAYEMS,0,0,2016 Q1,2016-01-01,2016,1,44,Labor market,Not selected
LASSO,2016 Q1,AWHMAN,0,0,2016 Q1,2016-01-01,2016,1,44,Labor market,Not selected
LASSO,2016 Q1,HOUST,0,0,2016 Q1,2016-01-01,2016,1,44,Housing,Not selected
LASSO,2016 Q1,PERMIT,0,0,2016 Q1,2016-01-01,2016,1,44,Housing,Not selected
LASSO,2016 Q1,M1SL,0,0,2016 Q1,2016-01-01,2016,1,44,Money and credit,Not selected
LASSO,2016 Q1,M2SL,1,1,2016 Q1,2016-01-01,2016,1,44,Money and credit,Money and credit
LASSO,2016 Q1,BOGMBASE,0,0,2016 Q1,2016-01-01,2016,1,44,Money and credit,Not selected
LASSO,2016 Q1,BUSLOANS,0,0,2016 Q1,2016-01-01,2016,1,44,Money and credit,Not selected
LASSO,2016 Q1,NONREVSL,0,0,2016 Q1,2016-01-01,2016,1,44,Money and credit,Not selected
LASSO,2016 Q1,CPIAUCSL,0,0,2016 Q1,2016-01-01,2016,1,44,Prices and commodities,Not selected
LASSO,2016 Q1,PPICMM,0,0,2016 Q1,2016-01-01,2016,1,44,Prices and commodities,Not selected
LASSO,2016 Q1,PCEPI,0,0,2016 Q1,2016-01-01,2016,1,44,Prices and commodities,Not selected
LASSO,2016 Q1,OILPRICEx,0,0,2016 Q1,2016-01-01,2016,1,44,Prices and commodities,Not selected
LASSO,2016 Q1,FEDFUNDS,0,0,2016 Q1,2016-01-01,2016,1,44,Financial / sentiment,Not selected
LASSO,2016 Q1,TB3MS,0,0,2016 Q1,2016-01-01,2016,1,44,Financial / sentiment,Not selected
LASSO,2016 Q1,GS10,0,0,2016 Q1,2016-01-01,2016,1,44,Financial / sentiment,Not selected
LASSO,2016 Q1,AAA,0,0,2016 Q1,2016-01-01,2016,1,44,Financial / sentiment,Not selected
LASSO,2016 Q1,BAA,0,0,2016 Q1,2016-01-01,2016,1,44,Financial / sentiment,Not selected
LASSO,2016 Q1,S&P 500,0,0,2016 Q1,2016-01-01,2016,1,44,Financial / sentiment,Not selected
LASSO,2016 Q1,VIXCLSx,0,0,2016 Q1,2016-01-01,2016,1,44,Financial / sentiment,Not selected
LASSO,2016 Q1,UMCSENTx,0,0,2016 Q1,2016-01-01,2016,1,44,Financial / sentiment,Not selected
LASSO,2016 Q1,TERM_SPREAD,0,0,2016 Q1,2016-01-01,2016,1,44,Financial / sentiment,Not selected
LASSO,2016 Q1,CREDIT_SPREAD,0,0,2016 Q1,2016-01-01,2016,1,44,Financial / sentiment,Not selected
LASSO,2016 Q2,RPI,0,0,2016 Q2,2016-04-01,2016,2,45,Real activity / consumption,Not selected
LASSO,2016 Q2,DPCERA3M086SBEA,0,0,2016 Q2,2016-04-01,2016,2,45,Real activity / consumption,Not selected
LASSO,2016 Q2,INDPRO,1,1,2016 Q2,2016-04-01,2016,2,45,Real activity / consumption,Real activity / consumption
LASSO,2016 Q2,CMRMTSPLx,0,0,2016 Q2,2016-04-01,2016,2,45,Real activity / consumption,Not selected
LASSO,2016 Q2,RETAILx,0,0,2016 Q2,2016-04-01,2016,2,45,Real activity / consumption,Not selected
LASSO,2016 Q2,UNRATE,0,0,2016 Q2,2016-04-01,2016,2,45,Labor market,Not selected
LASSO,2016 Q2,CLAIMSx,0,0,2016 Q2,2016-04-01,2016,2,45,Labor market,Not selected
LASSO,2016 Q2,PAYEMS,0,0,2016 Q2,2016-04-01,2016,2,45,Labor market,Not selected
LASSO,2016 Q2,AWHMAN,0,0,2016 Q2,2016-04-01,2016,2,45,Labor market,Not selected
LASSO,2016 Q2,HOUST,0,0,2016 Q2,2016-04-01,2016,2,45,Housing,Not selected
LASSO,2016 Q2,PERMIT,0,0,2016 Q2,2016-04-01,2016,2,45,Housing,Not selected
LASSO,2016 Q2,M1SL,0,0,2016 Q2,2016-04-01,2016,2,45,Money and credit,Not selected
LASSO,2016 Q2,M2SL,0,0,2016 Q2,2016-04-01,2016,2,45,Money and credit,Not selected
LASSO,2016 Q2,BOGMBASE,0,0,2016 Q2,2016-04-01,2016,2,45,Money and credit,Not selected
LASSO,2016 Q2,BUSLOANS,0,0,2016 Q2,2016-04-01,2016,2,45,Money and credit,Not selected
LASSO,2016 Q2,NONREVSL,0,0,2016 Q2,2016-04-01,2016,2,45,Money and credit,Not selected
LASSO,2016 Q2,CPIAUCSL,0,0,2016 Q2,2016-04-01,2016,2,45,Prices and commodities,Not selected
LASSO,2016 Q2,PPICMM,0,0,2016 Q2,2016-04-01,2016,2,45,Prices and commodities,Not selected
LASSO,2016 Q2,PCEPI,0,0,2016 Q2,2016-04-01,2016,2,45,Prices and commodities,Not selected
LASSO,2016 Q2,OILPRICEx,0,0,2016 Q2,2016-04-01,2016,2,45,Prices and commodities,Not selected
LASSO,2016 Q2,FEDFUNDS,0,0,2016 Q2,2016-04-01,2016,2,45,Financial / sentiment,Not selected
LASSO,2016 Q2,TB3MS,0,0,2016 Q2,2016-04-01,2016,2,45,Financial / sentiment,Not selected
LASSO,2016 Q2,GS10,0,0,2016 Q2,2016-04-01,2016,2,45,Financial / sentiment,Not selected
LASSO,2016 Q2,AAA,0,0,2016 Q2,2016-04-01,2016,2,45,Financial / sentiment,Not selected
LASSO,2016 Q2,BAA,0,0,2016 Q2,2016-04-01,2016,2,45,Financial / sentiment,Not selected
LASSO,2016 Q2,S&P 500,0,0,2016 Q2,2016-04-01,2016,2,45,Financial / sentiment,Not selected
LASSO,2016 Q2,VIXCLSx,0,0,2016 Q2,2016-04-01,2016,2,45,Financial / sentiment,Not selected
LASSO,2016 Q2,UMCSENTx,0,0,2016 Q2,2016-04-01,2016,2,45,Financial / sentiment,Not selected
LASSO,2016 Q2,TERM_SPREAD,0,0,2016 Q2,2016-04-01,2016,2,45,Financial / sentiment,Not selected
LASSO,2016 Q2,CREDIT_SPREAD,0,0,2016 Q2,2016-04-01,2016,2,45,Financial / sentiment,Not selected
LASSO,2016 Q3,RPI,0,0,2016 Q3,2016-07-01,2016,3,46,Real activity / consumption,Not selected
LASSO,2016 Q3,DPCERA3M086SBEA,0,0,2016 Q3,2016-07-01,2016,3,46,Real activity / consumption,Not selected
LASSO,2016 Q3,INDPRO,1,1,2016 Q3,2016-07-01,2016,3,46,Real activity / consumption,Real activity / consumption
LASSO,2016 Q3,CMRMTSPLx,0,0,2016 Q3,2016-07-01,2016,3,46,Real activity / consumption,Not selected
LASSO,2016 Q3,RETAILx,0,0,2016 Q3,2016-07-01,2016,3,46,Real activity / consumption,Not selected
LASSO,2016 Q3,UNRATE,0,0,2016 Q3,2016-07-01,2016,3,46,Labor market,Not selected
LASSO,2016 Q3,CLAIMSx,0,0,2016 Q3,2016-07-01,2016,3,46,Labor market,Not selected
LASSO,2016 Q3,PAYEMS,0,0,2016 Q3,2016-07-01,2016,3,46,Labor market,Not selected
LASSO,2016 Q3,AWHMAN,0,0,2016 Q3,2016-07-01,2016,3,46,Labor market,Not selected
LASSO,2016 Q3,HOUST,0,0,2016 Q3,2016-07-01,2016,3,46,Housing,Not selected
LASSO,2016 Q3,PERMIT,0,0,2016 Q3,2016-07-01,2016,3,46,Housing,Not selected
LASSO,2016 Q3,M1SL,0,0,2016 Q3,2016-07-01,2016,3,46,Money and credit,Not selected
LASSO,2016 Q3,M2SL,0,0,2016 Q3,2016-07-01,2016,3,46,Money and credit,Not selected
LASSO,2016 Q3,BOGMBASE,0,0,2016 Q3,2016-07-01,2016,3,46,Money and credit,Not selected
LASSO,2016 Q3,BUSLOANS,0,0,2016 Q3,2016-07-01,2016,3,46,Money and credit,Not selected
LASSO,2016 Q3,NONREVSL,0,0,2016 Q3,2016-07-01,2016,3,46,Money and credit,Not selected
LASSO,2016 Q3,CPIAUCSL,0,0,2016 Q3,2016-07-01,2016,3,46,Prices and commodities,Not selected
LASSO,2016 Q3,PPICMM,0,0,2016 Q3,2016-07-01,2016,3,46,Prices and commodities,Not selected
LASSO,2016 Q3,PCEPI,0,0,2016 Q3,2016-07-01,2016,3,46,Prices and commodities,Not selected
LASSO,2016 Q3,OILPRICEx,0,0,2016 Q3,2016-07-01,2016,3,46,Prices and commodities,Not selected
LASSO,2016 Q3,FEDFUNDS,0,0,2016 Q3,2016-07-01,2016,3,46,Financial / sentiment,Not selected
LASSO,2016 Q3,TB3MS,0,0,2016 Q3,2016-07-01,2016,3,46,Financial / sentiment,Not selected
LASSO,2016 Q3,GS10,0,0,2016 Q3,2016-07-01,2016,3,46,Financial / sentiment,Not selected
LASSO,2016 Q3,AAA,0,0,2016 Q3,2016-07-01,2016,3,46,Financial / sentiment,Not selected
LASSO,2016 Q3,BAA,0,0,2016 Q3,2016-07-01,2016,3,46,Financial / sentiment,Not selected
LASSO,2016 Q3,S&P 500,0,0,2016 Q3,2016-07-01,2016,3,46,Financial / sentiment,Not selected
LASSO,2016 Q3,VIXCLSx,0,0,2016 Q3,2016-07-01,2016,3,46,Financial / sentiment,Not selected
LASSO,2016 Q3,UMCSENTx,0,0,2016 Q3,2016-07-01,2016,3,46,Financial / sentiment,Not selected
LASSO,2016 Q3,TERM_SPREAD,0,0,2016 Q3,2016-07-01,2016,3,46,Financial / sentiment,Not selected
LASSO,2016 Q3,CREDIT_SPREAD,0,0,2016 Q3,2016-07-01,2016,3,46,Financial / sentiment,Not selected
LASSO,2016 Q4,RPI,0,0,2016 Q4,2016-10-01,2016,4,47,Real activity / consumption,Not selected
LASSO,2016 Q4,DPCERA3M086SBEA,0,0,2016 Q4,2016-10-01,2016,4,47,Real activity / consumption,Not selected
LASSO,2016 Q4,INDPRO,1,1,2016 Q4,2016-10-01,2016,4,47,Real activity / consumption,Real activity / consumption
LASSO,2016 Q4,CMRMTSPLx,0,0,2016 Q4,2016-10-01,2016,4,47,Real activity / consumption,Not selected
LASSO,2016 Q4,RETAILx,0,0,2016 Q4,2016-10-01,2016,4,47,Real activity / consumption,Not selected
LASSO,2016 Q4,UNRATE,0,0,2016 Q4,2016-10-01,2016,4,47,Labor market,Not selected
LASSO,2016 Q4,CLAIMSx,0,0,2016 Q4,2016-10-01,2016,4,47,Labor market,Not selected
LASSO,2016 Q4,PAYEMS,0,0,2016 Q4,2016-10-01,2016,4,47,Labor market,Not selected
LASSO,2016 Q4,AWHMAN,0,0,2016 Q4,2016-10-01,2016,4,47,Labor market,Not selected
LASSO,2016 Q4,HOUST,0,0,2016 Q4,2016-10-01,2016,4,47,Housing,Not selected
LASSO,2016 Q4,PERMIT,0,0,2016 Q4,2016-10-01,2016,4,47,Housing,Not selected
LASSO,2016 Q4,M1SL,0,0,2016 Q4,2016-10-01,2016,4,47,Money and credit,Not selected
LASSO,2016 Q4,M2SL,0,0,2016 Q4,2016-10-01,2016,4,47,Money and credit,Not selected
LASSO,2016 Q4,BOGMBASE,0,0,2016 Q4,2016-10-01,2016,4,47,Money and credit,Not selected
LASSO,2016 Q4,BUSLOANS,0,0,2016 Q4,2016-10-01,2016,4,47,Money and credit,Not selected
LASSO,2016 Q4,NONREVSL,0,0,2016 Q4,2016-10-01,2016,4,47,Money and credit,Not selected
LASSO,2016 Q4,CPIAUCSL,0,0,2016 Q4,2016-10-01,2016,4,47,Prices and commodities,Not selected
LASSO,2016 Q4,PPICMM,0,0,2016 Q4,2016-10-01,2016,4,47,Prices and commodities,Not selected
LASSO,2016 Q4,PCEPI,0,0,2016 Q4,2016-10-01,2016,4,47,Prices and commodities,Not selected
LASSO,2016 Q4,OILPRICEx,0,0,2016 Q4,2016-10-01,2016,4,47,Prices and commodities,Not selected
LASSO,2016 Q4,FEDFUNDS,0,0,2016 Q4,2016-10-01,2016,4,47,Financial / sentiment,Not selected
LASSO,2016 Q4,TB3MS,0,0,2016 Q4,2016-10-01,2016,4,47,Financial / sentiment,Not selected
LASSO,2016 Q4,GS10,0,0,2016 Q4,2016-10-01,2016,4,47,Financial / sentiment,Not selected
LASSO,2016 Q4,AAA,0,0,2016 Q4,2016-10-01,2016,4,47,Financial / sentiment,Not selected
LASSO,2016 Q4,BAA,0,0,2016 Q4,2016-10-01,2016,4,47,Financial / sentiment,Not selected
LASSO,2016 Q4,S&P 500,0,0,2016 Q4,2016-10-01,2016,4,47,Financial / sentiment,Not selected
LASSO,2016 Q4,VIXCLSx,0,0,2016 Q4,2016-10-01,2016,4,47,Financial / sentiment,Not selected
LASSO,2016 Q4,UMCSENTx,0,0,2016 Q4,2016-10-01,2016,4,47,Financial / sentiment,Not selected
LASSO,2016 Q4,TERM_SPREAD,0,0,2016 Q4,2016-10-01,2016,4,47,Financial / sentiment,Not selected
LASSO,2016 Q4,CREDIT_SPREAD,0,0,2016 Q4,2016-10-01,2016,4,47,Financial / sentiment,Not selected
LASSO,2017 Q1,RPI,0,0,2017 Q1,2017-01-01,2017,1,48,Real activity / consumption,Not selected
LASSO,2017 Q1,DPCERA3M086SBEA,0,0,2017 Q1,2017-01-01,2017,1,48,Real activity / consumption,Not selected
LASSO,2017 Q1,INDPRO,0,0,2017 Q1,2017-01-01,2017,1,48,Real activity / consumption,Not selected
LASSO,2017 Q1,CMRMTSPLx,0,0,2017 Q1,2017-01-01,2017,1,48,Real activity / consumption,Not selected
LASSO,2017 Q1,RETAILx,0,0,2017 Q1,2017-01-01,2017,1,48,Real activity / consumption,Not selected
LASSO,2017 Q1,UNRATE,0,0,2017 Q1,2017-01-01,2017,1,48,Labor market,Not selected
LASSO,2017 Q1,CLAIMSx,0,0,2017 Q1,2017-01-01,2017,1,48,Labor market,Not selected
LASSO,2017 Q1,PAYEMS,0,0,2017 Q1,2017-01-01,2017,1,48,Labor market,Not selected
LASSO,2017 Q1,AWHMAN,0,0,2017 Q1,2017-01-01,2017,1,48,Labor market,Not selected
LASSO,2017 Q1,HOUST,0,0,2017 Q1,2017-01-01,2017,1,48,Housing,Not selected
LASSO,2017 Q1,PERMIT,0,0,2017 Q1,2017-01-01,2017,1,48,Housing,Not selected
LASSO,2017 Q1,M1SL,0,0,2017 Q1,2017-01-01,2017,1,48,Money and credit,Not selected
LASSO,2017 Q1,M2SL,0,0,2017 Q1,2017-01-01,2017,1,48,Money and credit,Not selected
LASSO,2017 Q1,BOGMBASE,0,0,2017 Q1,2017-01-01,2017,1,48,Money and credit,Not selected
LASSO,2017 Q1,BUSLOANS,0,0,2017 Q1,2017-01-01,2017,1,48,Money and credit,Not selected
LASSO,2017 Q1,NONREVSL,0,0,2017 Q1,2017-01-01,2017,1,48,Money and credit,Not selected
LASSO,2017 Q1,CPIAUCSL,0,0,2017 Q1,2017-01-01,2017,1,48,Prices and commodities,Not selected
LASSO,2017 Q1,PPICMM,0,0,2017 Q1,2017-01-01,2017,1,48,Prices and commodities,Not selected
LASSO,2017 Q1,PCEPI,0,0,2017 Q1,2017-01-01,2017,1,48,Prices and commodities,Not selected
LASSO,2017 Q1,OILPRICEx,0,0,2017 Q1,2017-01-01,2017,1,48,Prices and commodities,Not selected
LASSO,2017 Q1,FEDFUNDS,0,0,2017 Q1,2017-01-01,2017,1,48,Financial / sentiment,Not selected
LASSO,2017 Q1,TB3MS,0,0,2017 Q1,2017-01-01,2017,1,48,Financial / sentiment,Not selected
LASSO,2017 Q1,GS10,0,0,2017 Q1,2017-01-01,2017,1,48,Financial / sentiment,Not selected
LASSO,2017 Q1,AAA,0,0,2017 Q1,2017-01-01,2017,1,48,Financial / sentiment,Not selected
LASSO,2017 Q1,BAA,0,0,2017 Q1,2017-01-01,2017,1,48,Financial / sentiment,Not selected
LASSO,2017 Q1,S&P 500,0,0,2017 Q1,2017-01-01,2017,1,48,Financial / sentiment,Not selected
LASSO,2017 Q1,VIXCLSx,0,0,2017 Q1,2017-01-01,2017,1,48,Financial / sentiment,Not selected
LASSO,2017 Q1,UMCSENTx,0,0,2017 Q1,2017-01-01,2017,1,48,Financial / sentiment,Not selected
LASSO,2017 Q1,TERM_SPREAD,0,0,2017 Q1,2017-01-01,2017,1,48,Financial / sentiment,Not selected
LASSO,2017 Q1,CREDIT_SPREAD,0,0,2017 Q1,2017-01-01,2017,1,48,Financial / sentiment,Not selected
LASSO,2017 Q2,RPI,0,0,2017 Q2,2017-04-01,2017,2,49,Real activity / consumption,Not selected
LASSO,2017 Q2,DPCERA3M086SBEA,0,0,2017 Q2,2017-04-01,2017,2,49,Real activity / consumption,Not selected
LASSO,2017 Q2,INDPRO,2,1,2017 Q2,2017-04-01,2017,2,49,Real activity / consumption,Real activity / consumption
LASSO,2017 Q2,CMRMTSPLx,0,0,2017 Q2,2017-04-01,2017,2,49,Real activity / consumption,Not selected
LASSO,2017 Q2,RETAILx,0,0,2017 Q2,2017-04-01,2017,2,49,Real activity / consumption,Not selected
LASSO,2017 Q2,UNRATE,0,0,2017 Q2,2017-04-01,2017,2,49,Labor market,Not selected
LASSO,2017 Q2,CLAIMSx,0,0,2017 Q2,2017-04-01,2017,2,49,Labor market,Not selected
LASSO,2017 Q2,PAYEMS,0,0,2017 Q2,2017-04-01,2017,2,49,Labor market,Not selected
LASSO,2017 Q2,AWHMAN,0,0,2017 Q2,2017-04-01,2017,2,49,Labor market,Not selected
LASSO,2017 Q2,HOUST,0,0,2017 Q2,2017-04-01,2017,2,49,Housing,Not selected
LASSO,2017 Q2,PERMIT,0,0,2017 Q2,2017-04-01,2017,2,49,Housing,Not selected
LASSO,2017 Q2,M1SL,0,0,2017 Q2,2017-04-01,2017,2,49,Money and credit,Not selected
LASSO,2017 Q2,M2SL,1,1,2017 Q2,2017-04-01,2017,2,49,Money and credit,Money and credit
LASSO,2017 Q2,BOGMBASE,0,0,2017 Q2,2017-04-01,2017,2,49,Money and credit,Not selected
LASSO,2017 Q2,BUSLOANS,0,0,2017 Q2,2017-04-01,2017,2,49,Money and credit,Not selected
LASSO,2017 Q2,NONREVSL,0,0,2017 Q2,2017-04-01,2017,2,49,Money and credit,Not selected
LASSO,2017 Q2,CPIAUCSL,0,0,2017 Q2,2017-04-01,2017,2,49,Prices and commodities,Not selected
LASSO,2017 Q2,PPICMM,0,0,2017 Q2,2017-04-01,2017,2,49,Prices and commodities,Not selected
LASSO,2017 Q2,PCEPI,0,0,2017 Q2,2017-04-01,2017,2,49,Prices and commodities,Not selected
LASSO,2017 Q2,OILPRICEx,0,0,2017 Q2,2017-04-01,2017,2,49,Prices and commodities,Not selected
LASSO,2017 Q2,FEDFUNDS,0,0,2017 Q2,2017-04-01,2017,2,49,Financial / sentiment,Not selected
LASSO,2017 Q2,TB3MS,0,0,2017 Q2,2017-04-01,2017,2,49,Financial / sentiment,Not selected
LASSO,2017 Q2,GS10,0,0,2017 Q2,2017-04-01,2017,2,49,Financial / sentiment,Not selected
LASSO,2017 Q2,AAA,0,0,2017 Q2,2017-04-01,2017,2,49,Financial / sentiment,Not selected
LASSO,2017 Q2,BAA,0,0,2017 Q2,2017-04-01,2017,2,49,Financial / sentiment,Not selected
LASSO,2017 Q2,S&P 500,0,0,2017 Q2,2017-04-01,2017,2,49,Financial / sentiment,Not selected
LASSO,2017 Q2,VIXCLSx,0,0,2017 Q2,2017-04-01,2017,2,49,Financial / sentiment,Not selected
LASSO,2017 Q2,UMCSENTx,0,0,2017 Q2,2017-04-01,2017,2,49,Financial / sentiment,Not selected
LASSO,2017 Q2,TERM_SPREAD,0,0,2017 Q2,2017-04-01,2017,2,49,Financial / sentiment,Not selected
LASSO,2017 Q2,CREDIT_SPREAD,0,0,2017 Q2,2017-04-01,2017,2,49,Financial / sentiment,Not selected
LASSO,2017 Q3,RPI,0,0,2017 Q3,2017-07-01,2017,3,50,Real activity / consumption,Not selected
LASSO,2017 Q3,DPCERA3M086SBEA,0,0,2017 Q3,2017-07-01,2017,3,50,Real activity / consumption,Not selected
LASSO,2017 Q3,INDPRO,2,1,2017 Q3,2017-07-01,2017,3,50,Real activity / consumption,Real activity / consumption
LASSO,2017 Q3,CMRMTSPLx,0,0,2017 Q3,2017-07-01,2017,3,50,Real activity / consumption,Not selected
LASSO,2017 Q3,RETAILx,0,0,2017 Q3,2017-07-01,2017,3,50,Real activity / consumption,Not selected
LASSO,2017 Q3,UNRATE,0,0,2017 Q3,2017-07-01,2017,3,50,Labor market,Not selected
LASSO,2017 Q3,CLAIMSx,0,0,2017 Q3,2017-07-01,2017,3,50,Labor market,Not selected
LASSO,2017 Q3,PAYEMS,0,0,2017 Q3,2017-07-01,2017,3,50,Labor market,Not selected
LASSO,2017 Q3,AWHMAN,0,0,2017 Q3,2017-07-01,2017,3,50,Labor market,Not selected
LASSO,2017 Q3,HOUST,0,0,2017 Q3,2017-07-01,2017,3,50,Housing,Not selected
LASSO,2017 Q3,PERMIT,0,0,2017 Q3,2017-07-01,2017,3,50,Housing,Not selected
LASSO,2017 Q3,M1SL,0,0,2017 Q3,2017-07-01,2017,3,50,Money and credit,Not selected
LASSO,2017 Q3,M2SL,1,1,2017 Q3,2017-07-01,2017,3,50,Money and credit,Money and credit
LASSO,2017 Q3,BOGMBASE,0,0,2017 Q3,2017-07-01,2017,3,50,Money and credit,Not selected
LASSO,2017 Q3,BUSLOANS,0,0,2017 Q3,2017-07-01,2017,3,50,Money and credit,Not selected
LASSO,2017 Q3,NONREVSL,0,0,2017 Q3,2017-07-01,2017,3,50,Money and credit,Not selected
LASSO,2017 Q3,CPIAUCSL,0,0,2017 Q3,2017-07-01,2017,3,50,Prices and commodities,Not selected
LASSO,2017 Q3,PPICMM,0,0,2017 Q3,2017-07-01,2017,3,50,Prices and commodities,Not selected
LASSO,2017 Q3,PCEPI,0,0,2017 Q3,2017-07-01,2017,3,50,Prices and commodities,Not selected
LASSO,2017 Q3,OILPRICEx,0,0,2017 Q3,2017-07-01,2017,3,50,Prices and commodities,Not selected
LASSO,2017 Q3,FEDFUNDS,0,0,2017 Q3,2017-07-01,2017,3,50,Financial / sentiment,Not selected
LASSO,2017 Q3,TB3MS,0,0,2017 Q3,2017-07-01,2017,3,50,Financial / sentiment,Not selected
LASSO,2017 Q3,GS10,0,0,2017 Q3,2017-07-01,2017,3,50,Financial / sentiment,Not selected
LASSO,2017 Q3,AAA,0,0,2017 Q3,2017-07-01,2017,3,50,Financial / sentiment,Not selected
LASSO,2017 Q3,BAA,0,0,2017 Q3,2017-07-01,2017,3,50,Financial / sentiment,Not selected
LASSO,2017 Q3,S&P 500,0,0,2017 Q3,2017-07-01,2017,3,50,Financial / sentiment,Not selected
LASSO,2017 Q3,VIXCLSx,0,0,2017 Q3,2017-07-01,2017,3,50,Financial / sentiment,Not selected
LASSO,2017 Q3,UMCSENTx,0,0,2017 Q3,2017-07-01,2017,3,50,Financial / sentiment,Not selected
LASSO,2017 Q3,TERM_SPREAD,0,0,2017 Q3,2017-07-01,2017,3,50,Financial / sentiment,Not selected
LASSO,2017 Q3,CREDIT_SPREAD,0,0,2017 Q3,2017-07-01,2017,3,50,Financial / sentiment,Not selected
LASSO,2017 Q4,RPI,0,0,2017 Q4,2017-10-01,2017,4,51,Real activity / consumption,Not selected
LASSO,2017 Q4,DPCERA3M086SBEA,0,0,2017 Q4,2017-10-01,2017,4,51,Real activity / consumption,Not selected
LASSO,2017 Q4,INDPRO,0,0,2017 Q4,2017-10-01,2017,4,51,Real activity / consumption,Not selected
LASSO,2017 Q4,CMRMTSPLx,0,0,2017 Q4,2017-10-01,2017,4,51,Real activity / consumption,Not selected
LASSO,2017 Q4,RETAILx,0,0,2017 Q4,2017-10-01,2017,4,51,Real activity / consumption,Not selected
LASSO,2017 Q4,UNRATE,0,0,2017 Q4,2017-10-01,2017,4,51,Labor market,Not selected
LASSO,2017 Q4,CLAIMSx,0,0,2017 Q4,2017-10-01,2017,4,51,Labor market,Not selected
LASSO,2017 Q4,PAYEMS,0,0,2017 Q4,2017-10-01,2017,4,51,Labor market,Not selected
LASSO,2017 Q4,AWHMAN,0,0,2017 Q4,2017-10-01,2017,4,51,Labor market,Not selected
LASSO,2017 Q4,HOUST,0,0,2017 Q4,2017-10-01,2017,4,51,Housing,Not selected
LASSO,2017 Q4,PERMIT,0,0,2017 Q4,2017-10-01,2017,4,51,Housing,Not selected
LASSO,2017 Q4,M1SL,0,0,2017 Q4,2017-10-01,2017,4,51,Money and credit,Not selected
LASSO,2017 Q4,M2SL,0,0,2017 Q4,2017-10-01,2017,4,51,Money and credit,Not selected
LASSO,2017 Q4,BOGMBASE,0,0,2017 Q4,2017-10-01,2017,4,51,Money and credit,Not selected
LASSO,2017 Q4,BUSLOANS,0,0,2017 Q4,2017-10-01,2017,4,51,Money and credit,Not selected
LASSO,2017 Q4,NONREVSL,0,0,2017 Q4,2017-10-01,2017,4,51,Money and credit,Not selected
LASSO,2017 Q4,CPIAUCSL,0,0,2017 Q4,2017-10-01,2017,4,51,Prices and commodities,Not selected
LASSO,2017 Q4,PPICMM,0,0,2017 Q4,2017-10-01,2017,4,51,Prices and commodities,Not selected
LASSO,2017 Q4,PCEPI,0,0,2017 Q4,2017-10-01,2017,4,51,Prices and commodities,Not selected
LASSO,2017 Q4,OILPRICEx,0,0,2017 Q4,2017-10-01,2017,4,51,Prices and commodities,Not selected
LASSO,2017 Q4,FEDFUNDS,0,0,2017 Q4,2017-10-01,2017,4,51,Financial / sentiment,Not selected
LASSO,2017 Q4,TB3MS,0,0,2017 Q4,2017-10-01,2017,4,51,Financial / sentiment,Not selected
LASSO,2017 Q4,GS10,0,0,2017 Q4,2017-10-01,2017,4,51,Financial / sentiment,Not selected
LASSO,2017 Q4,AAA,0,0,2017 Q4,2017-10-01,2017,4,51,Financial / sentiment,Not selected
LASSO,2017 Q4,BAA,0,0,2017 Q4,2017-10-01,2017,4,51,Financial / sentiment,Not selected
LASSO,2017 Q4,S&P 500,0,0,2017 Q4,2017-10-01,2017,4,51,Financial / sentiment,Not selected
LASSO,2017 Q4,VIXCLSx,0,0,2017 Q4,2017-10-01,2017,4,51,Financial / sentiment,Not selected
LASSO,2017 Q4,UMCSENTx,0,0,2017 Q4,2017-10-01,2017,4,51,Financial / sentiment,Not selected
LASSO,2017 Q4,TERM_SPREAD,0,0,2017 Q4,2017-10-01,2017,4,51,Financial / sentiment,Not selected
LASSO,2017 Q4,CREDIT_SPREAD,0,0,2017 Q4,2017-10-01,2017,4,51,Financial / sentiment,Not selected
LASSO,2018 Q1,RPI,0,0,2018 Q1,2018-01-01,2018,1,52,Real activity / consumption,Not selected
LASSO,2018 Q1,DPCERA3M086SBEA,0,0,2018 Q1,2018-01-01,2018,1,52,Real activity / consumption,Not selected
LASSO,2018 Q1,INDPRO,0,0,2018 Q1,2018-01-01,2018,1,52,Real activity / consumption,Not selected
LASSO,2018 Q1,CMRMTSPLx,0,0,2018 Q1,2018-01-01,2018,1,52,Real activity / consumption,Not selected
LASSO,2018 Q1,RETAILx,0,0,2018 Q1,2018-01-01,2018,1,52,Real activity / consumption,Not selected
LASSO,2018 Q1,UNRATE,0,0,2018 Q1,2018-01-01,2018,1,52,Labor market,Not selected
LASSO,2018 Q1,CLAIMSx,0,0,2018 Q1,2018-01-01,2018,1,52,Labor market,Not selected
LASSO,2018 Q1,PAYEMS,0,0,2018 Q1,2018-01-01,2018,1,52,Labor market,Not selected
LASSO,2018 Q1,AWHMAN,0,0,2018 Q1,2018-01-01,2018,1,52,Labor market,Not selected
LASSO,2018 Q1,HOUST,0,0,2018 Q1,2018-01-01,2018,1,52,Housing,Not selected
LASSO,2018 Q1,PERMIT,0,0,2018 Q1,2018-01-01,2018,1,52,Housing,Not selected
LASSO,2018 Q1,M1SL,0,0,2018 Q1,2018-01-01,2018,1,52,Money and credit,Not selected
LASSO,2018 Q1,M2SL,0,0,2018 Q1,2018-01-01,2018,1,52,Money and credit,Not selected
LASSO,2018 Q1,BOGMBASE,0,0,2018 Q1,2018-01-01,2018,1,52,Money and credit,Not selected
LASSO,2018 Q1,BUSLOANS,0,0,2018 Q1,2018-01-01,2018,1,52,Money and credit,Not selected
LASSO,2018 Q1,NONREVSL,0,0,2018 Q1,2018-01-01,2018,1,52,Money and credit,Not selected
LASSO,2018 Q1,CPIAUCSL,0,0,2018 Q1,2018-01-01,2018,1,52,Prices and commodities,Not selected
LASSO,2018 Q1,PPICMM,0,0,2018 Q1,2018-01-01,2018,1,52,Prices and commodities,Not selected
LASSO,2018 Q1,PCEPI,0,0,2018 Q1,2018-01-01,2018,1,52,Prices and commodities,Not selected
LASSO,2018 Q1,OILPRICEx,0,0,2018 Q1,2018-01-01,2018,1,52,Prices and commodities,Not selected
LASSO,2018 Q1,FEDFUNDS,0,0,2018 Q1,2018-01-01,2018,1,52,Financial / sentiment,Not selected
LASSO,2018 Q1,TB3MS,0,0,2018 Q1,2018-01-01,2018,1,52,Financial / sentiment,Not selected
LASSO,2018 Q1,GS10,0,0,2018 Q1,2018-01-01,2018,1,52,Financial / sentiment,Not selected
LASSO,2018 Q1,AAA,0,0,2018 Q1,2018-01-01,2018,1,52,Financial / sentiment,Not selected
LASSO,2018 Q1,BAA,0,0,2018 Q1,2018-01-01,2018,1,52,Financial / sentiment,Not selected
LASSO,2018 Q1,S&P 500,0,0,2018 Q1,2018-01-01,2018,1,52,Financial / sentiment,Not selected
LASSO,2018 Q1,VIXCLSx,0,0,2018 Q1,2018-01-01,2018,1,52,Financial / sentiment,Not selected
LASSO,2018 Q1,UMCSENTx,0,0,2018 Q1,2018-01-01,2018,1,52,Financial / sentiment,Not selected
LASSO,2018 Q1,TERM_SPREAD,0,0,2018 Q1,2018-01-01,2018,1,52,Financial / sentiment,Not selected
LASSO,2018 Q1,CREDIT_SPREAD,0,0,2018 Q1,2018-01-01,2018,1,52,Financial / sentiment,Not selected
LASSO,2018 Q2,RPI,0,0,2018 Q2,2018-04-01,2018,2,53,Real activity / consumption,Not selected
LASSO,2018 Q2,DPCERA3M086SBEA,0,0,2018 Q2,2018-04-01,2018,2,53,Real activity / consumption,Not selected
LASSO,2018 Q2,INDPRO,0,0,2018 Q2,2018-04-01,2018,2,53,Real activity / consumption,Not selected
LASSO,2018 Q2,CMRMTSPLx,0,0,2018 Q2,2018-04-01,2018,2,53,Real activity / consumption,Not selected
LASSO,2018 Q2,RETAILx,0,0,2018 Q2,2018-04-01,2018,2,53,Real activity / consumption,Not selected
LASSO,2018 Q2,UNRATE,0,0,2018 Q2,2018-04-01,2018,2,53,Labor market,Not selected
LASSO,2018 Q2,CLAIMSx,0,0,2018 Q2,2018-04-01,2018,2,53,Labor market,Not selected
LASSO,2018 Q2,PAYEMS,0,0,2018 Q2,2018-04-01,2018,2,53,Labor market,Not selected
LASSO,2018 Q2,AWHMAN,0,0,2018 Q2,2018-04-01,2018,2,53,Labor market,Not selected
LASSO,2018 Q2,HOUST,0,0,2018 Q2,2018-04-01,2018,2,53,Housing,Not selected
LASSO,2018 Q2,PERMIT,0,0,2018 Q2,2018-04-01,2018,2,53,Housing,Not selected
LASSO,2018 Q2,M1SL,0,0,2018 Q2,2018-04-01,2018,2,53,Money and credit,Not selected
LASSO,2018 Q2,M2SL,0,0,2018 Q2,2018-04-01,2018,2,53,Money and credit,Not selected
LASSO,2018 Q2,BOGMBASE,0,0,2018 Q2,2018-04-01,2018,2,53,Money and credit,Not selected
LASSO,2018 Q2,BUSLOANS,0,0,2018 Q2,2018-04-01,2018,2,53,Money and credit,Not selected
LASSO,2018 Q2,NONREVSL,0,0,2018 Q2,2018-04-01,2018,2,53,Money and credit,Not selected
LASSO,2018 Q2,CPIAUCSL,0,0,2018 Q2,2018-04-01,2018,2,53,Prices and commodities,Not selected
LASSO,2018 Q2,PPICMM,0,0,2018 Q2,2018-04-01,2018,2,53,Prices and commodities,Not selected
LASSO,2018 Q2,PCEPI,0,0,2018 Q2,2018-04-01,2018,2,53,Prices and commodities,Not selected
LASSO,2018 Q2,OILPRICEx,0,0,2018 Q2,2018-04-01,2018,2,53,Prices and commodities,Not selected
LASSO,2018 Q2,FEDFUNDS,0,0,2018 Q2,2018-04-01,2018,2,53,Financial / sentiment,Not selected
LASSO,2018 Q2,TB3MS,0,0,2018 Q2,2018-04-01,2018,2,53,Financial / sentiment,Not selected
LASSO,2018 Q2,GS10,0,0,2018 Q2,2018-04-01,2018,2,53,Financial / sentiment,Not selected
LASSO,2018 Q2,AAA,0,0,2018 Q2,2018-04-01,2018,2,53,Financial / sentiment,Not selected
LASSO,2018 Q2,BAA,0,0,2018 Q2,2018-04-01,2018,2,53,Financial / sentiment,Not selected
LASSO,2018 Q2,S&P 500,0,0,2018 Q2,2018-04-01,2018,2,53,Financial / sentiment,Not selected
LASSO,2018 Q2,VIXCLSx,0,0,2018 Q2,2018-04-01,2018,2,53,Financial / sentiment,Not selected
LASSO,2018 Q2,UMCSENTx,0,0,2018 Q2,2018-04-01,2018,2,53,Financial / sentiment,Not selected
LASSO,2018 Q2,TERM_SPREAD,0,0,2018 Q2,2018-04-01,2018,2,53,Financial / sentiment,Not selected
LASSO,2018 Q2,CREDIT_SPREAD,0,0,2018 Q2,2018-04-01,2018,2,53,Financial / sentiment,Not selected
LASSO,2018 Q3,RPI,0,0,2018 Q3,2018-07-01,2018,3,54,Real activity / consumption,Not selected
LASSO,2018 Q3,DPCERA3M086SBEA,0,0,2018 Q3,2018-07-01,2018,3,54,Real activity / consumption,Not selected
LASSO,2018 Q3,INDPRO,1,1,2018 Q3,2018-07-01,2018,3,54,Real activity / consumption,Real activity / consumption
LASSO,2018 Q3,CMRMTSPLx,0,0,2018 Q3,2018-07-01,2018,3,54,Real activity / consumption,Not selected
LASSO,2018 Q3,RETAILx,0,0,2018 Q3,2018-07-01,2018,3,54,Real activity / consumption,Not selected
LASSO,2018 Q3,UNRATE,0,0,2018 Q3,2018-07-01,2018,3,54,Labor market,Not selected
LASSO,2018 Q3,CLAIMSx,0,0,2018 Q3,2018-07-01,2018,3,54,Labor market,Not selected
LASSO,2018 Q3,PAYEMS,0,0,2018 Q3,2018-07-01,2018,3,54,Labor market,Not selected
LASSO,2018 Q3,AWHMAN,0,0,2018 Q3,2018-07-01,2018,3,54,Labor market,Not selected
LASSO,2018 Q3,HOUST,0,0,2018 Q3,2018-07-01,2018,3,54,Housing,Not selected
LASSO,2018 Q3,PERMIT,0,0,2018 Q3,2018-07-01,2018,3,54,Housing,Not selected
LASSO,2018 Q3,M1SL,0,0,2018 Q3,2018-07-01,2018,3,54,Money and credit,Not selected
LASSO,2018 Q3,M2SL,0,0,2018 Q3,2018-07-01,2018,3,54,Money and credit,Not selected
LASSO,2018 Q3,BOGMBASE,0,0,2018 Q3,2018-07-01,2018,3,54,Money and credit,Not selected
LASSO,2018 Q3,BUSLOANS,0,0,2018 Q3,2018-07-01,2018,3,54,Money and credit,Not selected
LASSO,2018 Q3,NONREVSL,0,0,2018 Q3,2018-07-01,2018,3,54,Money and credit,Not selected
LASSO,2018 Q3,CPIAUCSL,0,0,2018 Q3,2018-07-01,2018,3,54,Prices and commodities,Not selected
LASSO,2018 Q3,PPICMM,0,0,2018 Q3,2018-07-01,2018,3,54,Prices and commodities,Not selected
LASSO,2018 Q3,PCEPI,0,0,2018 Q3,2018-07-01,2018,3,54,Prices and commodities,Not selected
LASSO,2018 Q3,OILPRICEx,0,0,2018 Q3,2018-07-01,2018,3,54,Prices and commodities,Not selected
LASSO,2018 Q3,FEDFUNDS,0,0,2018 Q3,2018-07-01,2018,3,54,Financial / sentiment,Not selected
LASSO,2018 Q3,TB3MS,0,0,2018 Q3,2018-07-01,2018,3,54,Financial / sentiment,Not selected
LASSO,2018 Q3,GS10,0,0,2018 Q3,2018-07-01,2018,3,54,Financial / sentiment,Not selected
LASSO,2018 Q3,AAA,0,0,2018 Q3,2018-07-01,2018,3,54,Financial / sentiment,Not selected
LASSO,2018 Q3,BAA,0,0,2018 Q3,2018-07-01,2018,3,54,Financial / sentiment,Not selected
LASSO,2018 Q3,S&P 500,0,0,2018 Q3,2018-07-01,2018,3,54,Financial / sentiment,Not selected
LASSO,2018 Q3,VIXCLSx,0,0,2018 Q3,2018-07-01,2018,3,54,Financial / sentiment,Not selected
LASSO,2018 Q3,UMCSENTx,0,0,2018 Q3,2018-07-01,2018,3,54,Financial / sentiment,Not selected
LASSO,2018 Q3,TERM_SPREAD,0,0,2018 Q3,2018-07-01,2018,3,54,Financial / sentiment,Not selected
LASSO,2018 Q3,CREDIT_SPREAD,0,0,2018 Q3,2018-07-01,2018,3,54,Financial / sentiment,Not selected
LASSO,2018 Q4,RPI,0,0,2018 Q4,2018-10-01,2018,4,55,Real activity / consumption,Not selected
LASSO,2018 Q4,DPCERA3M086SBEA,0,0,2018 Q4,2018-10-01,2018,4,55,Real activity / consumption,Not selected
LASSO,2018 Q4,INDPRO,0,0,2018 Q4,2018-10-01,2018,4,55,Real activity / consumption,Not selected
LASSO,2018 Q4,CMRMTSPLx,0,0,2018 Q4,2018-10-01,2018,4,55,Real activity / consumption,Not selected
LASSO,2018 Q4,RETAILx,0,0,2018 Q4,2018-10-01,2018,4,55,Real activity / consumption,Not selected
LASSO,2018 Q4,UNRATE,0,0,2018 Q4,2018-10-01,2018,4,55,Labor market,Not selected
LASSO,2018 Q4,CLAIMSx,0,0,2018 Q4,2018-10-01,2018,4,55,Labor market,Not selected
LASSO,2018 Q4,PAYEMS,0,0,2018 Q4,2018-10-01,2018,4,55,Labor market,Not selected
LASSO,2018 Q4,AWHMAN,0,0,2018 Q4,2018-10-01,2018,4,55,Labor market,Not selected
LASSO,2018 Q4,HOUST,0,0,2018 Q4,2018-10-01,2018,4,55,Housing,Not selected
LASSO,2018 Q4,PERMIT,0,0,2018 Q4,2018-10-01,2018,4,55,Housing,Not selected
LASSO,2018 Q4,M1SL,0,0,2018 Q4,2018-10-01,2018,4,55,Money and credit,Not selected
LASSO,2018 Q4,M2SL,0,0,2018 Q4,2018-10-01,2018,4,55,Money and credit,Not selected
LASSO,2018 Q4,BOGMBASE,0,0,2018 Q4,2018-10-01,2018,4,55,Money and credit,Not selected
LASSO,2018 Q4,BUSLOANS,0,0,2018 Q4,2018-10-01,2018,4,55,Money and credit,Not selected
LASSO,2018 Q4,NONREVSL,0,0,2018 Q4,2018-10-01,2018,4,55,Money and credit,Not selected
LASSO,2018 Q4,CPIAUCSL,0,0,2018 Q4,2018-10-01,2018,4,55,Prices and commodities,Not selected
LASSO,2018 Q4,PPICMM,0,0,2018 Q4,2018-10-01,2018,4,55,Prices and commodities,Not selected
LASSO,2018 Q4,PCEPI,0,0,2018 Q4,2018-10-01,2018,4,55,Prices and commodities,Not selected
LASSO,2018 Q4,OILPRICEx,0,0,2018 Q4,2018-10-01,2018,4,55,Prices and commodities,Not selected
LASSO,2018 Q4,FEDFUNDS,0,0,2018 Q4,2018-10-01,2018,4,55,Financial / sentiment,Not selected
LASSO,2018 Q4,TB3MS,0,0,2018 Q4,2018-10-01,2018,4,55,Financial / sentiment,Not selected
LASSO,2018 Q4,GS10,0,0,2018 Q4,2018-10-01,2018,4,55,Financial / sentiment,Not selected
LASSO,2018 Q4,AAA,0,0,2018 Q4,2018-10-01,2018,4,55,Financial / sentiment,Not selected
LASSO,2018 Q4,BAA,0,0,2018 Q4,2018-10-01,2018,4,55,Financial / sentiment,Not selected
LASSO,2018 Q4,S&P 500,0,0,2018 Q4,2018-10-01,2018,4,55,Financial / sentiment,Not selected
LASSO,2018 Q4,VIXCLSx,0,0,2018 Q4,2018-10-01,2018,4,55,Financial / sentiment,Not selected
LASSO,2018 Q4,UMCSENTx,0,0,2018 Q4,2018-10-01,2018,4,55,Financial / sentiment,Not selected
LASSO,2018 Q4,TERM_SPREAD,0,0,2018 Q4,2018-10-01,2018,4,55,Financial / sentiment,Not selected
LASSO,2018 Q4,CREDIT_SPREAD,0,0,2018 Q4,2018-10-01,2018,4,55,Financial / sentiment,Not selected
LASSO,2019 Q1,RPI,0,0,2019 Q1,2019-01-01,2019,1,56,Real activity / consumption,Not selected
LASSO,2019 Q1,DPCERA3M086SBEA,0,0,2019 Q1,2019-01-01,2019,1,56,Real activity / consumption,Not selected
LASSO,2019 Q1,INDPRO,0,0,2019 Q1,2019-01-01,2019,1,56,Real activity / consumption,Not selected
LASSO,2019 Q1,CMRMTSPLx,0,0,2019 Q1,2019-01-01,2019,1,56,Real activity / consumption,Not selected
LASSO,2019 Q1,RETAILx,0,0,2019 Q1,2019-01-01,2019,1,56,Real activity / consumption,Not selected
LASSO,2019 Q1,UNRATE,0,0,2019 Q1,2019-01-01,2019,1,56,Labor market,Not selected
LASSO,2019 Q1,CLAIMSx,0,0,2019 Q1,2019-01-01,2019,1,56,Labor market,Not selected
LASSO,2019 Q1,PAYEMS,0,0,2019 Q1,2019-01-01,2019,1,56,Labor market,Not selected
LASSO,2019 Q1,AWHMAN,0,0,2019 Q1,2019-01-01,2019,1,56,Labor market,Not selected
LASSO,2019 Q1,HOUST,0,0,2019 Q1,2019-01-01,2019,1,56,Housing,Not selected
LASSO,2019 Q1,PERMIT,0,0,2019 Q1,2019-01-01,2019,1,56,Housing,Not selected
LASSO,2019 Q1,M1SL,0,0,2019 Q1,2019-01-01,2019,1,56,Money and credit,Not selected
LASSO,2019 Q1,M2SL,0,0,2019 Q1,2019-01-01,2019,1,56,Money and credit,Not selected
LASSO,2019 Q1,BOGMBASE,0,0,2019 Q1,2019-01-01,2019,1,56,Money and credit,Not selected
LASSO,2019 Q1,BUSLOANS,0,0,2019 Q1,2019-01-01,2019,1,56,Money and credit,Not selected
LASSO,2019 Q1,NONREVSL,0,0,2019 Q1,2019-01-01,2019,1,56,Money and credit,Not selected
LASSO,2019 Q1,CPIAUCSL,0,0,2019 Q1,2019-01-01,2019,1,56,Prices and commodities,Not selected
LASSO,2019 Q1,PPICMM,0,0,2019 Q1,2019-01-01,2019,1,56,Prices and commodities,Not selected
LASSO,2019 Q1,PCEPI,0,0,2019 Q1,2019-01-01,2019,1,56,Prices and commodities,Not selected
LASSO,2019 Q1,OILPRICEx,0,0,2019 Q1,2019-01-01,2019,1,56,Prices and commodities,Not selected
LASSO,2019 Q1,FEDFUNDS,0,0,2019 Q1,2019-01-01,2019,1,56,Financial / sentiment,Not selected
LASSO,2019 Q1,TB3MS,0,0,2019 Q1,2019-01-01,2019,1,56,Financial / sentiment,Not selected
LASSO,2019 Q1,GS10,0,0,2019 Q1,2019-01-01,2019,1,56,Financial / sentiment,Not selected
LASSO,2019 Q1,AAA,0,0,2019 Q1,2019-01-01,2019,1,56,Financial / sentiment,Not selected
LASSO,2019 Q1,BAA,0,0,2019 Q1,2019-01-01,2019,1,56,Financial / sentiment,Not selected
LASSO,2019 Q1,S&P 500,0,0,2019 Q1,2019-01-01,2019,1,56,Financial / sentiment,Not selected
LASSO,2019 Q1,VIXCLSx,0,0,2019 Q1,2019-01-01,2019,1,56,Financial / sentiment,Not selected
LASSO,2019 Q1,UMCSENTx,0,0,2019 Q1,2019-01-01,2019,1,56,Financial / sentiment,Not selected
LASSO,2019 Q1,TERM_SPREAD,0,0,2019 Q1,2019-01-01,2019,1,56,Financial / sentiment,Not selected
LASSO,2019 Q1,CREDIT_SPREAD,0,0,2019 Q1,2019-01-01,2019,1,56,Financial / sentiment,Not selected
LASSO,2019 Q2,RPI,0,0,2019 Q2,2019-04-01,2019,2,57,Real activity / consumption,Not selected
LASSO,2019 Q2,DPCERA3M086SBEA,0,0,2019 Q2,2019-04-01,2019,2,57,Real activity / consumption,Not selected
LASSO,2019 Q2,INDPRO,0,0,2019 Q2,2019-04-01,2019,2,57,Real activity / consumption,Not selected
LASSO,2019 Q2,CMRMTSPLx,0,0,2019 Q2,2019-04-01,2019,2,57,Real activity / consumption,Not selected
LASSO,2019 Q2,RETAILx,0,0,2019 Q2,2019-04-01,2019,2,57,Real activity / consumption,Not selected
LASSO,2019 Q2,UNRATE,0,0,2019 Q2,2019-04-01,2019,2,57,Labor market,Not selected
LASSO,2019 Q2,CLAIMSx,0,0,2019 Q2,2019-04-01,2019,2,57,Labor market,Not selected
LASSO,2019 Q2,PAYEMS,0,0,2019 Q2,2019-04-01,2019,2,57,Labor market,Not selected
LASSO,2019 Q2,AWHMAN,0,0,2019 Q2,2019-04-01,2019,2,57,Labor market,Not selected
LASSO,2019 Q2,HOUST,0,0,2019 Q2,2019-04-01,2019,2,57,Housing,Not selected
LASSO,2019 Q2,PERMIT,0,0,2019 Q2,2019-04-01,2019,2,57,Housing,Not selected
LASSO,2019 Q2,M1SL,0,0,2019 Q2,2019-04-01,2019,2,57,Money and credit,Not selected
LASSO,2019 Q2,M2SL,0,0,2019 Q2,2019-04-01,2019,2,57,Money and credit,Not selected
LASSO,2019 Q2,BOGMBASE,0,0,2019 Q2,2019-04-01,2019,2,57,Money and credit,Not selected
LASSO,2019 Q2,BUSLOANS,0,0,2019 Q2,2019-04-01,2019,2,57,Money and credit,Not selected
LASSO,2019 Q2,NONREVSL,0,0,2019 Q2,2019-04-01,2019,2,57,Money and credit,Not selected
LASSO,2019 Q2,CPIAUCSL,0,0,2019 Q2,2019-04-01,2019,2,57,Prices and commodities,Not selected
LASSO,2019 Q2,PPICMM,0,0,2019 Q2,2019-04-01,2019,2,57,Prices and commodities,Not selected
LASSO,2019 Q2,PCEPI,0,0,2019 Q2,2019-04-01,2019,2,57,Prices and commodities,Not selected
LASSO,2019 Q2,OILPRICEx,0,0,2019 Q2,2019-04-01,2019,2,57,Prices and commodities,Not selected
LASSO,2019 Q2,FEDFUNDS,0,0,2019 Q2,2019-04-01,2019,2,57,Financial / sentiment,Not selected
LASSO,2019 Q2,TB3MS,0,0,2019 Q2,2019-04-01,2019,2,57,Financial / sentiment,Not selected
LASSO,2019 Q2,GS10,0,0,2019 Q2,2019-04-01,2019,2,57,Financial / sentiment,Not selected
LASSO,2019 Q2,AAA,0,0,2019 Q2,2019-04-01,2019,2,57,Financial / sentiment,Not selected
LASSO,2019 Q2,BAA,0,0,2019 Q2,2019-04-01,2019,2,57,Financial / sentiment,Not selected
LASSO,2019 Q2,S&P 500,0,0,2019 Q2,2019-04-01,2019,2,57,Financial / sentiment,Not selected
LASSO,2019 Q2,VIXCLSx,0,0,2019 Q2,2019-04-01,2019,2,57,Financial / sentiment,Not selected
LASSO,2019 Q2,UMCSENTx,0,0,2019 Q2,2019-04-01,2019,2,57,Financial / sentiment,Not selected
LASSO,2019 Q2,TERM_SPREAD,0,0,2019 Q2,2019-04-01,2019,2,57,Financial / sentiment,Not selected
LASSO,2019 Q2,CREDIT_SPREAD,0,0,2019 Q2,2019-04-01,2019,2,57,Financial / sentiment,Not selected
LASSO,2019 Q3,RPI,0,0,2019 Q3,2019-07-01,2019,3,58,Real activity / consumption,Not selected
LASSO,2019 Q3,DPCERA3M086SBEA,0,0,2019 Q3,2019-07-01,2019,3,58,Real activity / consumption,Not selected
LASSO,2019 Q3,INDPRO,1,1,2019 Q3,2019-07-01,2019,3,58,Real activity / consumption,Real activity / consumption
LASSO,2019 Q3,CMRMTSPLx,0,0,2019 Q3,2019-07-01,2019,3,58,Real activity / consumption,Not selected
LASSO,2019 Q3,RETAILx,0,0,2019 Q3,2019-07-01,2019,3,58,Real activity / consumption,Not selected
LASSO,2019 Q3,UNRATE,0,0,2019 Q3,2019-07-01,2019,3,58,Labor market,Not selected
LASSO,2019 Q3,CLAIMSx,0,0,2019 Q3,2019-07-01,2019,3,58,Labor market,Not selected
LASSO,2019 Q3,PAYEMS,0,0,2019 Q3,2019-07-01,2019,3,58,Labor market,Not selected
LASSO,2019 Q3,AWHMAN,0,0,2019 Q3,2019-07-01,2019,3,58,Labor market,Not selected
LASSO,2019 Q3,HOUST,0,0,2019 Q3,2019-07-01,2019,3,58,Housing,Not selected
LASSO,2019 Q3,PERMIT,0,0,2019 Q3,2019-07-01,2019,3,58,Housing,Not selected
LASSO,2019 Q3,M1SL,0,0,2019 Q3,2019-07-01,2019,3,58,Money and credit,Not selected
LASSO,2019 Q3,M2SL,0,0,2019 Q3,2019-07-01,2019,3,58,Money and credit,Not selected
LASSO,2019 Q3,BOGMBASE,0,0,2019 Q3,2019-07-01,2019,3,58,Money and credit,Not selected
LASSO,2019 Q3,BUSLOANS,0,0,2019 Q3,2019-07-01,2019,3,58,Money and credit,Not selected
LASSO,2019 Q3,NONREVSL,0,0,2019 Q3,2019-07-01,2019,3,58,Money and credit,Not selected
LASSO,2019 Q3,CPIAUCSL,0,0,2019 Q3,2019-07-01,2019,3,58,Prices and commodities,Not selected
LASSO,2019 Q3,PPICMM,0,0,2019 Q3,2019-07-01,2019,3,58,Prices and commodities,Not selected
LASSO,2019 Q3,PCEPI,0,0,2019 Q3,2019-07-01,2019,3,58,Prices and commodities,Not selected
LASSO,2019 Q3,OILPRICEx,0,0,2019 Q3,2019-07-01,2019,3,58,Prices and commodities,Not selected
LASSO,2019 Q3,FEDFUNDS,0,0,2019 Q3,2019-07-01,2019,3,58,Financial / sentiment,Not selected
LASSO,2019 Q3,TB3MS,0,0,2019 Q3,2019-07-01,2019,3,58,Financial / sentiment,Not selected
LASSO,2019 Q3,GS10,0,0,2019 Q3,2019-07-01,2019,3,58,Financial / sentiment,Not selected
LASSO,2019 Q3,AAA,0,0,2019 Q3,2019-07-01,2019,3,58,Financial / sentiment,Not selected
LASSO,2019 Q3,BAA,0,0,2019 Q3,2019-07-01,2019,3,58,Financial / sentiment,Not selected
LASSO,2019 Q3,S&P 500,0,0,2019 Q3,2019-07-01,2019,3,58,Financial / sentiment,Not selected
LASSO,2019 Q3,VIXCLSx,0,0,2019 Q3,2019-07-01,2019,3,58,Financial / sentiment,Not selected
LASSO,2019 Q3,UMCSENTx,0,0,2019 Q3,2019-07-01,2019,3,58,Financial / sentiment,Not selected
LASSO,2019 Q3,TERM_SPREAD,0,0,2019 Q3,2019-07-01,2019,3,58,Financial / sentiment,Not selected
LASSO,2019 Q3,CREDIT_SPREAD,0,0,2019 Q3,2019-07-01,2019,3,58,Financial / sentiment,Not selected
Elastic net,2005 Q2,RPI,1,1,2005 Q2,2005-04-01,2005,2,1,Real activity / consumption,Real activity / consumption
Elastic net,2005 Q2,DPCERA3M086SBEA,1,1,2005 Q2,2005-04-01,2005,2,1,Real activity / consumption,Real activity / consumption
Elastic net,2005 Q2,INDPRO,0,0,2005 Q2,2005-04-01,2005,2,1,Real activity / consumption,Not selected
Elastic net,2005 Q2,CMRMTSPLx,0,0,2005 Q2,2005-04-01,2005,2,1,Real activity / consumption,Not selected
Elastic net,2005 Q2,RETAILx,0,0,2005 Q2,2005-04-01,2005,2,1,Real activity / consumption,Not selected
Elastic net,2005 Q2,UNRATE,1,1,2005 Q2,2005-04-01,2005,2,1,Labor market,Labor market
Elastic net,2005 Q2,CLAIMSx,0,0,2005 Q2,2005-04-01,2005,2,1,Labor market,Not selected
Elastic net,2005 Q2,PAYEMS,0,0,2005 Q2,2005-04-01,2005,2,1,Labor market,Not selected
Elastic net,2005 Q2,AWHMAN,0,0,2005 Q2,2005-04-01,2005,2,1,Labor market,Not selected
Elastic net,2005 Q2,HOUST,0,0,2005 Q2,2005-04-01,2005,2,1,Housing,Not selected
Elastic net,2005 Q2,PERMIT,0,0,2005 Q2,2005-04-01,2005,2,1,Housing,Not selected
Elastic net,2005 Q2,M1SL,0,0,2005 Q2,2005-04-01,2005,2,1,Money and credit,Not selected
Elastic net,2005 Q2,M2SL,0,0,2005 Q2,2005-04-01,2005,2,1,Money and credit,Not selected
Elastic net,2005 Q2,BOGMBASE,0,0,2005 Q2,2005-04-01,2005,2,1,Money and credit,Not selected
Elastic net,2005 Q2,BUSLOANS,0,0,2005 Q2,2005-04-01,2005,2,1,Money and credit,Not selected
Elastic net,2005 Q2,NONREVSL,0,0,2005 Q2,2005-04-01,2005,2,1,Money and credit,Not selected
Elastic net,2005 Q2,CPIAUCSL,0,0,2005 Q2,2005-04-01,2005,2,1,Prices and commodities,Not selected
Elastic net,2005 Q2,PPICMM,0,0,2005 Q2,2005-04-01,2005,2,1,Prices and commodities,Not selected
Elastic net,2005 Q2,PCEPI,0,0,2005 Q2,2005-04-01,2005,2,1,Prices and commodities,Not selected
Elastic net,2005 Q2,OILPRICEx,0,0,2005 Q2,2005-04-01,2005,2,1,Prices and commodities,Not selected
Elastic net,2005 Q2,FEDFUNDS,0,0,2005 Q2,2005-04-01,2005,2,1,Financial / sentiment,Not selected
Elastic net,2005 Q2,TB3MS,0,0,2005 Q2,2005-04-01,2005,2,1,Financial / sentiment,Not selected
Elastic net,2005 Q2,GS10,0,0,2005 Q2,2005-04-01,2005,2,1,Financial / sentiment,Not selected
Elastic net,2005 Q2,AAA,0,0,2005 Q2,2005-04-01,2005,2,1,Financial / sentiment,Not selected
Elastic net,2005 Q2,BAA,0,0,2005 Q2,2005-04-01,2005,2,1,Financial / sentiment,Not selected
Elastic net,2005 Q2,S&P 500,1,1,2005 Q2,2005-04-01,2005,2,1,Financial / sentiment,Financial / sentiment
Elastic net,2005 Q2,VIXCLSx,0,0,2005 Q2,2005-04-01,2005,2,1,Financial / sentiment,Not selected
Elastic net,2005 Q2,UMCSENTx,0,0,2005 Q2,2005-04-01,2005,2,1,Financial / sentiment,Not selected
Elastic net,2005 Q2,TERM_SPREAD,0,0,2005 Q2,2005-04-01,2005,2,1,Financial / sentiment,Not selected
Elastic net,2005 Q2,CREDIT_SPREAD,0,0,2005 Q2,2005-04-01,2005,2,1,Financial / sentiment,Not selected
Elastic net,2005 Q3,RPI,0,0,2005 Q3,2005-07-01,2005,3,2,Real activity / consumption,Not selected
Elastic net,2005 Q3,DPCERA3M086SBEA,0,0,2005 Q3,2005-07-01,2005,3,2,Real activity / consumption,Not selected
Elastic net,2005 Q3,INDPRO,0,0,2005 Q3,2005-07-01,2005,3,2,Real activity / consumption,Not selected
Elastic net,2005 Q3,CMRMTSPLx,0,0,2005 Q3,2005-07-01,2005,3,2,Real activity / consumption,Not selected
Elastic net,2005 Q3,RETAILx,0,0,2005 Q3,2005-07-01,2005,3,2,Real activity / consumption,Not selected
Elastic net,2005 Q3,UNRATE,0,0,2005 Q3,2005-07-01,2005,3,2,Labor market,Not selected
Elastic net,2005 Q3,CLAIMSx,0,0,2005 Q3,2005-07-01,2005,3,2,Labor market,Not selected
Elastic net,2005 Q3,PAYEMS,0,0,2005 Q3,2005-07-01,2005,3,2,Labor market,Not selected
Elastic net,2005 Q3,AWHMAN,0,0,2005 Q3,2005-07-01,2005,3,2,Labor market,Not selected
Elastic net,2005 Q3,HOUST,0,0,2005 Q3,2005-07-01,2005,3,2,Housing,Not selected
Elastic net,2005 Q3,PERMIT,0,0,2005 Q3,2005-07-01,2005,3,2,Housing,Not selected
Elastic net,2005 Q3,M1SL,0,0,2005 Q3,2005-07-01,2005,3,2,Money and credit,Not selected
Elastic net,2005 Q3,M2SL,0,0,2005 Q3,2005-07-01,2005,3,2,Money and credit,Not selected
Elastic net,2005 Q3,BOGMBASE,0,0,2005 Q3,2005-07-01,2005,3,2,Money and credit,Not selected
Elastic net,2005 Q3,BUSLOANS,0,0,2005 Q3,2005-07-01,2005,3,2,Money and credit,Not selected
Elastic net,2005 Q3,NONREVSL,0,0,2005 Q3,2005-07-01,2005,3,2,Money and credit,Not selected
Elastic net,2005 Q3,CPIAUCSL,0,0,2005 Q3,2005-07-01,2005,3,2,Prices and commodities,Not selected
Elastic net,2005 Q3,PPICMM,0,0,2005 Q3,2005-07-01,2005,3,2,Prices and commodities,Not selected
Elastic net,2005 Q3,PCEPI,0,0,2005 Q3,2005-07-01,2005,3,2,Prices and commodities,Not selected
Elastic net,2005 Q3,OILPRICEx,0,0,2005 Q3,2005-07-01,2005,3,2,Prices and commodities,Not selected
Elastic net,2005 Q3,FEDFUNDS,0,0,2005 Q3,2005-07-01,2005,3,2,Financial / sentiment,Not selected
Elastic net,2005 Q3,TB3MS,0,0,2005 Q3,2005-07-01,2005,3,2,Financial / sentiment,Not selected
Elastic net,2005 Q3,GS10,0,0,2005 Q3,2005-07-01,2005,3,2,Financial / sentiment,Not selected
Elastic net,2005 Q3,AAA,0,0,2005 Q3,2005-07-01,2005,3,2,Financial / sentiment,Not selected
Elastic net,2005 Q3,BAA,0,0,2005 Q3,2005-07-01,2005,3,2,Financial / sentiment,Not selected
Elastic net,2005 Q3,S&P 500,0,0,2005 Q3,2005-07-01,2005,3,2,Financial / sentiment,Not selected
Elastic net,2005 Q3,VIXCLSx,0,0,2005 Q3,2005-07-01,2005,3,2,Financial / sentiment,Not selected
Elastic net,2005 Q3,UMCSENTx,0,0,2005 Q3,2005-07-01,2005,3,2,Financial / sentiment,Not selected
Elastic net,2005 Q3,TERM_SPREAD,0,0,2005 Q3,2005-07-01,2005,3,2,Financial / sentiment,Not selected
Elastic net,2005 Q3,CREDIT_SPREAD,0,0,2005 Q3,2005-07-01,2005,3,2,Financial / sentiment,Not selected
Elastic net,2005 Q4,RPI,0,0,2005 Q4,2005-10-01,2005,4,3,Real activity / consumption,Not selected
Elastic net,2005 Q4,DPCERA3M086SBEA,0,0,2005 Q4,2005-10-01,2005,4,3,Real activity / consumption,Not selected
Elastic net,2005 Q4,INDPRO,0,0,2005 Q4,2005-10-01,2005,4,3,Real activity / consumption,Not selected
Elastic net,2005 Q4,CMRMTSPLx,0,0,2005 Q4,2005-10-01,2005,4,3,Real activity / consumption,Not selected
Elastic net,2005 Q4,RETAILx,0,0,2005 Q4,2005-10-01,2005,4,3,Real activity / consumption,Not selected
Elastic net,2005 Q4,UNRATE,0,0,2005 Q4,2005-10-01,2005,4,3,Labor market,Not selected
Elastic net,2005 Q4,CLAIMSx,0,0,2005 Q4,2005-10-01,2005,4,3,Labor market,Not selected
Elastic net,2005 Q4,PAYEMS,0,0,2005 Q4,2005-10-01,2005,4,3,Labor market,Not selected
Elastic net,2005 Q4,AWHMAN,0,0,2005 Q4,2005-10-01,2005,4,3,Labor market,Not selected
Elastic net,2005 Q4,HOUST,0,0,2005 Q4,2005-10-01,2005,4,3,Housing,Not selected
Elastic net,2005 Q4,PERMIT,0,0,2005 Q4,2005-10-01,2005,4,3,Housing,Not selected
Elastic net,2005 Q4,M1SL,0,0,2005 Q4,2005-10-01,2005,4,3,Money and credit,Not selected
Elastic net,2005 Q4,M2SL,0,0,2005 Q4,2005-10-01,2005,4,3,Money and credit,Not selected
Elastic net,2005 Q4,BOGMBASE,0,0,2005 Q4,2005-10-01,2005,4,3,Money and credit,Not selected
Elastic net,2005 Q4,BUSLOANS,0,0,2005 Q4,2005-10-01,2005,4,3,Money and credit,Not selected
Elastic net,2005 Q4,NONREVSL,0,0,2005 Q4,2005-10-01,2005,4,3,Money and credit,Not selected
Elastic net,2005 Q4,CPIAUCSL,0,0,2005 Q4,2005-10-01,2005,4,3,Prices and commodities,Not selected
Elastic net,2005 Q4,PPICMM,0,0,2005 Q4,2005-10-01,2005,4,3,Prices and commodities,Not selected
Elastic net,2005 Q4,PCEPI,0,0,2005 Q4,2005-10-01,2005,4,3,Prices and commodities,Not selected
Elastic net,2005 Q4,OILPRICEx,0,0,2005 Q4,2005-10-01,2005,4,3,Prices and commodities,Not selected
Elastic net,2005 Q4,FEDFUNDS,0,0,2005 Q4,2005-10-01,2005,4,3,Financial / sentiment,Not selected
Elastic net,2005 Q4,TB3MS,0,0,2005 Q4,2005-10-01,2005,4,3,Financial / sentiment,Not selected
Elastic net,2005 Q4,GS10,0,0,2005 Q4,2005-10-01,2005,4,3,Financial / sentiment,Not selected
Elastic net,2005 Q4,AAA,0,0,2005 Q4,2005-10-01,2005,4,3,Financial / sentiment,Not selected
Elastic net,2005 Q4,BAA,0,0,2005 Q4,2005-10-01,2005,4,3,Financial / sentiment,Not selected
Elastic net,2005 Q4,S&P 500,0,0,2005 Q4,2005-10-01,2005,4,3,Financial / sentiment,Not selected
Elastic net,2005 Q4,VIXCLSx,0,0,2005 Q4,2005-10-01,2005,4,3,Financial / sentiment,Not selected
Elastic net,2005 Q4,UMCSENTx,0,0,2005 Q4,2005-10-01,2005,4,3,Financial / sentiment,Not selected
Elastic net,2005 Q4,TERM_SPREAD,0,0,2005 Q4,2005-10-01,2005,4,3,Financial / sentiment,Not selected
Elastic net,2005 Q4,CREDIT_SPREAD,0,0,2005 Q4,2005-10-01,2005,4,3,Financial / sentiment,Not selected
Elastic net,2006 Q1,RPI,0,0,2006 Q1,2006-01-01,2006,1,4,Real activity / consumption,Not selected
Elastic net,2006 Q1,DPCERA3M086SBEA,0,0,2006 Q1,2006-01-01,2006,1,4,Real activity / consumption,Not selected
Elastic net,2006 Q1,INDPRO,0,0,2006 Q1,2006-01-01,2006,1,4,Real activity / consumption,Not selected
Elastic net,2006 Q1,CMRMTSPLx,0,0,2006 Q1,2006-01-01,2006,1,4,Real activity / consumption,Not selected
Elastic net,2006 Q1,RETAILx,0,0,2006 Q1,2006-01-01,2006,1,4,Real activity / consumption,Not selected
Elastic net,2006 Q1,UNRATE,0,0,2006 Q1,2006-01-01,2006,1,4,Labor market,Not selected
Elastic net,2006 Q1,CLAIMSx,0,0,2006 Q1,2006-01-01,2006,1,4,Labor market,Not selected
Elastic net,2006 Q1,PAYEMS,0,0,2006 Q1,2006-01-01,2006,1,4,Labor market,Not selected
Elastic net,2006 Q1,AWHMAN,0,0,2006 Q1,2006-01-01,2006,1,4,Labor market,Not selected
Elastic net,2006 Q1,HOUST,0,0,2006 Q1,2006-01-01,2006,1,4,Housing,Not selected
Elastic net,2006 Q1,PERMIT,0,0,2006 Q1,2006-01-01,2006,1,4,Housing,Not selected
Elastic net,2006 Q1,M1SL,0,0,2006 Q1,2006-01-01,2006,1,4,Money and credit,Not selected
Elastic net,2006 Q1,M2SL,0,0,2006 Q1,2006-01-01,2006,1,4,Money and credit,Not selected
Elastic net,2006 Q1,BOGMBASE,0,0,2006 Q1,2006-01-01,2006,1,4,Money and credit,Not selected
Elastic net,2006 Q1,BUSLOANS,0,0,2006 Q1,2006-01-01,2006,1,4,Money and credit,Not selected
Elastic net,2006 Q1,NONREVSL,0,0,2006 Q1,2006-01-01,2006,1,4,Money and credit,Not selected
Elastic net,2006 Q1,CPIAUCSL,0,0,2006 Q1,2006-01-01,2006,1,4,Prices and commodities,Not selected
Elastic net,2006 Q1,PPICMM,0,0,2006 Q1,2006-01-01,2006,1,4,Prices and commodities,Not selected
Elastic net,2006 Q1,PCEPI,0,0,2006 Q1,2006-01-01,2006,1,4,Prices and commodities,Not selected
Elastic net,2006 Q1,OILPRICEx,0,0,2006 Q1,2006-01-01,2006,1,4,Prices and commodities,Not selected
Elastic net,2006 Q1,FEDFUNDS,0,0,2006 Q1,2006-01-01,2006,1,4,Financial / sentiment,Not selected
Elastic net,2006 Q1,TB3MS,0,0,2006 Q1,2006-01-01,2006,1,4,Financial / sentiment,Not selected
Elastic net,2006 Q1,GS10,0,0,2006 Q1,2006-01-01,2006,1,4,Financial / sentiment,Not selected
Elastic net,2006 Q1,AAA,0,0,2006 Q1,2006-01-01,2006,1,4,Financial / sentiment,Not selected
Elastic net,2006 Q1,BAA,0,0,2006 Q1,2006-01-01,2006,1,4,Financial / sentiment,Not selected
Elastic net,2006 Q1,S&P 500,0,0,2006 Q1,2006-01-01,2006,1,4,Financial / sentiment,Not selected
Elastic net,2006 Q1,VIXCLSx,0,0,2006 Q1,2006-01-01,2006,1,4,Financial / sentiment,Not selected
Elastic net,2006 Q1,UMCSENTx,0,0,2006 Q1,2006-01-01,2006,1,4,Financial / sentiment,Not selected
Elastic net,2006 Q1,TERM_SPREAD,0,0,2006 Q1,2006-01-01,2006,1,4,Financial / sentiment,Not selected
Elastic net,2006 Q1,CREDIT_SPREAD,0,0,2006 Q1,2006-01-01,2006,1,4,Financial / sentiment,Not selected
Elastic net,2006 Q2,RPI,1,1,2006 Q2,2006-04-01,2006,2,5,Real activity / consumption,Real activity / consumption
Elastic net,2006 Q2,DPCERA3M086SBEA,0,0,2006 Q2,2006-04-01,2006,2,5,Real activity / consumption,Not selected
Elastic net,2006 Q2,INDPRO,0,0,2006 Q2,2006-04-01,2006,2,5,Real activity / consumption,Not selected
Elastic net,2006 Q2,CMRMTSPLx,0,0,2006 Q2,2006-04-01,2006,2,5,Real activity / consumption,Not selected
Elastic net,2006 Q2,RETAILx,0,0,2006 Q2,2006-04-01,2006,2,5,Real activity / consumption,Not selected
Elastic net,2006 Q2,UNRATE,0,0,2006 Q2,2006-04-01,2006,2,5,Labor market,Not selected
Elastic net,2006 Q2,CLAIMSx,0,0,2006 Q2,2006-04-01,2006,2,5,Labor market,Not selected
Elastic net,2006 Q2,PAYEMS,0,0,2006 Q2,2006-04-01,2006,2,5,Labor market,Not selected
Elastic net,2006 Q2,AWHMAN,0,0,2006 Q2,2006-04-01,2006,2,5,Labor market,Not selected
Elastic net,2006 Q2,HOUST,0,0,2006 Q2,2006-04-01,2006,2,5,Housing,Not selected
Elastic net,2006 Q2,PERMIT,0,0,2006 Q2,2006-04-01,2006,2,5,Housing,Not selected
Elastic net,2006 Q2,M1SL,0,0,2006 Q2,2006-04-01,2006,2,5,Money and credit,Not selected
Elastic net,2006 Q2,M2SL,0,0,2006 Q2,2006-04-01,2006,2,5,Money and credit,Not selected
Elastic net,2006 Q2,BOGMBASE,0,0,2006 Q2,2006-04-01,2006,2,5,Money and credit,Not selected
Elastic net,2006 Q2,BUSLOANS,0,0,2006 Q2,2006-04-01,2006,2,5,Money and credit,Not selected
Elastic net,2006 Q2,NONREVSL,0,0,2006 Q2,2006-04-01,2006,2,5,Money and credit,Not selected
Elastic net,2006 Q2,CPIAUCSL,0,0,2006 Q2,2006-04-01,2006,2,5,Prices and commodities,Not selected
Elastic net,2006 Q2,PPICMM,0,0,2006 Q2,2006-04-01,2006,2,5,Prices and commodities,Not selected
Elastic net,2006 Q2,PCEPI,0,0,2006 Q2,2006-04-01,2006,2,5,Prices and commodities,Not selected
Elastic net,2006 Q2,OILPRICEx,0,0,2006 Q2,2006-04-01,2006,2,5,Prices and commodities,Not selected
Elastic net,2006 Q2,FEDFUNDS,0,0,2006 Q2,2006-04-01,2006,2,5,Financial / sentiment,Not selected
Elastic net,2006 Q2,TB3MS,0,0,2006 Q2,2006-04-01,2006,2,5,Financial / sentiment,Not selected
Elastic net,2006 Q2,GS10,0,0,2006 Q2,2006-04-01,2006,2,5,Financial / sentiment,Not selected
Elastic net,2006 Q2,AAA,0,0,2006 Q2,2006-04-01,2006,2,5,Financial / sentiment,Not selected
Elastic net,2006 Q2,BAA,0,0,2006 Q2,2006-04-01,2006,2,5,Financial / sentiment,Not selected
Elastic net,2006 Q2,S&P 500,0,0,2006 Q2,2006-04-01,2006,2,5,Financial / sentiment,Not selected
Elastic net,2006 Q2,VIXCLSx,0,0,2006 Q2,2006-04-01,2006,2,5,Financial / sentiment,Not selected
Elastic net,2006 Q2,UMCSENTx,0,0,2006 Q2,2006-04-01,2006,2,5,Financial / sentiment,Not selected
Elastic net,2006 Q2,TERM_SPREAD,0,0,2006 Q2,2006-04-01,2006,2,5,Financial / sentiment,Not selected
Elastic net,2006 Q2,CREDIT_SPREAD,0,0,2006 Q2,2006-04-01,2006,2,5,Financial / sentiment,Not selected
Elastic net,2006 Q3,RPI,1,1,2006 Q3,2006-07-01,2006,3,6,Real activity / consumption,Real activity / consumption
Elastic net,2006 Q3,DPCERA3M086SBEA,0,0,2006 Q3,2006-07-01,2006,3,6,Real activity / consumption,Not selected
Elastic net,2006 Q3,INDPRO,0,0,2006 Q3,2006-07-01,2006,3,6,Real activity / consumption,Not selected
Elastic net,2006 Q3,CMRMTSPLx,0,0,2006 Q3,2006-07-01,2006,3,6,Real activity / consumption,Not selected
Elastic net,2006 Q3,RETAILx,0,0,2006 Q3,2006-07-01,2006,3,6,Real activity / consumption,Not selected
Elastic net,2006 Q3,UNRATE,1,1,2006 Q3,2006-07-01,2006,3,6,Labor market,Labor market
Elastic net,2006 Q3,CLAIMSx,0,0,2006 Q3,2006-07-01,2006,3,6,Labor market,Not selected
Elastic net,2006 Q3,PAYEMS,0,0,2006 Q3,2006-07-01,2006,3,6,Labor market,Not selected
Elastic net,2006 Q3,AWHMAN,0,0,2006 Q3,2006-07-01,2006,3,6,Labor market,Not selected
Elastic net,2006 Q3,HOUST,0,0,2006 Q3,2006-07-01,2006,3,6,Housing,Not selected
Elastic net,2006 Q3,PERMIT,0,0,2006 Q3,2006-07-01,2006,3,6,Housing,Not selected
Elastic net,2006 Q3,M1SL,0,0,2006 Q3,2006-07-01,2006,3,6,Money and credit,Not selected
Elastic net,2006 Q3,M2SL,0,0,2006 Q3,2006-07-01,2006,3,6,Money and credit,Not selected
Elastic net,2006 Q3,BOGMBASE,0,0,2006 Q3,2006-07-01,2006,3,6,Money and credit,Not selected
Elastic net,2006 Q3,BUSLOANS,0,0,2006 Q3,2006-07-01,2006,3,6,Money and credit,Not selected
Elastic net,2006 Q3,NONREVSL,0,0,2006 Q3,2006-07-01,2006,3,6,Money and credit,Not selected
Elastic net,2006 Q3,CPIAUCSL,0,0,2006 Q3,2006-07-01,2006,3,6,Prices and commodities,Not selected
Elastic net,2006 Q3,PPICMM,0,0,2006 Q3,2006-07-01,2006,3,6,Prices and commodities,Not selected
Elastic net,2006 Q3,PCEPI,0,0,2006 Q3,2006-07-01,2006,3,6,Prices and commodities,Not selected
Elastic net,2006 Q3,OILPRICEx,0,0,2006 Q3,2006-07-01,2006,3,6,Prices and commodities,Not selected
Elastic net,2006 Q3,FEDFUNDS,0,0,2006 Q3,2006-07-01,2006,3,6,Financial / sentiment,Not selected
Elastic net,2006 Q3,TB3MS,0,0,2006 Q3,2006-07-01,2006,3,6,Financial / sentiment,Not selected
Elastic net,2006 Q3,GS10,0,0,2006 Q3,2006-07-01,2006,3,6,Financial / sentiment,Not selected
Elastic net,2006 Q3,AAA,0,0,2006 Q3,2006-07-01,2006,3,6,Financial / sentiment,Not selected
Elastic net,2006 Q3,BAA,0,0,2006 Q3,2006-07-01,2006,3,6,Financial / sentiment,Not selected
Elastic net,2006 Q3,S&P 500,1,1,2006 Q3,2006-07-01,2006,3,6,Financial / sentiment,Financial / sentiment
Elastic net,2006 Q3,VIXCLSx,0,0,2006 Q3,2006-07-01,2006,3,6,Financial / sentiment,Not selected
Elastic net,2006 Q3,UMCSENTx,0,0,2006 Q3,2006-07-01,2006,3,6,Financial / sentiment,Not selected
Elastic net,2006 Q3,TERM_SPREAD,0,0,2006 Q3,2006-07-01,2006,3,6,Financial / sentiment,Not selected
Elastic net,2006 Q3,CREDIT_SPREAD,0,0,2006 Q3,2006-07-01,2006,3,6,Financial / sentiment,Not selected
Elastic net,2006 Q4,RPI,1,1,2006 Q4,2006-10-01,2006,4,7,Real activity / consumption,Real activity / consumption
Elastic net,2006 Q4,DPCERA3M086SBEA,0,0,2006 Q4,2006-10-01,2006,4,7,Real activity / consumption,Not selected
Elastic net,2006 Q4,INDPRO,0,0,2006 Q4,2006-10-01,2006,4,7,Real activity / consumption,Not selected
Elastic net,2006 Q4,CMRMTSPLx,0,0,2006 Q4,2006-10-01,2006,4,7,Real activity / consumption,Not selected
Elastic net,2006 Q4,RETAILx,0,0,2006 Q4,2006-10-01,2006,4,7,Real activity / consumption,Not selected
Elastic net,2006 Q4,UNRATE,0,0,2006 Q4,2006-10-01,2006,4,7,Labor market,Not selected
Elastic net,2006 Q4,CLAIMSx,0,0,2006 Q4,2006-10-01,2006,4,7,Labor market,Not selected
Elastic net,2006 Q4,PAYEMS,0,0,2006 Q4,2006-10-01,2006,4,7,Labor market,Not selected
Elastic net,2006 Q4,AWHMAN,0,0,2006 Q4,2006-10-01,2006,4,7,Labor market,Not selected
Elastic net,2006 Q4,HOUST,0,0,2006 Q4,2006-10-01,2006,4,7,Housing,Not selected
Elastic net,2006 Q4,PERMIT,0,0,2006 Q4,2006-10-01,2006,4,7,Housing,Not selected
Elastic net,2006 Q4,M1SL,0,0,2006 Q4,2006-10-01,2006,4,7,Money and credit,Not selected
Elastic net,2006 Q4,M2SL,0,0,2006 Q4,2006-10-01,2006,4,7,Money and credit,Not selected
Elastic net,2006 Q4,BOGMBASE,0,0,2006 Q4,2006-10-01,2006,4,7,Money and credit,Not selected
Elastic net,2006 Q4,BUSLOANS,0,0,2006 Q4,2006-10-01,2006,4,7,Money and credit,Not selected
Elastic net,2006 Q4,NONREVSL,0,0,2006 Q4,2006-10-01,2006,4,7,Money and credit,Not selected
Elastic net,2006 Q4,CPIAUCSL,0,0,2006 Q4,2006-10-01,2006,4,7,Prices and commodities,Not selected
Elastic net,2006 Q4,PPICMM,0,0,2006 Q4,2006-10-01,2006,4,7,Prices and commodities,Not selected
Elastic net,2006 Q4,PCEPI,0,0,2006 Q4,2006-10-01,2006,4,7,Prices and commodities,Not selected
Elastic net,2006 Q4,OILPRICEx,0,0,2006 Q4,2006-10-01,2006,4,7,Prices and commodities,Not selected
Elastic net,2006 Q4,FEDFUNDS,0,0,2006 Q4,2006-10-01,2006,4,7,Financial / sentiment,Not selected
Elastic net,2006 Q4,TB3MS,0,0,2006 Q4,2006-10-01,2006,4,7,Financial / sentiment,Not selected
Elastic net,2006 Q4,GS10,0,0,2006 Q4,2006-10-01,2006,4,7,Financial / sentiment,Not selected
Elastic net,2006 Q4,AAA,0,0,2006 Q4,2006-10-01,2006,4,7,Financial / sentiment,Not selected
Elastic net,2006 Q4,BAA,0,0,2006 Q4,2006-10-01,2006,4,7,Financial / sentiment,Not selected
Elastic net,2006 Q4,S&P 500,0,0,2006 Q4,2006-10-01,2006,4,7,Financial / sentiment,Not selected
Elastic net,2006 Q4,VIXCLSx,0,0,2006 Q4,2006-10-01,2006,4,7,Financial / sentiment,Not selected
Elastic net,2006 Q4,UMCSENTx,0,0,2006 Q4,2006-10-01,2006,4,7,Financial / sentiment,Not selected
Elastic net,2006 Q4,TERM_SPREAD,0,0,2006 Q4,2006-10-01,2006,4,7,Financial / sentiment,Not selected
Elastic net,2006 Q4,CREDIT_SPREAD,0,0,2006 Q4,2006-10-01,2006,4,7,Financial / sentiment,Not selected
Elastic net,2007 Q1,RPI,0,0,2007 Q1,2007-01-01,2007,1,8,Real activity / consumption,Not selected
Elastic net,2007 Q1,DPCERA3M086SBEA,0,0,2007 Q1,2007-01-01,2007,1,8,Real activity / consumption,Not selected
Elastic net,2007 Q1,INDPRO,0,0,2007 Q1,2007-01-01,2007,1,8,Real activity / consumption,Not selected
Elastic net,2007 Q1,CMRMTSPLx,0,0,2007 Q1,2007-01-01,2007,1,8,Real activity / consumption,Not selected
Elastic net,2007 Q1,RETAILx,0,0,2007 Q1,2007-01-01,2007,1,8,Real activity / consumption,Not selected
Elastic net,2007 Q1,UNRATE,0,0,2007 Q1,2007-01-01,2007,1,8,Labor market,Not selected
Elastic net,2007 Q1,CLAIMSx,0,0,2007 Q1,2007-01-01,2007,1,8,Labor market,Not selected
Elastic net,2007 Q1,PAYEMS,0,0,2007 Q1,2007-01-01,2007,1,8,Labor market,Not selected
Elastic net,2007 Q1,AWHMAN,0,0,2007 Q1,2007-01-01,2007,1,8,Labor market,Not selected
Elastic net,2007 Q1,HOUST,0,0,2007 Q1,2007-01-01,2007,1,8,Housing,Not selected
Elastic net,2007 Q1,PERMIT,0,0,2007 Q1,2007-01-01,2007,1,8,Housing,Not selected
Elastic net,2007 Q1,M1SL,0,0,2007 Q1,2007-01-01,2007,1,8,Money and credit,Not selected
Elastic net,2007 Q1,M2SL,0,0,2007 Q1,2007-01-01,2007,1,8,Money and credit,Not selected
Elastic net,2007 Q1,BOGMBASE,0,0,2007 Q1,2007-01-01,2007,1,8,Money and credit,Not selected
Elastic net,2007 Q1,BUSLOANS,0,0,2007 Q1,2007-01-01,2007,1,8,Money and credit,Not selected
Elastic net,2007 Q1,NONREVSL,0,0,2007 Q1,2007-01-01,2007,1,8,Money and credit,Not selected
Elastic net,2007 Q1,CPIAUCSL,0,0,2007 Q1,2007-01-01,2007,1,8,Prices and commodities,Not selected
Elastic net,2007 Q1,PPICMM,0,0,2007 Q1,2007-01-01,2007,1,8,Prices and commodities,Not selected
Elastic net,2007 Q1,PCEPI,0,0,2007 Q1,2007-01-01,2007,1,8,Prices and commodities,Not selected
Elastic net,2007 Q1,OILPRICEx,0,0,2007 Q1,2007-01-01,2007,1,8,Prices and commodities,Not selected
Elastic net,2007 Q1,FEDFUNDS,0,0,2007 Q1,2007-01-01,2007,1,8,Financial / sentiment,Not selected
Elastic net,2007 Q1,TB3MS,0,0,2007 Q1,2007-01-01,2007,1,8,Financial / sentiment,Not selected
Elastic net,2007 Q1,GS10,0,0,2007 Q1,2007-01-01,2007,1,8,Financial / sentiment,Not selected
Elastic net,2007 Q1,AAA,0,0,2007 Q1,2007-01-01,2007,1,8,Financial / sentiment,Not selected
Elastic net,2007 Q1,BAA,0,0,2007 Q1,2007-01-01,2007,1,8,Financial / sentiment,Not selected
Elastic net,2007 Q1,S&P 500,0,0,2007 Q1,2007-01-01,2007,1,8,Financial / sentiment,Not selected
Elastic net,2007 Q1,VIXCLSx,0,0,2007 Q1,2007-01-01,2007,1,8,Financial / sentiment,Not selected
Elastic net,2007 Q1,UMCSENTx,0,0,2007 Q1,2007-01-01,2007,1,8,Financial / sentiment,Not selected
Elastic net,2007 Q1,TERM_SPREAD,0,0,2007 Q1,2007-01-01,2007,1,8,Financial / sentiment,Not selected
Elastic net,2007 Q1,CREDIT_SPREAD,0,0,2007 Q1,2007-01-01,2007,1,8,Financial / sentiment,Not selected
Elastic net,2007 Q2,RPI,0,0,2007 Q2,2007-04-01,2007,2,9,Real activity / consumption,Not selected
Elastic net,2007 Q2,DPCERA3M086SBEA,0,0,2007 Q2,2007-04-01,2007,2,9,Real activity / consumption,Not selected
Elastic net,2007 Q2,INDPRO,0,0,2007 Q2,2007-04-01,2007,2,9,Real activity / consumption,Not selected
Elastic net,2007 Q2,CMRMTSPLx,0,0,2007 Q2,2007-04-01,2007,2,9,Real activity / consumption,Not selected
Elastic net,2007 Q2,RETAILx,0,0,2007 Q2,2007-04-01,2007,2,9,Real activity / consumption,Not selected
Elastic net,2007 Q2,UNRATE,0,0,2007 Q2,2007-04-01,2007,2,9,Labor market,Not selected
Elastic net,2007 Q2,CLAIMSx,0,0,2007 Q2,2007-04-01,2007,2,9,Labor market,Not selected
Elastic net,2007 Q2,PAYEMS,0,0,2007 Q2,2007-04-01,2007,2,9,Labor market,Not selected
Elastic net,2007 Q2,AWHMAN,0,0,2007 Q2,2007-04-01,2007,2,9,Labor market,Not selected
Elastic net,2007 Q2,HOUST,0,0,2007 Q2,2007-04-01,2007,2,9,Housing,Not selected
Elastic net,2007 Q2,PERMIT,0,0,2007 Q2,2007-04-01,2007,2,9,Housing,Not selected
Elastic net,2007 Q2,M1SL,0,0,2007 Q2,2007-04-01,2007,2,9,Money and credit,Not selected
Elastic net,2007 Q2,M2SL,0,0,2007 Q2,2007-04-01,2007,2,9,Money and credit,Not selected
Elastic net,2007 Q2,BOGMBASE,0,0,2007 Q2,2007-04-01,2007,2,9,Money and credit,Not selected
Elastic net,2007 Q2,BUSLOANS,0,0,2007 Q2,2007-04-01,2007,2,9,Money and credit,Not selected
Elastic net,2007 Q2,NONREVSL,0,0,2007 Q2,2007-04-01,2007,2,9,Money and credit,Not selected
Elastic net,2007 Q2,CPIAUCSL,0,0,2007 Q2,2007-04-01,2007,2,9,Prices and commodities,Not selected
Elastic net,2007 Q2,PPICMM,0,0,2007 Q2,2007-04-01,2007,2,9,Prices and commodities,Not selected
Elastic net,2007 Q2,PCEPI,0,0,2007 Q2,2007-04-01,2007,2,9,Prices and commodities,Not selected
Elastic net,2007 Q2,OILPRICEx,0,0,2007 Q2,2007-04-01,2007,2,9,Prices and commodities,Not selected
Elastic net,2007 Q2,FEDFUNDS,0,0,2007 Q2,2007-04-01,2007,2,9,Financial / sentiment,Not selected
Elastic net,2007 Q2,TB3MS,0,0,2007 Q2,2007-04-01,2007,2,9,Financial / sentiment,Not selected
Elastic net,2007 Q2,GS10,0,0,2007 Q2,2007-04-01,2007,2,9,Financial / sentiment,Not selected
Elastic net,2007 Q2,AAA,0,0,2007 Q2,2007-04-01,2007,2,9,Financial / sentiment,Not selected
Elastic net,2007 Q2,BAA,0,0,2007 Q2,2007-04-01,2007,2,9,Financial / sentiment,Not selected
Elastic net,2007 Q2,S&P 500,0,0,2007 Q2,2007-04-01,2007,2,9,Financial / sentiment,Not selected
Elastic net,2007 Q2,VIXCLSx,0,0,2007 Q2,2007-04-01,2007,2,9,Financial / sentiment,Not selected
Elastic net,2007 Q2,UMCSENTx,0,0,2007 Q2,2007-04-01,2007,2,9,Financial / sentiment,Not selected
Elastic net,2007 Q2,TERM_SPREAD,0,0,2007 Q2,2007-04-01,2007,2,9,Financial / sentiment,Not selected
Elastic net,2007 Q2,CREDIT_SPREAD,0,0,2007 Q2,2007-04-01,2007,2,9,Financial / sentiment,Not selected
Elastic net,2007 Q3,RPI,0,0,2007 Q3,2007-07-01,2007,3,10,Real activity / consumption,Not selected
Elastic net,2007 Q3,DPCERA3M086SBEA,0,0,2007 Q3,2007-07-01,2007,3,10,Real activity / consumption,Not selected
Elastic net,2007 Q3,INDPRO,0,0,2007 Q3,2007-07-01,2007,3,10,Real activity / consumption,Not selected
Elastic net,2007 Q3,CMRMTSPLx,0,0,2007 Q3,2007-07-01,2007,3,10,Real activity / consumption,Not selected
Elastic net,2007 Q3,RETAILx,0,0,2007 Q3,2007-07-01,2007,3,10,Real activity / consumption,Not selected
Elastic net,2007 Q3,UNRATE,0,0,2007 Q3,2007-07-01,2007,3,10,Labor market,Not selected
Elastic net,2007 Q3,CLAIMSx,0,0,2007 Q3,2007-07-01,2007,3,10,Labor market,Not selected
Elastic net,2007 Q3,PAYEMS,0,0,2007 Q3,2007-07-01,2007,3,10,Labor market,Not selected
Elastic net,2007 Q3,AWHMAN,0,0,2007 Q3,2007-07-01,2007,3,10,Labor market,Not selected
Elastic net,2007 Q3,HOUST,0,0,2007 Q3,2007-07-01,2007,3,10,Housing,Not selected
Elastic net,2007 Q3,PERMIT,0,0,2007 Q3,2007-07-01,2007,3,10,Housing,Not selected
Elastic net,2007 Q3,M1SL,0,0,2007 Q3,2007-07-01,2007,3,10,Money and credit,Not selected
Elastic net,2007 Q3,M2SL,0,0,2007 Q3,2007-07-01,2007,3,10,Money and credit,Not selected
Elastic net,2007 Q3,BOGMBASE,0,0,2007 Q3,2007-07-01,2007,3,10,Money and credit,Not selected
Elastic net,2007 Q3,BUSLOANS,0,0,2007 Q3,2007-07-01,2007,3,10,Money and credit,Not selected
Elastic net,2007 Q3,NONREVSL,0,0,2007 Q3,2007-07-01,2007,3,10,Money and credit,Not selected
Elastic net,2007 Q3,CPIAUCSL,0,0,2007 Q3,2007-07-01,2007,3,10,Prices and commodities,Not selected
Elastic net,2007 Q3,PPICMM,0,0,2007 Q3,2007-07-01,2007,3,10,Prices and commodities,Not selected
Elastic net,2007 Q3,PCEPI,0,0,2007 Q3,2007-07-01,2007,3,10,Prices and commodities,Not selected
Elastic net,2007 Q3,OILPRICEx,0,0,2007 Q3,2007-07-01,2007,3,10,Prices and commodities,Not selected
Elastic net,2007 Q3,FEDFUNDS,0,0,2007 Q3,2007-07-01,2007,3,10,Financial / sentiment,Not selected
Elastic net,2007 Q3,TB3MS,0,0,2007 Q3,2007-07-01,2007,3,10,Financial / sentiment,Not selected
Elastic net,2007 Q3,GS10,0,0,2007 Q3,2007-07-01,2007,3,10,Financial / sentiment,Not selected
Elastic net,2007 Q3,AAA,0,0,2007 Q3,2007-07-01,2007,3,10,Financial / sentiment,Not selected
Elastic net,2007 Q3,BAA,0,0,2007 Q3,2007-07-01,2007,3,10,Financial / sentiment,Not selected
Elastic net,2007 Q3,S&P 500,0,0,2007 Q3,2007-07-01,2007,3,10,Financial / sentiment,Not selected
Elastic net,2007 Q3,VIXCLSx,0,0,2007 Q3,2007-07-01,2007,3,10,Financial / sentiment,Not selected
Elastic net,2007 Q3,UMCSENTx,0,0,2007 Q3,2007-07-01,2007,3,10,Financial / sentiment,Not selected
Elastic net,2007 Q3,TERM_SPREAD,0,0,2007 Q3,2007-07-01,2007,3,10,Financial / sentiment,Not selected
Elastic net,2007 Q3,CREDIT_SPREAD,0,0,2007 Q3,2007-07-01,2007,3,10,Financial / sentiment,Not selected
Elastic net,2007 Q4,RPI,0,0,2007 Q4,2007-10-01,2007,4,11,Real activity / consumption,Not selected
Elastic net,2007 Q4,DPCERA3M086SBEA,0,0,2007 Q4,2007-10-01,2007,4,11,Real activity / consumption,Not selected
Elastic net,2007 Q4,INDPRO,0,0,2007 Q4,2007-10-01,2007,4,11,Real activity / consumption,Not selected
Elastic net,2007 Q4,CMRMTSPLx,0,0,2007 Q4,2007-10-01,2007,4,11,Real activity / consumption,Not selected
Elastic net,2007 Q4,RETAILx,0,0,2007 Q4,2007-10-01,2007,4,11,Real activity / consumption,Not selected
Elastic net,2007 Q4,UNRATE,0,0,2007 Q4,2007-10-01,2007,4,11,Labor market,Not selected
Elastic net,2007 Q4,CLAIMSx,0,0,2007 Q4,2007-10-01,2007,4,11,Labor market,Not selected
Elastic net,2007 Q4,PAYEMS,0,0,2007 Q4,2007-10-01,2007,4,11,Labor market,Not selected
Elastic net,2007 Q4,AWHMAN,0,0,2007 Q4,2007-10-01,2007,4,11,Labor market,Not selected
Elastic net,2007 Q4,HOUST,0,0,2007 Q4,2007-10-01,2007,4,11,Housing,Not selected
Elastic net,2007 Q4,PERMIT,0,0,2007 Q4,2007-10-01,2007,4,11,Housing,Not selected
Elastic net,2007 Q4,M1SL,0,0,2007 Q4,2007-10-01,2007,4,11,Money and credit,Not selected
Elastic net,2007 Q4,M2SL,0,0,2007 Q4,2007-10-01,2007,4,11,Money and credit,Not selected
Elastic net,2007 Q4,BOGMBASE,0,0,2007 Q4,2007-10-01,2007,4,11,Money and credit,Not selected
Elastic net,2007 Q4,BUSLOANS,0,0,2007 Q4,2007-10-01,2007,4,11,Money and credit,Not selected
Elastic net,2007 Q4,NONREVSL,0,0,2007 Q4,2007-10-01,2007,4,11,Money and credit,Not selected
Elastic net,2007 Q4,CPIAUCSL,0,0,2007 Q4,2007-10-01,2007,4,11,Prices and commodities,Not selected
Elastic net,2007 Q4,PPICMM,0,0,2007 Q4,2007-10-01,2007,4,11,Prices and commodities,Not selected
Elastic net,2007 Q4,PCEPI,0,0,2007 Q4,2007-10-01,2007,4,11,Prices and commodities,Not selected
Elastic net,2007 Q4,OILPRICEx,0,0,2007 Q4,2007-10-01,2007,4,11,Prices and commodities,Not selected
Elastic net,2007 Q4,FEDFUNDS,0,0,2007 Q4,2007-10-01,2007,4,11,Financial / sentiment,Not selected
Elastic net,2007 Q4,TB3MS,0,0,2007 Q4,2007-10-01,2007,4,11,Financial / sentiment,Not selected
Elastic net,2007 Q4,GS10,0,0,2007 Q4,2007-10-01,2007,4,11,Financial / sentiment,Not selected
Elastic net,2007 Q4,AAA,0,0,2007 Q4,2007-10-01,2007,4,11,Financial / sentiment,Not selected
Elastic net,2007 Q4,BAA,0,0,2007 Q4,2007-10-01,2007,4,11,Financial / sentiment,Not selected
Elastic net,2007 Q4,S&P 500,0,0,2007 Q4,2007-10-01,2007,4,11,Financial / sentiment,Not selected
Elastic net,2007 Q4,VIXCLSx,0,0,2007 Q4,2007-10-01,2007,4,11,Financial / sentiment,Not selected
Elastic net,2007 Q4,UMCSENTx,0,0,2007 Q4,2007-10-01,2007,4,11,Financial / sentiment,Not selected
Elastic net,2007 Q4,TERM_SPREAD,0,0,2007 Q4,2007-10-01,2007,4,11,Financial / sentiment,Not selected
Elastic net,2007 Q4,CREDIT_SPREAD,0,0,2007 Q4,2007-10-01,2007,4,11,Financial / sentiment,Not selected
Elastic net,2008 Q1,RPI,1,1,2008 Q1,2008-01-01,2008,1,12,Real activity / consumption,Real activity / consumption
Elastic net,2008 Q1,DPCERA3M086SBEA,0,0,2008 Q1,2008-01-01,2008,1,12,Real activity / consumption,Not selected
Elastic net,2008 Q1,INDPRO,0,0,2008 Q1,2008-01-01,2008,1,12,Real activity / consumption,Not selected
Elastic net,2008 Q1,CMRMTSPLx,0,0,2008 Q1,2008-01-01,2008,1,12,Real activity / consumption,Not selected
Elastic net,2008 Q1,RETAILx,0,0,2008 Q1,2008-01-01,2008,1,12,Real activity / consumption,Not selected
Elastic net,2008 Q1,UNRATE,1,1,2008 Q1,2008-01-01,2008,1,12,Labor market,Labor market
Elastic net,2008 Q1,CLAIMSx,0,0,2008 Q1,2008-01-01,2008,1,12,Labor market,Not selected
Elastic net,2008 Q1,PAYEMS,0,0,2008 Q1,2008-01-01,2008,1,12,Labor market,Not selected
Elastic net,2008 Q1,AWHMAN,0,0,2008 Q1,2008-01-01,2008,1,12,Labor market,Not selected
Elastic net,2008 Q1,HOUST,0,0,2008 Q1,2008-01-01,2008,1,12,Housing,Not selected
Elastic net,2008 Q1,PERMIT,0,0,2008 Q1,2008-01-01,2008,1,12,Housing,Not selected
Elastic net,2008 Q1,M1SL,0,0,2008 Q1,2008-01-01,2008,1,12,Money and credit,Not selected
Elastic net,2008 Q1,M2SL,0,0,2008 Q1,2008-01-01,2008,1,12,Money and credit,Not selected
Elastic net,2008 Q1,BOGMBASE,1,1,2008 Q1,2008-01-01,2008,1,12,Money and credit,Money and credit
Elastic net,2008 Q1,BUSLOANS,0,0,2008 Q1,2008-01-01,2008,1,12,Money and credit,Not selected
Elastic net,2008 Q1,NONREVSL,0,0,2008 Q1,2008-01-01,2008,1,12,Money and credit,Not selected
Elastic net,2008 Q1,CPIAUCSL,0,0,2008 Q1,2008-01-01,2008,1,12,Prices and commodities,Not selected
Elastic net,2008 Q1,PPICMM,0,0,2008 Q1,2008-01-01,2008,1,12,Prices and commodities,Not selected
Elastic net,2008 Q1,PCEPI,0,0,2008 Q1,2008-01-01,2008,1,12,Prices and commodities,Not selected
Elastic net,2008 Q1,OILPRICEx,0,0,2008 Q1,2008-01-01,2008,1,12,Prices and commodities,Not selected
Elastic net,2008 Q1,FEDFUNDS,0,0,2008 Q1,2008-01-01,2008,1,12,Financial / sentiment,Not selected
Elastic net,2008 Q1,TB3MS,0,0,2008 Q1,2008-01-01,2008,1,12,Financial / sentiment,Not selected
Elastic net,2008 Q1,GS10,0,0,2008 Q1,2008-01-01,2008,1,12,Financial / sentiment,Not selected
Elastic net,2008 Q1,AAA,0,0,2008 Q1,2008-01-01,2008,1,12,Financial / sentiment,Not selected
Elastic net,2008 Q1,BAA,0,0,2008 Q1,2008-01-01,2008,1,12,Financial / sentiment,Not selected
Elastic net,2008 Q1,S&P 500,0,0,2008 Q1,2008-01-01,2008,1,12,Financial / sentiment,Not selected
Elastic net,2008 Q1,VIXCLSx,0,0,2008 Q1,2008-01-01,2008,1,12,Financial / sentiment,Not selected
Elastic net,2008 Q1,UMCSENTx,0,0,2008 Q1,2008-01-01,2008,1,12,Financial / sentiment,Not selected
Elastic net,2008 Q1,TERM_SPREAD,0,0,2008 Q1,2008-01-01,2008,1,12,Financial / sentiment,Not selected
Elastic net,2008 Q1,CREDIT_SPREAD,0,0,2008 Q1,2008-01-01,2008,1,12,Financial / sentiment,Not selected
Elastic net,2008 Q2,RPI,1,1,2008 Q2,2008-04-01,2008,2,13,Real activity / consumption,Real activity / consumption
Elastic net,2008 Q2,DPCERA3M086SBEA,0,0,2008 Q2,2008-04-01,2008,2,13,Real activity / consumption,Not selected
Elastic net,2008 Q2,INDPRO,0,0,2008 Q2,2008-04-01,2008,2,13,Real activity / consumption,Not selected
Elastic net,2008 Q2,CMRMTSPLx,0,0,2008 Q2,2008-04-01,2008,2,13,Real activity / consumption,Not selected
Elastic net,2008 Q2,RETAILx,0,0,2008 Q2,2008-04-01,2008,2,13,Real activity / consumption,Not selected
Elastic net,2008 Q2,UNRATE,1,1,2008 Q2,2008-04-01,2008,2,13,Labor market,Labor market
Elastic net,2008 Q2,CLAIMSx,0,0,2008 Q2,2008-04-01,2008,2,13,Labor market,Not selected
Elastic net,2008 Q2,PAYEMS,0,0,2008 Q2,2008-04-01,2008,2,13,Labor market,Not selected
Elastic net,2008 Q2,AWHMAN,0,0,2008 Q2,2008-04-01,2008,2,13,Labor market,Not selected
Elastic net,2008 Q2,HOUST,0,0,2008 Q2,2008-04-01,2008,2,13,Housing,Not selected
Elastic net,2008 Q2,PERMIT,0,0,2008 Q2,2008-04-01,2008,2,13,Housing,Not selected
Elastic net,2008 Q2,M1SL,0,0,2008 Q2,2008-04-01,2008,2,13,Money and credit,Not selected
Elastic net,2008 Q2,M2SL,0,0,2008 Q2,2008-04-01,2008,2,13,Money and credit,Not selected
Elastic net,2008 Q2,BOGMBASE,0,0,2008 Q2,2008-04-01,2008,2,13,Money and credit,Not selected
Elastic net,2008 Q2,BUSLOANS,0,0,2008 Q2,2008-04-01,2008,2,13,Money and credit,Not selected
Elastic net,2008 Q2,NONREVSL,0,0,2008 Q2,2008-04-01,2008,2,13,Money and credit,Not selected
Elastic net,2008 Q2,CPIAUCSL,0,0,2008 Q2,2008-04-01,2008,2,13,Prices and commodities,Not selected
Elastic net,2008 Q2,PPICMM,0,0,2008 Q2,2008-04-01,2008,2,13,Prices and commodities,Not selected
Elastic net,2008 Q2,PCEPI,0,0,2008 Q2,2008-04-01,2008,2,13,Prices and commodities,Not selected
Elastic net,2008 Q2,OILPRICEx,0,0,2008 Q2,2008-04-01,2008,2,13,Prices and commodities,Not selected
Elastic net,2008 Q2,FEDFUNDS,0,0,2008 Q2,2008-04-01,2008,2,13,Financial / sentiment,Not selected
Elastic net,2008 Q2,TB3MS,0,0,2008 Q2,2008-04-01,2008,2,13,Financial / sentiment,Not selected
Elastic net,2008 Q2,GS10,0,0,2008 Q2,2008-04-01,2008,2,13,Financial / sentiment,Not selected
Elastic net,2008 Q2,AAA,0,0,2008 Q2,2008-04-01,2008,2,13,Financial / sentiment,Not selected
Elastic net,2008 Q2,BAA,0,0,2008 Q2,2008-04-01,2008,2,13,Financial / sentiment,Not selected
Elastic net,2008 Q2,S&P 500,0,0,2008 Q2,2008-04-01,2008,2,13,Financial / sentiment,Not selected
Elastic net,2008 Q2,VIXCLSx,0,0,2008 Q2,2008-04-01,2008,2,13,Financial / sentiment,Not selected
Elastic net,2008 Q2,UMCSENTx,0,0,2008 Q2,2008-04-01,2008,2,13,Financial / sentiment,Not selected
Elastic net,2008 Q2,TERM_SPREAD,0,0,2008 Q2,2008-04-01,2008,2,13,Financial / sentiment,Not selected
Elastic net,2008 Q2,CREDIT_SPREAD,0,0,2008 Q2,2008-04-01,2008,2,13,Financial / sentiment,Not selected
Elastic net,2008 Q3,RPI,0,0,2008 Q3,2008-07-01,2008,3,14,Real activity / consumption,Not selected
Elastic net,2008 Q3,DPCERA3M086SBEA,0,0,2008 Q3,2008-07-01,2008,3,14,Real activity / consumption,Not selected
Elastic net,2008 Q3,INDPRO,0,0,2008 Q3,2008-07-01,2008,3,14,Real activity / consumption,Not selected
Elastic net,2008 Q3,CMRMTSPLx,0,0,2008 Q3,2008-07-01,2008,3,14,Real activity / consumption,Not selected
Elastic net,2008 Q3,RETAILx,0,0,2008 Q3,2008-07-01,2008,3,14,Real activity / consumption,Not selected
Elastic net,2008 Q3,UNRATE,0,0,2008 Q3,2008-07-01,2008,3,14,Labor market,Not selected
Elastic net,2008 Q3,CLAIMSx,0,0,2008 Q3,2008-07-01,2008,3,14,Labor market,Not selected
Elastic net,2008 Q3,PAYEMS,0,0,2008 Q3,2008-07-01,2008,3,14,Labor market,Not selected
Elastic net,2008 Q3,AWHMAN,0,0,2008 Q3,2008-07-01,2008,3,14,Labor market,Not selected
Elastic net,2008 Q3,HOUST,0,0,2008 Q3,2008-07-01,2008,3,14,Housing,Not selected
Elastic net,2008 Q3,PERMIT,0,0,2008 Q3,2008-07-01,2008,3,14,Housing,Not selected
Elastic net,2008 Q3,M1SL,0,0,2008 Q3,2008-07-01,2008,3,14,Money and credit,Not selected
Elastic net,2008 Q3,M2SL,0,0,2008 Q3,2008-07-01,2008,3,14,Money and credit,Not selected
Elastic net,2008 Q3,BOGMBASE,0,0,2008 Q3,2008-07-01,2008,3,14,Money and credit,Not selected
Elastic net,2008 Q3,BUSLOANS,0,0,2008 Q3,2008-07-01,2008,3,14,Money and credit,Not selected
Elastic net,2008 Q3,NONREVSL,0,0,2008 Q3,2008-07-01,2008,3,14,Money and credit,Not selected
Elastic net,2008 Q3,CPIAUCSL,0,0,2008 Q3,2008-07-01,2008,3,14,Prices and commodities,Not selected
Elastic net,2008 Q3,PPICMM,0,0,2008 Q3,2008-07-01,2008,3,14,Prices and commodities,Not selected
Elastic net,2008 Q3,PCEPI,0,0,2008 Q3,2008-07-01,2008,3,14,Prices and commodities,Not selected
Elastic net,2008 Q3,OILPRICEx,0,0,2008 Q3,2008-07-01,2008,3,14,Prices and commodities,Not selected
Elastic net,2008 Q3,FEDFUNDS,0,0,2008 Q3,2008-07-01,2008,3,14,Financial / sentiment,Not selected
Elastic net,2008 Q3,TB3MS,0,0,2008 Q3,2008-07-01,2008,3,14,Financial / sentiment,Not selected
Elastic net,2008 Q3,GS10,0,0,2008 Q3,2008-07-01,2008,3,14,Financial / sentiment,Not selected
Elastic net,2008 Q3,AAA,0,0,2008 Q3,2008-07-01,2008,3,14,Financial / sentiment,Not selected
Elastic net,2008 Q3,BAA,0,0,2008 Q3,2008-07-01,2008,3,14,Financial / sentiment,Not selected
Elastic net,2008 Q3,S&P 500,0,0,2008 Q3,2008-07-01,2008,3,14,Financial / sentiment,Not selected
Elastic net,2008 Q3,VIXCLSx,0,0,2008 Q3,2008-07-01,2008,3,14,Financial / sentiment,Not selected
Elastic net,2008 Q3,UMCSENTx,0,0,2008 Q3,2008-07-01,2008,3,14,Financial / sentiment,Not selected
Elastic net,2008 Q3,TERM_SPREAD,0,0,2008 Q3,2008-07-01,2008,3,14,Financial / sentiment,Not selected
Elastic net,2008 Q3,CREDIT_SPREAD,0,0,2008 Q3,2008-07-01,2008,3,14,Financial / sentiment,Not selected
Elastic net,2008 Q4,RPI,0,0,2008 Q4,2008-10-01,2008,4,15,Real activity / consumption,Not selected
Elastic net,2008 Q4,DPCERA3M086SBEA,0,0,2008 Q4,2008-10-01,2008,4,15,Real activity / consumption,Not selected
Elastic net,2008 Q4,INDPRO,0,0,2008 Q4,2008-10-01,2008,4,15,Real activity / consumption,Not selected
Elastic net,2008 Q4,CMRMTSPLx,0,0,2008 Q4,2008-10-01,2008,4,15,Real activity / consumption,Not selected
Elastic net,2008 Q4,RETAILx,0,0,2008 Q4,2008-10-01,2008,4,15,Real activity / consumption,Not selected
Elastic net,2008 Q4,UNRATE,0,0,2008 Q4,2008-10-01,2008,4,15,Labor market,Not selected
Elastic net,2008 Q4,CLAIMSx,0,0,2008 Q4,2008-10-01,2008,4,15,Labor market,Not selected
Elastic net,2008 Q4,PAYEMS,0,0,2008 Q4,2008-10-01,2008,4,15,Labor market,Not selected
Elastic net,2008 Q4,AWHMAN,0,0,2008 Q4,2008-10-01,2008,4,15,Labor market,Not selected
Elastic net,2008 Q4,HOUST,0,0,2008 Q4,2008-10-01,2008,4,15,Housing,Not selected
Elastic net,2008 Q4,PERMIT,0,0,2008 Q4,2008-10-01,2008,4,15,Housing,Not selected
Elastic net,2008 Q4,M1SL,0,0,2008 Q4,2008-10-01,2008,4,15,Money and credit,Not selected
Elastic net,2008 Q4,M2SL,0,0,2008 Q4,2008-10-01,2008,4,15,Money and credit,Not selected
Elastic net,2008 Q4,BOGMBASE,0,0,2008 Q4,2008-10-01,2008,4,15,Money and credit,Not selected
Elastic net,2008 Q4,BUSLOANS,0,0,2008 Q4,2008-10-01,2008,4,15,Money and credit,Not selected
Elastic net,2008 Q4,NONREVSL,0,0,2008 Q4,2008-10-01,2008,4,15,Money and credit,Not selected
Elastic net,2008 Q4,CPIAUCSL,0,0,2008 Q4,2008-10-01,2008,4,15,Prices and commodities,Not selected
Elastic net,2008 Q4,PPICMM,0,0,2008 Q4,2008-10-01,2008,4,15,Prices and commodities,Not selected
Elastic net,2008 Q4,PCEPI,0,0,2008 Q4,2008-10-01,2008,4,15,Prices and commodities,Not selected
Elastic net,2008 Q4,OILPRICEx,0,0,2008 Q4,2008-10-01,2008,4,15,Prices and commodities,Not selected
Elastic net,2008 Q4,FEDFUNDS,0,0,2008 Q4,2008-10-01,2008,4,15,Financial / sentiment,Not selected
Elastic net,2008 Q4,TB3MS,0,0,2008 Q4,2008-10-01,2008,4,15,Financial / sentiment,Not selected
Elastic net,2008 Q4,GS10,0,0,2008 Q4,2008-10-01,2008,4,15,Financial / sentiment,Not selected
Elastic net,2008 Q4,AAA,0,0,2008 Q4,2008-10-01,2008,4,15,Financial / sentiment,Not selected
Elastic net,2008 Q4,BAA,0,0,2008 Q4,2008-10-01,2008,4,15,Financial / sentiment,Not selected
Elastic net,2008 Q4,S&P 500,0,0,2008 Q4,2008-10-01,2008,4,15,Financial / sentiment,Not selected
Elastic net,2008 Q4,VIXCLSx,0,0,2008 Q4,2008-10-01,2008,4,15,Financial / sentiment,Not selected
Elastic net,2008 Q4,UMCSENTx,0,0,2008 Q4,2008-10-01,2008,4,15,Financial / sentiment,Not selected
Elastic net,2008 Q4,TERM_SPREAD,0,0,2008 Q4,2008-10-01,2008,4,15,Financial / sentiment,Not selected
Elastic net,2008 Q4,CREDIT_SPREAD,0,0,2008 Q4,2008-10-01,2008,4,15,Financial / sentiment,Not selected
Elastic net,2009 Q1,RPI,0,0,2009 Q1,2009-01-01,2009,1,16,Real activity / consumption,Not selected
Elastic net,2009 Q1,DPCERA3M086SBEA,0,0,2009 Q1,2009-01-01,2009,1,16,Real activity / consumption,Not selected
Elastic net,2009 Q1,INDPRO,0,0,2009 Q1,2009-01-01,2009,1,16,Real activity / consumption,Not selected
Elastic net,2009 Q1,CMRMTSPLx,0,0,2009 Q1,2009-01-01,2009,1,16,Real activity / consumption,Not selected
Elastic net,2009 Q1,RETAILx,0,0,2009 Q1,2009-01-01,2009,1,16,Real activity / consumption,Not selected
Elastic net,2009 Q1,UNRATE,0,0,2009 Q1,2009-01-01,2009,1,16,Labor market,Not selected
Elastic net,2009 Q1,CLAIMSx,0,0,2009 Q1,2009-01-01,2009,1,16,Labor market,Not selected
Elastic net,2009 Q1,PAYEMS,0,0,2009 Q1,2009-01-01,2009,1,16,Labor market,Not selected
Elastic net,2009 Q1,AWHMAN,0,0,2009 Q1,2009-01-01,2009,1,16,Labor market,Not selected
Elastic net,2009 Q1,HOUST,0,0,2009 Q1,2009-01-01,2009,1,16,Housing,Not selected
Elastic net,2009 Q1,PERMIT,0,0,2009 Q1,2009-01-01,2009,1,16,Housing,Not selected
Elastic net,2009 Q1,M1SL,0,0,2009 Q1,2009-01-01,2009,1,16,Money and credit,Not selected
Elastic net,2009 Q1,M2SL,0,0,2009 Q1,2009-01-01,2009,1,16,Money and credit,Not selected
Elastic net,2009 Q1,BOGMBASE,0,0,2009 Q1,2009-01-01,2009,1,16,Money and credit,Not selected
Elastic net,2009 Q1,BUSLOANS,0,0,2009 Q1,2009-01-01,2009,1,16,Money and credit,Not selected
Elastic net,2009 Q1,NONREVSL,0,0,2009 Q1,2009-01-01,2009,1,16,Money and credit,Not selected
Elastic net,2009 Q1,CPIAUCSL,0,0,2009 Q1,2009-01-01,2009,1,16,Prices and commodities,Not selected
Elastic net,2009 Q1,PPICMM,0,0,2009 Q1,2009-01-01,2009,1,16,Prices and commodities,Not selected
Elastic net,2009 Q1,PCEPI,0,0,2009 Q1,2009-01-01,2009,1,16,Prices and commodities,Not selected
Elastic net,2009 Q1,OILPRICEx,0,0,2009 Q1,2009-01-01,2009,1,16,Prices and commodities,Not selected
Elastic net,2009 Q1,FEDFUNDS,0,0,2009 Q1,2009-01-01,2009,1,16,Financial / sentiment,Not selected
Elastic net,2009 Q1,TB3MS,0,0,2009 Q1,2009-01-01,2009,1,16,Financial / sentiment,Not selected
Elastic net,2009 Q1,GS10,0,0,2009 Q1,2009-01-01,2009,1,16,Financial / sentiment,Not selected
Elastic net,2009 Q1,AAA,0,0,2009 Q1,2009-01-01,2009,1,16,Financial / sentiment,Not selected
Elastic net,2009 Q1,BAA,0,0,2009 Q1,2009-01-01,2009,1,16,Financial / sentiment,Not selected
Elastic net,2009 Q1,S&P 500,0,0,2009 Q1,2009-01-01,2009,1,16,Financial / sentiment,Not selected
Elastic net,2009 Q1,VIXCLSx,0,0,2009 Q1,2009-01-01,2009,1,16,Financial / sentiment,Not selected
Elastic net,2009 Q1,UMCSENTx,0,0,2009 Q1,2009-01-01,2009,1,16,Financial / sentiment,Not selected
Elastic net,2009 Q1,TERM_SPREAD,0,0,2009 Q1,2009-01-01,2009,1,16,Financial / sentiment,Not selected
Elastic net,2009 Q1,CREDIT_SPREAD,0,0,2009 Q1,2009-01-01,2009,1,16,Financial / sentiment,Not selected
Elastic net,2009 Q2,RPI,0,0,2009 Q2,2009-04-01,2009,2,17,Real activity / consumption,Not selected
Elastic net,2009 Q2,DPCERA3M086SBEA,1,1,2009 Q2,2009-04-01,2009,2,17,Real activity / consumption,Real activity / consumption
Elastic net,2009 Q2,INDPRO,0,0,2009 Q2,2009-04-01,2009,2,17,Real activity / consumption,Not selected
Elastic net,2009 Q2,CMRMTSPLx,0,0,2009 Q2,2009-04-01,2009,2,17,Real activity / consumption,Not selected
Elastic net,2009 Q2,RETAILx,0,0,2009 Q2,2009-04-01,2009,2,17,Real activity / consumption,Not selected
Elastic net,2009 Q2,UNRATE,0,0,2009 Q2,2009-04-01,2009,2,17,Labor market,Not selected
Elastic net,2009 Q2,CLAIMSx,0,0,2009 Q2,2009-04-01,2009,2,17,Labor market,Not selected
Elastic net,2009 Q2,PAYEMS,0,0,2009 Q2,2009-04-01,2009,2,17,Labor market,Not selected
Elastic net,2009 Q2,AWHMAN,0,0,2009 Q2,2009-04-01,2009,2,17,Labor market,Not selected
Elastic net,2009 Q2,HOUST,0,0,2009 Q2,2009-04-01,2009,2,17,Housing,Not selected
Elastic net,2009 Q2,PERMIT,0,0,2009 Q2,2009-04-01,2009,2,17,Housing,Not selected
Elastic net,2009 Q2,M1SL,0,0,2009 Q2,2009-04-01,2009,2,17,Money and credit,Not selected
Elastic net,2009 Q2,M2SL,0,0,2009 Q2,2009-04-01,2009,2,17,Money and credit,Not selected
Elastic net,2009 Q2,BOGMBASE,0,0,2009 Q2,2009-04-01,2009,2,17,Money and credit,Not selected
Elastic net,2009 Q2,BUSLOANS,0,0,2009 Q2,2009-04-01,2009,2,17,Money and credit,Not selected
Elastic net,2009 Q2,NONREVSL,0,0,2009 Q2,2009-04-01,2009,2,17,Money and credit,Not selected
Elastic net,2009 Q2,CPIAUCSL,0,0,2009 Q2,2009-04-01,2009,2,17,Prices and commodities,Not selected
Elastic net,2009 Q2,PPICMM,0,0,2009 Q2,2009-04-01,2009,2,17,Prices and commodities,Not selected
Elastic net,2009 Q2,PCEPI,0,0,2009 Q2,2009-04-01,2009,2,17,Prices and commodities,Not selected
Elastic net,2009 Q2,OILPRICEx,0,0,2009 Q2,2009-04-01,2009,2,17,Prices and commodities,Not selected
Elastic net,2009 Q2,FEDFUNDS,0,0,2009 Q2,2009-04-01,2009,2,17,Financial / sentiment,Not selected
Elastic net,2009 Q2,TB3MS,0,0,2009 Q2,2009-04-01,2009,2,17,Financial / sentiment,Not selected
Elastic net,2009 Q2,GS10,0,0,2009 Q2,2009-04-01,2009,2,17,Financial / sentiment,Not selected
Elastic net,2009 Q2,AAA,0,0,2009 Q2,2009-04-01,2009,2,17,Financial / sentiment,Not selected
Elastic net,2009 Q2,BAA,0,0,2009 Q2,2009-04-01,2009,2,17,Financial / sentiment,Not selected
Elastic net,2009 Q2,S&P 500,0,0,2009 Q2,2009-04-01,2009,2,17,Financial / sentiment,Not selected
Elastic net,2009 Q2,VIXCLSx,0,0,2009 Q2,2009-04-01,2009,2,17,Financial / sentiment,Not selected
Elastic net,2009 Q2,UMCSENTx,0,0,2009 Q2,2009-04-01,2009,2,17,Financial / sentiment,Not selected
Elastic net,2009 Q2,TERM_SPREAD,0,0,2009 Q2,2009-04-01,2009,2,17,Financial / sentiment,Not selected
Elastic net,2009 Q2,CREDIT_SPREAD,0,0,2009 Q2,2009-04-01,2009,2,17,Financial / sentiment,Not selected
Elastic net,2009 Q3,RPI,0,0,2009 Q3,2009-07-01,2009,3,18,Real activity / consumption,Not selected
Elastic net,2009 Q3,DPCERA3M086SBEA,1,1,2009 Q3,2009-07-01,2009,3,18,Real activity / consumption,Real activity / consumption
Elastic net,2009 Q3,INDPRO,0,0,2009 Q3,2009-07-01,2009,3,18,Real activity / consumption,Not selected
Elastic net,2009 Q3,CMRMTSPLx,0,0,2009 Q3,2009-07-01,2009,3,18,Real activity / consumption,Not selected
Elastic net,2009 Q3,RETAILx,0,0,2009 Q3,2009-07-01,2009,3,18,Real activity / consumption,Not selected
Elastic net,2009 Q3,UNRATE,0,0,2009 Q3,2009-07-01,2009,3,18,Labor market,Not selected
Elastic net,2009 Q3,CLAIMSx,0,0,2009 Q3,2009-07-01,2009,3,18,Labor market,Not selected
Elastic net,2009 Q3,PAYEMS,0,0,2009 Q3,2009-07-01,2009,3,18,Labor market,Not selected
Elastic net,2009 Q3,AWHMAN,0,0,2009 Q3,2009-07-01,2009,3,18,Labor market,Not selected
Elastic net,2009 Q3,HOUST,0,0,2009 Q3,2009-07-01,2009,3,18,Housing,Not selected
Elastic net,2009 Q3,PERMIT,0,0,2009 Q3,2009-07-01,2009,3,18,Housing,Not selected
Elastic net,2009 Q3,M1SL,0,0,2009 Q3,2009-07-01,2009,3,18,Money and credit,Not selected
Elastic net,2009 Q3,M2SL,0,0,2009 Q3,2009-07-01,2009,3,18,Money and credit,Not selected
Elastic net,2009 Q3,BOGMBASE,0,0,2009 Q3,2009-07-01,2009,3,18,Money and credit,Not selected
Elastic net,2009 Q3,BUSLOANS,0,0,2009 Q3,2009-07-01,2009,3,18,Money and credit,Not selected
Elastic net,2009 Q3,NONREVSL,0,0,2009 Q3,2009-07-01,2009,3,18,Money and credit,Not selected
Elastic net,2009 Q3,CPIAUCSL,0,0,2009 Q3,2009-07-01,2009,3,18,Prices and commodities,Not selected
Elastic net,2009 Q3,PPICMM,0,0,2009 Q3,2009-07-01,2009,3,18,Prices and commodities,Not selected
Elastic net,2009 Q3,PCEPI,0,0,2009 Q3,2009-07-01,2009,3,18,Prices and commodities,Not selected
Elastic net,2009 Q3,OILPRICEx,0,0,2009 Q3,2009-07-01,2009,3,18,Prices and commodities,Not selected
Elastic net,2009 Q3,FEDFUNDS,0,0,2009 Q3,2009-07-01,2009,3,18,Financial / sentiment,Not selected
Elastic net,2009 Q3,TB3MS,0,0,2009 Q3,2009-07-01,2009,3,18,Financial / sentiment,Not selected
Elastic net,2009 Q3,GS10,0,0,2009 Q3,2009-07-01,2009,3,18,Financial / sentiment,Not selected
Elastic net,2009 Q3,AAA,0,0,2009 Q3,2009-07-01,2009,3,18,Financial / sentiment,Not selected
Elastic net,2009 Q3,BAA,0,0,2009 Q3,2009-07-01,2009,3,18,Financial / sentiment,Not selected
Elastic net,2009 Q3,S&P 500,0,0,2009 Q3,2009-07-01,2009,3,18,Financial / sentiment,Not selected
Elastic net,2009 Q3,VIXCLSx,0,0,2009 Q3,2009-07-01,2009,3,18,Financial / sentiment,Not selected
Elastic net,2009 Q3,UMCSENTx,0,0,2009 Q3,2009-07-01,2009,3,18,Financial / sentiment,Not selected
Elastic net,2009 Q3,TERM_SPREAD,0,0,2009 Q3,2009-07-01,2009,3,18,Financial / sentiment,Not selected
Elastic net,2009 Q3,CREDIT_SPREAD,0,0,2009 Q3,2009-07-01,2009,3,18,Financial / sentiment,Not selected
Elastic net,2009 Q4,RPI,0,0,2009 Q4,2009-10-01,2009,4,19,Real activity / consumption,Not selected
Elastic net,2009 Q4,DPCERA3M086SBEA,0,0,2009 Q4,2009-10-01,2009,4,19,Real activity / consumption,Not selected
Elastic net,2009 Q4,INDPRO,0,0,2009 Q4,2009-10-01,2009,4,19,Real activity / consumption,Not selected
Elastic net,2009 Q4,CMRMTSPLx,0,0,2009 Q4,2009-10-01,2009,4,19,Real activity / consumption,Not selected
Elastic net,2009 Q4,RETAILx,0,0,2009 Q4,2009-10-01,2009,4,19,Real activity / consumption,Not selected
Elastic net,2009 Q4,UNRATE,0,0,2009 Q4,2009-10-01,2009,4,19,Labor market,Not selected
Elastic net,2009 Q4,CLAIMSx,0,0,2009 Q4,2009-10-01,2009,4,19,Labor market,Not selected
Elastic net,2009 Q4,PAYEMS,0,0,2009 Q4,2009-10-01,2009,4,19,Labor market,Not selected
Elastic net,2009 Q4,AWHMAN,0,0,2009 Q4,2009-10-01,2009,4,19,Labor market,Not selected
Elastic net,2009 Q4,HOUST,0,0,2009 Q4,2009-10-01,2009,4,19,Housing,Not selected
Elastic net,2009 Q4,PERMIT,0,0,2009 Q4,2009-10-01,2009,4,19,Housing,Not selected
Elastic net,2009 Q4,M1SL,0,0,2009 Q4,2009-10-01,2009,4,19,Money and credit,Not selected
Elastic net,2009 Q4,M2SL,0,0,2009 Q4,2009-10-01,2009,4,19,Money and credit,Not selected
Elastic net,2009 Q4,BOGMBASE,0,0,2009 Q4,2009-10-01,2009,4,19,Money and credit,Not selected
Elastic net,2009 Q4,BUSLOANS,0,0,2009 Q4,2009-10-01,2009,4,19,Money and credit,Not selected
Elastic net,2009 Q4,NONREVSL,0,0,2009 Q4,2009-10-01,2009,4,19,Money and credit,Not selected
Elastic net,2009 Q4,CPIAUCSL,0,0,2009 Q4,2009-10-01,2009,4,19,Prices and commodities,Not selected
Elastic net,2009 Q4,PPICMM,0,0,2009 Q4,2009-10-01,2009,4,19,Prices and commodities,Not selected
Elastic net,2009 Q4,PCEPI,0,0,2009 Q4,2009-10-01,2009,4,19,Prices and commodities,Not selected
Elastic net,2009 Q4,OILPRICEx,0,0,2009 Q4,2009-10-01,2009,4,19,Prices and commodities,Not selected
Elastic net,2009 Q4,FEDFUNDS,0,0,2009 Q4,2009-10-01,2009,4,19,Financial / sentiment,Not selected
Elastic net,2009 Q4,TB3MS,0,0,2009 Q4,2009-10-01,2009,4,19,Financial / sentiment,Not selected
Elastic net,2009 Q4,GS10,0,0,2009 Q4,2009-10-01,2009,4,19,Financial / sentiment,Not selected
Elastic net,2009 Q4,AAA,0,0,2009 Q4,2009-10-01,2009,4,19,Financial / sentiment,Not selected
Elastic net,2009 Q4,BAA,0,0,2009 Q4,2009-10-01,2009,4,19,Financial / sentiment,Not selected
Elastic net,2009 Q4,S&P 500,0,0,2009 Q4,2009-10-01,2009,4,19,Financial / sentiment,Not selected
Elastic net,2009 Q4,VIXCLSx,0,0,2009 Q4,2009-10-01,2009,4,19,Financial / sentiment,Not selected
Elastic net,2009 Q4,UMCSENTx,0,0,2009 Q4,2009-10-01,2009,4,19,Financial / sentiment,Not selected
Elastic net,2009 Q4,TERM_SPREAD,0,0,2009 Q4,2009-10-01,2009,4,19,Financial / sentiment,Not selected
Elastic net,2009 Q4,CREDIT_SPREAD,0,0,2009 Q4,2009-10-01,2009,4,19,Financial / sentiment,Not selected
Elastic net,2010 Q1,RPI,0,0,2010 Q1,2010-01-01,2010,1,20,Real activity / consumption,Not selected
Elastic net,2010 Q1,DPCERA3M086SBEA,0,0,2010 Q1,2010-01-01,2010,1,20,Real activity / consumption,Not selected
Elastic net,2010 Q1,INDPRO,0,0,2010 Q1,2010-01-01,2010,1,20,Real activity / consumption,Not selected
Elastic net,2010 Q1,CMRMTSPLx,0,0,2010 Q1,2010-01-01,2010,1,20,Real activity / consumption,Not selected
Elastic net,2010 Q1,RETAILx,0,0,2010 Q1,2010-01-01,2010,1,20,Real activity / consumption,Not selected
Elastic net,2010 Q1,UNRATE,0,0,2010 Q1,2010-01-01,2010,1,20,Labor market,Not selected
Elastic net,2010 Q1,CLAIMSx,0,0,2010 Q1,2010-01-01,2010,1,20,Labor market,Not selected
Elastic net,2010 Q1,PAYEMS,0,0,2010 Q1,2010-01-01,2010,1,20,Labor market,Not selected
Elastic net,2010 Q1,AWHMAN,0,0,2010 Q1,2010-01-01,2010,1,20,Labor market,Not selected
Elastic net,2010 Q1,HOUST,0,0,2010 Q1,2010-01-01,2010,1,20,Housing,Not selected
Elastic net,2010 Q1,PERMIT,0,0,2010 Q1,2010-01-01,2010,1,20,Housing,Not selected
Elastic net,2010 Q1,M1SL,0,0,2010 Q1,2010-01-01,2010,1,20,Money and credit,Not selected
Elastic net,2010 Q1,M2SL,0,0,2010 Q1,2010-01-01,2010,1,20,Money and credit,Not selected
Elastic net,2010 Q1,BOGMBASE,0,0,2010 Q1,2010-01-01,2010,1,20,Money and credit,Not selected
Elastic net,2010 Q1,BUSLOANS,0,0,2010 Q1,2010-01-01,2010,1,20,Money and credit,Not selected
Elastic net,2010 Q1,NONREVSL,0,0,2010 Q1,2010-01-01,2010,1,20,Money and credit,Not selected
Elastic net,2010 Q1,CPIAUCSL,0,0,2010 Q1,2010-01-01,2010,1,20,Prices and commodities,Not selected
Elastic net,2010 Q1,PPICMM,0,0,2010 Q1,2010-01-01,2010,1,20,Prices and commodities,Not selected
Elastic net,2010 Q1,PCEPI,0,0,2010 Q1,2010-01-01,2010,1,20,Prices and commodities,Not selected
Elastic net,2010 Q1,OILPRICEx,0,0,2010 Q1,2010-01-01,2010,1,20,Prices and commodities,Not selected
Elastic net,2010 Q1,FEDFUNDS,0,0,2010 Q1,2010-01-01,2010,1,20,Financial / sentiment,Not selected
Elastic net,2010 Q1,TB3MS,0,0,2010 Q1,2010-01-01,2010,1,20,Financial / sentiment,Not selected
Elastic net,2010 Q1,GS10,0,0,2010 Q1,2010-01-01,2010,1,20,Financial / sentiment,Not selected
Elastic net,2010 Q1,AAA,0,0,2010 Q1,2010-01-01,2010,1,20,Financial / sentiment,Not selected
Elastic net,2010 Q1,BAA,0,0,2010 Q1,2010-01-01,2010,1,20,Financial / sentiment,Not selected
Elastic net,2010 Q1,S&P 500,0,0,2010 Q1,2010-01-01,2010,1,20,Financial / sentiment,Not selected
Elastic net,2010 Q1,VIXCLSx,0,0,2010 Q1,2010-01-01,2010,1,20,Financial / sentiment,Not selected
Elastic net,2010 Q1,UMCSENTx,0,0,2010 Q1,2010-01-01,2010,1,20,Financial / sentiment,Not selected
Elastic net,2010 Q1,TERM_SPREAD,0,0,2010 Q1,2010-01-01,2010,1,20,Financial / sentiment,Not selected
Elastic net,2010 Q1,CREDIT_SPREAD,0,0,2010 Q1,2010-01-01,2010,1,20,Financial / sentiment,Not selected
Elastic net,2010 Q2,RPI,0,0,2010 Q2,2010-04-01,2010,2,21,Real activity / consumption,Not selected
Elastic net,2010 Q2,DPCERA3M086SBEA,0,0,2010 Q2,2010-04-01,2010,2,21,Real activity / consumption,Not selected
Elastic net,2010 Q2,INDPRO,0,0,2010 Q2,2010-04-01,2010,2,21,Real activity / consumption,Not selected
Elastic net,2010 Q2,CMRMTSPLx,0,0,2010 Q2,2010-04-01,2010,2,21,Real activity / consumption,Not selected
Elastic net,2010 Q2,RETAILx,0,0,2010 Q2,2010-04-01,2010,2,21,Real activity / consumption,Not selected
Elastic net,2010 Q2,UNRATE,0,0,2010 Q2,2010-04-01,2010,2,21,Labor market,Not selected
Elastic net,2010 Q2,CLAIMSx,0,0,2010 Q2,2010-04-01,2010,2,21,Labor market,Not selected
Elastic net,2010 Q2,PAYEMS,0,0,2010 Q2,2010-04-01,2010,2,21,Labor market,Not selected
Elastic net,2010 Q2,AWHMAN,0,0,2010 Q2,2010-04-01,2010,2,21,Labor market,Not selected
Elastic net,2010 Q2,HOUST,0,0,2010 Q2,2010-04-01,2010,2,21,Housing,Not selected
Elastic net,2010 Q2,PERMIT,0,0,2010 Q2,2010-04-01,2010,2,21,Housing,Not selected
Elastic net,2010 Q2,M1SL,0,0,2010 Q2,2010-04-01,2010,2,21,Money and credit,Not selected
Elastic net,2010 Q2,M2SL,0,0,2010 Q2,2010-04-01,2010,2,21,Money and credit,Not selected
Elastic net,2010 Q2,BOGMBASE,0,0,2010 Q2,2010-04-01,2010,2,21,Money and credit,Not selected
Elastic net,2010 Q2,BUSLOANS,0,0,2010 Q2,2010-04-01,2010,2,21,Money and credit,Not selected
Elastic net,2010 Q2,NONREVSL,0,0,2010 Q2,2010-04-01,2010,2,21,Money and credit,Not selected
Elastic net,2010 Q2,CPIAUCSL,0,0,2010 Q2,2010-04-01,2010,2,21,Prices and commodities,Not selected
Elastic net,2010 Q2,PPICMM,0,0,2010 Q2,2010-04-01,2010,2,21,Prices and commodities,Not selected
Elastic net,2010 Q2,PCEPI,0,0,2010 Q2,2010-04-01,2010,2,21,Prices and commodities,Not selected
Elastic net,2010 Q2,OILPRICEx,0,0,2010 Q2,2010-04-01,2010,2,21,Prices and commodities,Not selected
Elastic net,2010 Q2,FEDFUNDS,0,0,2010 Q2,2010-04-01,2010,2,21,Financial / sentiment,Not selected
Elastic net,2010 Q2,TB3MS,0,0,2010 Q2,2010-04-01,2010,2,21,Financial / sentiment,Not selected
Elastic net,2010 Q2,GS10,0,0,2010 Q2,2010-04-01,2010,2,21,Financial / sentiment,Not selected
Elastic net,2010 Q2,AAA,0,0,2010 Q2,2010-04-01,2010,2,21,Financial / sentiment,Not selected
Elastic net,2010 Q2,BAA,0,0,2010 Q2,2010-04-01,2010,2,21,Financial / sentiment,Not selected
Elastic net,2010 Q2,S&P 500,0,0,2010 Q2,2010-04-01,2010,2,21,Financial / sentiment,Not selected
Elastic net,2010 Q2,VIXCLSx,0,0,2010 Q2,2010-04-01,2010,2,21,Financial / sentiment,Not selected
Elastic net,2010 Q2,UMCSENTx,0,0,2010 Q2,2010-04-01,2010,2,21,Financial / sentiment,Not selected
Elastic net,2010 Q2,TERM_SPREAD,0,0,2010 Q2,2010-04-01,2010,2,21,Financial / sentiment,Not selected
Elastic net,2010 Q2,CREDIT_SPREAD,0,0,2010 Q2,2010-04-01,2010,2,21,Financial / sentiment,Not selected
Elastic net,2010 Q3,RPI,0,0,2010 Q3,2010-07-01,2010,3,22,Real activity / consumption,Not selected
Elastic net,2010 Q3,DPCERA3M086SBEA,0,0,2010 Q3,2010-07-01,2010,3,22,Real activity / consumption,Not selected
Elastic net,2010 Q3,INDPRO,1,1,2010 Q3,2010-07-01,2010,3,22,Real activity / consumption,Real activity / consumption
Elastic net,2010 Q3,CMRMTSPLx,0,0,2010 Q3,2010-07-01,2010,3,22,Real activity / consumption,Not selected
Elastic net,2010 Q3,RETAILx,0,0,2010 Q3,2010-07-01,2010,3,22,Real activity / consumption,Not selected
Elastic net,2010 Q3,UNRATE,0,0,2010 Q3,2010-07-01,2010,3,22,Labor market,Not selected
Elastic net,2010 Q3,CLAIMSx,0,0,2010 Q3,2010-07-01,2010,3,22,Labor market,Not selected
Elastic net,2010 Q3,PAYEMS,0,0,2010 Q3,2010-07-01,2010,3,22,Labor market,Not selected
Elastic net,2010 Q3,AWHMAN,0,0,2010 Q3,2010-07-01,2010,3,22,Labor market,Not selected
Elastic net,2010 Q3,HOUST,0,0,2010 Q3,2010-07-01,2010,3,22,Housing,Not selected
Elastic net,2010 Q3,PERMIT,0,0,2010 Q3,2010-07-01,2010,3,22,Housing,Not selected
Elastic net,2010 Q3,M1SL,0,0,2010 Q3,2010-07-01,2010,3,22,Money and credit,Not selected
Elastic net,2010 Q3,M2SL,0,0,2010 Q3,2010-07-01,2010,3,22,Money and credit,Not selected
Elastic net,2010 Q3,BOGMBASE,0,0,2010 Q3,2010-07-01,2010,3,22,Money and credit,Not selected
Elastic net,2010 Q3,BUSLOANS,0,0,2010 Q3,2010-07-01,2010,3,22,Money and credit,Not selected
Elastic net,2010 Q3,NONREVSL,0,0,2010 Q3,2010-07-01,2010,3,22,Money and credit,Not selected
Elastic net,2010 Q3,CPIAUCSL,0,0,2010 Q3,2010-07-01,2010,3,22,Prices and commodities,Not selected
Elastic net,2010 Q3,PPICMM,0,0,2010 Q3,2010-07-01,2010,3,22,Prices and commodities,Not selected
Elastic net,2010 Q3,PCEPI,0,0,2010 Q3,2010-07-01,2010,3,22,Prices and commodities,Not selected
Elastic net,2010 Q3,OILPRICEx,0,0,2010 Q3,2010-07-01,2010,3,22,Prices and commodities,Not selected
Elastic net,2010 Q3,FEDFUNDS,0,0,2010 Q3,2010-07-01,2010,3,22,Financial / sentiment,Not selected
Elastic net,2010 Q3,TB3MS,0,0,2010 Q3,2010-07-01,2010,3,22,Financial / sentiment,Not selected
Elastic net,2010 Q3,GS10,0,0,2010 Q3,2010-07-01,2010,3,22,Financial / sentiment,Not selected
Elastic net,2010 Q3,AAA,0,0,2010 Q3,2010-07-01,2010,3,22,Financial / sentiment,Not selected
Elastic net,2010 Q3,BAA,0,0,2010 Q3,2010-07-01,2010,3,22,Financial / sentiment,Not selected
Elastic net,2010 Q3,S&P 500,0,0,2010 Q3,2010-07-01,2010,3,22,Financial / sentiment,Not selected
Elastic net,2010 Q3,VIXCLSx,0,0,2010 Q3,2010-07-01,2010,3,22,Financial / sentiment,Not selected
Elastic net,2010 Q3,UMCSENTx,0,0,2010 Q3,2010-07-01,2010,3,22,Financial / sentiment,Not selected
Elastic net,2010 Q3,TERM_SPREAD,0,0,2010 Q3,2010-07-01,2010,3,22,Financial / sentiment,Not selected
Elastic net,2010 Q3,CREDIT_SPREAD,0,0,2010 Q3,2010-07-01,2010,3,22,Financial / sentiment,Not selected
Elastic net,2010 Q4,RPI,0,0,2010 Q4,2010-10-01,2010,4,23,Real activity / consumption,Not selected
Elastic net,2010 Q4,DPCERA3M086SBEA,0,0,2010 Q4,2010-10-01,2010,4,23,Real activity / consumption,Not selected
Elastic net,2010 Q4,INDPRO,0,0,2010 Q4,2010-10-01,2010,4,23,Real activity / consumption,Not selected
Elastic net,2010 Q4,CMRMTSPLx,0,0,2010 Q4,2010-10-01,2010,4,23,Real activity / consumption,Not selected
Elastic net,2010 Q4,RETAILx,0,0,2010 Q4,2010-10-01,2010,4,23,Real activity / consumption,Not selected
Elastic net,2010 Q4,UNRATE,0,0,2010 Q4,2010-10-01,2010,4,23,Labor market,Not selected
Elastic net,2010 Q4,CLAIMSx,0,0,2010 Q4,2010-10-01,2010,4,23,Labor market,Not selected
Elastic net,2010 Q4,PAYEMS,0,0,2010 Q4,2010-10-01,2010,4,23,Labor market,Not selected
Elastic net,2010 Q4,AWHMAN,0,0,2010 Q4,2010-10-01,2010,4,23,Labor market,Not selected
Elastic net,2010 Q4,HOUST,0,0,2010 Q4,2010-10-01,2010,4,23,Housing,Not selected
Elastic net,2010 Q4,PERMIT,0,0,2010 Q4,2010-10-01,2010,4,23,Housing,Not selected
Elastic net,2010 Q4,M1SL,0,0,2010 Q4,2010-10-01,2010,4,23,Money and credit,Not selected
Elastic net,2010 Q4,M2SL,0,0,2010 Q4,2010-10-01,2010,4,23,Money and credit,Not selected
Elastic net,2010 Q4,BOGMBASE,0,0,2010 Q4,2010-10-01,2010,4,23,Money and credit,Not selected
Elastic net,2010 Q4,BUSLOANS,0,0,2010 Q4,2010-10-01,2010,4,23,Money and credit,Not selected
Elastic net,2010 Q4,NONREVSL,0,0,2010 Q4,2010-10-01,2010,4,23,Money and credit,Not selected
Elastic net,2010 Q4,CPIAUCSL,0,0,2010 Q4,2010-10-01,2010,4,23,Prices and commodities,Not selected
Elastic net,2010 Q4,PPICMM,0,0,2010 Q4,2010-10-01,2010,4,23,Prices and commodities,Not selected
Elastic net,2010 Q4,PCEPI,0,0,2010 Q4,2010-10-01,2010,4,23,Prices and commodities,Not selected
Elastic net,2010 Q4,OILPRICEx,0,0,2010 Q4,2010-10-01,2010,4,23,Prices and commodities,Not selected
Elastic net,2010 Q4,FEDFUNDS,0,0,2010 Q4,2010-10-01,2010,4,23,Financial / sentiment,Not selected
Elastic net,2010 Q4,TB3MS,0,0,2010 Q4,2010-10-01,2010,4,23,Financial / sentiment,Not selected
Elastic net,2010 Q4,GS10,0,0,2010 Q4,2010-10-01,2010,4,23,Financial / sentiment,Not selected
Elastic net,2010 Q4,AAA,0,0,2010 Q4,2010-10-01,2010,4,23,Financial / sentiment,Not selected
Elastic net,2010 Q4,BAA,0,0,2010 Q4,2010-10-01,2010,4,23,Financial / sentiment,Not selected
Elastic net,2010 Q4,S&P 500,0,0,2010 Q4,2010-10-01,2010,4,23,Financial / sentiment,Not selected
Elastic net,2010 Q4,VIXCLSx,0,0,2010 Q4,2010-10-01,2010,4,23,Financial / sentiment,Not selected
Elastic net,2010 Q4,UMCSENTx,0,0,2010 Q4,2010-10-01,2010,4,23,Financial / sentiment,Not selected
Elastic net,2010 Q4,TERM_SPREAD,0,0,2010 Q4,2010-10-01,2010,4,23,Financial / sentiment,Not selected
Elastic net,2010 Q4,CREDIT_SPREAD,0,0,2010 Q4,2010-10-01,2010,4,23,Financial / sentiment,Not selected
Elastic net,2011 Q1,RPI,0,0,2011 Q1,2011-01-01,2011,1,24,Real activity / consumption,Not selected
Elastic net,2011 Q1,DPCERA3M086SBEA,0,0,2011 Q1,2011-01-01,2011,1,24,Real activity / consumption,Not selected
Elastic net,2011 Q1,INDPRO,1,1,2011 Q1,2011-01-01,2011,1,24,Real activity / consumption,Real activity / consumption
Elastic net,2011 Q1,CMRMTSPLx,0,0,2011 Q1,2011-01-01,2011,1,24,Real activity / consumption,Not selected
Elastic net,2011 Q1,RETAILx,0,0,2011 Q1,2011-01-01,2011,1,24,Real activity / consumption,Not selected
Elastic net,2011 Q1,UNRATE,0,0,2011 Q1,2011-01-01,2011,1,24,Labor market,Not selected
Elastic net,2011 Q1,CLAIMSx,0,0,2011 Q1,2011-01-01,2011,1,24,Labor market,Not selected
Elastic net,2011 Q1,PAYEMS,0,0,2011 Q1,2011-01-01,2011,1,24,Labor market,Not selected
Elastic net,2011 Q1,AWHMAN,0,0,2011 Q1,2011-01-01,2011,1,24,Labor market,Not selected
Elastic net,2011 Q1,HOUST,0,0,2011 Q1,2011-01-01,2011,1,24,Housing,Not selected
Elastic net,2011 Q1,PERMIT,0,0,2011 Q1,2011-01-01,2011,1,24,Housing,Not selected
Elastic net,2011 Q1,M1SL,0,0,2011 Q1,2011-01-01,2011,1,24,Money and credit,Not selected
Elastic net,2011 Q1,M2SL,0,0,2011 Q1,2011-01-01,2011,1,24,Money and credit,Not selected
Elastic net,2011 Q1,BOGMBASE,0,0,2011 Q1,2011-01-01,2011,1,24,Money and credit,Not selected
Elastic net,2011 Q1,BUSLOANS,0,0,2011 Q1,2011-01-01,2011,1,24,Money and credit,Not selected
Elastic net,2011 Q1,NONREVSL,0,0,2011 Q1,2011-01-01,2011,1,24,Money and credit,Not selected
Elastic net,2011 Q1,CPIAUCSL,0,0,2011 Q1,2011-01-01,2011,1,24,Prices and commodities,Not selected
Elastic net,2011 Q1,PPICMM,0,0,2011 Q1,2011-01-01,2011,1,24,Prices and commodities,Not selected
Elastic net,2011 Q1,PCEPI,0,0,2011 Q1,2011-01-01,2011,1,24,Prices and commodities,Not selected
Elastic net,2011 Q1,OILPRICEx,0,0,2011 Q1,2011-01-01,2011,1,24,Prices and commodities,Not selected
Elastic net,2011 Q1,FEDFUNDS,0,0,2011 Q1,2011-01-01,2011,1,24,Financial / sentiment,Not selected
Elastic net,2011 Q1,TB3MS,0,0,2011 Q1,2011-01-01,2011,1,24,Financial / sentiment,Not selected
Elastic net,2011 Q1,GS10,0,0,2011 Q1,2011-01-01,2011,1,24,Financial / sentiment,Not selected
Elastic net,2011 Q1,AAA,0,0,2011 Q1,2011-01-01,2011,1,24,Financial / sentiment,Not selected
Elastic net,2011 Q1,BAA,0,0,2011 Q1,2011-01-01,2011,1,24,Financial / sentiment,Not selected
Elastic net,2011 Q1,S&P 500,0,0,2011 Q1,2011-01-01,2011,1,24,Financial / sentiment,Not selected
Elastic net,2011 Q1,VIXCLSx,0,0,2011 Q1,2011-01-01,2011,1,24,Financial / sentiment,Not selected
Elastic net,2011 Q1,UMCSENTx,0,0,2011 Q1,2011-01-01,2011,1,24,Financial / sentiment,Not selected
Elastic net,2011 Q1,TERM_SPREAD,0,0,2011 Q1,2011-01-01,2011,1,24,Financial / sentiment,Not selected
Elastic net,2011 Q1,CREDIT_SPREAD,0,0,2011 Q1,2011-01-01,2011,1,24,Financial / sentiment,Not selected
Elastic net,2011 Q2,RPI,0,0,2011 Q2,2011-04-01,2011,2,25,Real activity / consumption,Not selected
Elastic net,2011 Q2,DPCERA3M086SBEA,0,0,2011 Q2,2011-04-01,2011,2,25,Real activity / consumption,Not selected
Elastic net,2011 Q2,INDPRO,0,0,2011 Q2,2011-04-01,2011,2,25,Real activity / consumption,Not selected
Elastic net,2011 Q2,CMRMTSPLx,0,0,2011 Q2,2011-04-01,2011,2,25,Real activity / consumption,Not selected
Elastic net,2011 Q2,RETAILx,0,0,2011 Q2,2011-04-01,2011,2,25,Real activity / consumption,Not selected
Elastic net,2011 Q2,UNRATE,0,0,2011 Q2,2011-04-01,2011,2,25,Labor market,Not selected
Elastic net,2011 Q2,CLAIMSx,0,0,2011 Q2,2011-04-01,2011,2,25,Labor market,Not selected
Elastic net,2011 Q2,PAYEMS,0,0,2011 Q2,2011-04-01,2011,2,25,Labor market,Not selected
Elastic net,2011 Q2,AWHMAN,0,0,2011 Q2,2011-04-01,2011,2,25,Labor market,Not selected
Elastic net,2011 Q2,HOUST,0,0,2011 Q2,2011-04-01,2011,2,25,Housing,Not selected
Elastic net,2011 Q2,PERMIT,0,0,2011 Q2,2011-04-01,2011,2,25,Housing,Not selected
Elastic net,2011 Q2,M1SL,0,0,2011 Q2,2011-04-01,2011,2,25,Money and credit,Not selected
Elastic net,2011 Q2,M2SL,0,0,2011 Q2,2011-04-01,2011,2,25,Money and credit,Not selected
Elastic net,2011 Q2,BOGMBASE,0,0,2011 Q2,2011-04-01,2011,2,25,Money and credit,Not selected
Elastic net,2011 Q2,BUSLOANS,0,0,2011 Q2,2011-04-01,2011,2,25,Money and credit,Not selected
Elastic net,2011 Q2,NONREVSL,0,0,2011 Q2,2011-04-01,2011,2,25,Money and credit,Not selected
Elastic net,2011 Q2,CPIAUCSL,0,0,2011 Q2,2011-04-01,2011,2,25,Prices and commodities,Not selected
Elastic net,2011 Q2,PPICMM,0,0,2011 Q2,2011-04-01,2011,2,25,Prices and commodities,Not selected
Elastic net,2011 Q2,PCEPI,0,0,2011 Q2,2011-04-01,2011,2,25,Prices and commodities,Not selected
Elastic net,2011 Q2,OILPRICEx,0,0,2011 Q2,2011-04-01,2011,2,25,Prices and commodities,Not selected
Elastic net,2011 Q2,FEDFUNDS,0,0,2011 Q2,2011-04-01,2011,2,25,Financial / sentiment,Not selected
Elastic net,2011 Q2,TB3MS,0,0,2011 Q2,2011-04-01,2011,2,25,Financial / sentiment,Not selected
Elastic net,2011 Q2,GS10,0,0,2011 Q2,2011-04-01,2011,2,25,Financial / sentiment,Not selected
Elastic net,2011 Q2,AAA,0,0,2011 Q2,2011-04-01,2011,2,25,Financial / sentiment,Not selected
Elastic net,2011 Q2,BAA,0,0,2011 Q2,2011-04-01,2011,2,25,Financial / sentiment,Not selected
Elastic net,2011 Q2,S&P 500,0,0,2011 Q2,2011-04-01,2011,2,25,Financial / sentiment,Not selected
Elastic net,2011 Q2,VIXCLSx,0,0,2011 Q2,2011-04-01,2011,2,25,Financial / sentiment,Not selected
Elastic net,2011 Q2,UMCSENTx,0,0,2011 Q2,2011-04-01,2011,2,25,Financial / sentiment,Not selected
Elastic net,2011 Q2,TERM_SPREAD,0,0,2011 Q2,2011-04-01,2011,2,25,Financial / sentiment,Not selected
Elastic net,2011 Q2,CREDIT_SPREAD,0,0,2011 Q2,2011-04-01,2011,2,25,Financial / sentiment,Not selected
Elastic net,2011 Q3,RPI,0,0,2011 Q3,2011-07-01,2011,3,26,Real activity / consumption,Not selected
Elastic net,2011 Q3,DPCERA3M086SBEA,0,0,2011 Q3,2011-07-01,2011,3,26,Real activity / consumption,Not selected
Elastic net,2011 Q3,INDPRO,1,1,2011 Q3,2011-07-01,2011,3,26,Real activity / consumption,Real activity / consumption
Elastic net,2011 Q3,CMRMTSPLx,0,0,2011 Q3,2011-07-01,2011,3,26,Real activity / consumption,Not selected
Elastic net,2011 Q3,RETAILx,0,0,2011 Q3,2011-07-01,2011,3,26,Real activity / consumption,Not selected
Elastic net,2011 Q3,UNRATE,0,0,2011 Q3,2011-07-01,2011,3,26,Labor market,Not selected
Elastic net,2011 Q3,CLAIMSx,0,0,2011 Q3,2011-07-01,2011,3,26,Labor market,Not selected
Elastic net,2011 Q3,PAYEMS,0,0,2011 Q3,2011-07-01,2011,3,26,Labor market,Not selected
Elastic net,2011 Q3,AWHMAN,0,0,2011 Q3,2011-07-01,2011,3,26,Labor market,Not selected
Elastic net,2011 Q3,HOUST,0,0,2011 Q3,2011-07-01,2011,3,26,Housing,Not selected
Elastic net,2011 Q3,PERMIT,0,0,2011 Q3,2011-07-01,2011,3,26,Housing,Not selected
Elastic net,2011 Q3,M1SL,0,0,2011 Q3,2011-07-01,2011,3,26,Money and credit,Not selected
Elastic net,2011 Q3,M2SL,0,0,2011 Q3,2011-07-01,2011,3,26,Money and credit,Not selected
Elastic net,2011 Q3,BOGMBASE,0,0,2011 Q3,2011-07-01,2011,3,26,Money and credit,Not selected
Elastic net,2011 Q3,BUSLOANS,0,0,2011 Q3,2011-07-01,2011,3,26,Money and credit,Not selected
Elastic net,2011 Q3,NONREVSL,0,0,2011 Q3,2011-07-01,2011,3,26,Money and credit,Not selected
Elastic net,2011 Q3,CPIAUCSL,0,0,2011 Q3,2011-07-01,2011,3,26,Prices and commodities,Not selected
Elastic net,2011 Q3,PPICMM,0,0,2011 Q3,2011-07-01,2011,3,26,Prices and commodities,Not selected
Elastic net,2011 Q3,PCEPI,0,0,2011 Q3,2011-07-01,2011,3,26,Prices and commodities,Not selected
Elastic net,2011 Q3,OILPRICEx,0,0,2011 Q3,2011-07-01,2011,3,26,Prices and commodities,Not selected
Elastic net,2011 Q3,FEDFUNDS,0,0,2011 Q3,2011-07-01,2011,3,26,Financial / sentiment,Not selected
Elastic net,2011 Q3,TB3MS,0,0,2011 Q3,2011-07-01,2011,3,26,Financial / sentiment,Not selected
Elastic net,2011 Q3,GS10,0,0,2011 Q3,2011-07-01,2011,3,26,Financial / sentiment,Not selected
Elastic net,2011 Q3,AAA,0,0,2011 Q3,2011-07-01,2011,3,26,Financial / sentiment,Not selected
Elastic net,2011 Q3,BAA,0,0,2011 Q3,2011-07-01,2011,3,26,Financial / sentiment,Not selected
Elastic net,2011 Q3,S&P 500,0,0,2011 Q3,2011-07-01,2011,3,26,Financial / sentiment,Not selected
Elastic net,2011 Q3,VIXCLSx,0,0,2011 Q3,2011-07-01,2011,3,26,Financial / sentiment,Not selected
Elastic net,2011 Q3,UMCSENTx,0,0,2011 Q3,2011-07-01,2011,3,26,Financial / sentiment,Not selected
Elastic net,2011 Q3,TERM_SPREAD,0,0,2011 Q3,2011-07-01,2011,3,26,Financial / sentiment,Not selected
Elastic net,2011 Q3,CREDIT_SPREAD,0,0,2011 Q3,2011-07-01,2011,3,26,Financial / sentiment,Not selected
Elastic net,2011 Q4,RPI,0,0,2011 Q4,2011-10-01,2011,4,27,Real activity / consumption,Not selected
Elastic net,2011 Q4,DPCERA3M086SBEA,0,0,2011 Q4,2011-10-01,2011,4,27,Real activity / consumption,Not selected
Elastic net,2011 Q4,INDPRO,0,0,2011 Q4,2011-10-01,2011,4,27,Real activity / consumption,Not selected
Elastic net,2011 Q4,CMRMTSPLx,0,0,2011 Q4,2011-10-01,2011,4,27,Real activity / consumption,Not selected
Elastic net,2011 Q4,RETAILx,0,0,2011 Q4,2011-10-01,2011,4,27,Real activity / consumption,Not selected
Elastic net,2011 Q4,UNRATE,0,0,2011 Q4,2011-10-01,2011,4,27,Labor market,Not selected
Elastic net,2011 Q4,CLAIMSx,0,0,2011 Q4,2011-10-01,2011,4,27,Labor market,Not selected
Elastic net,2011 Q4,PAYEMS,0,0,2011 Q4,2011-10-01,2011,4,27,Labor market,Not selected
Elastic net,2011 Q4,AWHMAN,0,0,2011 Q4,2011-10-01,2011,4,27,Labor market,Not selected
Elastic net,2011 Q4,HOUST,0,0,2011 Q4,2011-10-01,2011,4,27,Housing,Not selected
Elastic net,2011 Q4,PERMIT,0,0,2011 Q4,2011-10-01,2011,4,27,Housing,Not selected
Elastic net,2011 Q4,M1SL,0,0,2011 Q4,2011-10-01,2011,4,27,Money and credit,Not selected
Elastic net,2011 Q4,M2SL,0,0,2011 Q4,2011-10-01,2011,4,27,Money and credit,Not selected
Elastic net,2011 Q4,BOGMBASE,0,0,2011 Q4,2011-10-01,2011,4,27,Money and credit,Not selected
Elastic net,2011 Q4,BUSLOANS,0,0,2011 Q4,2011-10-01,2011,4,27,Money and credit,Not selected
Elastic net,2011 Q4,NONREVSL,0,0,2011 Q4,2011-10-01,2011,4,27,Money and credit,Not selected
Elastic net,2011 Q4,CPIAUCSL,0,0,2011 Q4,2011-10-01,2011,4,27,Prices and commodities,Not selected
Elastic net,2011 Q4,PPICMM,0,0,2011 Q4,2011-10-01,2011,4,27,Prices and commodities,Not selected
Elastic net,2011 Q4,PCEPI,0,0,2011 Q4,2011-10-01,2011,4,27,Prices and commodities,Not selected
Elastic net,2011 Q4,OILPRICEx,0,0,2011 Q4,2011-10-01,2011,4,27,Prices and commodities,Not selected
Elastic net,2011 Q4,FEDFUNDS,0,0,2011 Q4,2011-10-01,2011,4,27,Financial / sentiment,Not selected
Elastic net,2011 Q4,TB3MS,0,0,2011 Q4,2011-10-01,2011,4,27,Financial / sentiment,Not selected
Elastic net,2011 Q4,GS10,0,0,2011 Q4,2011-10-01,2011,4,27,Financial / sentiment,Not selected
Elastic net,2011 Q4,AAA,0,0,2011 Q4,2011-10-01,2011,4,27,Financial / sentiment,Not selected
Elastic net,2011 Q4,BAA,0,0,2011 Q4,2011-10-01,2011,4,27,Financial / sentiment,Not selected
Elastic net,2011 Q4,S&P 500,0,0,2011 Q4,2011-10-01,2011,4,27,Financial / sentiment,Not selected
Elastic net,2011 Q4,VIXCLSx,0,0,2011 Q4,2011-10-01,2011,4,27,Financial / sentiment,Not selected
Elastic net,2011 Q4,UMCSENTx,0,0,2011 Q4,2011-10-01,2011,4,27,Financial / sentiment,Not selected
Elastic net,2011 Q4,TERM_SPREAD,0,0,2011 Q4,2011-10-01,2011,4,27,Financial / sentiment,Not selected
Elastic net,2011 Q4,CREDIT_SPREAD,0,0,2011 Q4,2011-10-01,2011,4,27,Financial / sentiment,Not selected
Elastic net,2012 Q1,RPI,0,0,2012 Q1,2012-01-01,2012,1,28,Real activity / consumption,Not selected
Elastic net,2012 Q1,DPCERA3M086SBEA,0,0,2012 Q1,2012-01-01,2012,1,28,Real activity / consumption,Not selected
Elastic net,2012 Q1,INDPRO,0,0,2012 Q1,2012-01-01,2012,1,28,Real activity / consumption,Not selected
Elastic net,2012 Q1,CMRMTSPLx,0,0,2012 Q1,2012-01-01,2012,1,28,Real activity / consumption,Not selected
Elastic net,2012 Q1,RETAILx,0,0,2012 Q1,2012-01-01,2012,1,28,Real activity / consumption,Not selected
Elastic net,2012 Q1,UNRATE,0,0,2012 Q1,2012-01-01,2012,1,28,Labor market,Not selected
Elastic net,2012 Q1,CLAIMSx,0,0,2012 Q1,2012-01-01,2012,1,28,Labor market,Not selected
Elastic net,2012 Q1,PAYEMS,0,0,2012 Q1,2012-01-01,2012,1,28,Labor market,Not selected
Elastic net,2012 Q1,AWHMAN,0,0,2012 Q1,2012-01-01,2012,1,28,Labor market,Not selected
Elastic net,2012 Q1,HOUST,0,0,2012 Q1,2012-01-01,2012,1,28,Housing,Not selected
Elastic net,2012 Q1,PERMIT,0,0,2012 Q1,2012-01-01,2012,1,28,Housing,Not selected
Elastic net,2012 Q1,M1SL,0,0,2012 Q1,2012-01-01,2012,1,28,Money and credit,Not selected
Elastic net,2012 Q1,M2SL,0,0,2012 Q1,2012-01-01,2012,1,28,Money and credit,Not selected
Elastic net,2012 Q1,BOGMBASE,0,0,2012 Q1,2012-01-01,2012,1,28,Money and credit,Not selected
Elastic net,2012 Q1,BUSLOANS,0,0,2012 Q1,2012-01-01,2012,1,28,Money and credit,Not selected
Elastic net,2012 Q1,NONREVSL,0,0,2012 Q1,2012-01-01,2012,1,28,Money and credit,Not selected
Elastic net,2012 Q1,CPIAUCSL,0,0,2012 Q1,2012-01-01,2012,1,28,Prices and commodities,Not selected
Elastic net,2012 Q1,PPICMM,0,0,2012 Q1,2012-01-01,2012,1,28,Prices and commodities,Not selected
Elastic net,2012 Q1,PCEPI,0,0,2012 Q1,2012-01-01,2012,1,28,Prices and commodities,Not selected
Elastic net,2012 Q1,OILPRICEx,0,0,2012 Q1,2012-01-01,2012,1,28,Prices and commodities,Not selected
Elastic net,2012 Q1,FEDFUNDS,0,0,2012 Q1,2012-01-01,2012,1,28,Financial / sentiment,Not selected
Elastic net,2012 Q1,TB3MS,0,0,2012 Q1,2012-01-01,2012,1,28,Financial / sentiment,Not selected
Elastic net,2012 Q1,GS10,0,0,2012 Q1,2012-01-01,2012,1,28,Financial / sentiment,Not selected
Elastic net,2012 Q1,AAA,0,0,2012 Q1,2012-01-01,2012,1,28,Financial / sentiment,Not selected
Elastic net,2012 Q1,BAA,0,0,2012 Q1,2012-01-01,2012,1,28,Financial / sentiment,Not selected
Elastic net,2012 Q1,S&P 500,0,0,2012 Q1,2012-01-01,2012,1,28,Financial / sentiment,Not selected
Elastic net,2012 Q1,VIXCLSx,0,0,2012 Q1,2012-01-01,2012,1,28,Financial / sentiment,Not selected
Elastic net,2012 Q1,UMCSENTx,0,0,2012 Q1,2012-01-01,2012,1,28,Financial / sentiment,Not selected
Elastic net,2012 Q1,TERM_SPREAD,0,0,2012 Q1,2012-01-01,2012,1,28,Financial / sentiment,Not selected
Elastic net,2012 Q1,CREDIT_SPREAD,0,0,2012 Q1,2012-01-01,2012,1,28,Financial / sentiment,Not selected
Elastic net,2012 Q2,RPI,0,0,2012 Q2,2012-04-01,2012,2,29,Real activity / consumption,Not selected
Elastic net,2012 Q2,DPCERA3M086SBEA,0,0,2012 Q2,2012-04-01,2012,2,29,Real activity / consumption,Not selected
Elastic net,2012 Q2,INDPRO,1,1,2012 Q2,2012-04-01,2012,2,29,Real activity / consumption,Real activity / consumption
Elastic net,2012 Q2,CMRMTSPLx,0,0,2012 Q2,2012-04-01,2012,2,29,Real activity / consumption,Not selected
Elastic net,2012 Q2,RETAILx,0,0,2012 Q2,2012-04-01,2012,2,29,Real activity / consumption,Not selected
Elastic net,2012 Q2,UNRATE,0,0,2012 Q2,2012-04-01,2012,2,29,Labor market,Not selected
Elastic net,2012 Q2,CLAIMSx,0,0,2012 Q2,2012-04-01,2012,2,29,Labor market,Not selected
Elastic net,2012 Q2,PAYEMS,0,0,2012 Q2,2012-04-01,2012,2,29,Labor market,Not selected
Elastic net,2012 Q2,AWHMAN,0,0,2012 Q2,2012-04-01,2012,2,29,Labor market,Not selected
Elastic net,2012 Q2,HOUST,0,0,2012 Q2,2012-04-01,2012,2,29,Housing,Not selected
Elastic net,2012 Q2,PERMIT,0,0,2012 Q2,2012-04-01,2012,2,29,Housing,Not selected
Elastic net,2012 Q2,M1SL,0,0,2012 Q2,2012-04-01,2012,2,29,Money and credit,Not selected
Elastic net,2012 Q2,M2SL,0,0,2012 Q2,2012-04-01,2012,2,29,Money and credit,Not selected
Elastic net,2012 Q2,BOGMBASE,0,0,2012 Q2,2012-04-01,2012,2,29,Money and credit,Not selected
Elastic net,2012 Q2,BUSLOANS,0,0,2012 Q2,2012-04-01,2012,2,29,Money and credit,Not selected
Elastic net,2012 Q2,NONREVSL,0,0,2012 Q2,2012-04-01,2012,2,29,Money and credit,Not selected
Elastic net,2012 Q2,CPIAUCSL,0,0,2012 Q2,2012-04-01,2012,2,29,Prices and commodities,Not selected
Elastic net,2012 Q2,PPICMM,0,0,2012 Q2,2012-04-01,2012,2,29,Prices and commodities,Not selected
Elastic net,2012 Q2,PCEPI,0,0,2012 Q2,2012-04-01,2012,2,29,Prices and commodities,Not selected
Elastic net,2012 Q2,OILPRICEx,0,0,2012 Q2,2012-04-01,2012,2,29,Prices and commodities,Not selected
Elastic net,2012 Q2,FEDFUNDS,0,0,2012 Q2,2012-04-01,2012,2,29,Financial / sentiment,Not selected
Elastic net,2012 Q2,TB3MS,0,0,2012 Q2,2012-04-01,2012,2,29,Financial / sentiment,Not selected
Elastic net,2012 Q2,GS10,0,0,2012 Q2,2012-04-01,2012,2,29,Financial / sentiment,Not selected
Elastic net,2012 Q2,AAA,0,0,2012 Q2,2012-04-01,2012,2,29,Financial / sentiment,Not selected
Elastic net,2012 Q2,BAA,0,0,2012 Q2,2012-04-01,2012,2,29,Financial / sentiment,Not selected
Elastic net,2012 Q2,S&P 500,0,0,2012 Q2,2012-04-01,2012,2,29,Financial / sentiment,Not selected
Elastic net,2012 Q2,VIXCLSx,0,0,2012 Q2,2012-04-01,2012,2,29,Financial / sentiment,Not selected
Elastic net,2012 Q2,UMCSENTx,0,0,2012 Q2,2012-04-01,2012,2,29,Financial / sentiment,Not selected
Elastic net,2012 Q2,TERM_SPREAD,0,0,2012 Q2,2012-04-01,2012,2,29,Financial / sentiment,Not selected
Elastic net,2012 Q2,CREDIT_SPREAD,0,0,2012 Q2,2012-04-01,2012,2,29,Financial / sentiment,Not selected
Elastic net,2012 Q3,RPI,0,0,2012 Q3,2012-07-01,2012,3,30,Real activity / consumption,Not selected
Elastic net,2012 Q3,DPCERA3M086SBEA,0,0,2012 Q3,2012-07-01,2012,3,30,Real activity / consumption,Not selected
Elastic net,2012 Q3,INDPRO,0,0,2012 Q3,2012-07-01,2012,3,30,Real activity / consumption,Not selected
Elastic net,2012 Q3,CMRMTSPLx,0,0,2012 Q3,2012-07-01,2012,3,30,Real activity / consumption,Not selected
Elastic net,2012 Q3,RETAILx,0,0,2012 Q3,2012-07-01,2012,3,30,Real activity / consumption,Not selected
Elastic net,2012 Q3,UNRATE,0,0,2012 Q3,2012-07-01,2012,3,30,Labor market,Not selected
Elastic net,2012 Q3,CLAIMSx,0,0,2012 Q3,2012-07-01,2012,3,30,Labor market,Not selected
Elastic net,2012 Q3,PAYEMS,0,0,2012 Q3,2012-07-01,2012,3,30,Labor market,Not selected
Elastic net,2012 Q3,AWHMAN,0,0,2012 Q3,2012-07-01,2012,3,30,Labor market,Not selected
Elastic net,2012 Q3,HOUST,0,0,2012 Q3,2012-07-01,2012,3,30,Housing,Not selected
Elastic net,2012 Q3,PERMIT,0,0,2012 Q3,2012-07-01,2012,3,30,Housing,Not selected
Elastic net,2012 Q3,M1SL,0,0,2012 Q3,2012-07-01,2012,3,30,Money and credit,Not selected
Elastic net,2012 Q3,M2SL,0,0,2012 Q3,2012-07-01,2012,3,30,Money and credit,Not selected
Elastic net,2012 Q3,BOGMBASE,0,0,2012 Q3,2012-07-01,2012,3,30,Money and credit,Not selected
Elastic net,2012 Q3,BUSLOANS,0,0,2012 Q3,2012-07-01,2012,3,30,Money and credit,Not selected
Elastic net,2012 Q3,NONREVSL,0,0,2012 Q3,2012-07-01,2012,3,30,Money and credit,Not selected
Elastic net,2012 Q3,CPIAUCSL,0,0,2012 Q3,2012-07-01,2012,3,30,Prices and commodities,Not selected
Elastic net,2012 Q3,PPICMM,0,0,2012 Q3,2012-07-01,2012,3,30,Prices and commodities,Not selected
Elastic net,2012 Q3,PCEPI,0,0,2012 Q3,2012-07-01,2012,3,30,Prices and commodities,Not selected
Elastic net,2012 Q3,OILPRICEx,0,0,2012 Q3,2012-07-01,2012,3,30,Prices and commodities,Not selected
Elastic net,2012 Q3,FEDFUNDS,0,0,2012 Q3,2012-07-01,2012,3,30,Financial / sentiment,Not selected
Elastic net,2012 Q3,TB3MS,0,0,2012 Q3,2012-07-01,2012,3,30,Financial / sentiment,Not selected
Elastic net,2012 Q3,GS10,0,0,2012 Q3,2012-07-01,2012,3,30,Financial / sentiment,Not selected
Elastic net,2012 Q3,AAA,0,0,2012 Q3,2012-07-01,2012,3,30,Financial / sentiment,Not selected
Elastic net,2012 Q3,BAA,0,0,2012 Q3,2012-07-01,2012,3,30,Financial / sentiment,Not selected
Elastic net,2012 Q3,S&P 500,0,0,2012 Q3,2012-07-01,2012,3,30,Financial / sentiment,Not selected
Elastic net,2012 Q3,VIXCLSx,0,0,2012 Q3,2012-07-01,2012,3,30,Financial / sentiment,Not selected
Elastic net,2012 Q3,UMCSENTx,0,0,2012 Q3,2012-07-01,2012,3,30,Financial / sentiment,Not selected
Elastic net,2012 Q3,TERM_SPREAD,0,0,2012 Q3,2012-07-01,2012,3,30,Financial / sentiment,Not selected
Elastic net,2012 Q3,CREDIT_SPREAD,0,0,2012 Q3,2012-07-01,2012,3,30,Financial / sentiment,Not selected
Elastic net,2012 Q4,RPI,0,0,2012 Q4,2012-10-01,2012,4,31,Real activity / consumption,Not selected
Elastic net,2012 Q4,DPCERA3M086SBEA,0,0,2012 Q4,2012-10-01,2012,4,31,Real activity / consumption,Not selected
Elastic net,2012 Q4,INDPRO,0,0,2012 Q4,2012-10-01,2012,4,31,Real activity / consumption,Not selected
Elastic net,2012 Q4,CMRMTSPLx,0,0,2012 Q4,2012-10-01,2012,4,31,Real activity / consumption,Not selected
Elastic net,2012 Q4,RETAILx,0,0,2012 Q4,2012-10-01,2012,4,31,Real activity / consumption,Not selected
Elastic net,2012 Q4,UNRATE,0,0,2012 Q4,2012-10-01,2012,4,31,Labor market,Not selected
Elastic net,2012 Q4,CLAIMSx,0,0,2012 Q4,2012-10-01,2012,4,31,Labor market,Not selected
Elastic net,2012 Q4,PAYEMS,0,0,2012 Q4,2012-10-01,2012,4,31,Labor market,Not selected
Elastic net,2012 Q4,AWHMAN,0,0,2012 Q4,2012-10-01,2012,4,31,Labor market,Not selected
Elastic net,2012 Q4,HOUST,0,0,2012 Q4,2012-10-01,2012,4,31,Housing,Not selected
Elastic net,2012 Q4,PERMIT,0,0,2012 Q4,2012-10-01,2012,4,31,Housing,Not selected
Elastic net,2012 Q4,M1SL,0,0,2012 Q4,2012-10-01,2012,4,31,Money and credit,Not selected
Elastic net,2012 Q4,M2SL,0,0,2012 Q4,2012-10-01,2012,4,31,Money and credit,Not selected
Elastic net,2012 Q4,BOGMBASE,0,0,2012 Q4,2012-10-01,2012,4,31,Money and credit,Not selected
Elastic net,2012 Q4,BUSLOANS,0,0,2012 Q4,2012-10-01,2012,4,31,Money and credit,Not selected
Elastic net,2012 Q4,NONREVSL,0,0,2012 Q4,2012-10-01,2012,4,31,Money and credit,Not selected
Elastic net,2012 Q4,CPIAUCSL,0,0,2012 Q4,2012-10-01,2012,4,31,Prices and commodities,Not selected
Elastic net,2012 Q4,PPICMM,0,0,2012 Q4,2012-10-01,2012,4,31,Prices and commodities,Not selected
Elastic net,2012 Q4,PCEPI,0,0,2012 Q4,2012-10-01,2012,4,31,Prices and commodities,Not selected
Elastic net,2012 Q4,OILPRICEx,0,0,2012 Q4,2012-10-01,2012,4,31,Prices and commodities,Not selected
Elastic net,2012 Q4,FEDFUNDS,0,0,2012 Q4,2012-10-01,2012,4,31,Financial / sentiment,Not selected
Elastic net,2012 Q4,TB3MS,0,0,2012 Q4,2012-10-01,2012,4,31,Financial / sentiment,Not selected
Elastic net,2012 Q4,GS10,0,0,2012 Q4,2012-10-01,2012,4,31,Financial / sentiment,Not selected
Elastic net,2012 Q4,AAA,0,0,2012 Q4,2012-10-01,2012,4,31,Financial / sentiment,Not selected
Elastic net,2012 Q4,BAA,0,0,2012 Q4,2012-10-01,2012,4,31,Financial / sentiment,Not selected
Elastic net,2012 Q4,S&P 500,0,0,2012 Q4,2012-10-01,2012,4,31,Financial / sentiment,Not selected
Elastic net,2012 Q4,VIXCLSx,0,0,2012 Q4,2012-10-01,2012,4,31,Financial / sentiment,Not selected
Elastic net,2012 Q4,UMCSENTx,0,0,2012 Q4,2012-10-01,2012,4,31,Financial / sentiment,Not selected
Elastic net,2012 Q4,TERM_SPREAD,0,0,2012 Q4,2012-10-01,2012,4,31,Financial / sentiment,Not selected
Elastic net,2012 Q4,CREDIT_SPREAD,0,0,2012 Q4,2012-10-01,2012,4,31,Financial / sentiment,Not selected
Elastic net,2013 Q1,RPI,0,0,2013 Q1,2013-01-01,2013,1,32,Real activity / consumption,Not selected
Elastic net,2013 Q1,DPCERA3M086SBEA,0,0,2013 Q1,2013-01-01,2013,1,32,Real activity / consumption,Not selected
Elastic net,2013 Q1,INDPRO,1,1,2013 Q1,2013-01-01,2013,1,32,Real activity / consumption,Real activity / consumption
Elastic net,2013 Q1,CMRMTSPLx,0,0,2013 Q1,2013-01-01,2013,1,32,Real activity / consumption,Not selected
Elastic net,2013 Q1,RETAILx,0,0,2013 Q1,2013-01-01,2013,1,32,Real activity / consumption,Not selected
Elastic net,2013 Q1,UNRATE,0,0,2013 Q1,2013-01-01,2013,1,32,Labor market,Not selected
Elastic net,2013 Q1,CLAIMSx,0,0,2013 Q1,2013-01-01,2013,1,32,Labor market,Not selected
Elastic net,2013 Q1,PAYEMS,0,0,2013 Q1,2013-01-01,2013,1,32,Labor market,Not selected
Elastic net,2013 Q1,AWHMAN,0,0,2013 Q1,2013-01-01,2013,1,32,Labor market,Not selected
Elastic net,2013 Q1,HOUST,0,0,2013 Q1,2013-01-01,2013,1,32,Housing,Not selected
Elastic net,2013 Q1,PERMIT,0,0,2013 Q1,2013-01-01,2013,1,32,Housing,Not selected
Elastic net,2013 Q1,M1SL,0,0,2013 Q1,2013-01-01,2013,1,32,Money and credit,Not selected
Elastic net,2013 Q1,M2SL,0,0,2013 Q1,2013-01-01,2013,1,32,Money and credit,Not selected
Elastic net,2013 Q1,BOGMBASE,0,0,2013 Q1,2013-01-01,2013,1,32,Money and credit,Not selected
Elastic net,2013 Q1,BUSLOANS,0,0,2013 Q1,2013-01-01,2013,1,32,Money and credit,Not selected
Elastic net,2013 Q1,NONREVSL,0,0,2013 Q1,2013-01-01,2013,1,32,Money and credit,Not selected
Elastic net,2013 Q1,CPIAUCSL,0,0,2013 Q1,2013-01-01,2013,1,32,Prices and commodities,Not selected
Elastic net,2013 Q1,PPICMM,0,0,2013 Q1,2013-01-01,2013,1,32,Prices and commodities,Not selected
Elastic net,2013 Q1,PCEPI,0,0,2013 Q1,2013-01-01,2013,1,32,Prices and commodities,Not selected
Elastic net,2013 Q1,OILPRICEx,0,0,2013 Q1,2013-01-01,2013,1,32,Prices and commodities,Not selected
Elastic net,2013 Q1,FEDFUNDS,0,0,2013 Q1,2013-01-01,2013,1,32,Financial / sentiment,Not selected
Elastic net,2013 Q1,TB3MS,0,0,2013 Q1,2013-01-01,2013,1,32,Financial / sentiment,Not selected
Elastic net,2013 Q1,GS10,0,0,2013 Q1,2013-01-01,2013,1,32,Financial / sentiment,Not selected
Elastic net,2013 Q1,AAA,0,0,2013 Q1,2013-01-01,2013,1,32,Financial / sentiment,Not selected
Elastic net,2013 Q1,BAA,0,0,2013 Q1,2013-01-01,2013,1,32,Financial / sentiment,Not selected
Elastic net,2013 Q1,S&P 500,0,0,2013 Q1,2013-01-01,2013,1,32,Financial / sentiment,Not selected
Elastic net,2013 Q1,VIXCLSx,0,0,2013 Q1,2013-01-01,2013,1,32,Financial / sentiment,Not selected
Elastic net,2013 Q1,UMCSENTx,0,0,2013 Q1,2013-01-01,2013,1,32,Financial / sentiment,Not selected
Elastic net,2013 Q1,TERM_SPREAD,0,0,2013 Q1,2013-01-01,2013,1,32,Financial / sentiment,Not selected
Elastic net,2013 Q1,CREDIT_SPREAD,0,0,2013 Q1,2013-01-01,2013,1,32,Financial / sentiment,Not selected
Elastic net,2013 Q2,RPI,0,0,2013 Q2,2013-04-01,2013,2,33,Real activity / consumption,Not selected
Elastic net,2013 Q2,DPCERA3M086SBEA,0,0,2013 Q2,2013-04-01,2013,2,33,Real activity / consumption,Not selected
Elastic net,2013 Q2,INDPRO,0,0,2013 Q2,2013-04-01,2013,2,33,Real activity / consumption,Not selected
Elastic net,2013 Q2,CMRMTSPLx,0,0,2013 Q2,2013-04-01,2013,2,33,Real activity / consumption,Not selected
Elastic net,2013 Q2,RETAILx,0,0,2013 Q2,2013-04-01,2013,2,33,Real activity / consumption,Not selected
Elastic net,2013 Q2,UNRATE,0,0,2013 Q2,2013-04-01,2013,2,33,Labor market,Not selected
Elastic net,2013 Q2,CLAIMSx,0,0,2013 Q2,2013-04-01,2013,2,33,Labor market,Not selected
Elastic net,2013 Q2,PAYEMS,0,0,2013 Q2,2013-04-01,2013,2,33,Labor market,Not selected
Elastic net,2013 Q2,AWHMAN,0,0,2013 Q2,2013-04-01,2013,2,33,Labor market,Not selected
Elastic net,2013 Q2,HOUST,0,0,2013 Q2,2013-04-01,2013,2,33,Housing,Not selected
Elastic net,2013 Q2,PERMIT,0,0,2013 Q2,2013-04-01,2013,2,33,Housing,Not selected
Elastic net,2013 Q2,M1SL,0,0,2013 Q2,2013-04-01,2013,2,33,Money and credit,Not selected
Elastic net,2013 Q2,M2SL,0,0,2013 Q2,2013-04-01,2013,2,33,Money and credit,Not selected
Elastic net,2013 Q2,BOGMBASE,0,0,2013 Q2,2013-04-01,2013,2,33,Money and credit,Not selected
Elastic net,2013 Q2,BUSLOANS,0,0,2013 Q2,2013-04-01,2013,2,33,Money and credit,Not selected
Elastic net,2013 Q2,NONREVSL,0,0,2013 Q2,2013-04-01,2013,2,33,Money and credit,Not selected
Elastic net,2013 Q2,CPIAUCSL,0,0,2013 Q2,2013-04-01,2013,2,33,Prices and commodities,Not selected
Elastic net,2013 Q2,PPICMM,0,0,2013 Q2,2013-04-01,2013,2,33,Prices and commodities,Not selected
Elastic net,2013 Q2,PCEPI,0,0,2013 Q2,2013-04-01,2013,2,33,Prices and commodities,Not selected
Elastic net,2013 Q2,OILPRICEx,0,0,2013 Q2,2013-04-01,2013,2,33,Prices and commodities,Not selected
Elastic net,2013 Q2,FEDFUNDS,0,0,2013 Q2,2013-04-01,2013,2,33,Financial / sentiment,Not selected
Elastic net,2013 Q2,TB3MS,0,0,2013 Q2,2013-04-01,2013,2,33,Financial / sentiment,Not selected
Elastic net,2013 Q2,GS10,0,0,2013 Q2,2013-04-01,2013,2,33,Financial / sentiment,Not selected
Elastic net,2013 Q2,AAA,0,0,2013 Q2,2013-04-01,2013,2,33,Financial / sentiment,Not selected
Elastic net,2013 Q2,BAA,0,0,2013 Q2,2013-04-01,2013,2,33,Financial / sentiment,Not selected
Elastic net,2013 Q2,S&P 500,0,0,2013 Q2,2013-04-01,2013,2,33,Financial / sentiment,Not selected
Elastic net,2013 Q2,VIXCLSx,0,0,2013 Q2,2013-04-01,2013,2,33,Financial / sentiment,Not selected
Elastic net,2013 Q2,UMCSENTx,0,0,2013 Q2,2013-04-01,2013,2,33,Financial / sentiment,Not selected
Elastic net,2013 Q2,TERM_SPREAD,0,0,2013 Q2,2013-04-01,2013,2,33,Financial / sentiment,Not selected
Elastic net,2013 Q2,CREDIT_SPREAD,0,0,2013 Q2,2013-04-01,2013,2,33,Financial / sentiment,Not selected
Elastic net,2013 Q3,RPI,0,0,2013 Q3,2013-07-01,2013,3,34,Real activity / consumption,Not selected
Elastic net,2013 Q3,DPCERA3M086SBEA,0,0,2013 Q3,2013-07-01,2013,3,34,Real activity / consumption,Not selected
Elastic net,2013 Q3,INDPRO,0,0,2013 Q3,2013-07-01,2013,3,34,Real activity / consumption,Not selected
Elastic net,2013 Q3,CMRMTSPLx,0,0,2013 Q3,2013-07-01,2013,3,34,Real activity / consumption,Not selected
Elastic net,2013 Q3,RETAILx,0,0,2013 Q3,2013-07-01,2013,3,34,Real activity / consumption,Not selected
Elastic net,2013 Q3,UNRATE,0,0,2013 Q3,2013-07-01,2013,3,34,Labor market,Not selected
Elastic net,2013 Q3,CLAIMSx,0,0,2013 Q3,2013-07-01,2013,3,34,Labor market,Not selected
Elastic net,2013 Q3,PAYEMS,0,0,2013 Q3,2013-07-01,2013,3,34,Labor market,Not selected
Elastic net,2013 Q3,AWHMAN,0,0,2013 Q3,2013-07-01,2013,3,34,Labor market,Not selected
Elastic net,2013 Q3,HOUST,0,0,2013 Q3,2013-07-01,2013,3,34,Housing,Not selected
Elastic net,2013 Q3,PERMIT,0,0,2013 Q3,2013-07-01,2013,3,34,Housing,Not selected
Elastic net,2013 Q3,M1SL,0,0,2013 Q3,2013-07-01,2013,3,34,Money and credit,Not selected
Elastic net,2013 Q3,M2SL,0,0,2013 Q3,2013-07-01,2013,3,34,Money and credit,Not selected
Elastic net,2013 Q3,BOGMBASE,0,0,2013 Q3,2013-07-01,2013,3,34,Money and credit,Not selected
Elastic net,2013 Q3,BUSLOANS,0,0,2013 Q3,2013-07-01,2013,3,34,Money and credit,Not selected
Elastic net,2013 Q3,NONREVSL,0,0,2013 Q3,2013-07-01,2013,3,34,Money and credit,Not selected
Elastic net,2013 Q3,CPIAUCSL,0,0,2013 Q3,2013-07-01,2013,3,34,Prices and commodities,Not selected
Elastic net,2013 Q3,PPICMM,0,0,2013 Q3,2013-07-01,2013,3,34,Prices and commodities,Not selected
Elastic net,2013 Q3,PCEPI,0,0,2013 Q3,2013-07-01,2013,3,34,Prices and commodities,Not selected
Elastic net,2013 Q3,OILPRICEx,0,0,2013 Q3,2013-07-01,2013,3,34,Prices and commodities,Not selected
Elastic net,2013 Q3,FEDFUNDS,0,0,2013 Q3,2013-07-01,2013,3,34,Financial / sentiment,Not selected
Elastic net,2013 Q3,TB3MS,0,0,2013 Q3,2013-07-01,2013,3,34,Financial / sentiment,Not selected
Elastic net,2013 Q3,GS10,0,0,2013 Q3,2013-07-01,2013,3,34,Financial / sentiment,Not selected
Elastic net,2013 Q3,AAA,0,0,2013 Q3,2013-07-01,2013,3,34,Financial / sentiment,Not selected
Elastic net,2013 Q3,BAA,0,0,2013 Q3,2013-07-01,2013,3,34,Financial / sentiment,Not selected
Elastic net,2013 Q3,S&P 500,0,0,2013 Q3,2013-07-01,2013,3,34,Financial / sentiment,Not selected
Elastic net,2013 Q3,VIXCLSx,0,0,2013 Q3,2013-07-01,2013,3,34,Financial / sentiment,Not selected
Elastic net,2013 Q3,UMCSENTx,0,0,2013 Q3,2013-07-01,2013,3,34,Financial / sentiment,Not selected
Elastic net,2013 Q3,TERM_SPREAD,0,0,2013 Q3,2013-07-01,2013,3,34,Financial / sentiment,Not selected
Elastic net,2013 Q3,CREDIT_SPREAD,0,0,2013 Q3,2013-07-01,2013,3,34,Financial / sentiment,Not selected
Elastic net,2013 Q4,RPI,0,0,2013 Q4,2013-10-01,2013,4,35,Real activity / consumption,Not selected
Elastic net,2013 Q4,DPCERA3M086SBEA,0,0,2013 Q4,2013-10-01,2013,4,35,Real activity / consumption,Not selected
Elastic net,2013 Q4,INDPRO,0,0,2013 Q4,2013-10-01,2013,4,35,Real activity / consumption,Not selected
Elastic net,2013 Q4,CMRMTSPLx,0,0,2013 Q4,2013-10-01,2013,4,35,Real activity / consumption,Not selected
Elastic net,2013 Q4,RETAILx,0,0,2013 Q4,2013-10-01,2013,4,35,Real activity / consumption,Not selected
Elastic net,2013 Q4,UNRATE,0,0,2013 Q4,2013-10-01,2013,4,35,Labor market,Not selected
Elastic net,2013 Q4,CLAIMSx,0,0,2013 Q4,2013-10-01,2013,4,35,Labor market,Not selected
Elastic net,2013 Q4,PAYEMS,0,0,2013 Q4,2013-10-01,2013,4,35,Labor market,Not selected
Elastic net,2013 Q4,AWHMAN,0,0,2013 Q4,2013-10-01,2013,4,35,Labor market,Not selected
Elastic net,2013 Q4,HOUST,0,0,2013 Q4,2013-10-01,2013,4,35,Housing,Not selected
Elastic net,2013 Q4,PERMIT,0,0,2013 Q4,2013-10-01,2013,4,35,Housing,Not selected
Elastic net,2013 Q4,M1SL,0,0,2013 Q4,2013-10-01,2013,4,35,Money and credit,Not selected
Elastic net,2013 Q4,M2SL,0,0,2013 Q4,2013-10-01,2013,4,35,Money and credit,Not selected
Elastic net,2013 Q4,BOGMBASE,0,0,2013 Q4,2013-10-01,2013,4,35,Money and credit,Not selected
Elastic net,2013 Q4,BUSLOANS,0,0,2013 Q4,2013-10-01,2013,4,35,Money and credit,Not selected
Elastic net,2013 Q4,NONREVSL,0,0,2013 Q4,2013-10-01,2013,4,35,Money and credit,Not selected
Elastic net,2013 Q4,CPIAUCSL,0,0,2013 Q4,2013-10-01,2013,4,35,Prices and commodities,Not selected
Elastic net,2013 Q4,PPICMM,0,0,2013 Q4,2013-10-01,2013,4,35,Prices and commodities,Not selected
Elastic net,2013 Q4,PCEPI,0,0,2013 Q4,2013-10-01,2013,4,35,Prices and commodities,Not selected
Elastic net,2013 Q4,OILPRICEx,0,0,2013 Q4,2013-10-01,2013,4,35,Prices and commodities,Not selected
Elastic net,2013 Q4,FEDFUNDS,0,0,2013 Q4,2013-10-01,2013,4,35,Financial / sentiment,Not selected
Elastic net,2013 Q4,TB3MS,0,0,2013 Q4,2013-10-01,2013,4,35,Financial / sentiment,Not selected
Elastic net,2013 Q4,GS10,0,0,2013 Q4,2013-10-01,2013,4,35,Financial / sentiment,Not selected
Elastic net,2013 Q4,AAA,0,0,2013 Q4,2013-10-01,2013,4,35,Financial / sentiment,Not selected
Elastic net,2013 Q4,BAA,0,0,2013 Q4,2013-10-01,2013,4,35,Financial / sentiment,Not selected
Elastic net,2013 Q4,S&P 500,0,0,2013 Q4,2013-10-01,2013,4,35,Financial / sentiment,Not selected
Elastic net,2013 Q4,VIXCLSx,0,0,2013 Q4,2013-10-01,2013,4,35,Financial / sentiment,Not selected
Elastic net,2013 Q4,UMCSENTx,0,0,2013 Q4,2013-10-01,2013,4,35,Financial / sentiment,Not selected
Elastic net,2013 Q4,TERM_SPREAD,0,0,2013 Q4,2013-10-01,2013,4,35,Financial / sentiment,Not selected
Elastic net,2013 Q4,CREDIT_SPREAD,0,0,2013 Q4,2013-10-01,2013,4,35,Financial / sentiment,Not selected
Elastic net,2014 Q1,RPI,0,0,2014 Q1,2014-01-01,2014,1,36,Real activity / consumption,Not selected
Elastic net,2014 Q1,DPCERA3M086SBEA,0,0,2014 Q1,2014-01-01,2014,1,36,Real activity / consumption,Not selected
Elastic net,2014 Q1,INDPRO,1,1,2014 Q1,2014-01-01,2014,1,36,Real activity / consumption,Real activity / consumption
Elastic net,2014 Q1,CMRMTSPLx,0,0,2014 Q1,2014-01-01,2014,1,36,Real activity / consumption,Not selected
Elastic net,2014 Q1,RETAILx,0,0,2014 Q1,2014-01-01,2014,1,36,Real activity / consumption,Not selected
Elastic net,2014 Q1,UNRATE,0,0,2014 Q1,2014-01-01,2014,1,36,Labor market,Not selected
Elastic net,2014 Q1,CLAIMSx,0,0,2014 Q1,2014-01-01,2014,1,36,Labor market,Not selected
Elastic net,2014 Q1,PAYEMS,0,0,2014 Q1,2014-01-01,2014,1,36,Labor market,Not selected
Elastic net,2014 Q1,AWHMAN,0,0,2014 Q1,2014-01-01,2014,1,36,Labor market,Not selected
Elastic net,2014 Q1,HOUST,0,0,2014 Q1,2014-01-01,2014,1,36,Housing,Not selected
Elastic net,2014 Q1,PERMIT,0,0,2014 Q1,2014-01-01,2014,1,36,Housing,Not selected
Elastic net,2014 Q1,M1SL,0,0,2014 Q1,2014-01-01,2014,1,36,Money and credit,Not selected
Elastic net,2014 Q1,M2SL,0,0,2014 Q1,2014-01-01,2014,1,36,Money and credit,Not selected
Elastic net,2014 Q1,BOGMBASE,0,0,2014 Q1,2014-01-01,2014,1,36,Money and credit,Not selected
Elastic net,2014 Q1,BUSLOANS,0,0,2014 Q1,2014-01-01,2014,1,36,Money and credit,Not selected
Elastic net,2014 Q1,NONREVSL,0,0,2014 Q1,2014-01-01,2014,1,36,Money and credit,Not selected
Elastic net,2014 Q1,CPIAUCSL,0,0,2014 Q1,2014-01-01,2014,1,36,Prices and commodities,Not selected
Elastic net,2014 Q1,PPICMM,0,0,2014 Q1,2014-01-01,2014,1,36,Prices and commodities,Not selected
Elastic net,2014 Q1,PCEPI,0,0,2014 Q1,2014-01-01,2014,1,36,Prices and commodities,Not selected
Elastic net,2014 Q1,OILPRICEx,0,0,2014 Q1,2014-01-01,2014,1,36,Prices and commodities,Not selected
Elastic net,2014 Q1,FEDFUNDS,0,0,2014 Q1,2014-01-01,2014,1,36,Financial / sentiment,Not selected
Elastic net,2014 Q1,TB3MS,0,0,2014 Q1,2014-01-01,2014,1,36,Financial / sentiment,Not selected
Elastic net,2014 Q1,GS10,0,0,2014 Q1,2014-01-01,2014,1,36,Financial / sentiment,Not selected
Elastic net,2014 Q1,AAA,0,0,2014 Q1,2014-01-01,2014,1,36,Financial / sentiment,Not selected
Elastic net,2014 Q1,BAA,0,0,2014 Q1,2014-01-01,2014,1,36,Financial / sentiment,Not selected
Elastic net,2014 Q1,S&P 500,0,0,2014 Q1,2014-01-01,2014,1,36,Financial / sentiment,Not selected
Elastic net,2014 Q1,VIXCLSx,0,0,2014 Q1,2014-01-01,2014,1,36,Financial / sentiment,Not selected
Elastic net,2014 Q1,UMCSENTx,0,0,2014 Q1,2014-01-01,2014,1,36,Financial / sentiment,Not selected
Elastic net,2014 Q1,TERM_SPREAD,0,0,2014 Q1,2014-01-01,2014,1,36,Financial / sentiment,Not selected
Elastic net,2014 Q1,CREDIT_SPREAD,0,0,2014 Q1,2014-01-01,2014,1,36,Financial / sentiment,Not selected
Elastic net,2014 Q2,RPI,0,0,2014 Q2,2014-04-01,2014,2,37,Real activity / consumption,Not selected
Elastic net,2014 Q2,DPCERA3M086SBEA,0,0,2014 Q2,2014-04-01,2014,2,37,Real activity / consumption,Not selected
Elastic net,2014 Q2,INDPRO,2,1,2014 Q2,2014-04-01,2014,2,37,Real activity / consumption,Real activity / consumption
Elastic net,2014 Q2,CMRMTSPLx,0,0,2014 Q2,2014-04-01,2014,2,37,Real activity / consumption,Not selected
Elastic net,2014 Q2,RETAILx,0,0,2014 Q2,2014-04-01,2014,2,37,Real activity / consumption,Not selected
Elastic net,2014 Q2,UNRATE,0,0,2014 Q2,2014-04-01,2014,2,37,Labor market,Not selected
Elastic net,2014 Q2,CLAIMSx,0,0,2014 Q2,2014-04-01,2014,2,37,Labor market,Not selected
Elastic net,2014 Q2,PAYEMS,0,0,2014 Q2,2014-04-01,2014,2,37,Labor market,Not selected
Elastic net,2014 Q2,AWHMAN,0,0,2014 Q2,2014-04-01,2014,2,37,Labor market,Not selected
Elastic net,2014 Q2,HOUST,0,0,2014 Q2,2014-04-01,2014,2,37,Housing,Not selected
Elastic net,2014 Q2,PERMIT,0,0,2014 Q2,2014-04-01,2014,2,37,Housing,Not selected
Elastic net,2014 Q2,M1SL,0,0,2014 Q2,2014-04-01,2014,2,37,Money and credit,Not selected
Elastic net,2014 Q2,M2SL,1,1,2014 Q2,2014-04-01,2014,2,37,Money and credit,Money and credit
Elastic net,2014 Q2,BOGMBASE,0,0,2014 Q2,2014-04-01,2014,2,37,Money and credit,Not selected
Elastic net,2014 Q2,BUSLOANS,0,0,2014 Q2,2014-04-01,2014,2,37,Money and credit,Not selected
Elastic net,2014 Q2,NONREVSL,0,0,2014 Q2,2014-04-01,2014,2,37,Money and credit,Not selected
Elastic net,2014 Q2,CPIAUCSL,0,0,2014 Q2,2014-04-01,2014,2,37,Prices and commodities,Not selected
Elastic net,2014 Q2,PPICMM,0,0,2014 Q2,2014-04-01,2014,2,37,Prices and commodities,Not selected
Elastic net,2014 Q2,PCEPI,0,0,2014 Q2,2014-04-01,2014,2,37,Prices and commodities,Not selected
Elastic net,2014 Q2,OILPRICEx,0,0,2014 Q2,2014-04-01,2014,2,37,Prices and commodities,Not selected
Elastic net,2014 Q2,FEDFUNDS,0,0,2014 Q2,2014-04-01,2014,2,37,Financial / sentiment,Not selected
Elastic net,2014 Q2,TB3MS,0,0,2014 Q2,2014-04-01,2014,2,37,Financial / sentiment,Not selected
Elastic net,2014 Q2,GS10,0,0,2014 Q2,2014-04-01,2014,2,37,Financial / sentiment,Not selected
Elastic net,2014 Q2,AAA,0,0,2014 Q2,2014-04-01,2014,2,37,Financial / sentiment,Not selected
Elastic net,2014 Q2,BAA,0,0,2014 Q2,2014-04-01,2014,2,37,Financial / sentiment,Not selected
Elastic net,2014 Q2,S&P 500,0,0,2014 Q2,2014-04-01,2014,2,37,Financial / sentiment,Not selected
Elastic net,2014 Q2,VIXCLSx,0,0,2014 Q2,2014-04-01,2014,2,37,Financial / sentiment,Not selected
Elastic net,2014 Q2,UMCSENTx,0,0,2014 Q2,2014-04-01,2014,2,37,Financial / sentiment,Not selected
Elastic net,2014 Q2,TERM_SPREAD,0,0,2014 Q2,2014-04-01,2014,2,37,Financial / sentiment,Not selected
Elastic net,2014 Q2,CREDIT_SPREAD,0,0,2014 Q2,2014-04-01,2014,2,37,Financial / sentiment,Not selected
Elastic net,2014 Q3,RPI,0,0,2014 Q3,2014-07-01,2014,3,38,Real activity / consumption,Not selected
Elastic net,2014 Q3,DPCERA3M086SBEA,0,0,2014 Q3,2014-07-01,2014,3,38,Real activity / consumption,Not selected
Elastic net,2014 Q3,INDPRO,2,1,2014 Q3,2014-07-01,2014,3,38,Real activity / consumption,Real activity / consumption
Elastic net,2014 Q3,CMRMTSPLx,0,0,2014 Q3,2014-07-01,2014,3,38,Real activity / consumption,Not selected
Elastic net,2014 Q3,RETAILx,0,0,2014 Q3,2014-07-01,2014,3,38,Real activity / consumption,Not selected
Elastic net,2014 Q3,UNRATE,0,0,2014 Q3,2014-07-01,2014,3,38,Labor market,Not selected
Elastic net,2014 Q3,CLAIMSx,0,0,2014 Q3,2014-07-01,2014,3,38,Labor market,Not selected
Elastic net,2014 Q3,PAYEMS,0,0,2014 Q3,2014-07-01,2014,3,38,Labor market,Not selected
Elastic net,2014 Q3,AWHMAN,0,0,2014 Q3,2014-07-01,2014,3,38,Labor market,Not selected
Elastic net,2014 Q3,HOUST,0,0,2014 Q3,2014-07-01,2014,3,38,Housing,Not selected
Elastic net,2014 Q3,PERMIT,0,0,2014 Q3,2014-07-01,2014,3,38,Housing,Not selected
Elastic net,2014 Q3,M1SL,0,0,2014 Q3,2014-07-01,2014,3,38,Money and credit,Not selected
Elastic net,2014 Q3,M2SL,1,1,2014 Q3,2014-07-01,2014,3,38,Money and credit,Money and credit
Elastic net,2014 Q3,BOGMBASE,0,0,2014 Q3,2014-07-01,2014,3,38,Money and credit,Not selected
Elastic net,2014 Q3,BUSLOANS,0,0,2014 Q3,2014-07-01,2014,3,38,Money and credit,Not selected
Elastic net,2014 Q3,NONREVSL,0,0,2014 Q3,2014-07-01,2014,3,38,Money and credit,Not selected
Elastic net,2014 Q3,CPIAUCSL,0,0,2014 Q3,2014-07-01,2014,3,38,Prices and commodities,Not selected
Elastic net,2014 Q3,PPICMM,0,0,2014 Q3,2014-07-01,2014,3,38,Prices and commodities,Not selected
Elastic net,2014 Q3,PCEPI,0,0,2014 Q3,2014-07-01,2014,3,38,Prices and commodities,Not selected
Elastic net,2014 Q3,OILPRICEx,0,0,2014 Q3,2014-07-01,2014,3,38,Prices and commodities,Not selected
Elastic net,2014 Q3,FEDFUNDS,0,0,2014 Q3,2014-07-01,2014,3,38,Financial / sentiment,Not selected
Elastic net,2014 Q3,TB3MS,0,0,2014 Q3,2014-07-01,2014,3,38,Financial / sentiment,Not selected
Elastic net,2014 Q3,GS10,0,0,2014 Q3,2014-07-01,2014,3,38,Financial / sentiment,Not selected
Elastic net,2014 Q3,AAA,0,0,2014 Q3,2014-07-01,2014,3,38,Financial / sentiment,Not selected
Elastic net,2014 Q3,BAA,0,0,2014 Q3,2014-07-01,2014,3,38,Financial / sentiment,Not selected
Elastic net,2014 Q3,S&P 500,0,0,2014 Q3,2014-07-01,2014,3,38,Financial / sentiment,Not selected
Elastic net,2014 Q3,VIXCLSx,0,0,2014 Q3,2014-07-01,2014,3,38,Financial / sentiment,Not selected
Elastic net,2014 Q3,UMCSENTx,0,0,2014 Q3,2014-07-01,2014,3,38,Financial / sentiment,Not selected
Elastic net,2014 Q3,TERM_SPREAD,0,0,2014 Q3,2014-07-01,2014,3,38,Financial / sentiment,Not selected
Elastic net,2014 Q3,CREDIT_SPREAD,0,0,2014 Q3,2014-07-01,2014,3,38,Financial / sentiment,Not selected
Elastic net,2014 Q4,RPI,1,1,2014 Q4,2014-10-01,2014,4,39,Real activity / consumption,Real activity / consumption
Elastic net,2014 Q4,DPCERA3M086SBEA,0,0,2014 Q4,2014-10-01,2014,4,39,Real activity / consumption,Not selected
Elastic net,2014 Q4,INDPRO,2,1,2014 Q4,2014-10-01,2014,4,39,Real activity / consumption,Real activity / consumption
Elastic net,2014 Q4,CMRMTSPLx,1,1,2014 Q4,2014-10-01,2014,4,39,Real activity / consumption,Real activity / consumption
Elastic net,2014 Q4,RETAILx,0,0,2014 Q4,2014-10-01,2014,4,39,Real activity / consumption,Not selected
Elastic net,2014 Q4,UNRATE,0,0,2014 Q4,2014-10-01,2014,4,39,Labor market,Not selected
Elastic net,2014 Q4,CLAIMSx,0,0,2014 Q4,2014-10-01,2014,4,39,Labor market,Not selected
Elastic net,2014 Q4,PAYEMS,0,0,2014 Q4,2014-10-01,2014,4,39,Labor market,Not selected
Elastic net,2014 Q4,AWHMAN,0,0,2014 Q4,2014-10-01,2014,4,39,Labor market,Not selected
Elastic net,2014 Q4,HOUST,0,0,2014 Q4,2014-10-01,2014,4,39,Housing,Not selected
Elastic net,2014 Q4,PERMIT,0,0,2014 Q4,2014-10-01,2014,4,39,Housing,Not selected
Elastic net,2014 Q4,M1SL,0,0,2014 Q4,2014-10-01,2014,4,39,Money and credit,Not selected
Elastic net,2014 Q4,M2SL,1,1,2014 Q4,2014-10-01,2014,4,39,Money and credit,Money and credit
Elastic net,2014 Q4,BOGMBASE,0,0,2014 Q4,2014-10-01,2014,4,39,Money and credit,Not selected
Elastic net,2014 Q4,BUSLOANS,0,0,2014 Q4,2014-10-01,2014,4,39,Money and credit,Not selected
Elastic net,2014 Q4,NONREVSL,0,0,2014 Q4,2014-10-01,2014,4,39,Money and credit,Not selected
Elastic net,2014 Q4,CPIAUCSL,0,0,2014 Q4,2014-10-01,2014,4,39,Prices and commodities,Not selected
Elastic net,2014 Q4,PPICMM,0,0,2014 Q4,2014-10-01,2014,4,39,Prices and commodities,Not selected
Elastic net,2014 Q4,PCEPI,0,0,2014 Q4,2014-10-01,2014,4,39,Prices and commodities,Not selected
Elastic net,2014 Q4,OILPRICEx,0,0,2014 Q4,2014-10-01,2014,4,39,Prices and commodities,Not selected
Elastic net,2014 Q4,FEDFUNDS,0,0,2014 Q4,2014-10-01,2014,4,39,Financial / sentiment,Not selected
Elastic net,2014 Q4,TB3MS,0,0,2014 Q4,2014-10-01,2014,4,39,Financial / sentiment,Not selected
Elastic net,2014 Q4,GS10,0,0,2014 Q4,2014-10-01,2014,4,39,Financial / sentiment,Not selected
Elastic net,2014 Q4,AAA,0,0,2014 Q4,2014-10-01,2014,4,39,Financial / sentiment,Not selected
Elastic net,2014 Q4,BAA,0,0,2014 Q4,2014-10-01,2014,4,39,Financial / sentiment,Not selected
Elastic net,2014 Q4,S&P 500,0,0,2014 Q4,2014-10-01,2014,4,39,Financial / sentiment,Not selected
Elastic net,2014 Q4,VIXCLSx,0,0,2014 Q4,2014-10-01,2014,4,39,Financial / sentiment,Not selected
Elastic net,2014 Q4,UMCSENTx,0,0,2014 Q4,2014-10-01,2014,4,39,Financial / sentiment,Not selected
Elastic net,2014 Q4,TERM_SPREAD,0,0,2014 Q4,2014-10-01,2014,4,39,Financial / sentiment,Not selected
Elastic net,2014 Q4,CREDIT_SPREAD,0,0,2014 Q4,2014-10-01,2014,4,39,Financial / sentiment,Not selected
Elastic net,2015 Q1,RPI,2,1,2015 Q1,2015-01-01,2015,1,40,Real activity / consumption,Real activity / consumption
Elastic net,2015 Q1,DPCERA3M086SBEA,0,0,2015 Q1,2015-01-01,2015,1,40,Real activity / consumption,Not selected
Elastic net,2015 Q1,INDPRO,2,1,2015 Q1,2015-01-01,2015,1,40,Real activity / consumption,Real activity / consumption
Elastic net,2015 Q1,CMRMTSPLx,1,1,2015 Q1,2015-01-01,2015,1,40,Real activity / consumption,Real activity / consumption
Elastic net,2015 Q1,RETAILx,0,0,2015 Q1,2015-01-01,2015,1,40,Real activity / consumption,Not selected
Elastic net,2015 Q1,UNRATE,0,0,2015 Q1,2015-01-01,2015,1,40,Labor market,Not selected
Elastic net,2015 Q1,CLAIMSx,0,0,2015 Q1,2015-01-01,2015,1,40,Labor market,Not selected
Elastic net,2015 Q1,PAYEMS,1,1,2015 Q1,2015-01-01,2015,1,40,Labor market,Labor market
Elastic net,2015 Q1,AWHMAN,0,0,2015 Q1,2015-01-01,2015,1,40,Labor market,Not selected
Elastic net,2015 Q1,HOUST,0,0,2015 Q1,2015-01-01,2015,1,40,Housing,Not selected
Elastic net,2015 Q1,PERMIT,0,0,2015 Q1,2015-01-01,2015,1,40,Housing,Not selected
Elastic net,2015 Q1,M1SL,0,0,2015 Q1,2015-01-01,2015,1,40,Money and credit,Not selected
Elastic net,2015 Q1,M2SL,1,1,2015 Q1,2015-01-01,2015,1,40,Money and credit,Money and credit
Elastic net,2015 Q1,BOGMBASE,0,0,2015 Q1,2015-01-01,2015,1,40,Money and credit,Not selected
Elastic net,2015 Q1,BUSLOANS,0,0,2015 Q1,2015-01-01,2015,1,40,Money and credit,Not selected
Elastic net,2015 Q1,NONREVSL,0,0,2015 Q1,2015-01-01,2015,1,40,Money and credit,Not selected
Elastic net,2015 Q1,CPIAUCSL,0,0,2015 Q1,2015-01-01,2015,1,40,Prices and commodities,Not selected
Elastic net,2015 Q1,PPICMM,0,0,2015 Q1,2015-01-01,2015,1,40,Prices and commodities,Not selected
Elastic net,2015 Q1,PCEPI,0,0,2015 Q1,2015-01-01,2015,1,40,Prices and commodities,Not selected
Elastic net,2015 Q1,OILPRICEx,0,0,2015 Q1,2015-01-01,2015,1,40,Prices and commodities,Not selected
Elastic net,2015 Q1,FEDFUNDS,0,0,2015 Q1,2015-01-01,2015,1,40,Financial / sentiment,Not selected
Elastic net,2015 Q1,TB3MS,0,0,2015 Q1,2015-01-01,2015,1,40,Financial / sentiment,Not selected
Elastic net,2015 Q1,GS10,0,0,2015 Q1,2015-01-01,2015,1,40,Financial / sentiment,Not selected
Elastic net,2015 Q1,AAA,0,0,2015 Q1,2015-01-01,2015,1,40,Financial / sentiment,Not selected
Elastic net,2015 Q1,BAA,0,0,2015 Q1,2015-01-01,2015,1,40,Financial / sentiment,Not selected
Elastic net,2015 Q1,S&P 500,0,0,2015 Q1,2015-01-01,2015,1,40,Financial / sentiment,Not selected
Elastic net,2015 Q1,VIXCLSx,0,0,2015 Q1,2015-01-01,2015,1,40,Financial / sentiment,Not selected
Elastic net,2015 Q1,UMCSENTx,0,0,2015 Q1,2015-01-01,2015,1,40,Financial / sentiment,Not selected
Elastic net,2015 Q1,TERM_SPREAD,0,0,2015 Q1,2015-01-01,2015,1,40,Financial / sentiment,Not selected
Elastic net,2015 Q1,CREDIT_SPREAD,0,0,2015 Q1,2015-01-01,2015,1,40,Financial / sentiment,Not selected
Elastic net,2015 Q2,RPI,2,1,2015 Q2,2015-04-01,2015,2,41,Real activity / consumption,Real activity / consumption
Elastic net,2015 Q2,DPCERA3M086SBEA,0,0,2015 Q2,2015-04-01,2015,2,41,Real activity / consumption,Not selected
Elastic net,2015 Q2,INDPRO,2,1,2015 Q2,2015-04-01,2015,2,41,Real activity / consumption,Real activity / consumption
Elastic net,2015 Q2,CMRMTSPLx,1,1,2015 Q2,2015-04-01,2015,2,41,Real activity / consumption,Real activity / consumption
Elastic net,2015 Q2,RETAILx,0,0,2015 Q2,2015-04-01,2015,2,41,Real activity / consumption,Not selected
Elastic net,2015 Q2,UNRATE,0,0,2015 Q2,2015-04-01,2015,2,41,Labor market,Not selected
Elastic net,2015 Q2,CLAIMSx,0,0,2015 Q2,2015-04-01,2015,2,41,Labor market,Not selected
Elastic net,2015 Q2,PAYEMS,1,1,2015 Q2,2015-04-01,2015,2,41,Labor market,Labor market
Elastic net,2015 Q2,AWHMAN,0,0,2015 Q2,2015-04-01,2015,2,41,Labor market,Not selected
Elastic net,2015 Q2,HOUST,0,0,2015 Q2,2015-04-01,2015,2,41,Housing,Not selected
Elastic net,2015 Q2,PERMIT,0,0,2015 Q2,2015-04-01,2015,2,41,Housing,Not selected
Elastic net,2015 Q2,M1SL,0,0,2015 Q2,2015-04-01,2015,2,41,Money and credit,Not selected
Elastic net,2015 Q2,M2SL,1,1,2015 Q2,2015-04-01,2015,2,41,Money and credit,Money and credit
Elastic net,2015 Q2,BOGMBASE,0,0,2015 Q2,2015-04-01,2015,2,41,Money and credit,Not selected
Elastic net,2015 Q2,BUSLOANS,0,0,2015 Q2,2015-04-01,2015,2,41,Money and credit,Not selected
Elastic net,2015 Q2,NONREVSL,0,0,2015 Q2,2015-04-01,2015,2,41,Money and credit,Not selected
Elastic net,2015 Q2,CPIAUCSL,0,0,2015 Q2,2015-04-01,2015,2,41,Prices and commodities,Not selected
Elastic net,2015 Q2,PPICMM,0,0,2015 Q2,2015-04-01,2015,2,41,Prices and commodities,Not selected
Elastic net,2015 Q2,PCEPI,0,0,2015 Q2,2015-04-01,2015,2,41,Prices and commodities,Not selected
Elastic net,2015 Q2,OILPRICEx,0,0,2015 Q2,2015-04-01,2015,2,41,Prices and commodities,Not selected
Elastic net,2015 Q2,FEDFUNDS,0,0,2015 Q2,2015-04-01,2015,2,41,Financial / sentiment,Not selected
Elastic net,2015 Q2,TB3MS,0,0,2015 Q2,2015-04-01,2015,2,41,Financial / sentiment,Not selected
Elastic net,2015 Q2,GS10,0,0,2015 Q2,2015-04-01,2015,2,41,Financial / sentiment,Not selected
Elastic net,2015 Q2,AAA,0,0,2015 Q2,2015-04-01,2015,2,41,Financial / sentiment,Not selected
Elastic net,2015 Q2,BAA,0,0,2015 Q2,2015-04-01,2015,2,41,Financial / sentiment,Not selected
Elastic net,2015 Q2,S&P 500,0,0,2015 Q2,2015-04-01,2015,2,41,Financial / sentiment,Not selected
Elastic net,2015 Q2,VIXCLSx,0,0,2015 Q2,2015-04-01,2015,2,41,Financial / sentiment,Not selected
Elastic net,2015 Q2,UMCSENTx,0,0,2015 Q2,2015-04-01,2015,2,41,Financial / sentiment,Not selected
Elastic net,2015 Q2,TERM_SPREAD,0,0,2015 Q2,2015-04-01,2015,2,41,Financial / sentiment,Not selected
Elastic net,2015 Q2,CREDIT_SPREAD,0,0,2015 Q2,2015-04-01,2015,2,41,Financial / sentiment,Not selected
Elastic net,2015 Q3,RPI,1,1,2015 Q3,2015-07-01,2015,3,42,Real activity / consumption,Real activity / consumption
Elastic net,2015 Q3,DPCERA3M086SBEA,0,0,2015 Q3,2015-07-01,2015,3,42,Real activity / consumption,Not selected
Elastic net,2015 Q3,INDPRO,2,1,2015 Q3,2015-07-01,2015,3,42,Real activity / consumption,Real activity / consumption
Elastic net,2015 Q3,CMRMTSPLx,1,1,2015 Q3,2015-07-01,2015,3,42,Real activity / consumption,Real activity / consumption
Elastic net,2015 Q3,RETAILx,0,0,2015 Q3,2015-07-01,2015,3,42,Real activity / consumption,Not selected
Elastic net,2015 Q3,UNRATE,0,0,2015 Q3,2015-07-01,2015,3,42,Labor market,Not selected
Elastic net,2015 Q3,CLAIMSx,0,0,2015 Q3,2015-07-01,2015,3,42,Labor market,Not selected
Elastic net,2015 Q3,PAYEMS,0,0,2015 Q3,2015-07-01,2015,3,42,Labor market,Not selected
Elastic net,2015 Q3,AWHMAN,0,0,2015 Q3,2015-07-01,2015,3,42,Labor market,Not selected
Elastic net,2015 Q3,HOUST,0,0,2015 Q3,2015-07-01,2015,3,42,Housing,Not selected
Elastic net,2015 Q3,PERMIT,0,0,2015 Q3,2015-07-01,2015,3,42,Housing,Not selected
Elastic net,2015 Q3,M1SL,0,0,2015 Q3,2015-07-01,2015,3,42,Money and credit,Not selected
Elastic net,2015 Q3,M2SL,1,1,2015 Q3,2015-07-01,2015,3,42,Money and credit,Money and credit
Elastic net,2015 Q3,BOGMBASE,0,0,2015 Q3,2015-07-01,2015,3,42,Money and credit,Not selected
Elastic net,2015 Q3,BUSLOANS,0,0,2015 Q3,2015-07-01,2015,3,42,Money and credit,Not selected
Elastic net,2015 Q3,NONREVSL,0,0,2015 Q3,2015-07-01,2015,3,42,Money and credit,Not selected
Elastic net,2015 Q3,CPIAUCSL,0,0,2015 Q3,2015-07-01,2015,3,42,Prices and commodities,Not selected
Elastic net,2015 Q3,PPICMM,0,0,2015 Q3,2015-07-01,2015,3,42,Prices and commodities,Not selected
Elastic net,2015 Q3,PCEPI,0,0,2015 Q3,2015-07-01,2015,3,42,Prices and commodities,Not selected
Elastic net,2015 Q3,OILPRICEx,0,0,2015 Q3,2015-07-01,2015,3,42,Prices and commodities,Not selected
Elastic net,2015 Q3,FEDFUNDS,0,0,2015 Q3,2015-07-01,2015,3,42,Financial / sentiment,Not selected
Elastic net,2015 Q3,TB3MS,0,0,2015 Q3,2015-07-01,2015,3,42,Financial / sentiment,Not selected
Elastic net,2015 Q3,GS10,0,0,2015 Q3,2015-07-01,2015,3,42,Financial / sentiment,Not selected
Elastic net,2015 Q3,AAA,0,0,2015 Q3,2015-07-01,2015,3,42,Financial / sentiment,Not selected
Elastic net,2015 Q3,BAA,0,0,2015 Q3,2015-07-01,2015,3,42,Financial / sentiment,Not selected
Elastic net,2015 Q3,S&P 500,0,0,2015 Q3,2015-07-01,2015,3,42,Financial / sentiment,Not selected
Elastic net,2015 Q3,VIXCLSx,0,0,2015 Q3,2015-07-01,2015,3,42,Financial / sentiment,Not selected
Elastic net,2015 Q3,UMCSENTx,0,0,2015 Q3,2015-07-01,2015,3,42,Financial / sentiment,Not selected
Elastic net,2015 Q3,TERM_SPREAD,0,0,2015 Q3,2015-07-01,2015,3,42,Financial / sentiment,Not selected
Elastic net,2015 Q3,CREDIT_SPREAD,0,0,2015 Q3,2015-07-01,2015,3,42,Financial / sentiment,Not selected
Elastic net,2015 Q4,RPI,0,0,2015 Q4,2015-10-01,2015,4,43,Real activity / consumption,Not selected
Elastic net,2015 Q4,DPCERA3M086SBEA,0,0,2015 Q4,2015-10-01,2015,4,43,Real activity / consumption,Not selected
Elastic net,2015 Q4,INDPRO,2,1,2015 Q4,2015-10-01,2015,4,43,Real activity / consumption,Real activity / consumption
Elastic net,2015 Q4,CMRMTSPLx,0,0,2015 Q4,2015-10-01,2015,4,43,Real activity / consumption,Not selected
Elastic net,2015 Q4,RETAILx,0,0,2015 Q4,2015-10-01,2015,4,43,Real activity / consumption,Not selected
Elastic net,2015 Q4,UNRATE,0,0,2015 Q4,2015-10-01,2015,4,43,Labor market,Not selected
Elastic net,2015 Q4,CLAIMSx,0,0,2015 Q4,2015-10-01,2015,4,43,Labor market,Not selected
Elastic net,2015 Q4,PAYEMS,0,0,2015 Q4,2015-10-01,2015,4,43,Labor market,Not selected
Elastic net,2015 Q4,AWHMAN,0,0,2015 Q4,2015-10-01,2015,4,43,Labor market,Not selected
Elastic net,2015 Q4,HOUST,0,0,2015 Q4,2015-10-01,2015,4,43,Housing,Not selected
Elastic net,2015 Q4,PERMIT,0,0,2015 Q4,2015-10-01,2015,4,43,Housing,Not selected
Elastic net,2015 Q4,M1SL,0,0,2015 Q4,2015-10-01,2015,4,43,Money and credit,Not selected
Elastic net,2015 Q4,M2SL,1,1,2015 Q4,2015-10-01,2015,4,43,Money and credit,Money and credit
Elastic net,2015 Q4,BOGMBASE,0,0,2015 Q4,2015-10-01,2015,4,43,Money and credit,Not selected
Elastic net,2015 Q4,BUSLOANS,0,0,2015 Q4,2015-10-01,2015,4,43,Money and credit,Not selected
Elastic net,2015 Q4,NONREVSL,0,0,2015 Q4,2015-10-01,2015,4,43,Money and credit,Not selected
Elastic net,2015 Q4,CPIAUCSL,0,0,2015 Q4,2015-10-01,2015,4,43,Prices and commodities,Not selected
Elastic net,2015 Q4,PPICMM,0,0,2015 Q4,2015-10-01,2015,4,43,Prices and commodities,Not selected
Elastic net,2015 Q4,PCEPI,0,0,2015 Q4,2015-10-01,2015,4,43,Prices and commodities,Not selected
Elastic net,2015 Q4,OILPRICEx,0,0,2015 Q4,2015-10-01,2015,4,43,Prices and commodities,Not selected
Elastic net,2015 Q4,FEDFUNDS,0,0,2015 Q4,2015-10-01,2015,4,43,Financial / sentiment,Not selected
Elastic net,2015 Q4,TB3MS,0,0,2015 Q4,2015-10-01,2015,4,43,Financial / sentiment,Not selected
Elastic net,2015 Q4,GS10,0,0,2015 Q4,2015-10-01,2015,4,43,Financial / sentiment,Not selected
Elastic net,2015 Q4,AAA,0,0,2015 Q4,2015-10-01,2015,4,43,Financial / sentiment,Not selected
Elastic net,2015 Q4,BAA,0,0,2015 Q4,2015-10-01,2015,4,43,Financial / sentiment,Not selected
Elastic net,2015 Q4,S&P 500,0,0,2015 Q4,2015-10-01,2015,4,43,Financial / sentiment,Not selected
Elastic net,2015 Q4,VIXCLSx,0,0,2015 Q4,2015-10-01,2015,4,43,Financial / sentiment,Not selected
Elastic net,2015 Q4,UMCSENTx,0,0,2015 Q4,2015-10-01,2015,4,43,Financial / sentiment,Not selected
Elastic net,2015 Q4,TERM_SPREAD,0,0,2015 Q4,2015-10-01,2015,4,43,Financial / sentiment,Not selected
Elastic net,2015 Q4,CREDIT_SPREAD,0,0,2015 Q4,2015-10-01,2015,4,43,Financial / sentiment,Not selected
Elastic net,2016 Q1,RPI,1,1,2016 Q1,2016-01-01,2016,1,44,Real activity / consumption,Real activity / consumption
Elastic net,2016 Q1,DPCERA3M086SBEA,0,0,2016 Q1,2016-01-01,2016,1,44,Real activity / consumption,Not selected
Elastic net,2016 Q1,INDPRO,2,1,2016 Q1,2016-01-01,2016,1,44,Real activity / consumption,Real activity / consumption
Elastic net,2016 Q1,CMRMTSPLx,0,0,2016 Q1,2016-01-01,2016,1,44,Real activity / consumption,Not selected
Elastic net,2016 Q1,RETAILx,0,0,2016 Q1,2016-01-01,2016,1,44,Real activity / consumption,Not selected
Elastic net,2016 Q1,UNRATE,0,0,2016 Q1,2016-01-01,2016,1,44,Labor market,Not selected
Elastic net,2016 Q1,CLAIMSx,0,0,2016 Q1,2016-01-01,2016,1,44,Labor market,Not selected
Elastic net,2016 Q1,PAYEMS,1,1,2016 Q1,2016-01-01,2016,1,44,Labor market,Labor market
Elastic net,2016 Q1,AWHMAN,0,0,2016 Q1,2016-01-01,2016,1,44,Labor market,Not selected
Elastic net,2016 Q1,HOUST,0,0,2016 Q1,2016-01-01,2016,1,44,Housing,Not selected
Elastic net,2016 Q1,PERMIT,0,0,2016 Q1,2016-01-01,2016,1,44,Housing,Not selected
Elastic net,2016 Q1,M1SL,0,0,2016 Q1,2016-01-01,2016,1,44,Money and credit,Not selected
Elastic net,2016 Q1,M2SL,1,1,2016 Q1,2016-01-01,2016,1,44,Money and credit,Money and credit
Elastic net,2016 Q1,BOGMBASE,0,0,2016 Q1,2016-01-01,2016,1,44,Money and credit,Not selected
Elastic net,2016 Q1,BUSLOANS,0,0,2016 Q1,2016-01-01,2016,1,44,Money and credit,Not selected
Elastic net,2016 Q1,NONREVSL,0,0,2016 Q1,2016-01-01,2016,1,44,Money and credit,Not selected
Elastic net,2016 Q1,CPIAUCSL,0,0,2016 Q1,2016-01-01,2016,1,44,Prices and commodities,Not selected
Elastic net,2016 Q1,PPICMM,0,0,2016 Q1,2016-01-01,2016,1,44,Prices and commodities,Not selected
Elastic net,2016 Q1,PCEPI,0,0,2016 Q1,2016-01-01,2016,1,44,Prices and commodities,Not selected
Elastic net,2016 Q1,OILPRICEx,0,0,2016 Q1,2016-01-01,2016,1,44,Prices and commodities,Not selected
Elastic net,2016 Q1,FEDFUNDS,0,0,2016 Q1,2016-01-01,2016,1,44,Financial / sentiment,Not selected
Elastic net,2016 Q1,TB3MS,0,0,2016 Q1,2016-01-01,2016,1,44,Financial / sentiment,Not selected
Elastic net,2016 Q1,GS10,0,0,2016 Q1,2016-01-01,2016,1,44,Financial / sentiment,Not selected
Elastic net,2016 Q1,AAA,0,0,2016 Q1,2016-01-01,2016,1,44,Financial / sentiment,Not selected
Elastic net,2016 Q1,BAA,0,0,2016 Q1,2016-01-01,2016,1,44,Financial / sentiment,Not selected
Elastic net,2016 Q1,S&P 500,0,0,2016 Q1,2016-01-01,2016,1,44,Financial / sentiment,Not selected
Elastic net,2016 Q1,VIXCLSx,0,0,2016 Q1,2016-01-01,2016,1,44,Financial / sentiment,Not selected
Elastic net,2016 Q1,UMCSENTx,0,0,2016 Q1,2016-01-01,2016,1,44,Financial / sentiment,Not selected
Elastic net,2016 Q1,TERM_SPREAD,0,0,2016 Q1,2016-01-01,2016,1,44,Financial / sentiment,Not selected
Elastic net,2016 Q1,CREDIT_SPREAD,0,0,2016 Q1,2016-01-01,2016,1,44,Financial / sentiment,Not selected
Elastic net,2016 Q2,RPI,0,0,2016 Q2,2016-04-01,2016,2,45,Real activity / consumption,Not selected
Elastic net,2016 Q2,DPCERA3M086SBEA,0,0,2016 Q2,2016-04-01,2016,2,45,Real activity / consumption,Not selected
Elastic net,2016 Q2,INDPRO,1,1,2016 Q2,2016-04-01,2016,2,45,Real activity / consumption,Real activity / consumption
Elastic net,2016 Q2,CMRMTSPLx,0,0,2016 Q2,2016-04-01,2016,2,45,Real activity / consumption,Not selected
Elastic net,2016 Q2,RETAILx,0,0,2016 Q2,2016-04-01,2016,2,45,Real activity / consumption,Not selected
Elastic net,2016 Q2,UNRATE,0,0,2016 Q2,2016-04-01,2016,2,45,Labor market,Not selected
Elastic net,2016 Q2,CLAIMSx,0,0,2016 Q2,2016-04-01,2016,2,45,Labor market,Not selected
Elastic net,2016 Q2,PAYEMS,0,0,2016 Q2,2016-04-01,2016,2,45,Labor market,Not selected
Elastic net,2016 Q2,AWHMAN,0,0,2016 Q2,2016-04-01,2016,2,45,Labor market,Not selected
Elastic net,2016 Q2,HOUST,0,0,2016 Q2,2016-04-01,2016,2,45,Housing,Not selected
Elastic net,2016 Q2,PERMIT,0,0,2016 Q2,2016-04-01,2016,2,45,Housing,Not selected
Elastic net,2016 Q2,M1SL,0,0,2016 Q2,2016-04-01,2016,2,45,Money and credit,Not selected
Elastic net,2016 Q2,M2SL,0,0,2016 Q2,2016-04-01,2016,2,45,Money and credit,Not selected
Elastic net,2016 Q2,BOGMBASE,0,0,2016 Q2,2016-04-01,2016,2,45,Money and credit,Not selected
Elastic net,2016 Q2,BUSLOANS,0,0,2016 Q2,2016-04-01,2016,2,45,Money and credit,Not selected
Elastic net,2016 Q2,NONREVSL,0,0,2016 Q2,2016-04-01,2016,2,45,Money and credit,Not selected
Elastic net,2016 Q2,CPIAUCSL,0,0,2016 Q2,2016-04-01,2016,2,45,Prices and commodities,Not selected
Elastic net,2016 Q2,PPICMM,0,0,2016 Q2,2016-04-01,2016,2,45,Prices and commodities,Not selected
Elastic net,2016 Q2,PCEPI,0,0,2016 Q2,2016-04-01,2016,2,45,Prices and commodities,Not selected
Elastic net,2016 Q2,OILPRICEx,0,0,2016 Q2,2016-04-01,2016,2,45,Prices and commodities,Not selected
Elastic net,2016 Q2,FEDFUNDS,0,0,2016 Q2,2016-04-01,2016,2,45,Financial / sentiment,Not selected
Elastic net,2016 Q2,TB3MS,0,0,2016 Q2,2016-04-01,2016,2,45,Financial / sentiment,Not selected
Elastic net,2016 Q2,GS10,0,0,2016 Q2,2016-04-01,2016,2,45,Financial / sentiment,Not selected
Elastic net,2016 Q2,AAA,0,0,2016 Q2,2016-04-01,2016,2,45,Financial / sentiment,Not selected
Elastic net,2016 Q2,BAA,0,0,2016 Q2,2016-04-01,2016,2,45,Financial / sentiment,Not selected
Elastic net,2016 Q2,S&P 500,0,0,2016 Q2,2016-04-01,2016,2,45,Financial / sentiment,Not selected
Elastic net,2016 Q2,VIXCLSx,0,0,2016 Q2,2016-04-01,2016,2,45,Financial / sentiment,Not selected
Elastic net,2016 Q2,UMCSENTx,0,0,2016 Q2,2016-04-01,2016,2,45,Financial / sentiment,Not selected
Elastic net,2016 Q2,TERM_SPREAD,0,0,2016 Q2,2016-04-01,2016,2,45,Financial / sentiment,Not selected
Elastic net,2016 Q2,CREDIT_SPREAD,0,0,2016 Q2,2016-04-01,2016,2,45,Financial / sentiment,Not selected
Elastic net,2016 Q3,RPI,0,0,2016 Q3,2016-07-01,2016,3,46,Real activity / consumption,Not selected
Elastic net,2016 Q3,DPCERA3M086SBEA,0,0,2016 Q3,2016-07-01,2016,3,46,Real activity / consumption,Not selected
Elastic net,2016 Q3,INDPRO,1,1,2016 Q3,2016-07-01,2016,3,46,Real activity / consumption,Real activity / consumption
Elastic net,2016 Q3,CMRMTSPLx,0,0,2016 Q3,2016-07-01,2016,3,46,Real activity / consumption,Not selected
Elastic net,2016 Q3,RETAILx,0,0,2016 Q3,2016-07-01,2016,3,46,Real activity / consumption,Not selected
Elastic net,2016 Q3,UNRATE,0,0,2016 Q3,2016-07-01,2016,3,46,Labor market,Not selected
Elastic net,2016 Q3,CLAIMSx,0,0,2016 Q3,2016-07-01,2016,3,46,Labor market,Not selected
Elastic net,2016 Q3,PAYEMS,0,0,2016 Q3,2016-07-01,2016,3,46,Labor market,Not selected
Elastic net,2016 Q3,AWHMAN,0,0,2016 Q3,2016-07-01,2016,3,46,Labor market,Not selected
Elastic net,2016 Q3,HOUST,0,0,2016 Q3,2016-07-01,2016,3,46,Housing,Not selected
Elastic net,2016 Q3,PERMIT,0,0,2016 Q3,2016-07-01,2016,3,46,Housing,Not selected
Elastic net,2016 Q3,M1SL,0,0,2016 Q3,2016-07-01,2016,3,46,Money and credit,Not selected
Elastic net,2016 Q3,M2SL,0,0,2016 Q3,2016-07-01,2016,3,46,Money and credit,Not selected
Elastic net,2016 Q3,BOGMBASE,0,0,2016 Q3,2016-07-01,2016,3,46,Money and credit,Not selected
Elastic net,2016 Q3,BUSLOANS,0,0,2016 Q3,2016-07-01,2016,3,46,Money and credit,Not selected
Elastic net,2016 Q3,NONREVSL,0,0,2016 Q3,2016-07-01,2016,3,46,Money and credit,Not selected
Elastic net,2016 Q3,CPIAUCSL,0,0,2016 Q3,2016-07-01,2016,3,46,Prices and commodities,Not selected
Elastic net,2016 Q3,PPICMM,0,0,2016 Q3,2016-07-01,2016,3,46,Prices and commodities,Not selected
Elastic net,2016 Q3,PCEPI,0,0,2016 Q3,2016-07-01,2016,3,46,Prices and commodities,Not selected
Elastic net,2016 Q3,OILPRICEx,0,0,2016 Q3,2016-07-01,2016,3,46,Prices and commodities,Not selected
Elastic net,2016 Q3,FEDFUNDS,0,0,2016 Q3,2016-07-01,2016,3,46,Financial / sentiment,Not selected
Elastic net,2016 Q3,TB3MS,0,0,2016 Q3,2016-07-01,2016,3,46,Financial / sentiment,Not selected
Elastic net,2016 Q3,GS10,0,0,2016 Q3,2016-07-01,2016,3,46,Financial / sentiment,Not selected
Elastic net,2016 Q3,AAA,0,0,2016 Q3,2016-07-01,2016,3,46,Financial / sentiment,Not selected
Elastic net,2016 Q3,BAA,0,0,2016 Q3,2016-07-01,2016,3,46,Financial / sentiment,Not selected
Elastic net,2016 Q3,S&P 500,0,0,2016 Q3,2016-07-01,2016,3,46,Financial / sentiment,Not selected
Elastic net,2016 Q3,VIXCLSx,0,0,2016 Q3,2016-07-01,2016,3,46,Financial / sentiment,Not selected
Elastic net,2016 Q3,UMCSENTx,0,0,2016 Q3,2016-07-01,2016,3,46,Financial / sentiment,Not selected
Elastic net,2016 Q3,TERM_SPREAD,0,0,2016 Q3,2016-07-01,2016,3,46,Financial / sentiment,Not selected
Elastic net,2016 Q3,CREDIT_SPREAD,0,0,2016 Q3,2016-07-01,2016,3,46,Financial / sentiment,Not selected
Elastic net,2016 Q4,RPI,0,0,2016 Q4,2016-10-01,2016,4,47,Real activity / consumption,Not selected
Elastic net,2016 Q4,DPCERA3M086SBEA,0,0,2016 Q4,2016-10-01,2016,4,47,Real activity / consumption,Not selected
Elastic net,2016 Q4,INDPRO,0,0,2016 Q4,2016-10-01,2016,4,47,Real activity / consumption,Not selected
Elastic net,2016 Q4,CMRMTSPLx,0,0,2016 Q4,2016-10-01,2016,4,47,Real activity / consumption,Not selected
Elastic net,2016 Q4,RETAILx,0,0,2016 Q4,2016-10-01,2016,4,47,Real activity / consumption,Not selected
Elastic net,2016 Q4,UNRATE,0,0,2016 Q4,2016-10-01,2016,4,47,Labor market,Not selected
Elastic net,2016 Q4,CLAIMSx,0,0,2016 Q4,2016-10-01,2016,4,47,Labor market,Not selected
Elastic net,2016 Q4,PAYEMS,0,0,2016 Q4,2016-10-01,2016,4,47,Labor market,Not selected
Elastic net,2016 Q4,AWHMAN,0,0,2016 Q4,2016-10-01,2016,4,47,Labor market,Not selected
Elastic net,2016 Q4,HOUST,0,0,2016 Q4,2016-10-01,2016,4,47,Housing,Not selected
Elastic net,2016 Q4,PERMIT,0,0,2016 Q4,2016-10-01,2016,4,47,Housing,Not selected
Elastic net,2016 Q4,M1SL,0,0,2016 Q4,2016-10-01,2016,4,47,Money and credit,Not selected
Elastic net,2016 Q4,M2SL,0,0,2016 Q4,2016-10-01,2016,4,47,Money and credit,Not selected
Elastic net,2016 Q4,BOGMBASE,0,0,2016 Q4,2016-10-01,2016,4,47,Money and credit,Not selected
Elastic net,2016 Q4,BUSLOANS,0,0,2016 Q4,2016-10-01,2016,4,47,Money and credit,Not selected
Elastic net,2016 Q4,NONREVSL,0,0,2016 Q4,2016-10-01,2016,4,47,Money and credit,Not selected
Elastic net,2016 Q4,CPIAUCSL,0,0,2016 Q4,2016-10-01,2016,4,47,Prices and commodities,Not selected
Elastic net,2016 Q4,PPICMM,0,0,2016 Q4,2016-10-01,2016,4,47,Prices and commodities,Not selected
Elastic net,2016 Q4,PCEPI,0,0,2016 Q4,2016-10-01,2016,4,47,Prices and commodities,Not selected
Elastic net,2016 Q4,OILPRICEx,0,0,2016 Q4,2016-10-01,2016,4,47,Prices and commodities,Not selected
Elastic net,2016 Q4,FEDFUNDS,0,0,2016 Q4,2016-10-01,2016,4,47,Financial / sentiment,Not selected
Elastic net,2016 Q4,TB3MS,0,0,2016 Q4,2016-10-01,2016,4,47,Financial / sentiment,Not selected
Elastic net,2016 Q4,GS10,0,0,2016 Q4,2016-10-01,2016,4,47,Financial / sentiment,Not selected
Elastic net,2016 Q4,AAA,0,0,2016 Q4,2016-10-01,2016,4,47,Financial / sentiment,Not selected
Elastic net,2016 Q4,BAA,0,0,2016 Q4,2016-10-01,2016,4,47,Financial / sentiment,Not selected
Elastic net,2016 Q4,S&P 500,0,0,2016 Q4,2016-10-01,2016,4,47,Financial / sentiment,Not selected
Elastic net,2016 Q4,VIXCLSx,0,0,2016 Q4,2016-10-01,2016,4,47,Financial / sentiment,Not selected
Elastic net,2016 Q4,UMCSENTx,0,0,2016 Q4,2016-10-01,2016,4,47,Financial / sentiment,Not selected
Elastic net,2016 Q4,TERM_SPREAD,0,0,2016 Q4,2016-10-01,2016,4,47,Financial / sentiment,Not selected
Elastic net,2016 Q4,CREDIT_SPREAD,0,0,2016 Q4,2016-10-01,2016,4,47,Financial / sentiment,Not selected
Elastic net,2017 Q1,RPI,0,0,2017 Q1,2017-01-01,2017,1,48,Real activity / consumption,Not selected
Elastic net,2017 Q1,DPCERA3M086SBEA,0,0,2017 Q1,2017-01-01,2017,1,48,Real activity / consumption,Not selected
Elastic net,2017 Q1,INDPRO,0,0,2017 Q1,2017-01-01,2017,1,48,Real activity / consumption,Not selected
Elastic net,2017 Q1,CMRMTSPLx,0,0,2017 Q1,2017-01-01,2017,1,48,Real activity / consumption,Not selected
Elastic net,2017 Q1,RETAILx,0,0,2017 Q1,2017-01-01,2017,1,48,Real activity / consumption,Not selected
Elastic net,2017 Q1,UNRATE,0,0,2017 Q1,2017-01-01,2017,1,48,Labor market,Not selected
Elastic net,2017 Q1,CLAIMSx,0,0,2017 Q1,2017-01-01,2017,1,48,Labor market,Not selected
Elastic net,2017 Q1,PAYEMS,0,0,2017 Q1,2017-01-01,2017,1,48,Labor market,Not selected
Elastic net,2017 Q1,AWHMAN,0,0,2017 Q1,2017-01-01,2017,1,48,Labor market,Not selected
Elastic net,2017 Q1,HOUST,0,0,2017 Q1,2017-01-01,2017,1,48,Housing,Not selected
Elastic net,2017 Q1,PERMIT,0,0,2017 Q1,2017-01-01,2017,1,48,Housing,Not selected
Elastic net,2017 Q1,M1SL,0,0,2017 Q1,2017-01-01,2017,1,48,Money and credit,Not selected
Elastic net,2017 Q1,M2SL,0,0,2017 Q1,2017-01-01,2017,1,48,Money and credit,Not selected
Elastic net,2017 Q1,BOGMBASE,0,0,2017 Q1,2017-01-01,2017,1,48,Money and credit,Not selected
Elastic net,2017 Q1,BUSLOANS,0,0,2017 Q1,2017-01-01,2017,1,48,Money and credit,Not selected
Elastic net,2017 Q1,NONREVSL,0,0,2017 Q1,2017-01-01,2017,1,48,Money and credit,Not selected
Elastic net,2017 Q1,CPIAUCSL,0,0,2017 Q1,2017-01-01,2017,1,48,Prices and commodities,Not selected
Elastic net,2017 Q1,PPICMM,0,0,2017 Q1,2017-01-01,2017,1,48,Prices and commodities,Not selected
Elastic net,2017 Q1,PCEPI,0,0,2017 Q1,2017-01-01,2017,1,48,Prices and commodities,Not selected
Elastic net,2017 Q1,OILPRICEx,0,0,2017 Q1,2017-01-01,2017,1,48,Prices and commodities,Not selected
Elastic net,2017 Q1,FEDFUNDS,0,0,2017 Q1,2017-01-01,2017,1,48,Financial / sentiment,Not selected
Elastic net,2017 Q1,TB3MS,0,0,2017 Q1,2017-01-01,2017,1,48,Financial / sentiment,Not selected
Elastic net,2017 Q1,GS10,0,0,2017 Q1,2017-01-01,2017,1,48,Financial / sentiment,Not selected
Elastic net,2017 Q1,AAA,0,0,2017 Q1,2017-01-01,2017,1,48,Financial / sentiment,Not selected
Elastic net,2017 Q1,BAA,0,0,2017 Q1,2017-01-01,2017,1,48,Financial / sentiment,Not selected
Elastic net,2017 Q1,S&P 500,0,0,2017 Q1,2017-01-01,2017,1,48,Financial / sentiment,Not selected
Elastic net,2017 Q1,VIXCLSx,0,0,2017 Q1,2017-01-01,2017,1,48,Financial / sentiment,Not selected
Elastic net,2017 Q1,UMCSENTx,0,0,2017 Q1,2017-01-01,2017,1,48,Financial / sentiment,Not selected
Elastic net,2017 Q1,TERM_SPREAD,0,0,2017 Q1,2017-01-01,2017,1,48,Financial / sentiment,Not selected
Elastic net,2017 Q1,CREDIT_SPREAD,0,0,2017 Q1,2017-01-01,2017,1,48,Financial / sentiment,Not selected
Elastic net,2017 Q2,RPI,0,0,2017 Q2,2017-04-01,2017,2,49,Real activity / consumption,Not selected
Elastic net,2017 Q2,DPCERA3M086SBEA,0,0,2017 Q2,2017-04-01,2017,2,49,Real activity / consumption,Not selected
Elastic net,2017 Q2,INDPRO,2,1,2017 Q2,2017-04-01,2017,2,49,Real activity / consumption,Real activity / consumption
Elastic net,2017 Q2,CMRMTSPLx,0,0,2017 Q2,2017-04-01,2017,2,49,Real activity / consumption,Not selected
Elastic net,2017 Q2,RETAILx,0,0,2017 Q2,2017-04-01,2017,2,49,Real activity / consumption,Not selected
Elastic net,2017 Q2,UNRATE,0,0,2017 Q2,2017-04-01,2017,2,49,Labor market,Not selected
Elastic net,2017 Q2,CLAIMSx,0,0,2017 Q2,2017-04-01,2017,2,49,Labor market,Not selected
Elastic net,2017 Q2,PAYEMS,0,0,2017 Q2,2017-04-01,2017,2,49,Labor market,Not selected
Elastic net,2017 Q2,AWHMAN,0,0,2017 Q2,2017-04-01,2017,2,49,Labor market,Not selected
Elastic net,2017 Q2,HOUST,0,0,2017 Q2,2017-04-01,2017,2,49,Housing,Not selected
Elastic net,2017 Q2,PERMIT,0,0,2017 Q2,2017-04-01,2017,2,49,Housing,Not selected
Elastic net,2017 Q2,M1SL,0,0,2017 Q2,2017-04-01,2017,2,49,Money and credit,Not selected
Elastic net,2017 Q2,M2SL,1,1,2017 Q2,2017-04-01,2017,2,49,Money and credit,Money and credit
Elastic net,2017 Q2,BOGMBASE,0,0,2017 Q2,2017-04-01,2017,2,49,Money and credit,Not selected
Elastic net,2017 Q2,BUSLOANS,0,0,2017 Q2,2017-04-01,2017,2,49,Money and credit,Not selected
Elastic net,2017 Q2,NONREVSL,0,0,2017 Q2,2017-04-01,2017,2,49,Money and credit,Not selected
Elastic net,2017 Q2,CPIAUCSL,0,0,2017 Q2,2017-04-01,2017,2,49,Prices and commodities,Not selected
Elastic net,2017 Q2,PPICMM,0,0,2017 Q2,2017-04-01,2017,2,49,Prices and commodities,Not selected
Elastic net,2017 Q2,PCEPI,0,0,2017 Q2,2017-04-01,2017,2,49,Prices and commodities,Not selected
Elastic net,2017 Q2,OILPRICEx,0,0,2017 Q2,2017-04-01,2017,2,49,Prices and commodities,Not selected
Elastic net,2017 Q2,FEDFUNDS,0,0,2017 Q2,2017-04-01,2017,2,49,Financial / sentiment,Not selected
Elastic net,2017 Q2,TB3MS,0,0,2017 Q2,2017-04-01,2017,2,49,Financial / sentiment,Not selected
Elastic net,2017 Q2,GS10,0,0,2017 Q2,2017-04-01,2017,2,49,Financial / sentiment,Not selected
Elastic net,2017 Q2,AAA,0,0,2017 Q2,2017-04-01,2017,2,49,Financial / sentiment,Not selected
Elastic net,2017 Q2,BAA,0,0,2017 Q2,2017-04-01,2017,2,49,Financial / sentiment,Not selected
Elastic net,2017 Q2,S&P 500,0,0,2017 Q2,2017-04-01,2017,2,49,Financial / sentiment,Not selected
Elastic net,2017 Q2,VIXCLSx,0,0,2017 Q2,2017-04-01,2017,2,49,Financial / sentiment,Not selected
Elastic net,2017 Q2,UMCSENTx,0,0,2017 Q2,2017-04-01,2017,2,49,Financial / sentiment,Not selected
Elastic net,2017 Q2,TERM_SPREAD,0,0,2017 Q2,2017-04-01,2017,2,49,Financial / sentiment,Not selected
Elastic net,2017 Q2,CREDIT_SPREAD,0,0,2017 Q2,2017-04-01,2017,2,49,Financial / sentiment,Not selected
Elastic net,2017 Q3,RPI,0,0,2017 Q3,2017-07-01,2017,3,50,Real activity / consumption,Not selected
Elastic net,2017 Q3,DPCERA3M086SBEA,0,0,2017 Q3,2017-07-01,2017,3,50,Real activity / consumption,Not selected
Elastic net,2017 Q3,INDPRO,2,1,2017 Q3,2017-07-01,2017,3,50,Real activity / consumption,Real activity / consumption
Elastic net,2017 Q3,CMRMTSPLx,0,0,2017 Q3,2017-07-01,2017,3,50,Real activity / consumption,Not selected
Elastic net,2017 Q3,RETAILx,0,0,2017 Q3,2017-07-01,2017,3,50,Real activity / consumption,Not selected
Elastic net,2017 Q3,UNRATE,0,0,2017 Q3,2017-07-01,2017,3,50,Labor market,Not selected
Elastic net,2017 Q3,CLAIMSx,0,0,2017 Q3,2017-07-01,2017,3,50,Labor market,Not selected
Elastic net,2017 Q3,PAYEMS,0,0,2017 Q3,2017-07-01,2017,3,50,Labor market,Not selected
Elastic net,2017 Q3,AWHMAN,0,0,2017 Q3,2017-07-01,2017,3,50,Labor market,Not selected
Elastic net,2017 Q3,HOUST,0,0,2017 Q3,2017-07-01,2017,3,50,Housing,Not selected
Elastic net,2017 Q3,PERMIT,0,0,2017 Q3,2017-07-01,2017,3,50,Housing,Not selected
Elastic net,2017 Q3,M1SL,0,0,2017 Q3,2017-07-01,2017,3,50,Money and credit,Not selected
Elastic net,2017 Q3,M2SL,1,1,2017 Q3,2017-07-01,2017,3,50,Money and credit,Money and credit
Elastic net,2017 Q3,BOGMBASE,0,0,2017 Q3,2017-07-01,2017,3,50,Money and credit,Not selected
Elastic net,2017 Q3,BUSLOANS,0,0,2017 Q3,2017-07-01,2017,3,50,Money and credit,Not selected
Elastic net,2017 Q3,NONREVSL,0,0,2017 Q3,2017-07-01,2017,3,50,Money and credit,Not selected
Elastic net,2017 Q3,CPIAUCSL,0,0,2017 Q3,2017-07-01,2017,3,50,Prices and commodities,Not selected
Elastic net,2017 Q3,PPICMM,0,0,2017 Q3,2017-07-01,2017,3,50,Prices and commodities,Not selected
Elastic net,2017 Q3,PCEPI,0,0,2017 Q3,2017-07-01,2017,3,50,Prices and commodities,Not selected
Elastic net,2017 Q3,OILPRICEx,0,0,2017 Q3,2017-07-01,2017,3,50,Prices and commodities,Not selected
Elastic net,2017 Q3,FEDFUNDS,0,0,2017 Q3,2017-07-01,2017,3,50,Financial / sentiment,Not selected
Elastic net,2017 Q3,TB3MS,0,0,2017 Q3,2017-07-01,2017,3,50,Financial / sentiment,Not selected
Elastic net,2017 Q3,GS10,0,0,2017 Q3,2017-07-01,2017,3,50,Financial / sentiment,Not selected
Elastic net,2017 Q3,AAA,0,0,2017 Q3,2017-07-01,2017,3,50,Financial / sentiment,Not selected
Elastic net,2017 Q3,BAA,0,0,2017 Q3,2017-07-01,2017,3,50,Financial / sentiment,Not selected
Elastic net,2017 Q3,S&P 500,0,0,2017 Q3,2017-07-01,2017,3,50,Financial / sentiment,Not selected
Elastic net,2017 Q3,VIXCLSx,0,0,2017 Q3,2017-07-01,2017,3,50,Financial / sentiment,Not selected
Elastic net,2017 Q3,UMCSENTx,0,0,2017 Q3,2017-07-01,2017,3,50,Financial / sentiment,Not selected
Elastic net,2017 Q3,TERM_SPREAD,0,0,2017 Q3,2017-07-01,2017,3,50,Financial / sentiment,Not selected
Elastic net,2017 Q3,CREDIT_SPREAD,0,0,2017 Q3,2017-07-01,2017,3,50,Financial / sentiment,Not selected
Elastic net,2017 Q4,RPI,0,0,2017 Q4,2017-10-01,2017,4,51,Real activity / consumption,Not selected
Elastic net,2017 Q4,DPCERA3M086SBEA,0,0,2017 Q4,2017-10-01,2017,4,51,Real activity / consumption,Not selected
Elastic net,2017 Q4,INDPRO,0,0,2017 Q4,2017-10-01,2017,4,51,Real activity / consumption,Not selected
Elastic net,2017 Q4,CMRMTSPLx,0,0,2017 Q4,2017-10-01,2017,4,51,Real activity / consumption,Not selected
Elastic net,2017 Q4,RETAILx,0,0,2017 Q4,2017-10-01,2017,4,51,Real activity / consumption,Not selected
Elastic net,2017 Q4,UNRATE,0,0,2017 Q4,2017-10-01,2017,4,51,Labor market,Not selected
Elastic net,2017 Q4,CLAIMSx,0,0,2017 Q4,2017-10-01,2017,4,51,Labor market,Not selected
Elastic net,2017 Q4,PAYEMS,0,0,2017 Q4,2017-10-01,2017,4,51,Labor market,Not selected
Elastic net,2017 Q4,AWHMAN,0,0,2017 Q4,2017-10-01,2017,4,51,Labor market,Not selected
Elastic net,2017 Q4,HOUST,0,0,2017 Q4,2017-10-01,2017,4,51,Housing,Not selected
Elastic net,2017 Q4,PERMIT,0,0,2017 Q4,2017-10-01,2017,4,51,Housing,Not selected
Elastic net,2017 Q4,M1SL,0,0,2017 Q4,2017-10-01,2017,4,51,Money and credit,Not selected
Elastic net,2017 Q4,M2SL,0,0,2017 Q4,2017-10-01,2017,4,51,Money and credit,Not selected
Elastic net,2017 Q4,BOGMBASE,0,0,2017 Q4,2017-10-01,2017,4,51,Money and credit,Not selected
Elastic net,2017 Q4,BUSLOANS,0,0,2017 Q4,2017-10-01,2017,4,51,Money and credit,Not selected
Elastic net,2017 Q4,NONREVSL,0,0,2017 Q4,2017-10-01,2017,4,51,Money and credit,Not selected
Elastic net,2017 Q4,CPIAUCSL,0,0,2017 Q4,2017-10-01,2017,4,51,Prices and commodities,Not selected
Elastic net,2017 Q4,PPICMM,0,0,2017 Q4,2017-10-01,2017,4,51,Prices and commodities,Not selected
Elastic net,2017 Q4,PCEPI,0,0,2017 Q4,2017-10-01,2017,4,51,Prices and commodities,Not selected
Elastic net,2017 Q4,OILPRICEx,0,0,2017 Q4,2017-10-01,2017,4,51,Prices and commodities,Not selected
Elastic net,2017 Q4,FEDFUNDS,0,0,2017 Q4,2017-10-01,2017,4,51,Financial / sentiment,Not selected
Elastic net,2017 Q4,TB3MS,0,0,2017 Q4,2017-10-01,2017,4,51,Financial / sentiment,Not selected
Elastic net,2017 Q4,GS10,0,0,2017 Q4,2017-10-01,2017,4,51,Financial / sentiment,Not selected
Elastic net,2017 Q4,AAA,0,0,2017 Q4,2017-10-01,2017,4,51,Financial / sentiment,Not selected
Elastic net,2017 Q4,BAA,0,0,2017 Q4,2017-10-01,2017,4,51,Financial / sentiment,Not selected
Elastic net,2017 Q4,S&P 500,0,0,2017 Q4,2017-10-01,2017,4,51,Financial / sentiment,Not selected
Elastic net,2017 Q4,VIXCLSx,0,0,2017 Q4,2017-10-01,2017,4,51,Financial / sentiment,Not selected
Elastic net,2017 Q4,UMCSENTx,0,0,2017 Q4,2017-10-01,2017,4,51,Financial / sentiment,Not selected
Elastic net,2017 Q4,TERM_SPREAD,0,0,2017 Q4,2017-10-01,2017,4,51,Financial / sentiment,Not selected
Elastic net,2017 Q4,CREDIT_SPREAD,0,0,2017 Q4,2017-10-01,2017,4,51,Financial / sentiment,Not selected
Elastic net,2018 Q1,RPI,0,0,2018 Q1,2018-01-01,2018,1,52,Real activity / consumption,Not selected
Elastic net,2018 Q1,DPCERA3M086SBEA,0,0,2018 Q1,2018-01-01,2018,1,52,Real activity / consumption,Not selected
Elastic net,2018 Q1,INDPRO,0,0,2018 Q1,2018-01-01,2018,1,52,Real activity / consumption,Not selected
Elastic net,2018 Q1,CMRMTSPLx,0,0,2018 Q1,2018-01-01,2018,1,52,Real activity / consumption,Not selected
Elastic net,2018 Q1,RETAILx,0,0,2018 Q1,2018-01-01,2018,1,52,Real activity / consumption,Not selected
Elastic net,2018 Q1,UNRATE,0,0,2018 Q1,2018-01-01,2018,1,52,Labor market,Not selected
Elastic net,2018 Q1,CLAIMSx,0,0,2018 Q1,2018-01-01,2018,1,52,Labor market,Not selected
Elastic net,2018 Q1,PAYEMS,0,0,2018 Q1,2018-01-01,2018,1,52,Labor market,Not selected
Elastic net,2018 Q1,AWHMAN,0,0,2018 Q1,2018-01-01,2018,1,52,Labor market,Not selected
Elastic net,2018 Q1,HOUST,0,0,2018 Q1,2018-01-01,2018,1,52,Housing,Not selected
Elastic net,2018 Q1,PERMIT,0,0,2018 Q1,2018-01-01,2018,1,52,Housing,Not selected
Elastic net,2018 Q1,M1SL,0,0,2018 Q1,2018-01-01,2018,1,52,Money and credit,Not selected
Elastic net,2018 Q1,M2SL,0,0,2018 Q1,2018-01-01,2018,1,52,Money and credit,Not selected
Elastic net,2018 Q1,BOGMBASE,0,0,2018 Q1,2018-01-01,2018,1,52,Money and credit,Not selected
Elastic net,2018 Q1,BUSLOANS,0,0,2018 Q1,2018-01-01,2018,1,52,Money and credit,Not selected
Elastic net,2018 Q1,NONREVSL,0,0,2018 Q1,2018-01-01,2018,1,52,Money and credit,Not selected
Elastic net,2018 Q1,CPIAUCSL,0,0,2018 Q1,2018-01-01,2018,1,52,Prices and commodities,Not selected
Elastic net,2018 Q1,PPICMM,0,0,2018 Q1,2018-01-01,2018,1,52,Prices and commodities,Not selected
Elastic net,2018 Q1,PCEPI,0,0,2018 Q1,2018-01-01,2018,1,52,Prices and commodities,Not selected
Elastic net,2018 Q1,OILPRICEx,0,0,2018 Q1,2018-01-01,2018,1,52,Prices and commodities,Not selected
Elastic net,2018 Q1,FEDFUNDS,0,0,2018 Q1,2018-01-01,2018,1,52,Financial / sentiment,Not selected
Elastic net,2018 Q1,TB3MS,0,0,2018 Q1,2018-01-01,2018,1,52,Financial / sentiment,Not selected
Elastic net,2018 Q1,GS10,0,0,2018 Q1,2018-01-01,2018,1,52,Financial / sentiment,Not selected
Elastic net,2018 Q1,AAA,0,0,2018 Q1,2018-01-01,2018,1,52,Financial / sentiment,Not selected
Elastic net,2018 Q1,BAA,0,0,2018 Q1,2018-01-01,2018,1,52,Financial / sentiment,Not selected
Elastic net,2018 Q1,S&P 500,0,0,2018 Q1,2018-01-01,2018,1,52,Financial / sentiment,Not selected
Elastic net,2018 Q1,VIXCLSx,0,0,2018 Q1,2018-01-01,2018,1,52,Financial / sentiment,Not selected
Elastic net,2018 Q1,UMCSENTx,0,0,2018 Q1,2018-01-01,2018,1,52,Financial / sentiment,Not selected
Elastic net,2018 Q1,TERM_SPREAD,0,0,2018 Q1,2018-01-01,2018,1,52,Financial / sentiment,Not selected
Elastic net,2018 Q1,CREDIT_SPREAD,0,0,2018 Q1,2018-01-01,2018,1,52,Financial / sentiment,Not selected
Elastic net,2018 Q2,RPI,0,0,2018 Q2,2018-04-01,2018,2,53,Real activity / consumption,Not selected
Elastic net,2018 Q2,DPCERA3M086SBEA,0,0,2018 Q2,2018-04-01,2018,2,53,Real activity / consumption,Not selected
Elastic net,2018 Q2,INDPRO,0,0,2018 Q2,2018-04-01,2018,2,53,Real activity / consumption,Not selected
Elastic net,2018 Q2,CMRMTSPLx,0,0,2018 Q2,2018-04-01,2018,2,53,Real activity / consumption,Not selected
Elastic net,2018 Q2,RETAILx,0,0,2018 Q2,2018-04-01,2018,2,53,Real activity / consumption,Not selected
Elastic net,2018 Q2,UNRATE,0,0,2018 Q2,2018-04-01,2018,2,53,Labor market,Not selected
Elastic net,2018 Q2,CLAIMSx,0,0,2018 Q2,2018-04-01,2018,2,53,Labor market,Not selected
Elastic net,2018 Q2,PAYEMS,0,0,2018 Q2,2018-04-01,2018,2,53,Labor market,Not selected
Elastic net,2018 Q2,AWHMAN,0,0,2018 Q2,2018-04-01,2018,2,53,Labor market,Not selected
Elastic net,2018 Q2,HOUST,0,0,2018 Q2,2018-04-01,2018,2,53,Housing,Not selected
Elastic net,2018 Q2,PERMIT,0,0,2018 Q2,2018-04-01,2018,2,53,Housing,Not selected
Elastic net,2018 Q2,M1SL,0,0,2018 Q2,2018-04-01,2018,2,53,Money and credit,Not selected
Elastic net,2018 Q2,M2SL,0,0,2018 Q2,2018-04-01,2018,2,53,Money and credit,Not selected
Elastic net,2018 Q2,BOGMBASE,0,0,2018 Q2,2018-04-01,2018,2,53,Money and credit,Not selected
Elastic net,2018 Q2,BUSLOANS,0,0,2018 Q2,2018-04-01,2018,2,53,Money and credit,Not selected
Elastic net,2018 Q2,NONREVSL,0,0,2018 Q2,2018-04-01,2018,2,53,Money and credit,Not selected
Elastic net,2018 Q2,CPIAUCSL,0,0,2018 Q2,2018-04-01,2018,2,53,Prices and commodities,Not selected
Elastic net,2018 Q2,PPICMM,0,0,2018 Q2,2018-04-01,2018,2,53,Prices and commodities,Not selected
Elastic net,2018 Q2,PCEPI,0,0,2018 Q2,2018-04-01,2018,2,53,Prices and commodities,Not selected
Elastic net,2018 Q2,OILPRICEx,0,0,2018 Q2,2018-04-01,2018,2,53,Prices and commodities,Not selected
Elastic net,2018 Q2,FEDFUNDS,0,0,2018 Q2,2018-04-01,2018,2,53,Financial / sentiment,Not selected
Elastic net,2018 Q2,TB3MS,0,0,2018 Q2,2018-04-01,2018,2,53,Financial / sentiment,Not selected
Elastic net,2018 Q2,GS10,0,0,2018 Q2,2018-04-01,2018,2,53,Financial / sentiment,Not selected
Elastic net,2018 Q2,AAA,0,0,2018 Q2,2018-04-01,2018,2,53,Financial / sentiment,Not selected
Elastic net,2018 Q2,BAA,0,0,2018 Q2,2018-04-01,2018,2,53,Financial / sentiment,Not selected
Elastic net,2018 Q2,S&P 500,0,0,2018 Q2,2018-04-01,2018,2,53,Financial / sentiment,Not selected
Elastic net,2018 Q2,VIXCLSx,0,0,2018 Q2,2018-04-01,2018,2,53,Financial / sentiment,Not selected
Elastic net,2018 Q2,UMCSENTx,0,0,2018 Q2,2018-04-01,2018,2,53,Financial / sentiment,Not selected
Elastic net,2018 Q2,TERM_SPREAD,0,0,2018 Q2,2018-04-01,2018,2,53,Financial / sentiment,Not selected
Elastic net,2018 Q2,CREDIT_SPREAD,0,0,2018 Q2,2018-04-01,2018,2,53,Financial / sentiment,Not selected
Elastic net,2018 Q3,RPI,0,0,2018 Q3,2018-07-01,2018,3,54,Real activity / consumption,Not selected
Elastic net,2018 Q3,DPCERA3M086SBEA,0,0,2018 Q3,2018-07-01,2018,3,54,Real activity / consumption,Not selected
Elastic net,2018 Q3,INDPRO,0,0,2018 Q3,2018-07-01,2018,3,54,Real activity / consumption,Not selected
Elastic net,2018 Q3,CMRMTSPLx,0,0,2018 Q3,2018-07-01,2018,3,54,Real activity / consumption,Not selected
Elastic net,2018 Q3,RETAILx,0,0,2018 Q3,2018-07-01,2018,3,54,Real activity / consumption,Not selected
Elastic net,2018 Q3,UNRATE,0,0,2018 Q3,2018-07-01,2018,3,54,Labor market,Not selected
Elastic net,2018 Q3,CLAIMSx,0,0,2018 Q3,2018-07-01,2018,3,54,Labor market,Not selected
Elastic net,2018 Q3,PAYEMS,0,0,2018 Q3,2018-07-01,2018,3,54,Labor market,Not selected
Elastic net,2018 Q3,AWHMAN,0,0,2018 Q3,2018-07-01,2018,3,54,Labor market,Not selected
Elastic net,2018 Q3,HOUST,0,0,2018 Q3,2018-07-01,2018,3,54,Housing,Not selected
Elastic net,2018 Q3,PERMIT,0,0,2018 Q3,2018-07-01,2018,3,54,Housing,Not selected
Elastic net,2018 Q3,M1SL,0,0,2018 Q3,2018-07-01,2018,3,54,Money and credit,Not selected
Elastic net,2018 Q3,M2SL,0,0,2018 Q3,2018-07-01,2018,3,54,Money and credit,Not selected
Elastic net,2018 Q3,BOGMBASE,0,0,2018 Q3,2018-07-01,2018,3,54,Money and credit,Not selected
Elastic net,2018 Q3,BUSLOANS,0,0,2018 Q3,2018-07-01,2018,3,54,Money and credit,Not selected
Elastic net,2018 Q3,NONREVSL,0,0,2018 Q3,2018-07-01,2018,3,54,Money and credit,Not selected
Elastic net,2018 Q3,CPIAUCSL,0,0,2018 Q3,2018-07-01,2018,3,54,Prices and commodities,Not selected
Elastic net,2018 Q3,PPICMM,0,0,2018 Q3,2018-07-01,2018,3,54,Prices and commodities,Not selected
Elastic net,2018 Q3,PCEPI,0,0,2018 Q3,2018-07-01,2018,3,54,Prices and commodities,Not selected
Elastic net,2018 Q3,OILPRICEx,0,0,2018 Q3,2018-07-01,2018,3,54,Prices and commodities,Not selected
Elastic net,2018 Q3,FEDFUNDS,0,0,2018 Q3,2018-07-01,2018,3,54,Financial / sentiment,Not selected
Elastic net,2018 Q3,TB3MS,0,0,2018 Q3,2018-07-01,2018,3,54,Financial / sentiment,Not selected
Elastic net,2018 Q3,GS10,0,0,2018 Q3,2018-07-01,2018,3,54,Financial / sentiment,Not selected
Elastic net,2018 Q3,AAA,0,0,2018 Q3,2018-07-01,2018,3,54,Financial / sentiment,Not selected
Elastic net,2018 Q3,BAA,0,0,2018 Q3,2018-07-01,2018,3,54,Financial / sentiment,Not selected
Elastic net,2018 Q3,S&P 500,0,0,2018 Q3,2018-07-01,2018,3,54,Financial / sentiment,Not selected
Elastic net,2018 Q3,VIXCLSx,0,0,2018 Q3,2018-07-01,2018,3,54,Financial / sentiment,Not selected
Elastic net,2018 Q3,UMCSENTx,0,0,2018 Q3,2018-07-01,2018,3,54,Financial / sentiment,Not selected
Elastic net,2018 Q3,TERM_SPREAD,0,0,2018 Q3,2018-07-01,2018,3,54,Financial / sentiment,Not selected
Elastic net,2018 Q3,CREDIT_SPREAD,0,0,2018 Q3,2018-07-01,2018,3,54,Financial / sentiment,Not selected
Elastic net,2018 Q4,RPI,0,0,2018 Q4,2018-10-01,2018,4,55,Real activity / consumption,Not selected
Elastic net,2018 Q4,DPCERA3M086SBEA,0,0,2018 Q4,2018-10-01,2018,4,55,Real activity / consumption,Not selected
Elastic net,2018 Q4,INDPRO,0,0,2018 Q4,2018-10-01,2018,4,55,Real activity / consumption,Not selected
Elastic net,2018 Q4,CMRMTSPLx,0,0,2018 Q4,2018-10-01,2018,4,55,Real activity / consumption,Not selected
Elastic net,2018 Q4,RETAILx,0,0,2018 Q4,2018-10-01,2018,4,55,Real activity / consumption,Not selected
Elastic net,2018 Q4,UNRATE,0,0,2018 Q4,2018-10-01,2018,4,55,Labor market,Not selected
Elastic net,2018 Q4,CLAIMSx,0,0,2018 Q4,2018-10-01,2018,4,55,Labor market,Not selected
Elastic net,2018 Q4,PAYEMS,0,0,2018 Q4,2018-10-01,2018,4,55,Labor market,Not selected
Elastic net,2018 Q4,AWHMAN,0,0,2018 Q4,2018-10-01,2018,4,55,Labor market,Not selected
Elastic net,2018 Q4,HOUST,0,0,2018 Q4,2018-10-01,2018,4,55,Housing,Not selected
Elastic net,2018 Q4,PERMIT,0,0,2018 Q4,2018-10-01,2018,4,55,Housing,Not selected
Elastic net,2018 Q4,M1SL,0,0,2018 Q4,2018-10-01,2018,4,55,Money and credit,Not selected
Elastic net,2018 Q4,M2SL,0,0,2018 Q4,2018-10-01,2018,4,55,Money and credit,Not selected
Elastic net,2018 Q4,BOGMBASE,0,0,2018 Q4,2018-10-01,2018,4,55,Money and credit,Not selected
Elastic net,2018 Q4,BUSLOANS,0,0,2018 Q4,2018-10-01,2018,4,55,Money and credit,Not selected
Elastic net,2018 Q4,NONREVSL,0,0,2018 Q4,2018-10-01,2018,4,55,Money and credit,Not selected
Elastic net,2018 Q4,CPIAUCSL,0,0,2018 Q4,2018-10-01,2018,4,55,Prices and commodities,Not selected
Elastic net,2018 Q4,PPICMM,0,0,2018 Q4,2018-10-01,2018,4,55,Prices and commodities,Not selected
Elastic net,2018 Q4,PCEPI,0,0,2018 Q4,2018-10-01,2018,4,55,Prices and commodities,Not selected
Elastic net,2018 Q4,OILPRICEx,0,0,2018 Q4,2018-10-01,2018,4,55,Prices and commodities,Not selected
Elastic net,2018 Q4,FEDFUNDS,0,0,2018 Q4,2018-10-01,2018,4,55,Financial / sentiment,Not selected
Elastic net,2018 Q4,TB3MS,0,0,2018 Q4,2018-10-01,2018,4,55,Financial / sentiment,Not selected
Elastic net,2018 Q4,GS10,0,0,2018 Q4,2018-10-01,2018,4,55,Financial / sentiment,Not selected
Elastic net,2018 Q4,AAA,0,0,2018 Q4,2018-10-01,2018,4,55,Financial / sentiment,Not selected
Elastic net,2018 Q4,BAA,0,0,2018 Q4,2018-10-01,2018,4,55,Financial / sentiment,Not selected
Elastic net,2018 Q4,S&P 500,0,0,2018 Q4,2018-10-01,2018,4,55,Financial / sentiment,Not selected
Elastic net,2018 Q4,VIXCLSx,0,0,2018 Q4,2018-10-01,2018,4,55,Financial / sentiment,Not selected
Elastic net,2018 Q4,UMCSENTx,0,0,2018 Q4,2018-10-01,2018,4,55,Financial / sentiment,Not selected
Elastic net,2018 Q4,TERM_SPREAD,0,0,2018 Q4,2018-10-01,2018,4,55,Financial / sentiment,Not selected
Elastic net,2018 Q4,CREDIT_SPREAD,0,0,2018 Q4,2018-10-01,2018,4,55,Financial / sentiment,Not selected
Elastic net,2019 Q1,RPI,0,0,2019 Q1,2019-01-01,2019,1,56,Real activity / consumption,Not selected
Elastic net,2019 Q1,DPCERA3M086SBEA,0,0,2019 Q1,2019-01-01,2019,1,56,Real activity / consumption,Not selected
Elastic net,2019 Q1,INDPRO,0,0,2019 Q1,2019-01-01,2019,1,56,Real activity / consumption,Not selected
Elastic net,2019 Q1,CMRMTSPLx,0,0,2019 Q1,2019-01-01,2019,1,56,Real activity / consumption,Not selected
Elastic net,2019 Q1,RETAILx,0,0,2019 Q1,2019-01-01,2019,1,56,Real activity / consumption,Not selected
Elastic net,2019 Q1,UNRATE,0,0,2019 Q1,2019-01-01,2019,1,56,Labor market,Not selected
Elastic net,2019 Q1,CLAIMSx,0,0,2019 Q1,2019-01-01,2019,1,56,Labor market,Not selected
Elastic net,2019 Q1,PAYEMS,0,0,2019 Q1,2019-01-01,2019,1,56,Labor market,Not selected
Elastic net,2019 Q1,AWHMAN,0,0,2019 Q1,2019-01-01,2019,1,56,Labor market,Not selected
Elastic net,2019 Q1,HOUST,0,0,2019 Q1,2019-01-01,2019,1,56,Housing,Not selected
Elastic net,2019 Q1,PERMIT,0,0,2019 Q1,2019-01-01,2019,1,56,Housing,Not selected
Elastic net,2019 Q1,M1SL,0,0,2019 Q1,2019-01-01,2019,1,56,Money and credit,Not selected
Elastic net,2019 Q1,M2SL,0,0,2019 Q1,2019-01-01,2019,1,56,Money and credit,Not selected
Elastic net,2019 Q1,BOGMBASE,0,0,2019 Q1,2019-01-01,2019,1,56,Money and credit,Not selected
Elastic net,2019 Q1,BUSLOANS,0,0,2019 Q1,2019-01-01,2019,1,56,Money and credit,Not selected
Elastic net,2019 Q1,NONREVSL,0,0,2019 Q1,2019-01-01,2019,1,56,Money and credit,Not selected
Elastic net,2019 Q1,CPIAUCSL,0,0,2019 Q1,2019-01-01,2019,1,56,Prices and commodities,Not selected
Elastic net,2019 Q1,PPICMM,0,0,2019 Q1,2019-01-01,2019,1,56,Prices and commodities,Not selected
Elastic net,2019 Q1,PCEPI,0,0,2019 Q1,2019-01-01,2019,1,56,Prices and commodities,Not selected
Elastic net,2019 Q1,OILPRICEx,0,0,2019 Q1,2019-01-01,2019,1,56,Prices and commodities,Not selected
Elastic net,2019 Q1,FEDFUNDS,0,0,2019 Q1,2019-01-01,2019,1,56,Financial / sentiment,Not selected
Elastic net,2019 Q1,TB3MS,0,0,2019 Q1,2019-01-01,2019,1,56,Financial / sentiment,Not selected
Elastic net,2019 Q1,GS10,0,0,2019 Q1,2019-01-01,2019,1,56,Financial / sentiment,Not selected
Elastic net,2019 Q1,AAA,0,0,2019 Q1,2019-01-01,2019,1,56,Financial / sentiment,Not selected
Elastic net,2019 Q1,BAA,0,0,2019 Q1,2019-01-01,2019,1,56,Financial / sentiment,Not selected
Elastic net,2019 Q1,S&P 500,0,0,2019 Q1,2019-01-01,2019,1,56,Financial / sentiment,Not selected
Elastic net,2019 Q1,VIXCLSx,0,0,2019 Q1,2019-01-01,2019,1,56,Financial / sentiment,Not selected
Elastic net,2019 Q1,UMCSENTx,0,0,2019 Q1,2019-01-01,2019,1,56,Financial / sentiment,Not selected
Elastic net,2019 Q1,TERM_SPREAD,0,0,2019 Q1,2019-01-01,2019,1,56,Financial / sentiment,Not selected
Elastic net,2019 Q1,CREDIT_SPREAD,0,0,2019 Q1,2019-01-01,2019,1,56,Financial / sentiment,Not selected
Elastic net,2019 Q2,RPI,0,0,2019 Q2,2019-04-01,2019,2,57,Real activity / consumption,Not selected
Elastic net,2019 Q2,DPCERA3M086SBEA,0,0,2019 Q2,2019-04-01,2019,2,57,Real activity / consumption,Not selected
Elastic net,2019 Q2,INDPRO,0,0,2019 Q2,2019-04-01,2019,2,57,Real activity / consumption,Not selected
Elastic net,2019 Q2,CMRMTSPLx,0,0,2019 Q2,2019-04-01,2019,2,57,Real activity / consumption,Not selected
Elastic net,2019 Q2,RETAILx,0,0,2019 Q2,2019-04-01,2019,2,57,Real activity / consumption,Not selected
Elastic net,2019 Q2,UNRATE,0,0,2019 Q2,2019-04-01,2019,2,57,Labor market,Not selected
Elastic net,2019 Q2,CLAIMSx,0,0,2019 Q2,2019-04-01,2019,2,57,Labor market,Not selected
Elastic net,2019 Q2,PAYEMS,0,0,2019 Q2,2019-04-01,2019,2,57,Labor market,Not selected
Elastic net,2019 Q2,AWHMAN,0,0,2019 Q2,2019-04-01,2019,2,57,Labor market,Not selected
Elastic net,2019 Q2,HOUST,0,0,2019 Q2,2019-04-01,2019,2,57,Housing,Not selected
Elastic net,2019 Q2,PERMIT,0,0,2019 Q2,2019-04-01,2019,2,57,Housing,Not selected
Elastic net,2019 Q2,M1SL,0,0,2019 Q2,2019-04-01,2019,2,57,Money and credit,Not selected
Elastic net,2019 Q2,M2SL,0,0,2019 Q2,2019-04-01,2019,2,57,Money and credit,Not selected
Elastic net,2019 Q2,BOGMBASE,0,0,2019 Q2,2019-04-01,2019,2,57,Money and credit,Not selected
Elastic net,2019 Q2,BUSLOANS,0,0,2019 Q2,2019-04-01,2019,2,57,Money and credit,Not selected
Elastic net,2019 Q2,NONREVSL,0,0,2019 Q2,2019-04-01,2019,2,57,Money and credit,Not selected
Elastic net,2019 Q2,CPIAUCSL,0,0,2019 Q2,2019-04-01,2019,2,57,Prices and commodities,Not selected
Elastic net,2019 Q2,PPICMM,0,0,2019 Q2,2019-04-01,2019,2,57,Prices and commodities,Not selected
Elastic net,2019 Q2,PCEPI,0,0,2019 Q2,2019-04-01,2019,2,57,Prices and commodities,Not selected
Elastic net,2019 Q2,OILPRICEx,0,0,2019 Q2,2019-04-01,2019,2,57,Prices and commodities,Not selected
Elastic net,2019 Q2,FEDFUNDS,0,0,2019 Q2,2019-04-01,2019,2,57,Financial / sentiment,Not selected
Elastic net,2019 Q2,TB3MS,0,0,2019 Q2,2019-04-01,2019,2,57,Financial / sentiment,Not selected
Elastic net,2019 Q2,GS10,0,0,2019 Q2,2019-04-01,2019,2,57,Financial / sentiment,Not selected
Elastic net,2019 Q2,AAA,0,0,2019 Q2,2019-04-01,2019,2,57,Financial / sentiment,Not selected
Elastic net,2019 Q2,BAA,0,0,2019 Q2,2019-04-01,2019,2,57,Financial / sentiment,Not selected
Elastic net,2019 Q2,S&P 500,0,0,2019 Q2,2019-04-01,2019,2,57,Financial / sentiment,Not selected
Elastic net,2019 Q2,VIXCLSx,0,0,2019 Q2,2019-04-01,2019,2,57,Financial / sentiment,Not selected
Elastic net,2019 Q2,UMCSENTx,0,0,2019 Q2,2019-04-01,2019,2,57,Financial / sentiment,Not selected
Elastic net,2019 Q2,TERM_SPREAD,0,0,2019 Q2,2019-04-01,2019,2,57,Financial / sentiment,Not selected
Elastic net,2019 Q2,CREDIT_SPREAD,0,0,2019 Q2,2019-04-01,2019,2,57,Financial / sentiment,Not selected
Elastic net,2019 Q3,RPI,0,0,2019 Q3,2019-07-01,2019,3,58,Real activity / consumption,Not selected
Elastic net,2019 Q3,DPCERA3M086SBEA,0,0,2019 Q3,2019-07-01,2019,3,58,Real activity / consumption,Not selected
Elastic net,2019 Q3,INDPRO,1,1,2019 Q3,2019-07-01,2019,3,58,Real activity / consumption,Real activity / consumption
Elastic net,2019 Q3,CMRMTSPLx,0,0,2019 Q3,2019-07-01,2019,3,58,Real activity / consumption,Not selected
Elastic net,2019 Q3,RETAILx,0,0,2019 Q3,2019-07-01,2019,3,58,Real activity / consumption,Not selected
Elastic net,2019 Q3,UNRATE,0,0,2019 Q3,2019-07-01,2019,3,58,Labor market,Not selected
Elastic net,2019 Q3,CLAIMSx,0,0,2019 Q3,2019-07-01,2019,3,58,Labor market,Not selected
Elastic net,2019 Q3,PAYEMS,0,0,2019 Q3,2019-07-01,2019,3,58,Labor market,Not selected
Elastic net,2019 Q3,AWHMAN,0,0,2019 Q3,2019-07-01,2019,3,58,Labor market,Not selected
Elastic net,2019 Q3,HOUST,0,0,2019 Q3,2019-07-01,2019,3,58,Housing,Not selected
Elastic net,2019 Q3,PERMIT,0,0,2019 Q3,2019-07-01,2019,3,58,Housing,Not selected
Elastic net,2019 Q3,M1SL,0,0,2019 Q3,2019-07-01,2019,3,58,Money and credit,Not selected
Elastic net,2019 Q3,M2SL,0,0,2019 Q3,2019-07-01,2019,3,58,Money and credit,Not selected
Elastic net,2019 Q3,BOGMBASE,0,0,2019 Q3,2019-07-01,2019,3,58,Money and credit,Not selected
Elastic net,2019 Q3,BUSLOANS,0,0,2019 Q3,2019-07-01,2019,3,58,Money and credit,Not selected
Elastic net,2019 Q3,NONREVSL,0,0,2019 Q3,2019-07-01,2019,3,58,Money and credit,Not selected
Elastic net,2019 Q3,CPIAUCSL,0,0,2019 Q3,2019-07-01,2019,3,58,Prices and commodities,Not selected
Elastic net,2019 Q3,PPICMM,0,0,2019 Q3,2019-07-01,2019,3,58,Prices and commodities,Not selected
Elastic net,2019 Q3,PCEPI,0,0,2019 Q3,2019-07-01,2019,3,58,Prices and commodities,Not selected
Elastic net,2019 Q3,OILPRICEx,0,0,2019 Q3,2019-07-01,2019,3,58,Prices and commodities,Not selected
Elastic net,2019 Q3,FEDFUNDS,0,0,2019 Q3,2019-07-01,2019,3,58,Financial / sentiment,Not selected
Elastic net,2019 Q3,TB3MS,0,0,2019 Q3,2019-07-01,2019,3,58,Financial / sentiment,Not selected
Elastic net,2019 Q3,GS10,0,0,2019 Q3,2019-07-01,2019,3,58,Financial / sentiment,Not selected
Elastic net,2019 Q3,AAA,0,0,2019 Q3,2019-07-01,2019,3,58,Financial / sentiment,Not selected
Elastic net,2019 Q3,BAA,0,0,2019 Q3,2019-07-01,2019,3,58,Financial / sentiment,Not selected
Elastic net,2019 Q3,S&P 500,0,0,2019 Q3,2019-07-01,2019,3,58,Financial / sentiment,Not selected
Elastic net,2019 Q3,VIXCLSx,0,0,2019 Q3,2019-07-01,2019,3,58,Financial / sentiment,Not selected
Elastic net,2019 Q3,UMCSENTx,0,0,2019 Q3,2019-07-01,2019,3,58,Financial / sentiment,Not selected
Elastic net,2019 Q3,TERM_SPREAD,0,0,2019 Q3,2019-07-01,2019,3,58,Financial / sentiment,Not selected
Elastic net,2019 Q3,CREDIT_SPREAD,0,0,2019 Q3,2019-07-01,2019,3,58,Financial / sentiment,Not selected
Threshold ridge,2005 Q2,RPI,2,1,2005 Q2,2005-04-01,2005,2,1,Real activity / consumption,Real activity / consumption
Threshold ridge,2005 Q2,DPCERA3M086SBEA,1,1,2005 Q2,2005-04-01,2005,2,1,Real activity / consumption,Real activity / consumption
Threshold ridge,2005 Q2,INDPRO,0,0,2005 Q2,2005-04-01,2005,2,1,Real activity / consumption,Not selected
Threshold ridge,2005 Q2,CMRMTSPLx,0,0,2005 Q2,2005-04-01,2005,2,1,Real activity / consumption,Not selected
Threshold ridge,2005 Q2,RETAILx,1,1,2005 Q2,2005-04-01,2005,2,1,Real activity / consumption,Real activity / consumption
Threshold ridge,2005 Q2,UNRATE,2,1,2005 Q2,2005-04-01,2005,2,1,Labor market,Labor market
Threshold ridge,2005 Q2,CLAIMSx,0,0,2005 Q2,2005-04-01,2005,2,1,Labor market,Not selected
Threshold ridge,2005 Q2,PAYEMS,1,1,2005 Q2,2005-04-01,2005,2,1,Labor market,Labor market
Threshold ridge,2005 Q2,AWHMAN,0,0,2005 Q2,2005-04-01,2005,2,1,Labor market,Not selected
Threshold ridge,2005 Q2,HOUST,0,0,2005 Q2,2005-04-01,2005,2,1,Housing,Not selected
Threshold ridge,2005 Q2,PERMIT,0,0,2005 Q2,2005-04-01,2005,2,1,Housing,Not selected
Threshold ridge,2005 Q2,M1SL,1,1,2005 Q2,2005-04-01,2005,2,1,Money and credit,Money and credit
Threshold ridge,2005 Q2,M2SL,1,1,2005 Q2,2005-04-01,2005,2,1,Money and credit,Money and credit
Threshold ridge,2005 Q2,BOGMBASE,1,1,2005 Q2,2005-04-01,2005,2,1,Money and credit,Money and credit
Threshold ridge,2005 Q2,BUSLOANS,0,0,2005 Q2,2005-04-01,2005,2,1,Money and credit,Not selected
Threshold ridge,2005 Q2,NONREVSL,0,0,2005 Q2,2005-04-01,2005,2,1,Money and credit,Not selected
Threshold ridge,2005 Q2,CPIAUCSL,0,0,2005 Q2,2005-04-01,2005,2,1,Prices and commodities,Not selected
Threshold ridge,2005 Q2,PPICMM,1,1,2005 Q2,2005-04-01,2005,2,1,Prices and commodities,Prices and commodities
Threshold ridge,2005 Q2,PCEPI,0,0,2005 Q2,2005-04-01,2005,2,1,Prices and commodities,Not selected
Threshold ridge,2005 Q2,OILPRICEx,1,1,2005 Q2,2005-04-01,2005,2,1,Prices and commodities,Prices and commodities
Threshold ridge,2005 Q2,FEDFUNDS,0,0,2005 Q2,2005-04-01,2005,2,1,Financial / sentiment,Not selected
Threshold ridge,2005 Q2,TB3MS,0,0,2005 Q2,2005-04-01,2005,2,1,Financial / sentiment,Not selected
Threshold ridge,2005 Q2,GS10,0,0,2005 Q2,2005-04-01,2005,2,1,Financial / sentiment,Not selected
Threshold ridge,2005 Q2,AAA,0,0,2005 Q2,2005-04-01,2005,2,1,Financial / sentiment,Not selected
Threshold ridge,2005 Q2,BAA,0,0,2005 Q2,2005-04-01,2005,2,1,Financial / sentiment,Not selected
Threshold ridge,2005 Q2,S&P 500,1,1,2005 Q2,2005-04-01,2005,2,1,Financial / sentiment,Financial / sentiment
Threshold ridge,2005 Q2,VIXCLSx,0,0,2005 Q2,2005-04-01,2005,2,1,Financial / sentiment,Not selected
Threshold ridge,2005 Q2,UMCSENTx,0,0,2005 Q2,2005-04-01,2005,2,1,Financial / sentiment,Not selected
Threshold ridge,2005 Q2,TERM_SPREAD,0,0,2005 Q2,2005-04-01,2005,2,1,Financial / sentiment,Not selected
Threshold ridge,2005 Q2,CREDIT_SPREAD,0,0,2005 Q2,2005-04-01,2005,2,1,Financial / sentiment,Not selected
Threshold ridge,2005 Q3,RPI,2,1,2005 Q3,2005-07-01,2005,3,2,Real activity / consumption,Real activity / consumption
Threshold ridge,2005 Q3,DPCERA3M086SBEA,1,1,2005 Q3,2005-07-01,2005,3,2,Real activity / consumption,Real activity / consumption
Threshold ridge,2005 Q3,INDPRO,0,0,2005 Q3,2005-07-01,2005,3,2,Real activity / consumption,Not selected
Threshold ridge,2005 Q3,CMRMTSPLx,1,1,2005 Q3,2005-07-01,2005,3,2,Real activity / consumption,Real activity / consumption
Threshold ridge,2005 Q3,RETAILx,1,1,2005 Q3,2005-07-01,2005,3,2,Real activity / consumption,Real activity / consumption
Threshold ridge,2005 Q3,UNRATE,2,1,2005 Q3,2005-07-01,2005,3,2,Labor market,Labor market
Threshold ridge,2005 Q3,CLAIMSx,0,0,2005 Q3,2005-07-01,2005,3,2,Labor market,Not selected
Threshold ridge,2005 Q3,PAYEMS,1,1,2005 Q3,2005-07-01,2005,3,2,Labor market,Labor market
Threshold ridge,2005 Q3,AWHMAN,0,0,2005 Q3,2005-07-01,2005,3,2,Labor market,Not selected
Threshold ridge,2005 Q3,HOUST,0,0,2005 Q3,2005-07-01,2005,3,2,Housing,Not selected
Threshold ridge,2005 Q3,PERMIT,0,0,2005 Q3,2005-07-01,2005,3,2,Housing,Not selected
Threshold ridge,2005 Q3,M1SL,1,1,2005 Q3,2005-07-01,2005,3,2,Money and credit,Money and credit
Threshold ridge,2005 Q3,M2SL,0,0,2005 Q3,2005-07-01,2005,3,2,Money and credit,Not selected
Threshold ridge,2005 Q3,BOGMBASE,1,1,2005 Q3,2005-07-01,2005,3,2,Money and credit,Money and credit
Threshold ridge,2005 Q3,BUSLOANS,1,1,2005 Q3,2005-07-01,2005,3,2,Money and credit,Money and credit
Threshold ridge,2005 Q3,NONREVSL,0,0,2005 Q3,2005-07-01,2005,3,2,Money and credit,Not selected
Threshold ridge,2005 Q3,CPIAUCSL,0,0,2005 Q3,2005-07-01,2005,3,2,Prices and commodities,Not selected
Threshold ridge,2005 Q3,PPICMM,1,1,2005 Q3,2005-07-01,2005,3,2,Prices and commodities,Prices and commodities
Threshold ridge,2005 Q3,PCEPI,1,1,2005 Q3,2005-07-01,2005,3,2,Prices and commodities,Prices and commodities
Threshold ridge,2005 Q3,OILPRICEx,0,0,2005 Q3,2005-07-01,2005,3,2,Prices and commodities,Not selected
Threshold ridge,2005 Q3,FEDFUNDS,0,0,2005 Q3,2005-07-01,2005,3,2,Financial / sentiment,Not selected
Threshold ridge,2005 Q3,TB3MS,0,0,2005 Q3,2005-07-01,2005,3,2,Financial / sentiment,Not selected
Threshold ridge,2005 Q3,GS10,0,0,2005 Q3,2005-07-01,2005,3,2,Financial / sentiment,Not selected
Threshold ridge,2005 Q3,AAA,0,0,2005 Q3,2005-07-01,2005,3,2,Financial / sentiment,Not selected
Threshold ridge,2005 Q3,BAA,0,0,2005 Q3,2005-07-01,2005,3,2,Financial / sentiment,Not selected
Threshold ridge,2005 Q3,S&P 500,1,1,2005 Q3,2005-07-01,2005,3,2,Financial / sentiment,Financial / sentiment
Threshold ridge,2005 Q3,VIXCLSx,0,0,2005 Q3,2005-07-01,2005,3,2,Financial / sentiment,Not selected
Threshold ridge,2005 Q3,UMCSENTx,0,0,2005 Q3,2005-07-01,2005,3,2,Financial / sentiment,Not selected
Threshold ridge,2005 Q3,TERM_SPREAD,0,0,2005 Q3,2005-07-01,2005,3,2,Financial / sentiment,Not selected
Threshold ridge,2005 Q3,CREDIT_SPREAD,0,0,2005 Q3,2005-07-01,2005,3,2,Financial / sentiment,Not selected
Threshold ridge,2005 Q4,RPI,2,1,2005 Q4,2005-10-01,2005,4,3,Real activity / consumption,Real activity / consumption
Threshold ridge,2005 Q4,DPCERA3M086SBEA,1,1,2005 Q4,2005-10-01,2005,4,3,Real activity / consumption,Real activity / consumption
Threshold ridge,2005 Q4,INDPRO,0,0,2005 Q4,2005-10-01,2005,4,3,Real activity / consumption,Not selected
Threshold ridge,2005 Q4,CMRMTSPLx,1,1,2005 Q4,2005-10-01,2005,4,3,Real activity / consumption,Real activity / consumption
Threshold ridge,2005 Q4,RETAILx,1,1,2005 Q4,2005-10-01,2005,4,3,Real activity / consumption,Real activity / consumption
Threshold ridge,2005 Q4,UNRATE,2,1,2005 Q4,2005-10-01,2005,4,3,Labor market,Labor market
Threshold ridge,2005 Q4,CLAIMSx,0,0,2005 Q4,2005-10-01,2005,4,3,Labor market,Not selected
Threshold ridge,2005 Q4,PAYEMS,1,1,2005 Q4,2005-10-01,2005,4,3,Labor market,Labor market
Threshold ridge,2005 Q4,AWHMAN,0,0,2005 Q4,2005-10-01,2005,4,3,Labor market,Not selected
Threshold ridge,2005 Q4,HOUST,0,0,2005 Q4,2005-10-01,2005,4,3,Housing,Not selected
Threshold ridge,2005 Q4,PERMIT,0,0,2005 Q4,2005-10-01,2005,4,3,Housing,Not selected
Threshold ridge,2005 Q4,M1SL,1,1,2005 Q4,2005-10-01,2005,4,3,Money and credit,Money and credit
Threshold ridge,2005 Q4,M2SL,0,0,2005 Q4,2005-10-01,2005,4,3,Money and credit,Not selected
Threshold ridge,2005 Q4,BOGMBASE,1,1,2005 Q4,2005-10-01,2005,4,3,Money and credit,Money and credit
Threshold ridge,2005 Q4,BUSLOANS,1,1,2005 Q4,2005-10-01,2005,4,3,Money and credit,Money and credit
Threshold ridge,2005 Q4,NONREVSL,0,0,2005 Q4,2005-10-01,2005,4,3,Money and credit,Not selected
Threshold ridge,2005 Q4,CPIAUCSL,0,0,2005 Q4,2005-10-01,2005,4,3,Prices and commodities,Not selected
Threshold ridge,2005 Q4,PPICMM,1,1,2005 Q4,2005-10-01,2005,4,3,Prices and commodities,Prices and commodities
Threshold ridge,2005 Q4,PCEPI,1,1,2005 Q4,2005-10-01,2005,4,3,Prices and commodities,Prices and commodities
Threshold ridge,2005 Q4,OILPRICEx,0,0,2005 Q4,2005-10-01,2005,4,3,Prices and commodities,Not selected
Threshold ridge,2005 Q4,FEDFUNDS,0,0,2005 Q4,2005-10-01,2005,4,3,Financial / sentiment,Not selected
Threshold ridge,2005 Q4,TB3MS,0,0,2005 Q4,2005-10-01,2005,4,3,Financial / sentiment,Not selected
Threshold ridge,2005 Q4,GS10,0,0,2005 Q4,2005-10-01,2005,4,3,Financial / sentiment,Not selected
Threshold ridge,2005 Q4,AAA,0,0,2005 Q4,2005-10-01,2005,4,3,Financial / sentiment,Not selected
Threshold ridge,2005 Q4,BAA,0,0,2005 Q4,2005-10-01,2005,4,3,Financial / sentiment,Not selected
Threshold ridge,2005 Q4,S&P 500,1,1,2005 Q4,2005-10-01,2005,4,3,Financial / sentiment,Financial / sentiment
Threshold ridge,2005 Q4,VIXCLSx,0,0,2005 Q4,2005-10-01,2005,4,3,Financial / sentiment,Not selected
Threshold ridge,2005 Q4,UMCSENTx,0,0,2005 Q4,2005-10-01,2005,4,3,Financial / sentiment,Not selected
Threshold ridge,2005 Q4,TERM_SPREAD,0,0,2005 Q4,2005-10-01,2005,4,3,Financial / sentiment,Not selected
Threshold ridge,2005 Q4,CREDIT_SPREAD,0,0,2005 Q4,2005-10-01,2005,4,3,Financial / sentiment,Not selected
Threshold ridge,2006 Q1,RPI,2,1,2006 Q1,2006-01-01,2006,1,4,Real activity / consumption,Real activity / consumption
Threshold ridge,2006 Q1,DPCERA3M086SBEA,1,1,2006 Q1,2006-01-01,2006,1,4,Real activity / consumption,Real activity / consumption
Threshold ridge,2006 Q1,INDPRO,1,1,2006 Q1,2006-01-01,2006,1,4,Real activity / consumption,Real activity / consumption
Threshold ridge,2006 Q1,CMRMTSPLx,1,1,2006 Q1,2006-01-01,2006,1,4,Real activity / consumption,Real activity / consumption
Threshold ridge,2006 Q1,RETAILx,1,1,2006 Q1,2006-01-01,2006,1,4,Real activity / consumption,Real activity / consumption
Threshold ridge,2006 Q1,UNRATE,2,1,2006 Q1,2006-01-01,2006,1,4,Labor market,Labor market
Threshold ridge,2006 Q1,CLAIMSx,1,1,2006 Q1,2006-01-01,2006,1,4,Labor market,Labor market
Threshold ridge,2006 Q1,PAYEMS,1,1,2006 Q1,2006-01-01,2006,1,4,Labor market,Labor market
Threshold ridge,2006 Q1,AWHMAN,0,0,2006 Q1,2006-01-01,2006,1,4,Labor market,Not selected
Threshold ridge,2006 Q1,HOUST,0,0,2006 Q1,2006-01-01,2006,1,4,Housing,Not selected
Threshold ridge,2006 Q1,PERMIT,0,0,2006 Q1,2006-01-01,2006,1,4,Housing,Not selected
Threshold ridge,2006 Q1,M1SL,1,1,2006 Q1,2006-01-01,2006,1,4,Money and credit,Money and credit
Threshold ridge,2006 Q1,M2SL,0,0,2006 Q1,2006-01-01,2006,1,4,Money and credit,Not selected
Threshold ridge,2006 Q1,BOGMBASE,1,1,2006 Q1,2006-01-01,2006,1,4,Money and credit,Money and credit
Threshold ridge,2006 Q1,BUSLOANS,1,1,2006 Q1,2006-01-01,2006,1,4,Money and credit,Money and credit
Threshold ridge,2006 Q1,NONREVSL,1,1,2006 Q1,2006-01-01,2006,1,4,Money and credit,Money and credit
Threshold ridge,2006 Q1,CPIAUCSL,0,0,2006 Q1,2006-01-01,2006,1,4,Prices and commodities,Not selected
Threshold ridge,2006 Q1,PPICMM,1,1,2006 Q1,2006-01-01,2006,1,4,Prices and commodities,Prices and commodities
Threshold ridge,2006 Q1,PCEPI,0,0,2006 Q1,2006-01-01,2006,1,4,Prices and commodities,Not selected
Threshold ridge,2006 Q1,OILPRICEx,1,1,2006 Q1,2006-01-01,2006,1,4,Prices and commodities,Prices and commodities
Threshold ridge,2006 Q1,FEDFUNDS,0,0,2006 Q1,2006-01-01,2006,1,4,Financial / sentiment,Not selected
Threshold ridge,2006 Q1,TB3MS,0,0,2006 Q1,2006-01-01,2006,1,4,Financial / sentiment,Not selected
Threshold ridge,2006 Q1,GS10,0,0,2006 Q1,2006-01-01,2006,1,4,Financial / sentiment,Not selected
Threshold ridge,2006 Q1,AAA,0,0,2006 Q1,2006-01-01,2006,1,4,Financial / sentiment,Not selected
Threshold ridge,2006 Q1,BAA,0,0,2006 Q1,2006-01-01,2006,1,4,Financial / sentiment,Not selected
Threshold ridge,2006 Q1,S&P 500,1,1,2006 Q1,2006-01-01,2006,1,4,Financial / sentiment,Financial / sentiment
Threshold ridge,2006 Q1,VIXCLSx,0,0,2006 Q1,2006-01-01,2006,1,4,Financial / sentiment,Not selected
Threshold ridge,2006 Q1,UMCSENTx,0,0,2006 Q1,2006-01-01,2006,1,4,Financial / sentiment,Not selected
Threshold ridge,2006 Q1,TERM_SPREAD,0,0,2006 Q1,2006-01-01,2006,1,4,Financial / sentiment,Not selected
Threshold ridge,2006 Q1,CREDIT_SPREAD,0,0,2006 Q1,2006-01-01,2006,1,4,Financial / sentiment,Not selected
Threshold ridge,2006 Q2,RPI,1,1,2006 Q2,2006-04-01,2006,2,5,Real activity / consumption,Real activity / consumption
Threshold ridge,2006 Q2,DPCERA3M086SBEA,1,1,2006 Q2,2006-04-01,2006,2,5,Real activity / consumption,Real activity / consumption
Threshold ridge,2006 Q2,INDPRO,1,1,2006 Q2,2006-04-01,2006,2,5,Real activity / consumption,Real activity / consumption
Threshold ridge,2006 Q2,CMRMTSPLx,1,1,2006 Q2,2006-04-01,2006,2,5,Real activity / consumption,Real activity / consumption
Threshold ridge,2006 Q2,RETAILx,1,1,2006 Q2,2006-04-01,2006,2,5,Real activity / consumption,Real activity / consumption
Threshold ridge,2006 Q2,UNRATE,2,1,2006 Q2,2006-04-01,2006,2,5,Labor market,Labor market
Threshold ridge,2006 Q2,CLAIMSx,0,0,2006 Q2,2006-04-01,2006,2,5,Labor market,Not selected
Threshold ridge,2006 Q2,PAYEMS,0,0,2006 Q2,2006-04-01,2006,2,5,Labor market,Not selected
Threshold ridge,2006 Q2,AWHMAN,0,0,2006 Q2,2006-04-01,2006,2,5,Labor market,Not selected
Threshold ridge,2006 Q2,HOUST,0,0,2006 Q2,2006-04-01,2006,2,5,Housing,Not selected
Threshold ridge,2006 Q2,PERMIT,0,0,2006 Q2,2006-04-01,2006,2,5,Housing,Not selected
Threshold ridge,2006 Q2,M1SL,1,1,2006 Q2,2006-04-01,2006,2,5,Money and credit,Money and credit
Threshold ridge,2006 Q2,M2SL,0,0,2006 Q2,2006-04-01,2006,2,5,Money and credit,Not selected
Threshold ridge,2006 Q2,BOGMBASE,1,1,2006 Q2,2006-04-01,2006,2,5,Money and credit,Money and credit
Threshold ridge,2006 Q2,BUSLOANS,1,1,2006 Q2,2006-04-01,2006,2,5,Money and credit,Money and credit
Threshold ridge,2006 Q2,NONREVSL,0,0,2006 Q2,2006-04-01,2006,2,5,Money and credit,Not selected
Threshold ridge,2006 Q2,CPIAUCSL,0,0,2006 Q2,2006-04-01,2006,2,5,Prices and commodities,Not selected
Threshold ridge,2006 Q2,PPICMM,1,1,2006 Q2,2006-04-01,2006,2,5,Prices and commodities,Prices and commodities
Threshold ridge,2006 Q2,PCEPI,0,0,2006 Q2,2006-04-01,2006,2,5,Prices and commodities,Not selected
Threshold ridge,2006 Q2,OILPRICEx,1,1,2006 Q2,2006-04-01,2006,2,5,Prices and commodities,Prices and commodities
Threshold ridge,2006 Q2,FEDFUNDS,0,0,2006 Q2,2006-04-01,2006,2,5,Financial / sentiment,Not selected
Threshold ridge,2006 Q2,TB3MS,0,0,2006 Q2,2006-04-01,2006,2,5,Financial / sentiment,Not selected
Threshold ridge,2006 Q2,GS10,0,0,2006 Q2,2006-04-01,2006,2,5,Financial / sentiment,Not selected
Threshold ridge,2006 Q2,AAA,0,0,2006 Q2,2006-04-01,2006,2,5,Financial / sentiment,Not selected
Threshold ridge,2006 Q2,BAA,0,0,2006 Q2,2006-04-01,2006,2,5,Financial / sentiment,Not selected
Threshold ridge,2006 Q2,S&P 500,1,1,2006 Q2,2006-04-01,2006,2,5,Financial / sentiment,Financial / sentiment
Threshold ridge,2006 Q2,VIXCLSx,0,0,2006 Q2,2006-04-01,2006,2,5,Financial / sentiment,Not selected
Threshold ridge,2006 Q2,UMCSENTx,0,0,2006 Q2,2006-04-01,2006,2,5,Financial / sentiment,Not selected
Threshold ridge,2006 Q2,TERM_SPREAD,0,0,2006 Q2,2006-04-01,2006,2,5,Financial / sentiment,Not selected
Threshold ridge,2006 Q2,CREDIT_SPREAD,0,0,2006 Q2,2006-04-01,2006,2,5,Financial / sentiment,Not selected
Threshold ridge,2006 Q3,RPI,1,1,2006 Q3,2006-07-01,2006,3,6,Real activity / consumption,Real activity / consumption
Threshold ridge,2006 Q3,DPCERA3M086SBEA,1,1,2006 Q3,2006-07-01,2006,3,6,Real activity / consumption,Real activity / consumption
Threshold ridge,2006 Q3,INDPRO,2,1,2006 Q3,2006-07-01,2006,3,6,Real activity / consumption,Real activity / consumption
Threshold ridge,2006 Q3,CMRMTSPLx,1,1,2006 Q3,2006-07-01,2006,3,6,Real activity / consumption,Real activity / consumption
Threshold ridge,2006 Q3,RETAILx,1,1,2006 Q3,2006-07-01,2006,3,6,Real activity / consumption,Real activity / consumption
Threshold ridge,2006 Q3,UNRATE,1,1,2006 Q3,2006-07-01,2006,3,6,Labor market,Labor market
Threshold ridge,2006 Q3,CLAIMSx,1,1,2006 Q3,2006-07-01,2006,3,6,Labor market,Labor market
Threshold ridge,2006 Q3,PAYEMS,1,1,2006 Q3,2006-07-01,2006,3,6,Labor market,Labor market
Threshold ridge,2006 Q3,AWHMAN,0,0,2006 Q3,2006-07-01,2006,3,6,Labor market,Not selected
Threshold ridge,2006 Q3,HOUST,0,0,2006 Q3,2006-07-01,2006,3,6,Housing,Not selected
Threshold ridge,2006 Q3,PERMIT,0,0,2006 Q3,2006-07-01,2006,3,6,Housing,Not selected
Threshold ridge,2006 Q3,M1SL,1,1,2006 Q3,2006-07-01,2006,3,6,Money and credit,Money and credit
Threshold ridge,2006 Q3,M2SL,1,1,2006 Q3,2006-07-01,2006,3,6,Money and credit,Money and credit
Threshold ridge,2006 Q3,BOGMBASE,1,1,2006 Q3,2006-07-01,2006,3,6,Money and credit,Money and credit
Threshold ridge,2006 Q3,BUSLOANS,1,1,2006 Q3,2006-07-01,2006,3,6,Money and credit,Money and credit
Threshold ridge,2006 Q3,NONREVSL,0,0,2006 Q3,2006-07-01,2006,3,6,Money and credit,Not selected
Threshold ridge,2006 Q3,CPIAUCSL,0,0,2006 Q3,2006-07-01,2006,3,6,Prices and commodities,Not selected
Threshold ridge,2006 Q3,PPICMM,1,1,2006 Q3,2006-07-01,2006,3,6,Prices and commodities,Prices and commodities
Threshold ridge,2006 Q3,PCEPI,0,0,2006 Q3,2006-07-01,2006,3,6,Prices and commodities,Not selected
Threshold ridge,2006 Q3,OILPRICEx,1,1,2006 Q3,2006-07-01,2006,3,6,Prices and commodities,Prices and commodities
Threshold ridge,2006 Q3,FEDFUNDS,0,0,2006 Q3,2006-07-01,2006,3,6,Financial / sentiment,Not selected
Threshold ridge,2006 Q3,TB3MS,0,0,2006 Q3,2006-07-01,2006,3,6,Financial / sentiment,Not selected
Threshold ridge,2006 Q3,GS10,0,0,2006 Q3,2006-07-01,2006,3,6,Financial / sentiment,Not selected
Threshold ridge,2006 Q3,AAA,0,0,2006 Q3,2006-07-01,2006,3,6,Financial / sentiment,Not selected
Threshold ridge,2006 Q3,BAA,0,0,2006 Q3,2006-07-01,2006,3,6,Financial / sentiment,Not selected
Threshold ridge,2006 Q3,S&P 500,1,1,2006 Q3,2006-07-01,2006,3,6,Financial / sentiment,Financial / sentiment
Threshold ridge,2006 Q3,VIXCLSx,0,0,2006 Q3,2006-07-01,2006,3,6,Financial / sentiment,Not selected
Threshold ridge,2006 Q3,UMCSENTx,0,0,2006 Q3,2006-07-01,2006,3,6,Financial / sentiment,Not selected
Threshold ridge,2006 Q3,TERM_SPREAD,0,0,2006 Q3,2006-07-01,2006,3,6,Financial / sentiment,Not selected
Threshold ridge,2006 Q3,CREDIT_SPREAD,0,0,2006 Q3,2006-07-01,2006,3,6,Financial / sentiment,Not selected
Threshold ridge,2006 Q4,RPI,1,1,2006 Q4,2006-10-01,2006,4,7,Real activity / consumption,Real activity / consumption
Threshold ridge,2006 Q4,DPCERA3M086SBEA,1,1,2006 Q4,2006-10-01,2006,4,7,Real activity / consumption,Real activity / consumption
Threshold ridge,2006 Q4,INDPRO,2,1,2006 Q4,2006-10-01,2006,4,7,Real activity / consumption,Real activity / consumption
Threshold ridge,2006 Q4,CMRMTSPLx,1,1,2006 Q4,2006-10-01,2006,4,7,Real activity / consumption,Real activity / consumption
Threshold ridge,2006 Q4,RETAILx,1,1,2006 Q4,2006-10-01,2006,4,7,Real activity / consumption,Real activity / consumption
Threshold ridge,2006 Q4,UNRATE,1,1,2006 Q4,2006-10-01,2006,4,7,Labor market,Labor market
Threshold ridge,2006 Q4,CLAIMSx,1,1,2006 Q4,2006-10-01,2006,4,7,Labor market,Labor market
Threshold ridge,2006 Q4,PAYEMS,1,1,2006 Q4,2006-10-01,2006,4,7,Labor market,Labor market
Threshold ridge,2006 Q4,AWHMAN,0,0,2006 Q4,2006-10-01,2006,4,7,Labor market,Not selected
Threshold ridge,2006 Q4,HOUST,0,0,2006 Q4,2006-10-01,2006,4,7,Housing,Not selected
Threshold ridge,2006 Q4,PERMIT,0,0,2006 Q4,2006-10-01,2006,4,7,Housing,Not selected
Threshold ridge,2006 Q4,M1SL,1,1,2006 Q4,2006-10-01,2006,4,7,Money and credit,Money and credit
Threshold ridge,2006 Q4,M2SL,1,1,2006 Q4,2006-10-01,2006,4,7,Money and credit,Money and credit
Threshold ridge,2006 Q4,BOGMBASE,1,1,2006 Q4,2006-10-01,2006,4,7,Money and credit,Money and credit
Threshold ridge,2006 Q4,BUSLOANS,0,0,2006 Q4,2006-10-01,2006,4,7,Money and credit,Not selected
Threshold ridge,2006 Q4,NONREVSL,0,0,2006 Q4,2006-10-01,2006,4,7,Money and credit,Not selected
Threshold ridge,2006 Q4,CPIAUCSL,0,0,2006 Q4,2006-10-01,2006,4,7,Prices and commodities,Not selected
Threshold ridge,2006 Q4,PPICMM,1,1,2006 Q4,2006-10-01,2006,4,7,Prices and commodities,Prices and commodities
Threshold ridge,2006 Q4,PCEPI,0,0,2006 Q4,2006-10-01,2006,4,7,Prices and commodities,Not selected
Threshold ridge,2006 Q4,OILPRICEx,1,1,2006 Q4,2006-10-01,2006,4,7,Prices and commodities,Prices and commodities
Threshold ridge,2006 Q4,FEDFUNDS,0,0,2006 Q4,2006-10-01,2006,4,7,Financial / sentiment,Not selected
Threshold ridge,2006 Q4,TB3MS,0,0,2006 Q4,2006-10-01,2006,4,7,Financial / sentiment,Not selected
Threshold ridge,2006 Q4,GS10,0,0,2006 Q4,2006-10-01,2006,4,7,Financial / sentiment,Not selected
Threshold ridge,2006 Q4,AAA,0,0,2006 Q4,2006-10-01,2006,4,7,Financial / sentiment,Not selected
Threshold ridge,2006 Q4,BAA,0,0,2006 Q4,2006-10-01,2006,4,7,Financial / sentiment,Not selected
Threshold ridge,2006 Q4,S&P 500,1,1,2006 Q4,2006-10-01,2006,4,7,Financial / sentiment,Financial / sentiment
Threshold ridge,2006 Q4,VIXCLSx,0,0,2006 Q4,2006-10-01,2006,4,7,Financial / sentiment,Not selected
Threshold ridge,2006 Q4,UMCSENTx,0,0,2006 Q4,2006-10-01,2006,4,7,Financial / sentiment,Not selected
Threshold ridge,2006 Q4,TERM_SPREAD,0,0,2006 Q4,2006-10-01,2006,4,7,Financial / sentiment,Not selected
Threshold ridge,2006 Q4,CREDIT_SPREAD,0,0,2006 Q4,2006-10-01,2006,4,7,Financial / sentiment,Not selected
Threshold ridge,2007 Q1,RPI,1,1,2007 Q1,2007-01-01,2007,1,8,Real activity / consumption,Real activity / consumption
Threshold ridge,2007 Q1,DPCERA3M086SBEA,1,1,2007 Q1,2007-01-01,2007,1,8,Real activity / consumption,Real activity / consumption
Threshold ridge,2007 Q1,INDPRO,2,1,2007 Q1,2007-01-01,2007,1,8,Real activity / consumption,Real activity / consumption
Threshold ridge,2007 Q1,CMRMTSPLx,1,1,2007 Q1,2007-01-01,2007,1,8,Real activity / consumption,Real activity / consumption
Threshold ridge,2007 Q1,RETAILx,1,1,2007 Q1,2007-01-01,2007,1,8,Real activity / consumption,Real activity / consumption
Threshold ridge,2007 Q1,UNRATE,1,1,2007 Q1,2007-01-01,2007,1,8,Labor market,Labor market
Threshold ridge,2007 Q1,CLAIMSx,1,1,2007 Q1,2007-01-01,2007,1,8,Labor market,Labor market
Threshold ridge,2007 Q1,PAYEMS,1,1,2007 Q1,2007-01-01,2007,1,8,Labor market,Labor market
Threshold ridge,2007 Q1,AWHMAN,0,0,2007 Q1,2007-01-01,2007,1,8,Labor market,Not selected
Threshold ridge,2007 Q1,HOUST,0,0,2007 Q1,2007-01-01,2007,1,8,Housing,Not selected
Threshold ridge,2007 Q1,PERMIT,0,0,2007 Q1,2007-01-01,2007,1,8,Housing,Not selected
Threshold ridge,2007 Q1,M1SL,1,1,2007 Q1,2007-01-01,2007,1,8,Money and credit,Money and credit
Threshold ridge,2007 Q1,M2SL,1,1,2007 Q1,2007-01-01,2007,1,8,Money and credit,Money and credit
Threshold ridge,2007 Q1,BOGMBASE,1,1,2007 Q1,2007-01-01,2007,1,8,Money and credit,Money and credit
Threshold ridge,2007 Q1,BUSLOANS,0,0,2007 Q1,2007-01-01,2007,1,8,Money and credit,Not selected
Threshold ridge,2007 Q1,NONREVSL,0,0,2007 Q1,2007-01-01,2007,1,8,Money and credit,Not selected
Threshold ridge,2007 Q1,CPIAUCSL,0,0,2007 Q1,2007-01-01,2007,1,8,Prices and commodities,Not selected
Threshold ridge,2007 Q1,PPICMM,1,1,2007 Q1,2007-01-01,2007,1,8,Prices and commodities,Prices and commodities
Threshold ridge,2007 Q1,PCEPI,0,0,2007 Q1,2007-01-01,2007,1,8,Prices and commodities,Not selected
Threshold ridge,2007 Q1,OILPRICEx,2,1,2007 Q1,2007-01-01,2007,1,8,Prices and commodities,Prices and commodities
Threshold ridge,2007 Q1,FEDFUNDS,0,0,2007 Q1,2007-01-01,2007,1,8,Financial / sentiment,Not selected
Threshold ridge,2007 Q1,TB3MS,0,0,2007 Q1,2007-01-01,2007,1,8,Financial / sentiment,Not selected
Threshold ridge,2007 Q1,GS10,0,0,2007 Q1,2007-01-01,2007,1,8,Financial / sentiment,Not selected
Threshold ridge,2007 Q1,AAA,0,0,2007 Q1,2007-01-01,2007,1,8,Financial / sentiment,Not selected
Threshold ridge,2007 Q1,BAA,0,0,2007 Q1,2007-01-01,2007,1,8,Financial / sentiment,Not selected
Threshold ridge,2007 Q1,S&P 500,1,1,2007 Q1,2007-01-01,2007,1,8,Financial / sentiment,Financial / sentiment
Threshold ridge,2007 Q1,VIXCLSx,0,0,2007 Q1,2007-01-01,2007,1,8,Financial / sentiment,Not selected
Threshold ridge,2007 Q1,UMCSENTx,0,0,2007 Q1,2007-01-01,2007,1,8,Financial / sentiment,Not selected
Threshold ridge,2007 Q1,TERM_SPREAD,0,0,2007 Q1,2007-01-01,2007,1,8,Financial / sentiment,Not selected
Threshold ridge,2007 Q1,CREDIT_SPREAD,0,0,2007 Q1,2007-01-01,2007,1,8,Financial / sentiment,Not selected
Threshold ridge,2007 Q2,RPI,1,1,2007 Q2,2007-04-01,2007,2,9,Real activity / consumption,Real activity / consumption
Threshold ridge,2007 Q2,DPCERA3M086SBEA,1,1,2007 Q2,2007-04-01,2007,2,9,Real activity / consumption,Real activity / consumption
Threshold ridge,2007 Q2,INDPRO,2,1,2007 Q2,2007-04-01,2007,2,9,Real activity / consumption,Real activity / consumption
Threshold ridge,2007 Q2,CMRMTSPLx,1,1,2007 Q2,2007-04-01,2007,2,9,Real activity / consumption,Real activity / consumption
Threshold ridge,2007 Q2,RETAILx,1,1,2007 Q2,2007-04-01,2007,2,9,Real activity / consumption,Real activity / consumption
Threshold ridge,2007 Q2,UNRATE,1,1,2007 Q2,2007-04-01,2007,2,9,Labor market,Labor market
Threshold ridge,2007 Q2,CLAIMSx,1,1,2007 Q2,2007-04-01,2007,2,9,Labor market,Labor market
Threshold ridge,2007 Q2,PAYEMS,1,1,2007 Q2,2007-04-01,2007,2,9,Labor market,Labor market
Threshold ridge,2007 Q2,AWHMAN,0,0,2007 Q2,2007-04-01,2007,2,9,Labor market,Not selected
Threshold ridge,2007 Q2,HOUST,0,0,2007 Q2,2007-04-01,2007,2,9,Housing,Not selected
Threshold ridge,2007 Q2,PERMIT,0,0,2007 Q2,2007-04-01,2007,2,9,Housing,Not selected
Threshold ridge,2007 Q2,M1SL,1,1,2007 Q2,2007-04-01,2007,2,9,Money and credit,Money and credit
Threshold ridge,2007 Q2,M2SL,1,1,2007 Q2,2007-04-01,2007,2,9,Money and credit,Money and credit
Threshold ridge,2007 Q2,BOGMBASE,1,1,2007 Q2,2007-04-01,2007,2,9,Money and credit,Money and credit
Threshold ridge,2007 Q2,BUSLOANS,0,0,2007 Q2,2007-04-01,2007,2,9,Money and credit,Not selected
Threshold ridge,2007 Q2,NONREVSL,0,0,2007 Q2,2007-04-01,2007,2,9,Money and credit,Not selected
Threshold ridge,2007 Q2,CPIAUCSL,0,0,2007 Q2,2007-04-01,2007,2,9,Prices and commodities,Not selected
Threshold ridge,2007 Q2,PPICMM,1,1,2007 Q2,2007-04-01,2007,2,9,Prices and commodities,Prices and commodities
Threshold ridge,2007 Q2,PCEPI,0,0,2007 Q2,2007-04-01,2007,2,9,Prices and commodities,Not selected
Threshold ridge,2007 Q2,OILPRICEx,1,1,2007 Q2,2007-04-01,2007,2,9,Prices and commodities,Prices and commodities
Threshold ridge,2007 Q2,FEDFUNDS,0,0,2007 Q2,2007-04-01,2007,2,9,Financial / sentiment,Not selected
Threshold ridge,2007 Q2,TB3MS,0,0,2007 Q2,2007-04-01,2007,2,9,Financial / sentiment,Not selected
Threshold ridge,2007 Q2,GS10,0,0,2007 Q2,2007-04-01,2007,2,9,Financial / sentiment,Not selected
Threshold ridge,2007 Q2,AAA,0,0,2007 Q2,2007-04-01,2007,2,9,Financial / sentiment,Not selected
Threshold ridge,2007 Q2,BAA,0,0,2007 Q2,2007-04-01,2007,2,9,Financial / sentiment,Not selected
Threshold ridge,2007 Q2,S&P 500,1,1,2007 Q2,2007-04-01,2007,2,9,Financial / sentiment,Financial / sentiment
Threshold ridge,2007 Q2,VIXCLSx,0,0,2007 Q2,2007-04-01,2007,2,9,Financial / sentiment,Not selected
Threshold ridge,2007 Q2,UMCSENTx,0,0,2007 Q2,2007-04-01,2007,2,9,Financial / sentiment,Not selected
Threshold ridge,2007 Q2,TERM_SPREAD,0,0,2007 Q2,2007-04-01,2007,2,9,Financial / sentiment,Not selected
Threshold ridge,2007 Q2,CREDIT_SPREAD,0,0,2007 Q2,2007-04-01,2007,2,9,Financial / sentiment,Not selected
Threshold ridge,2007 Q3,RPI,1,1,2007 Q3,2007-07-01,2007,3,10,Real activity / consumption,Real activity / consumption
Threshold ridge,2007 Q3,DPCERA3M086SBEA,1,1,2007 Q3,2007-07-01,2007,3,10,Real activity / consumption,Real activity / consumption
Threshold ridge,2007 Q3,INDPRO,2,1,2007 Q3,2007-07-01,2007,3,10,Real activity / consumption,Real activity / consumption
Threshold ridge,2007 Q3,CMRMTSPLx,1,1,2007 Q3,2007-07-01,2007,3,10,Real activity / consumption,Real activity / consumption
Threshold ridge,2007 Q3,RETAILx,1,1,2007 Q3,2007-07-01,2007,3,10,Real activity / consumption,Real activity / consumption
Threshold ridge,2007 Q3,UNRATE,1,1,2007 Q3,2007-07-01,2007,3,10,Labor market,Labor market
Threshold ridge,2007 Q3,CLAIMSx,1,1,2007 Q3,2007-07-01,2007,3,10,Labor market,Labor market
Threshold ridge,2007 Q3,PAYEMS,1,1,2007 Q3,2007-07-01,2007,3,10,Labor market,Labor market
Threshold ridge,2007 Q3,AWHMAN,0,0,2007 Q3,2007-07-01,2007,3,10,Labor market,Not selected
Threshold ridge,2007 Q3,HOUST,0,0,2007 Q3,2007-07-01,2007,3,10,Housing,Not selected
Threshold ridge,2007 Q3,PERMIT,0,0,2007 Q3,2007-07-01,2007,3,10,Housing,Not selected
Threshold ridge,2007 Q3,M1SL,1,1,2007 Q3,2007-07-01,2007,3,10,Money and credit,Money and credit
Threshold ridge,2007 Q3,M2SL,1,1,2007 Q3,2007-07-01,2007,3,10,Money and credit,Money and credit
Threshold ridge,2007 Q3,BOGMBASE,1,1,2007 Q3,2007-07-01,2007,3,10,Money and credit,Money and credit
Threshold ridge,2007 Q3,BUSLOANS,0,0,2007 Q3,2007-07-01,2007,3,10,Money and credit,Not selected
Threshold ridge,2007 Q3,NONREVSL,0,0,2007 Q3,2007-07-01,2007,3,10,Money and credit,Not selected
Threshold ridge,2007 Q3,CPIAUCSL,0,0,2007 Q3,2007-07-01,2007,3,10,Prices and commodities,Not selected
Threshold ridge,2007 Q3,PPICMM,1,1,2007 Q3,2007-07-01,2007,3,10,Prices and commodities,Prices and commodities
Threshold ridge,2007 Q3,PCEPI,0,0,2007 Q3,2007-07-01,2007,3,10,Prices and commodities,Not selected
Threshold ridge,2007 Q3,OILPRICEx,1,1,2007 Q3,2007-07-01,2007,3,10,Prices and commodities,Prices and commodities
Threshold ridge,2007 Q3,FEDFUNDS,0,0,2007 Q3,2007-07-01,2007,3,10,Financial / sentiment,Not selected
Threshold ridge,2007 Q3,TB3MS,0,0,2007 Q3,2007-07-01,2007,3,10,Financial / sentiment,Not selected
Threshold ridge,2007 Q3,GS10,0,0,2007 Q3,2007-07-01,2007,3,10,Financial / sentiment,Not selected
Threshold ridge,2007 Q3,AAA,0,0,2007 Q3,2007-07-01,2007,3,10,Financial / sentiment,Not selected
Threshold ridge,2007 Q3,BAA,0,0,2007 Q3,2007-07-01,2007,3,10,Financial / sentiment,Not selected
Threshold ridge,2007 Q3,S&P 500,1,1,2007 Q3,2007-07-01,2007,3,10,Financial / sentiment,Financial / sentiment
Threshold ridge,2007 Q3,VIXCLSx,0,0,2007 Q3,2007-07-01,2007,3,10,Financial / sentiment,Not selected
Threshold ridge,2007 Q3,UMCSENTx,0,0,2007 Q3,2007-07-01,2007,3,10,Financial / sentiment,Not selected
Threshold ridge,2007 Q3,TERM_SPREAD,0,0,2007 Q3,2007-07-01,2007,3,10,Financial / sentiment,Not selected
Threshold ridge,2007 Q3,CREDIT_SPREAD,0,0,2007 Q3,2007-07-01,2007,3,10,Financial / sentiment,Not selected
Threshold ridge,2007 Q4,RPI,1,1,2007 Q4,2007-10-01,2007,4,11,Real activity / consumption,Real activity / consumption
Threshold ridge,2007 Q4,DPCERA3M086SBEA,1,1,2007 Q4,2007-10-01,2007,4,11,Real activity / consumption,Real activity / consumption
Threshold ridge,2007 Q4,INDPRO,1,1,2007 Q4,2007-10-01,2007,4,11,Real activity / consumption,Real activity / consumption
Threshold ridge,2007 Q4,CMRMTSPLx,1,1,2007 Q4,2007-10-01,2007,4,11,Real activity / consumption,Real activity / consumption
Threshold ridge,2007 Q4,RETAILx,1,1,2007 Q4,2007-10-01,2007,4,11,Real activity / consumption,Real activity / consumption
Threshold ridge,2007 Q4,UNRATE,1,1,2007 Q4,2007-10-01,2007,4,11,Labor market,Labor market
Threshold ridge,2007 Q4,CLAIMSx,1,1,2007 Q4,2007-10-01,2007,4,11,Labor market,Labor market
Threshold ridge,2007 Q4,PAYEMS,1,1,2007 Q4,2007-10-01,2007,4,11,Labor market,Labor market
Threshold ridge,2007 Q4,AWHMAN,0,0,2007 Q4,2007-10-01,2007,4,11,Labor market,Not selected
Threshold ridge,2007 Q4,HOUST,0,0,2007 Q4,2007-10-01,2007,4,11,Housing,Not selected
Threshold ridge,2007 Q4,PERMIT,0,0,2007 Q4,2007-10-01,2007,4,11,Housing,Not selected
Threshold ridge,2007 Q4,M1SL,1,1,2007 Q4,2007-10-01,2007,4,11,Money and credit,Money and credit
Threshold ridge,2007 Q4,M2SL,1,1,2007 Q4,2007-10-01,2007,4,11,Money and credit,Money and credit
Threshold ridge,2007 Q4,BOGMBASE,2,1,2007 Q4,2007-10-01,2007,4,11,Money and credit,Money and credit
Threshold ridge,2007 Q4,BUSLOANS,0,0,2007 Q4,2007-10-01,2007,4,11,Money and credit,Not selected
Threshold ridge,2007 Q4,NONREVSL,0,0,2007 Q4,2007-10-01,2007,4,11,Money and credit,Not selected
Threshold ridge,2007 Q4,CPIAUCSL,0,0,2007 Q4,2007-10-01,2007,4,11,Prices and commodities,Not selected
Threshold ridge,2007 Q4,PPICMM,1,1,2007 Q4,2007-10-01,2007,4,11,Prices and commodities,Prices and commodities
Threshold ridge,2007 Q4,PCEPI,0,0,2007 Q4,2007-10-01,2007,4,11,Prices and commodities,Not selected
Threshold ridge,2007 Q4,OILPRICEx,1,1,2007 Q4,2007-10-01,2007,4,11,Prices and commodities,Prices and commodities
Threshold ridge,2007 Q4,FEDFUNDS,0,0,2007 Q4,2007-10-01,2007,4,11,Financial / sentiment,Not selected
Threshold ridge,2007 Q4,TB3MS,0,0,2007 Q4,2007-10-01,2007,4,11,Financial / sentiment,Not selected
Threshold ridge,2007 Q4,GS10,0,0,2007 Q4,2007-10-01,2007,4,11,Financial / sentiment,Not selected
Threshold ridge,2007 Q4,AAA,0,0,2007 Q4,2007-10-01,2007,4,11,Financial / sentiment,Not selected
Threshold ridge,2007 Q4,BAA,0,0,2007 Q4,2007-10-01,2007,4,11,Financial / sentiment,Not selected
Threshold ridge,2007 Q4,S&P 500,1,1,2007 Q4,2007-10-01,2007,4,11,Financial / sentiment,Financial / sentiment
Threshold ridge,2007 Q4,VIXCLSx,0,0,2007 Q4,2007-10-01,2007,4,11,Financial / sentiment,Not selected
Threshold ridge,2007 Q4,UMCSENTx,0,0,2007 Q4,2007-10-01,2007,4,11,Financial / sentiment,Not selected
Threshold ridge,2007 Q4,TERM_SPREAD,0,0,2007 Q4,2007-10-01,2007,4,11,Financial / sentiment,Not selected
Threshold ridge,2007 Q4,CREDIT_SPREAD,0,0,2007 Q4,2007-10-01,2007,4,11,Financial / sentiment,Not selected
Threshold ridge,2008 Q1,RPI,1,1,2008 Q1,2008-01-01,2008,1,12,Real activity / consumption,Real activity / consumption
Threshold ridge,2008 Q1,DPCERA3M086SBEA,1,1,2008 Q1,2008-01-01,2008,1,12,Real activity / consumption,Real activity / consumption
Threshold ridge,2008 Q1,INDPRO,1,1,2008 Q1,2008-01-01,2008,1,12,Real activity / consumption,Real activity / consumption
Threshold ridge,2008 Q1,CMRMTSPLx,1,1,2008 Q1,2008-01-01,2008,1,12,Real activity / consumption,Real activity / consumption
Threshold ridge,2008 Q1,RETAILx,1,1,2008 Q1,2008-01-01,2008,1,12,Real activity / consumption,Real activity / consumption
Threshold ridge,2008 Q1,UNRATE,1,1,2008 Q1,2008-01-01,2008,1,12,Labor market,Labor market
Threshold ridge,2008 Q1,CLAIMSx,1,1,2008 Q1,2008-01-01,2008,1,12,Labor market,Labor market
Threshold ridge,2008 Q1,PAYEMS,1,1,2008 Q1,2008-01-01,2008,1,12,Labor market,Labor market
Threshold ridge,2008 Q1,AWHMAN,0,0,2008 Q1,2008-01-01,2008,1,12,Labor market,Not selected
Threshold ridge,2008 Q1,HOUST,0,0,2008 Q1,2008-01-01,2008,1,12,Housing,Not selected
Threshold ridge,2008 Q1,PERMIT,0,0,2008 Q1,2008-01-01,2008,1,12,Housing,Not selected
Threshold ridge,2008 Q1,M1SL,1,1,2008 Q1,2008-01-01,2008,1,12,Money and credit,Money and credit
Threshold ridge,2008 Q1,M2SL,0,0,2008 Q1,2008-01-01,2008,1,12,Money and credit,Not selected
Threshold ridge,2008 Q1,BOGMBASE,2,1,2008 Q1,2008-01-01,2008,1,12,Money and credit,Money and credit
Threshold ridge,2008 Q1,BUSLOANS,0,0,2008 Q1,2008-01-01,2008,1,12,Money and credit,Not selected
Threshold ridge,2008 Q1,NONREVSL,0,0,2008 Q1,2008-01-01,2008,1,12,Money and credit,Not selected
Threshold ridge,2008 Q1,CPIAUCSL,0,0,2008 Q1,2008-01-01,2008,1,12,Prices and commodities,Not selected
Threshold ridge,2008 Q1,PPICMM,1,1,2008 Q1,2008-01-01,2008,1,12,Prices and commodities,Prices and commodities
Threshold ridge,2008 Q1,PCEPI,0,0,2008 Q1,2008-01-01,2008,1,12,Prices and commodities,Not selected
Threshold ridge,2008 Q1,OILPRICEx,1,1,2008 Q1,2008-01-01,2008,1,12,Prices and commodities,Prices and commodities
Threshold ridge,2008 Q1,FEDFUNDS,0,0,2008 Q1,2008-01-01,2008,1,12,Financial / sentiment,Not selected
Threshold ridge,2008 Q1,TB3MS,0,0,2008 Q1,2008-01-01,2008,1,12,Financial / sentiment,Not selected
Threshold ridge,2008 Q1,GS10,0,0,2008 Q1,2008-01-01,2008,1,12,Financial / sentiment,Not selected
Threshold ridge,2008 Q1,AAA,0,0,2008 Q1,2008-01-01,2008,1,12,Financial / sentiment,Not selected
Threshold ridge,2008 Q1,BAA,0,0,2008 Q1,2008-01-01,2008,1,12,Financial / sentiment,Not selected
Threshold ridge,2008 Q1,S&P 500,1,1,2008 Q1,2008-01-01,2008,1,12,Financial / sentiment,Financial / sentiment
Threshold ridge,2008 Q1,VIXCLSx,0,0,2008 Q1,2008-01-01,2008,1,12,Financial / sentiment,Not selected
Threshold ridge,2008 Q1,UMCSENTx,0,0,2008 Q1,2008-01-01,2008,1,12,Financial / sentiment,Not selected
Threshold ridge,2008 Q1,TERM_SPREAD,0,0,2008 Q1,2008-01-01,2008,1,12,Financial / sentiment,Not selected
Threshold ridge,2008 Q1,CREDIT_SPREAD,0,0,2008 Q1,2008-01-01,2008,1,12,Financial / sentiment,Not selected
Threshold ridge,2008 Q2,RPI,1,1,2008 Q2,2008-04-01,2008,2,13,Real activity / consumption,Real activity / consumption
Threshold ridge,2008 Q2,DPCERA3M086SBEA,2,1,2008 Q2,2008-04-01,2008,2,13,Real activity / consumption,Real activity / consumption
Threshold ridge,2008 Q2,INDPRO,1,1,2008 Q2,2008-04-01,2008,2,13,Real activity / consumption,Real activity / consumption
Threshold ridge,2008 Q2,CMRMTSPLx,1,1,2008 Q2,2008-04-01,2008,2,13,Real activity / consumption,Real activity / consumption
Threshold ridge,2008 Q2,RETAILx,1,1,2008 Q2,2008-04-01,2008,2,13,Real activity / consumption,Real activity / consumption
Threshold ridge,2008 Q2,UNRATE,2,1,2008 Q2,2008-04-01,2008,2,13,Labor market,Labor market
Threshold ridge,2008 Q2,CLAIMSx,1,1,2008 Q2,2008-04-01,2008,2,13,Labor market,Labor market
Threshold ridge,2008 Q2,PAYEMS,1,1,2008 Q2,2008-04-01,2008,2,13,Labor market,Labor market
Threshold ridge,2008 Q2,AWHMAN,0,0,2008 Q2,2008-04-01,2008,2,13,Labor market,Not selected
Threshold ridge,2008 Q2,HOUST,0,0,2008 Q2,2008-04-01,2008,2,13,Housing,Not selected
Threshold ridge,2008 Q2,PERMIT,0,0,2008 Q2,2008-04-01,2008,2,13,Housing,Not selected
Threshold ridge,2008 Q2,M1SL,1,1,2008 Q2,2008-04-01,2008,2,13,Money and credit,Money and credit
Threshold ridge,2008 Q2,M2SL,0,0,2008 Q2,2008-04-01,2008,2,13,Money and credit,Not selected
Threshold ridge,2008 Q2,BOGMBASE,1,1,2008 Q2,2008-04-01,2008,2,13,Money and credit,Money and credit
Threshold ridge,2008 Q2,BUSLOANS,0,0,2008 Q2,2008-04-01,2008,2,13,Money and credit,Not selected
Threshold ridge,2008 Q2,NONREVSL,0,0,2008 Q2,2008-04-01,2008,2,13,Money and credit,Not selected
Threshold ridge,2008 Q2,CPIAUCSL,0,0,2008 Q2,2008-04-01,2008,2,13,Prices and commodities,Not selected
Threshold ridge,2008 Q2,PPICMM,1,1,2008 Q2,2008-04-01,2008,2,13,Prices and commodities,Prices and commodities
Threshold ridge,2008 Q2,PCEPI,0,0,2008 Q2,2008-04-01,2008,2,13,Prices and commodities,Not selected
Threshold ridge,2008 Q2,OILPRICEx,1,1,2008 Q2,2008-04-01,2008,2,13,Prices and commodities,Prices and commodities
Threshold ridge,2008 Q2,FEDFUNDS,0,0,2008 Q2,2008-04-01,2008,2,13,Financial / sentiment,Not selected
Threshold ridge,2008 Q2,TB3MS,0,0,2008 Q2,2008-04-01,2008,2,13,Financial / sentiment,Not selected
Threshold ridge,2008 Q2,GS10,0,0,2008 Q2,2008-04-01,2008,2,13,Financial / sentiment,Not selected
Threshold ridge,2008 Q2,AAA,0,0,2008 Q2,2008-04-01,2008,2,13,Financial / sentiment,Not selected
Threshold ridge,2008 Q2,BAA,0,0,2008 Q2,2008-04-01,2008,2,13,Financial / sentiment,Not selected
Threshold ridge,2008 Q2,S&P 500,1,1,2008 Q2,2008-04-01,2008,2,13,Financial / sentiment,Financial / sentiment
Threshold ridge,2008 Q2,VIXCLSx,0,0,2008 Q2,2008-04-01,2008,2,13,Financial / sentiment,Not selected
Threshold ridge,2008 Q2,UMCSENTx,0,0,2008 Q2,2008-04-01,2008,2,13,Financial / sentiment,Not selected
Threshold ridge,2008 Q2,TERM_SPREAD,0,0,2008 Q2,2008-04-01,2008,2,13,Financial / sentiment,Not selected
Threshold ridge,2008 Q2,CREDIT_SPREAD,0,0,2008 Q2,2008-04-01,2008,2,13,Financial / sentiment,Not selected
Threshold ridge,2008 Q3,RPI,0,0,2008 Q3,2008-07-01,2008,3,14,Real activity / consumption,Not selected
Threshold ridge,2008 Q3,DPCERA3M086SBEA,2,1,2008 Q3,2008-07-01,2008,3,14,Real activity / consumption,Real activity / consumption
Threshold ridge,2008 Q3,INDPRO,1,1,2008 Q3,2008-07-01,2008,3,14,Real activity / consumption,Real activity / consumption
Threshold ridge,2008 Q3,CMRMTSPLx,1,1,2008 Q3,2008-07-01,2008,3,14,Real activity / consumption,Real activity / consumption
Threshold ridge,2008 Q3,RETAILx,0,0,2008 Q3,2008-07-01,2008,3,14,Real activity / consumption,Not selected
Threshold ridge,2008 Q3,UNRATE,2,1,2008 Q3,2008-07-01,2008,3,14,Labor market,Labor market
Threshold ridge,2008 Q3,CLAIMSx,1,1,2008 Q3,2008-07-01,2008,3,14,Labor market,Labor market
Threshold ridge,2008 Q3,PAYEMS,1,1,2008 Q3,2008-07-01,2008,3,14,Labor market,Labor market
Threshold ridge,2008 Q3,AWHMAN,0,0,2008 Q3,2008-07-01,2008,3,14,Labor market,Not selected
Threshold ridge,2008 Q3,HOUST,0,0,2008 Q3,2008-07-01,2008,3,14,Housing,Not selected
Threshold ridge,2008 Q3,PERMIT,0,0,2008 Q3,2008-07-01,2008,3,14,Housing,Not selected
Threshold ridge,2008 Q3,M1SL,1,1,2008 Q3,2008-07-01,2008,3,14,Money and credit,Money and credit
Threshold ridge,2008 Q3,M2SL,0,0,2008 Q3,2008-07-01,2008,3,14,Money and credit,Not selected
Threshold ridge,2008 Q3,BOGMBASE,2,1,2008 Q3,2008-07-01,2008,3,14,Money and credit,Money and credit
Threshold ridge,2008 Q3,BUSLOANS,0,0,2008 Q3,2008-07-01,2008,3,14,Money and credit,Not selected
Threshold ridge,2008 Q3,NONREVSL,0,0,2008 Q3,2008-07-01,2008,3,14,Money and credit,Not selected
Threshold ridge,2008 Q3,CPIAUCSL,0,0,2008 Q3,2008-07-01,2008,3,14,Prices and commodities,Not selected
Threshold ridge,2008 Q3,PPICMM,1,1,2008 Q3,2008-07-01,2008,3,14,Prices and commodities,Prices and commodities
Threshold ridge,2008 Q3,PCEPI,0,0,2008 Q3,2008-07-01,2008,3,14,Prices and commodities,Not selected
Threshold ridge,2008 Q3,OILPRICEx,1,1,2008 Q3,2008-07-01,2008,3,14,Prices and commodities,Prices and commodities
Threshold ridge,2008 Q3,FEDFUNDS,0,0,2008 Q3,2008-07-01,2008,3,14,Financial / sentiment,Not selected
Threshold ridge,2008 Q3,TB3MS,0,0,2008 Q3,2008-07-01,2008,3,14,Financial / sentiment,Not selected
Threshold ridge,2008 Q3,GS10,0,0,2008 Q3,2008-07-01,2008,3,14,Financial / sentiment,Not selected
Threshold ridge,2008 Q3,AAA,0,0,2008 Q3,2008-07-01,2008,3,14,Financial / sentiment,Not selected
Threshold ridge,2008 Q3,BAA,0,0,2008 Q3,2008-07-01,2008,3,14,Financial / sentiment,Not selected
Threshold ridge,2008 Q3,S&P 500,1,1,2008 Q3,2008-07-01,2008,3,14,Financial / sentiment,Financial / sentiment
Threshold ridge,2008 Q3,VIXCLSx,0,0,2008 Q3,2008-07-01,2008,3,14,Financial / sentiment,Not selected
Threshold ridge,2008 Q3,UMCSENTx,0,0,2008 Q3,2008-07-01,2008,3,14,Financial / sentiment,Not selected
Threshold ridge,2008 Q3,TERM_SPREAD,0,0,2008 Q3,2008-07-01,2008,3,14,Financial / sentiment,Not selected
Threshold ridge,2008 Q3,CREDIT_SPREAD,0,0,2008 Q3,2008-07-01,2008,3,14,Financial / sentiment,Not selected
Threshold ridge,2008 Q4,RPI,1,1,2008 Q4,2008-10-01,2008,4,15,Real activity / consumption,Real activity / consumption
Threshold ridge,2008 Q4,DPCERA3M086SBEA,2,1,2008 Q4,2008-10-01,2008,4,15,Real activity / consumption,Real activity / consumption
Threshold ridge,2008 Q4,INDPRO,2,1,2008 Q4,2008-10-01,2008,4,15,Real activity / consumption,Real activity / consumption
Threshold ridge,2008 Q4,CMRMTSPLx,1,1,2008 Q4,2008-10-01,2008,4,15,Real activity / consumption,Real activity / consumption
Threshold ridge,2008 Q4,RETAILx,1,1,2008 Q4,2008-10-01,2008,4,15,Real activity / consumption,Real activity / consumption
Threshold ridge,2008 Q4,UNRATE,2,1,2008 Q4,2008-10-01,2008,4,15,Labor market,Labor market
Threshold ridge,2008 Q4,CLAIMSx,1,1,2008 Q4,2008-10-01,2008,4,15,Labor market,Labor market
Threshold ridge,2008 Q4,PAYEMS,1,1,2008 Q4,2008-10-01,2008,4,15,Labor market,Labor market
Threshold ridge,2008 Q4,AWHMAN,0,0,2008 Q4,2008-10-01,2008,4,15,Labor market,Not selected
Threshold ridge,2008 Q4,HOUST,0,0,2008 Q4,2008-10-01,2008,4,15,Housing,Not selected
Threshold ridge,2008 Q4,PERMIT,0,0,2008 Q4,2008-10-01,2008,4,15,Housing,Not selected
Threshold ridge,2008 Q4,M1SL,2,1,2008 Q4,2008-10-01,2008,4,15,Money and credit,Money and credit
Threshold ridge,2008 Q4,M2SL,1,1,2008 Q4,2008-10-01,2008,4,15,Money and credit,Money and credit
Threshold ridge,2008 Q4,BOGMBASE,1,1,2008 Q4,2008-10-01,2008,4,15,Money and credit,Money and credit
Threshold ridge,2008 Q4,BUSLOANS,1,1,2008 Q4,2008-10-01,2008,4,15,Money and credit,Money and credit
Threshold ridge,2008 Q4,NONREVSL,0,0,2008 Q4,2008-10-01,2008,4,15,Money and credit,Not selected
Threshold ridge,2008 Q4,CPIAUCSL,0,0,2008 Q4,2008-10-01,2008,4,15,Prices and commodities,Not selected
Threshold ridge,2008 Q4,PPICMM,1,1,2008 Q4,2008-10-01,2008,4,15,Prices and commodities,Prices and commodities
Threshold ridge,2008 Q4,PCEPI,0,0,2008 Q4,2008-10-01,2008,4,15,Prices and commodities,Not selected
Threshold ridge,2008 Q4,OILPRICEx,1,1,2008 Q4,2008-10-01,2008,4,15,Prices and commodities,Prices and commodities
Threshold ridge,2008 Q4,FEDFUNDS,0,0,2008 Q4,2008-10-01,2008,4,15,Financial / sentiment,Not selected
Threshold ridge,2008 Q4,TB3MS,0,0,2008 Q4,2008-10-01,2008,4,15,Financial / sentiment,Not selected
Threshold ridge,2008 Q4,GS10,0,0,2008 Q4,2008-10-01,2008,4,15,Financial / sentiment,Not selected
Threshold ridge,2008 Q4,AAA,0,0,2008 Q4,2008-10-01,2008,4,15,Financial / sentiment,Not selected
Threshold ridge,2008 Q4,BAA,0,0,2008 Q4,2008-10-01,2008,4,15,Financial / sentiment,Not selected
Threshold ridge,2008 Q4,S&P 500,1,1,2008 Q4,2008-10-01,2008,4,15,Financial / sentiment,Financial / sentiment
Threshold ridge,2008 Q4,VIXCLSx,0,0,2008 Q4,2008-10-01,2008,4,15,Financial / sentiment,Not selected
Threshold ridge,2008 Q4,UMCSENTx,0,0,2008 Q4,2008-10-01,2008,4,15,Financial / sentiment,Not selected
Threshold ridge,2008 Q4,TERM_SPREAD,0,0,2008 Q4,2008-10-01,2008,4,15,Financial / sentiment,Not selected
Threshold ridge,2008 Q4,CREDIT_SPREAD,2,1,2008 Q4,2008-10-01,2008,4,15,Financial / sentiment,Financial / sentiment
Threshold ridge,2009 Q1,RPI,3,1,2009 Q1,2009-01-01,2009,1,16,Real activity / consumption,Real activity / consumption
Threshold ridge,2009 Q1,DPCERA3M086SBEA,2,1,2009 Q1,2009-01-01,2009,1,16,Real activity / consumption,Real activity / consumption
Threshold ridge,2009 Q1,INDPRO,2,1,2009 Q1,2009-01-01,2009,1,16,Real activity / consumption,Real activity / consumption
Threshold ridge,2009 Q1,CMRMTSPLx,1,1,2009 Q1,2009-01-01,2009,1,16,Real activity / consumption,Real activity / consumption
Threshold ridge,2009 Q1,RETAILx,0,0,2009 Q1,2009-01-01,2009,1,16,Real activity / consumption,Not selected
Threshold ridge,2009 Q1,UNRATE,2,1,2009 Q1,2009-01-01,2009,1,16,Labor market,Labor market
Threshold ridge,2009 Q1,CLAIMSx,1,1,2009 Q1,2009-01-01,2009,1,16,Labor market,Labor market
Threshold ridge,2009 Q1,PAYEMS,1,1,2009 Q1,2009-01-01,2009,1,16,Labor market,Labor market
Threshold ridge,2009 Q1,AWHMAN,0,0,2009 Q1,2009-01-01,2009,1,16,Labor market,Not selected
Threshold ridge,2009 Q1,HOUST,0,0,2009 Q1,2009-01-01,2009,1,16,Housing,Not selected
Threshold ridge,2009 Q1,PERMIT,0,0,2009 Q1,2009-01-01,2009,1,16,Housing,Not selected
Threshold ridge,2009 Q1,M1SL,1,1,2009 Q1,2009-01-01,2009,1,16,Money and credit,Money and credit
Threshold ridge,2009 Q1,M2SL,1,1,2009 Q1,2009-01-01,2009,1,16,Money and credit,Money and credit
Threshold ridge,2009 Q1,BOGMBASE,0,0,2009 Q1,2009-01-01,2009,1,16,Money and credit,Not selected
Threshold ridge,2009 Q1,BUSLOANS,1,1,2009 Q1,2009-01-01,2009,1,16,Money and credit,Money and credit
Threshold ridge,2009 Q1,NONREVSL,0,0,2009 Q1,2009-01-01,2009,1,16,Money and credit,Not selected
Threshold ridge,2009 Q1,CPIAUCSL,0,0,2009 Q1,2009-01-01,2009,1,16,Prices and commodities,Not selected
Threshold ridge,2009 Q1,PPICMM,1,1,2009 Q1,2009-01-01,2009,1,16,Prices and commodities,Prices and commodities
Threshold ridge,2009 Q1,PCEPI,0,0,2009 Q1,2009-01-01,2009,1,16,Prices and commodities,Not selected
Threshold ridge,2009 Q1,OILPRICEx,1,1,2009 Q1,2009-01-01,2009,1,16,Prices and commodities,Prices and commodities
Threshold ridge,2009 Q1,FEDFUNDS,0,0,2009 Q1,2009-01-01,2009,1,16,Financial / sentiment,Not selected
Threshold ridge,2009 Q1,TB3MS,0,0,2009 Q1,2009-01-01,2009,1,16,Financial / sentiment,Not selected
Threshold ridge,2009 Q1,GS10,0,0,2009 Q1,2009-01-01,2009,1,16,Financial / sentiment,Not selected
Threshold ridge,2009 Q1,AAA,0,0,2009 Q1,2009-01-01,2009,1,16,Financial / sentiment,Not selected
Threshold ridge,2009 Q1,BAA,0,0,2009 Q1,2009-01-01,2009,1,16,Financial / sentiment,Not selected
Threshold ridge,2009 Q1,S&P 500,0,0,2009 Q1,2009-01-01,2009,1,16,Financial / sentiment,Not selected
Threshold ridge,2009 Q1,VIXCLSx,0,0,2009 Q1,2009-01-01,2009,1,16,Financial / sentiment,Not selected
Threshold ridge,2009 Q1,UMCSENTx,0,0,2009 Q1,2009-01-01,2009,1,16,Financial / sentiment,Not selected
Threshold ridge,2009 Q1,TERM_SPREAD,0,0,2009 Q1,2009-01-01,2009,1,16,Financial / sentiment,Not selected
Threshold ridge,2009 Q1,CREDIT_SPREAD,0,0,2009 Q1,2009-01-01,2009,1,16,Financial / sentiment,Not selected
Threshold ridge,2009 Q2,RPI,3,1,2009 Q2,2009-04-01,2009,2,17,Real activity / consumption,Real activity / consumption
Threshold ridge,2009 Q2,DPCERA3M086SBEA,2,1,2009 Q2,2009-04-01,2009,2,17,Real activity / consumption,Real activity / consumption
Threshold ridge,2009 Q2,INDPRO,2,1,2009 Q2,2009-04-01,2009,2,17,Real activity / consumption,Real activity / consumption
Threshold ridge,2009 Q2,CMRMTSPLx,1,1,2009 Q2,2009-04-01,2009,2,17,Real activity / consumption,Real activity / consumption
Threshold ridge,2009 Q2,RETAILx,0,0,2009 Q2,2009-04-01,2009,2,17,Real activity / consumption,Not selected
Threshold ridge,2009 Q2,UNRATE,2,1,2009 Q2,2009-04-01,2009,2,17,Labor market,Labor market
Threshold ridge,2009 Q2,CLAIMSx,1,1,2009 Q2,2009-04-01,2009,2,17,Labor market,Labor market
Threshold ridge,2009 Q2,PAYEMS,1,1,2009 Q2,2009-04-01,2009,2,17,Labor market,Labor market
Threshold ridge,2009 Q2,AWHMAN,0,0,2009 Q2,2009-04-01,2009,2,17,Labor market,Not selected
Threshold ridge,2009 Q2,HOUST,0,0,2009 Q2,2009-04-01,2009,2,17,Housing,Not selected
Threshold ridge,2009 Q2,PERMIT,0,0,2009 Q2,2009-04-01,2009,2,17,Housing,Not selected
Threshold ridge,2009 Q2,M1SL,2,1,2009 Q2,2009-04-01,2009,2,17,Money and credit,Money and credit
Threshold ridge,2009 Q2,M2SL,0,0,2009 Q2,2009-04-01,2009,2,17,Money and credit,Not selected
Threshold ridge,2009 Q2,BOGMBASE,1,1,2009 Q2,2009-04-01,2009,2,17,Money and credit,Money and credit
Threshold ridge,2009 Q2,BUSLOANS,0,0,2009 Q2,2009-04-01,2009,2,17,Money and credit,Not selected
Threshold ridge,2009 Q2,NONREVSL,0,0,2009 Q2,2009-04-01,2009,2,17,Money and credit,Not selected
Threshold ridge,2009 Q2,CPIAUCSL,0,0,2009 Q2,2009-04-01,2009,2,17,Prices and commodities,Not selected
Threshold ridge,2009 Q2,PPICMM,1,1,2009 Q2,2009-04-01,2009,2,17,Prices and commodities,Prices and commodities
Threshold ridge,2009 Q2,PCEPI,0,0,2009 Q2,2009-04-01,2009,2,17,Prices and commodities,Not selected
Threshold ridge,2009 Q2,OILPRICEx,1,1,2009 Q2,2009-04-01,2009,2,17,Prices and commodities,Prices and commodities
Threshold ridge,2009 Q2,FEDFUNDS,0,0,2009 Q2,2009-04-01,2009,2,17,Financial / sentiment,Not selected
Threshold ridge,2009 Q2,TB3MS,0,0,2009 Q2,2009-04-01,2009,2,17,Financial / sentiment,Not selected
Threshold ridge,2009 Q2,GS10,0,0,2009 Q2,2009-04-01,2009,2,17,Financial / sentiment,Not selected
Threshold ridge,2009 Q2,AAA,0,0,2009 Q2,2009-04-01,2009,2,17,Financial / sentiment,Not selected
Threshold ridge,2009 Q2,BAA,0,0,2009 Q2,2009-04-01,2009,2,17,Financial / sentiment,Not selected
Threshold ridge,2009 Q2,S&P 500,0,0,2009 Q2,2009-04-01,2009,2,17,Financial / sentiment,Not selected
Threshold ridge,2009 Q2,VIXCLSx,0,0,2009 Q2,2009-04-01,2009,2,17,Financial / sentiment,Not selected
Threshold ridge,2009 Q2,UMCSENTx,0,0,2009 Q2,2009-04-01,2009,2,17,Financial / sentiment,Not selected
Threshold ridge,2009 Q2,TERM_SPREAD,0,0,2009 Q2,2009-04-01,2009,2,17,Financial / sentiment,Not selected
Threshold ridge,2009 Q2,CREDIT_SPREAD,0,0,2009 Q2,2009-04-01,2009,2,17,Financial / sentiment,Not selected
Threshold ridge,2009 Q3,RPI,3,1,2009 Q3,2009-07-01,2009,3,18,Real activity / consumption,Real activity / consumption
Threshold ridge,2009 Q3,DPCERA3M086SBEA,2,1,2009 Q3,2009-07-01,2009,3,18,Real activity / consumption,Real activity / consumption
Threshold ridge,2009 Q3,INDPRO,2,1,2009 Q3,2009-07-01,2009,3,18,Real activity / consumption,Real activity / consumption
Threshold ridge,2009 Q3,CMRMTSPLx,1,1,2009 Q3,2009-07-01,2009,3,18,Real activity / consumption,Real activity / consumption
Threshold ridge,2009 Q3,RETAILx,1,1,2009 Q3,2009-07-01,2009,3,18,Real activity / consumption,Real activity / consumption
Threshold ridge,2009 Q3,UNRATE,1,1,2009 Q3,2009-07-01,2009,3,18,Labor market,Labor market
Threshold ridge,2009 Q3,CLAIMSx,1,1,2009 Q3,2009-07-01,2009,3,18,Labor market,Labor market
Threshold ridge,2009 Q3,PAYEMS,1,1,2009 Q3,2009-07-01,2009,3,18,Labor market,Labor market
Threshold ridge,2009 Q3,AWHMAN,0,0,2009 Q3,2009-07-01,2009,3,18,Labor market,Not selected
Threshold ridge,2009 Q3,HOUST,0,0,2009 Q3,2009-07-01,2009,3,18,Housing,Not selected
Threshold ridge,2009 Q3,PERMIT,0,0,2009 Q3,2009-07-01,2009,3,18,Housing,Not selected
Threshold ridge,2009 Q3,M1SL,1,1,2009 Q3,2009-07-01,2009,3,18,Money and credit,Money and credit
Threshold ridge,2009 Q3,M2SL,1,1,2009 Q3,2009-07-01,2009,3,18,Money and credit,Money and credit
Threshold ridge,2009 Q3,BOGMBASE,1,1,2009 Q3,2009-07-01,2009,3,18,Money and credit,Money and credit
Threshold ridge,2009 Q3,BUSLOANS,0,0,2009 Q3,2009-07-01,2009,3,18,Money and credit,Not selected
Threshold ridge,2009 Q3,NONREVSL,0,0,2009 Q3,2009-07-01,2009,3,18,Money and credit,Not selected
Threshold ridge,2009 Q3,CPIAUCSL,0,0,2009 Q3,2009-07-01,2009,3,18,Prices and commodities,Not selected
Threshold ridge,2009 Q3,PPICMM,1,1,2009 Q3,2009-07-01,2009,3,18,Prices and commodities,Prices and commodities
Threshold ridge,2009 Q3,PCEPI,0,0,2009 Q3,2009-07-01,2009,3,18,Prices and commodities,Not selected
Threshold ridge,2009 Q3,OILPRICEx,1,1,2009 Q3,2009-07-01,2009,3,18,Prices and commodities,Prices and commodities
Threshold ridge,2009 Q3,FEDFUNDS,0,0,2009 Q3,2009-07-01,2009,3,18,Financial / sentiment,Not selected
Threshold ridge,2009 Q3,TB3MS,0,0,2009 Q3,2009-07-01,2009,3,18,Financial / sentiment,Not selected
Threshold ridge,2009 Q3,GS10,0,0,2009 Q3,2009-07-01,2009,3,18,Financial / sentiment,Not selected
Threshold ridge,2009 Q3,AAA,0,0,2009 Q3,2009-07-01,2009,3,18,Financial / sentiment,Not selected
Threshold ridge,2009 Q3,BAA,0,0,2009 Q3,2009-07-01,2009,3,18,Financial / sentiment,Not selected
Threshold ridge,2009 Q3,S&P 500,1,1,2009 Q3,2009-07-01,2009,3,18,Financial / sentiment,Financial / sentiment
Threshold ridge,2009 Q3,VIXCLSx,0,0,2009 Q3,2009-07-01,2009,3,18,Financial / sentiment,Not selected
Threshold ridge,2009 Q3,UMCSENTx,0,0,2009 Q3,2009-07-01,2009,3,18,Financial / sentiment,Not selected
Threshold ridge,2009 Q3,TERM_SPREAD,0,0,2009 Q3,2009-07-01,2009,3,18,Financial / sentiment,Not selected
Threshold ridge,2009 Q3,CREDIT_SPREAD,0,0,2009 Q3,2009-07-01,2009,3,18,Financial / sentiment,Not selected
Threshold ridge,2009 Q4,RPI,1,1,2009 Q4,2009-10-01,2009,4,19,Real activity / consumption,Real activity / consumption
Threshold ridge,2009 Q4,DPCERA3M086SBEA,2,1,2009 Q4,2009-10-01,2009,4,19,Real activity / consumption,Real activity / consumption
Threshold ridge,2009 Q4,INDPRO,2,1,2009 Q4,2009-10-01,2009,4,19,Real activity / consumption,Real activity / consumption
Threshold ridge,2009 Q4,CMRMTSPLx,1,1,2009 Q4,2009-10-01,2009,4,19,Real activity / consumption,Real activity / consumption
Threshold ridge,2009 Q4,RETAILx,1,1,2009 Q4,2009-10-01,2009,4,19,Real activity / consumption,Real activity / consumption
Threshold ridge,2009 Q4,UNRATE,1,1,2009 Q4,2009-10-01,2009,4,19,Labor market,Labor market
Threshold ridge,2009 Q4,CLAIMSx,1,1,2009 Q4,2009-10-01,2009,4,19,Labor market,Labor market
Threshold ridge,2009 Q4,PAYEMS,1,1,2009 Q4,2009-10-01,2009,4,19,Labor market,Labor market
Threshold ridge,2009 Q4,AWHMAN,0,0,2009 Q4,2009-10-01,2009,4,19,Labor market,Not selected
Threshold ridge,2009 Q4,HOUST,0,0,2009 Q4,2009-10-01,2009,4,19,Housing,Not selected
Threshold ridge,2009 Q4,PERMIT,0,0,2009 Q4,2009-10-01,2009,4,19,Housing,Not selected
Threshold ridge,2009 Q4,M1SL,1,1,2009 Q4,2009-10-01,2009,4,19,Money and credit,Money and credit
Threshold ridge,2009 Q4,M2SL,1,1,2009 Q4,2009-10-01,2009,4,19,Money and credit,Money and credit
Threshold ridge,2009 Q4,BOGMBASE,0,0,2009 Q4,2009-10-01,2009,4,19,Money and credit,Not selected
Threshold ridge,2009 Q4,BUSLOANS,0,0,2009 Q4,2009-10-01,2009,4,19,Money and credit,Not selected
Threshold ridge,2009 Q4,NONREVSL,0,0,2009 Q4,2009-10-01,2009,4,19,Money and credit,Not selected
Threshold ridge,2009 Q4,CPIAUCSL,0,0,2009 Q4,2009-10-01,2009,4,19,Prices and commodities,Not selected
Threshold ridge,2009 Q4,PPICMM,1,1,2009 Q4,2009-10-01,2009,4,19,Prices and commodities,Prices and commodities
Threshold ridge,2009 Q4,PCEPI,0,0,2009 Q4,2009-10-01,2009,4,19,Prices and commodities,Not selected
Threshold ridge,2009 Q4,OILPRICEx,1,1,2009 Q4,2009-10-01,2009,4,19,Prices and commodities,Prices and commodities
Threshold ridge,2009 Q4,FEDFUNDS,1,1,2009 Q4,2009-10-01,2009,4,19,Financial / sentiment,Financial / sentiment
Threshold ridge,2009 Q4,TB3MS,0,0,2009 Q4,2009-10-01,2009,4,19,Financial / sentiment,Not selected
Threshold ridge,2009 Q4,GS10,0,0,2009 Q4,2009-10-01,2009,4,19,Financial / sentiment,Not selected
Threshold ridge,2009 Q4,AAA,0,0,2009 Q4,2009-10-01,2009,4,19,Financial / sentiment,Not selected
Threshold ridge,2009 Q4,BAA,0,0,2009 Q4,2009-10-01,2009,4,19,Financial / sentiment,Not selected
Threshold ridge,2009 Q4,S&P 500,1,1,2009 Q4,2009-10-01,2009,4,19,Financial / sentiment,Financial / sentiment
Threshold ridge,2009 Q4,VIXCLSx,0,0,2009 Q4,2009-10-01,2009,4,19,Financial / sentiment,Not selected
Threshold ridge,2009 Q4,UMCSENTx,0,0,2009 Q4,2009-10-01,2009,4,19,Financial / sentiment,Not selected
Threshold ridge,2009 Q4,TERM_SPREAD,0,0,2009 Q4,2009-10-01,2009,4,19,Financial / sentiment,Not selected
Threshold ridge,2009 Q4,CREDIT_SPREAD,0,0,2009 Q4,2009-10-01,2009,4,19,Financial / sentiment,Not selected
Threshold ridge,2010 Q1,RPI,1,1,2010 Q1,2010-01-01,2010,1,20,Real activity / consumption,Real activity / consumption
Threshold ridge,2010 Q1,DPCERA3M086SBEA,2,1,2010 Q1,2010-01-01,2010,1,20,Real activity / consumption,Real activity / consumption
Threshold ridge,2010 Q1,INDPRO,2,1,2010 Q1,2010-01-01,2010,1,20,Real activity / consumption,Real activity / consumption
Threshold ridge,2010 Q1,CMRMTSPLx,1,1,2010 Q1,2010-01-01,2010,1,20,Real activity / consumption,Real activity / consumption
Threshold ridge,2010 Q1,RETAILx,1,1,2010 Q1,2010-01-01,2010,1,20,Real activity / consumption,Real activity / consumption
Threshold ridge,2010 Q1,UNRATE,1,1,2010 Q1,2010-01-01,2010,1,20,Labor market,Labor market
Threshold ridge,2010 Q1,CLAIMSx,1,1,2010 Q1,2010-01-01,2010,1,20,Labor market,Labor market
Threshold ridge,2010 Q1,PAYEMS,1,1,2010 Q1,2010-01-01,2010,1,20,Labor market,Labor market
Threshold ridge,2010 Q1,AWHMAN,0,0,2010 Q1,2010-01-01,2010,1,20,Labor market,Not selected
Threshold ridge,2010 Q1,HOUST,0,0,2010 Q1,2010-01-01,2010,1,20,Housing,Not selected
Threshold ridge,2010 Q1,PERMIT,0,0,2010 Q1,2010-01-01,2010,1,20,Housing,Not selected
Threshold ridge,2010 Q1,M1SL,2,1,2010 Q1,2010-01-01,2010,1,20,Money and credit,Money and credit
Threshold ridge,2010 Q1,M2SL,1,1,2010 Q1,2010-01-01,2010,1,20,Money and credit,Money and credit
Threshold ridge,2010 Q1,BOGMBASE,0,0,2010 Q1,2010-01-01,2010,1,20,Money and credit,Not selected
Threshold ridge,2010 Q1,BUSLOANS,0,0,2010 Q1,2010-01-01,2010,1,20,Money and credit,Not selected
Threshold ridge,2010 Q1,NONREVSL,0,0,2010 Q1,2010-01-01,2010,1,20,Money and credit,Not selected
Threshold ridge,2010 Q1,CPIAUCSL,0,0,2010 Q1,2010-01-01,2010,1,20,Prices and commodities,Not selected
Threshold ridge,2010 Q1,PPICMM,2,1,2010 Q1,2010-01-01,2010,1,20,Prices and commodities,Prices and commodities
Threshold ridge,2010 Q1,PCEPI,0,0,2010 Q1,2010-01-01,2010,1,20,Prices and commodities,Not selected
Threshold ridge,2010 Q1,OILPRICEx,1,1,2010 Q1,2010-01-01,2010,1,20,Prices and commodities,Prices and commodities
Threshold ridge,2010 Q1,FEDFUNDS,2,1,2010 Q1,2010-01-01,2010,1,20,Financial / sentiment,Financial / sentiment
Threshold ridge,2010 Q1,TB3MS,0,0,2010 Q1,2010-01-01,2010,1,20,Financial / sentiment,Not selected
Threshold ridge,2010 Q1,GS10,0,0,2010 Q1,2010-01-01,2010,1,20,Financial / sentiment,Not selected
Threshold ridge,2010 Q1,AAA,0,0,2010 Q1,2010-01-01,2010,1,20,Financial / sentiment,Not selected
Threshold ridge,2010 Q1,BAA,0,0,2010 Q1,2010-01-01,2010,1,20,Financial / sentiment,Not selected
Threshold ridge,2010 Q1,S&P 500,1,1,2010 Q1,2010-01-01,2010,1,20,Financial / sentiment,Financial / sentiment
Threshold ridge,2010 Q1,VIXCLSx,0,0,2010 Q1,2010-01-01,2010,1,20,Financial / sentiment,Not selected
Threshold ridge,2010 Q1,UMCSENTx,0,0,2010 Q1,2010-01-01,2010,1,20,Financial / sentiment,Not selected
Threshold ridge,2010 Q1,TERM_SPREAD,0,0,2010 Q1,2010-01-01,2010,1,20,Financial / sentiment,Not selected
Threshold ridge,2010 Q1,CREDIT_SPREAD,0,0,2010 Q1,2010-01-01,2010,1,20,Financial / sentiment,Not selected
Threshold ridge,2010 Q2,RPI,2,1,2010 Q2,2010-04-01,2010,2,21,Real activity / consumption,Real activity / consumption
Threshold ridge,2010 Q2,DPCERA3M086SBEA,2,1,2010 Q2,2010-04-01,2010,2,21,Real activity / consumption,Real activity / consumption
Threshold ridge,2010 Q2,INDPRO,2,1,2010 Q2,2010-04-01,2010,2,21,Real activity / consumption,Real activity / consumption
Threshold ridge,2010 Q2,CMRMTSPLx,1,1,2010 Q2,2010-04-01,2010,2,21,Real activity / consumption,Real activity / consumption
Threshold ridge,2010 Q2,RETAILx,0,0,2010 Q2,2010-04-01,2010,2,21,Real activity / consumption,Not selected
Threshold ridge,2010 Q2,UNRATE,1,1,2010 Q2,2010-04-01,2010,2,21,Labor market,Labor market
Threshold ridge,2010 Q2,CLAIMSx,1,1,2010 Q2,2010-04-01,2010,2,21,Labor market,Labor market
Threshold ridge,2010 Q2,PAYEMS,1,1,2010 Q2,2010-04-01,2010,2,21,Labor market,Labor market
Threshold ridge,2010 Q2,AWHMAN,0,0,2010 Q2,2010-04-01,2010,2,21,Labor market,Not selected
Threshold ridge,2010 Q2,HOUST,0,0,2010 Q2,2010-04-01,2010,2,21,Housing,Not selected
Threshold ridge,2010 Q2,PERMIT,0,0,2010 Q2,2010-04-01,2010,2,21,Housing,Not selected
Threshold ridge,2010 Q2,M1SL,2,1,2010 Q2,2010-04-01,2010,2,21,Money and credit,Money and credit
Threshold ridge,2010 Q2,M2SL,1,1,2010 Q2,2010-04-01,2010,2,21,Money and credit,Money and credit
Threshold ridge,2010 Q2,BOGMBASE,0,0,2010 Q2,2010-04-01,2010,2,21,Money and credit,Not selected
Threshold ridge,2010 Q2,BUSLOANS,0,0,2010 Q2,2010-04-01,2010,2,21,Money and credit,Not selected
Threshold ridge,2010 Q2,NONREVSL,0,0,2010 Q2,2010-04-01,2010,2,21,Money and credit,Not selected
Threshold ridge,2010 Q2,CPIAUCSL,0,0,2010 Q2,2010-04-01,2010,2,21,Prices and commodities,Not selected
Threshold ridge,2010 Q2,PPICMM,1,1,2010 Q2,2010-04-01,2010,2,21,Prices and commodities,Prices and commodities
Threshold ridge,2010 Q2,PCEPI,0,0,2010 Q2,2010-04-01,2010,2,21,Prices and commodities,Not selected
Threshold ridge,2010 Q2,OILPRICEx,1,1,2010 Q2,2010-04-01,2010,2,21,Prices and commodities,Prices and commodities
Threshold ridge,2010 Q2,FEDFUNDS,2,1,2010 Q2,2010-04-01,2010,2,21,Financial / sentiment,Financial / sentiment
Threshold ridge,2010 Q2,TB3MS,0,0,2010 Q2,2010-04-01,2010,2,21,Financial / sentiment,Not selected
Threshold ridge,2010 Q2,GS10,0,0,2010 Q2,2010-04-01,2010,2,21,Financial / sentiment,Not selected
Threshold ridge,2010 Q2,AAA,0,0,2010 Q2,2010-04-01,2010,2,21,Financial / sentiment,Not selected
Threshold ridge,2010 Q2,BAA,0,0,2010 Q2,2010-04-01,2010,2,21,Financial / sentiment,Not selected
Threshold ridge,2010 Q2,S&P 500,1,1,2010 Q2,2010-04-01,2010,2,21,Financial / sentiment,Financial / sentiment
Threshold ridge,2010 Q2,VIXCLSx,0,0,2010 Q2,2010-04-01,2010,2,21,Financial / sentiment,Not selected
Threshold ridge,2010 Q2,UMCSENTx,0,0,2010 Q2,2010-04-01,2010,2,21,Financial / sentiment,Not selected
Threshold ridge,2010 Q2,TERM_SPREAD,0,0,2010 Q2,2010-04-01,2010,2,21,Financial / sentiment,Not selected
Threshold ridge,2010 Q2,CREDIT_SPREAD,0,0,2010 Q2,2010-04-01,2010,2,21,Financial / sentiment,Not selected
Threshold ridge,2010 Q3,RPI,2,1,2010 Q3,2010-07-01,2010,3,22,Real activity / consumption,Real activity / consumption
Threshold ridge,2010 Q3,DPCERA3M086SBEA,2,1,2010 Q3,2010-07-01,2010,3,22,Real activity / consumption,Real activity / consumption
Threshold ridge,2010 Q3,INDPRO,2,1,2010 Q3,2010-07-01,2010,3,22,Real activity / consumption,Real activity / consumption
Threshold ridge,2010 Q3,CMRMTSPLx,1,1,2010 Q3,2010-07-01,2010,3,22,Real activity / consumption,Real activity / consumption
Threshold ridge,2010 Q3,RETAILx,0,0,2010 Q3,2010-07-01,2010,3,22,Real activity / consumption,Not selected
Threshold ridge,2010 Q3,UNRATE,1,1,2010 Q3,2010-07-01,2010,3,22,Labor market,Labor market
Threshold ridge,2010 Q3,CLAIMSx,1,1,2010 Q3,2010-07-01,2010,3,22,Labor market,Labor market
Threshold ridge,2010 Q3,PAYEMS,1,1,2010 Q3,2010-07-01,2010,3,22,Labor market,Labor market
Threshold ridge,2010 Q3,AWHMAN,0,0,2010 Q3,2010-07-01,2010,3,22,Labor market,Not selected
Threshold ridge,2010 Q3,HOUST,0,0,2010 Q3,2010-07-01,2010,3,22,Housing,Not selected
Threshold ridge,2010 Q3,PERMIT,0,0,2010 Q3,2010-07-01,2010,3,22,Housing,Not selected
Threshold ridge,2010 Q3,M1SL,2,1,2010 Q3,2010-07-01,2010,3,22,Money and credit,Money and credit
Threshold ridge,2010 Q3,M2SL,1,1,2010 Q3,2010-07-01,2010,3,22,Money and credit,Money and credit
Threshold ridge,2010 Q3,BOGMBASE,0,0,2010 Q3,2010-07-01,2010,3,22,Money and credit,Not selected
Threshold ridge,2010 Q3,BUSLOANS,0,0,2010 Q3,2010-07-01,2010,3,22,Money and credit,Not selected
Threshold ridge,2010 Q3,NONREVSL,0,0,2010 Q3,2010-07-01,2010,3,22,Money and credit,Not selected
Threshold ridge,2010 Q3,CPIAUCSL,0,0,2010 Q3,2010-07-01,2010,3,22,Prices and commodities,Not selected
Threshold ridge,2010 Q3,PPICMM,1,1,2010 Q3,2010-07-01,2010,3,22,Prices and commodities,Prices and commodities
Threshold ridge,2010 Q3,PCEPI,0,0,2010 Q3,2010-07-01,2010,3,22,Prices and commodities,Not selected
Threshold ridge,2010 Q3,OILPRICEx,1,1,2010 Q3,2010-07-01,2010,3,22,Prices and commodities,Prices and commodities
Threshold ridge,2010 Q3,FEDFUNDS,2,1,2010 Q3,2010-07-01,2010,3,22,Financial / sentiment,Financial / sentiment
Threshold ridge,2010 Q3,TB3MS,0,0,2010 Q3,2010-07-01,2010,3,22,Financial / sentiment,Not selected
Threshold ridge,2010 Q3,GS10,0,0,2010 Q3,2010-07-01,2010,3,22,Financial / sentiment,Not selected
Threshold ridge,2010 Q3,AAA,0,0,2010 Q3,2010-07-01,2010,3,22,Financial / sentiment,Not selected
Threshold ridge,2010 Q3,BAA,0,0,2010 Q3,2010-07-01,2010,3,22,Financial / sentiment,Not selected
Threshold ridge,2010 Q3,S&P 500,0,0,2010 Q3,2010-07-01,2010,3,22,Financial / sentiment,Not selected
Threshold ridge,2010 Q3,VIXCLSx,0,0,2010 Q3,2010-07-01,2010,3,22,Financial / sentiment,Not selected
Threshold ridge,2010 Q3,UMCSENTx,0,0,2010 Q3,2010-07-01,2010,3,22,Financial / sentiment,Not selected
Threshold ridge,2010 Q3,TERM_SPREAD,0,0,2010 Q3,2010-07-01,2010,3,22,Financial / sentiment,Not selected
Threshold ridge,2010 Q3,CREDIT_SPREAD,0,0,2010 Q3,2010-07-01,2010,3,22,Financial / sentiment,Not selected
Threshold ridge,2010 Q4,RPI,2,1,2010 Q4,2010-10-01,2010,4,23,Real activity / consumption,Real activity / consumption
Threshold ridge,2010 Q4,DPCERA3M086SBEA,2,1,2010 Q4,2010-10-01,2010,4,23,Real activity / consumption,Real activity / consumption
Threshold ridge,2010 Q4,INDPRO,2,1,2010 Q4,2010-10-01,2010,4,23,Real activity / consumption,Real activity / consumption
Threshold ridge,2010 Q4,CMRMTSPLx,1,1,2010 Q4,2010-10-01,2010,4,23,Real activity / consumption,Real activity / consumption
Threshold ridge,2010 Q4,RETAILx,1,1,2010 Q4,2010-10-01,2010,4,23,Real activity / consumption,Real activity / consumption
Threshold ridge,2010 Q4,UNRATE,0,0,2010 Q4,2010-10-01,2010,4,23,Labor market,Not selected
Threshold ridge,2010 Q4,CLAIMSx,1,1,2010 Q4,2010-10-01,2010,4,23,Labor market,Labor market
Threshold ridge,2010 Q4,PAYEMS,1,1,2010 Q4,2010-10-01,2010,4,23,Labor market,Labor market
Threshold ridge,2010 Q4,AWHMAN,0,0,2010 Q4,2010-10-01,2010,4,23,Labor market,Not selected
Threshold ridge,2010 Q4,HOUST,0,0,2010 Q4,2010-10-01,2010,4,23,Housing,Not selected
Threshold ridge,2010 Q4,PERMIT,0,0,2010 Q4,2010-10-01,2010,4,23,Housing,Not selected
Threshold ridge,2010 Q4,M1SL,2,1,2010 Q4,2010-10-01,2010,4,23,Money and credit,Money and credit
Threshold ridge,2010 Q4,M2SL,1,1,2010 Q4,2010-10-01,2010,4,23,Money and credit,Money and credit
Threshold ridge,2010 Q4,BOGMBASE,0,0,2010 Q4,2010-10-01,2010,4,23,Money and credit,Not selected
Threshold ridge,2010 Q4,BUSLOANS,0,0,2010 Q4,2010-10-01,2010,4,23,Money and credit,Not selected
Threshold ridge,2010 Q4,NONREVSL,0,0,2010 Q4,2010-10-01,2010,4,23,Money and credit,Not selected
Threshold ridge,2010 Q4,CPIAUCSL,0,0,2010 Q4,2010-10-01,2010,4,23,Prices and commodities,Not selected
Threshold ridge,2010 Q4,PPICMM,2,1,2010 Q4,2010-10-01,2010,4,23,Prices and commodities,Prices and commodities
Threshold ridge,2010 Q4,PCEPI,0,0,2010 Q4,2010-10-01,2010,4,23,Prices and commodities,Not selected
Threshold ridge,2010 Q4,OILPRICEx,0,0,2010 Q4,2010-10-01,2010,4,23,Prices and commodities,Not selected
Threshold ridge,2010 Q4,FEDFUNDS,1,1,2010 Q4,2010-10-01,2010,4,23,Financial / sentiment,Financial / sentiment
Threshold ridge,2010 Q4,TB3MS,0,0,2010 Q4,2010-10-01,2010,4,23,Financial / sentiment,Not selected
Threshold ridge,2010 Q4,GS10,0,0,2010 Q4,2010-10-01,2010,4,23,Financial / sentiment,Not selected
Threshold ridge,2010 Q4,AAA,0,0,2010 Q4,2010-10-01,2010,4,23,Financial / sentiment,Not selected
Threshold ridge,2010 Q4,BAA,0,0,2010 Q4,2010-10-01,2010,4,23,Financial / sentiment,Not selected
Threshold ridge,2010 Q4,S&P 500,1,1,2010 Q4,2010-10-01,2010,4,23,Financial / sentiment,Financial / sentiment
Threshold ridge,2010 Q4,VIXCLSx,0,0,2010 Q4,2010-10-01,2010,4,23,Financial / sentiment,Not selected
Threshold ridge,2010 Q4,UMCSENTx,0,0,2010 Q4,2010-10-01,2010,4,23,Financial / sentiment,Not selected
Threshold ridge,2010 Q4,TERM_SPREAD,0,0,2010 Q4,2010-10-01,2010,4,23,Financial / sentiment,Not selected
Threshold ridge,2010 Q4,CREDIT_SPREAD,0,0,2010 Q4,2010-10-01,2010,4,23,Financial / sentiment,Not selected
Threshold ridge,2011 Q1,RPI,2,1,2011 Q1,2011-01-01,2011,1,24,Real activity / consumption,Real activity / consumption
Threshold ridge,2011 Q1,DPCERA3M086SBEA,2,1,2011 Q1,2011-01-01,2011,1,24,Real activity / consumption,Real activity / consumption
Threshold ridge,2011 Q1,INDPRO,2,1,2011 Q1,2011-01-01,2011,1,24,Real activity / consumption,Real activity / consumption
Threshold ridge,2011 Q1,CMRMTSPLx,1,1,2011 Q1,2011-01-01,2011,1,24,Real activity / consumption,Real activity / consumption
Threshold ridge,2011 Q1,RETAILx,0,0,2011 Q1,2011-01-01,2011,1,24,Real activity / consumption,Not selected
Threshold ridge,2011 Q1,UNRATE,1,1,2011 Q1,2011-01-01,2011,1,24,Labor market,Labor market
Threshold ridge,2011 Q1,CLAIMSx,1,1,2011 Q1,2011-01-01,2011,1,24,Labor market,Labor market
Threshold ridge,2011 Q1,PAYEMS,1,1,2011 Q1,2011-01-01,2011,1,24,Labor market,Labor market
Threshold ridge,2011 Q1,AWHMAN,0,0,2011 Q1,2011-01-01,2011,1,24,Labor market,Not selected
Threshold ridge,2011 Q1,HOUST,0,0,2011 Q1,2011-01-01,2011,1,24,Housing,Not selected
Threshold ridge,2011 Q1,PERMIT,0,0,2011 Q1,2011-01-01,2011,1,24,Housing,Not selected
Threshold ridge,2011 Q1,M1SL,1,1,2011 Q1,2011-01-01,2011,1,24,Money and credit,Money and credit
Threshold ridge,2011 Q1,M2SL,1,1,2011 Q1,2011-01-01,2011,1,24,Money and credit,Money and credit
Threshold ridge,2011 Q1,BOGMBASE,1,1,2011 Q1,2011-01-01,2011,1,24,Money and credit,Money and credit
Threshold ridge,2011 Q1,BUSLOANS,0,0,2011 Q1,2011-01-01,2011,1,24,Money and credit,Not selected
Threshold ridge,2011 Q1,NONREVSL,1,1,2011 Q1,2011-01-01,2011,1,24,Money and credit,Money and credit
Threshold ridge,2011 Q1,CPIAUCSL,0,0,2011 Q1,2011-01-01,2011,1,24,Prices and commodities,Not selected
Threshold ridge,2011 Q1,PPICMM,1,1,2011 Q1,2011-01-01,2011,1,24,Prices and commodities,Prices and commodities
Threshold ridge,2011 Q1,PCEPI,0,0,2011 Q1,2011-01-01,2011,1,24,Prices and commodities,Not selected
Threshold ridge,2011 Q1,OILPRICEx,0,0,2011 Q1,2011-01-01,2011,1,24,Prices and commodities,Not selected
Threshold ridge,2011 Q1,FEDFUNDS,1,1,2011 Q1,2011-01-01,2011,1,24,Financial / sentiment,Financial / sentiment
Threshold ridge,2011 Q1,TB3MS,0,0,2011 Q1,2011-01-01,2011,1,24,Financial / sentiment,Not selected
Threshold ridge,2011 Q1,GS10,0,0,2011 Q1,2011-01-01,2011,1,24,Financial / sentiment,Not selected
Threshold ridge,2011 Q1,AAA,0,0,2011 Q1,2011-01-01,2011,1,24,Financial / sentiment,Not selected
Threshold ridge,2011 Q1,BAA,0,0,2011 Q1,2011-01-01,2011,1,24,Financial / sentiment,Not selected
Threshold ridge,2011 Q1,S&P 500,0,0,2011 Q1,2011-01-01,2011,1,24,Financial / sentiment,Not selected
Threshold ridge,2011 Q1,VIXCLSx,0,0,2011 Q1,2011-01-01,2011,1,24,Financial / sentiment,Not selected
Threshold ridge,2011 Q1,UMCSENTx,0,0,2011 Q1,2011-01-01,2011,1,24,Financial / sentiment,Not selected
Threshold ridge,2011 Q1,TERM_SPREAD,0,0,2011 Q1,2011-01-01,2011,1,24,Financial / sentiment,Not selected
Threshold ridge,2011 Q1,CREDIT_SPREAD,0,0,2011 Q1,2011-01-01,2011,1,24,Financial / sentiment,Not selected
Threshold ridge,2011 Q2,RPI,2,1,2011 Q2,2011-04-01,2011,2,25,Real activity / consumption,Real activity / consumption
Threshold ridge,2011 Q2,DPCERA3M086SBEA,1,1,2011 Q2,2011-04-01,2011,2,25,Real activity / consumption,Real activity / consumption
Threshold ridge,2011 Q2,INDPRO,2,1,2011 Q2,2011-04-01,2011,2,25,Real activity / consumption,Real activity / consumption
Threshold ridge,2011 Q2,CMRMTSPLx,1,1,2011 Q2,2011-04-01,2011,2,25,Real activity / consumption,Real activity / consumption
Threshold ridge,2011 Q2,RETAILx,0,0,2011 Q2,2011-04-01,2011,2,25,Real activity / consumption,Not selected
Threshold ridge,2011 Q2,UNRATE,1,1,2011 Q2,2011-04-01,2011,2,25,Labor market,Labor market
Threshold ridge,2011 Q2,CLAIMSx,1,1,2011 Q2,2011-04-01,2011,2,25,Labor market,Labor market
Threshold ridge,2011 Q2,PAYEMS,1,1,2011 Q2,2011-04-01,2011,2,25,Labor market,Labor market
Threshold ridge,2011 Q2,AWHMAN,0,0,2011 Q2,2011-04-01,2011,2,25,Labor market,Not selected
Threshold ridge,2011 Q2,HOUST,0,0,2011 Q2,2011-04-01,2011,2,25,Housing,Not selected
Threshold ridge,2011 Q2,PERMIT,0,0,2011 Q2,2011-04-01,2011,2,25,Housing,Not selected
Threshold ridge,2011 Q2,M1SL,1,1,2011 Q2,2011-04-01,2011,2,25,Money and credit,Money and credit
Threshold ridge,2011 Q2,M2SL,1,1,2011 Q2,2011-04-01,2011,2,25,Money and credit,Money and credit
Threshold ridge,2011 Q2,BOGMBASE,1,1,2011 Q2,2011-04-01,2011,2,25,Money and credit,Money and credit
Threshold ridge,2011 Q2,BUSLOANS,0,0,2011 Q2,2011-04-01,2011,2,25,Money and credit,Not selected
Threshold ridge,2011 Q2,NONREVSL,1,1,2011 Q2,2011-04-01,2011,2,25,Money and credit,Money and credit
Threshold ridge,2011 Q2,CPIAUCSL,0,0,2011 Q2,2011-04-01,2011,2,25,Prices and commodities,Not selected
Threshold ridge,2011 Q2,PPICMM,1,1,2011 Q2,2011-04-01,2011,2,25,Prices and commodities,Prices and commodities
Threshold ridge,2011 Q2,PCEPI,0,0,2011 Q2,2011-04-01,2011,2,25,Prices and commodities,Not selected
Threshold ridge,2011 Q2,OILPRICEx,0,0,2011 Q2,2011-04-01,2011,2,25,Prices and commodities,Not selected
Threshold ridge,2011 Q2,FEDFUNDS,1,1,2011 Q2,2011-04-01,2011,2,25,Financial / sentiment,Financial / sentiment
Threshold ridge,2011 Q2,TB3MS,0,0,2011 Q2,2011-04-01,2011,2,25,Financial / sentiment,Not selected
Threshold ridge,2011 Q2,GS10,0,0,2011 Q2,2011-04-01,2011,2,25,Financial / sentiment,Not selected
Threshold ridge,2011 Q2,AAA,0,0,2011 Q2,2011-04-01,2011,2,25,Financial / sentiment,Not selected
Threshold ridge,2011 Q2,BAA,0,0,2011 Q2,2011-04-01,2011,2,25,Financial / sentiment,Not selected
Threshold ridge,2011 Q2,S&P 500,0,0,2011 Q2,2011-04-01,2011,2,25,Financial / sentiment,Not selected
Threshold ridge,2011 Q2,VIXCLSx,0,0,2011 Q2,2011-04-01,2011,2,25,Financial / sentiment,Not selected
Threshold ridge,2011 Q2,UMCSENTx,0,0,2011 Q2,2011-04-01,2011,2,25,Financial / sentiment,Not selected
Threshold ridge,2011 Q2,TERM_SPREAD,0,0,2011 Q2,2011-04-01,2011,2,25,Financial / sentiment,Not selected
Threshold ridge,2011 Q2,CREDIT_SPREAD,0,0,2011 Q2,2011-04-01,2011,2,25,Financial / sentiment,Not selected
Threshold ridge,2011 Q3,RPI,2,1,2011 Q3,2011-07-01,2011,3,26,Real activity / consumption,Real activity / consumption
Threshold ridge,2011 Q3,DPCERA3M086SBEA,2,1,2011 Q3,2011-07-01,2011,3,26,Real activity / consumption,Real activity / consumption
Threshold ridge,2011 Q3,INDPRO,2,1,2011 Q3,2011-07-01,2011,3,26,Real activity / consumption,Real activity / consumption
Threshold ridge,2011 Q3,CMRMTSPLx,2,1,2011 Q3,2011-07-01,2011,3,26,Real activity / consumption,Real activity / consumption
Threshold ridge,2011 Q3,RETAILx,0,0,2011 Q3,2011-07-01,2011,3,26,Real activity / consumption,Not selected
Threshold ridge,2011 Q3,UNRATE,1,1,2011 Q3,2011-07-01,2011,3,26,Labor market,Labor market
Threshold ridge,2011 Q3,CLAIMSx,1,1,2011 Q3,2011-07-01,2011,3,26,Labor market,Labor market
Threshold ridge,2011 Q3,PAYEMS,1,1,2011 Q3,2011-07-01,2011,3,26,Labor market,Labor market
Threshold ridge,2011 Q3,AWHMAN,0,0,2011 Q3,2011-07-01,2011,3,26,Labor market,Not selected
Threshold ridge,2011 Q3,HOUST,0,0,2011 Q3,2011-07-01,2011,3,26,Housing,Not selected
Threshold ridge,2011 Q3,PERMIT,0,0,2011 Q3,2011-07-01,2011,3,26,Housing,Not selected
Threshold ridge,2011 Q3,M1SL,1,1,2011 Q3,2011-07-01,2011,3,26,Money and credit,Money and credit
Threshold ridge,2011 Q3,M2SL,1,1,2011 Q3,2011-07-01,2011,3,26,Money and credit,Money and credit
Threshold ridge,2011 Q3,BOGMBASE,0,0,2011 Q3,2011-07-01,2011,3,26,Money and credit,Not selected
Threshold ridge,2011 Q3,BUSLOANS,0,0,2011 Q3,2011-07-01,2011,3,26,Money and credit,Not selected
Threshold ridge,2011 Q3,NONREVSL,1,1,2011 Q3,2011-07-01,2011,3,26,Money and credit,Money and credit
Threshold ridge,2011 Q3,CPIAUCSL,0,0,2011 Q3,2011-07-01,2011,3,26,Prices and commodities,Not selected
Threshold ridge,2011 Q3,PPICMM,0,0,2011 Q3,2011-07-01,2011,3,26,Prices and commodities,Not selected
Threshold ridge,2011 Q3,PCEPI,0,0,2011 Q3,2011-07-01,2011,3,26,Prices and commodities,Not selected
Threshold ridge,2011 Q3,OILPRICEx,0,0,2011 Q3,2011-07-01,2011,3,26,Prices and commodities,Not selected
Threshold ridge,2011 Q3,FEDFUNDS,1,1,2011 Q3,2011-07-01,2011,3,26,Financial / sentiment,Financial / sentiment
Threshold ridge,2011 Q3,TB3MS,0,0,2011 Q3,2011-07-01,2011,3,26,Financial / sentiment,Not selected
Threshold ridge,2011 Q3,GS10,0,0,2011 Q3,2011-07-01,2011,3,26,Financial / sentiment,Not selected
Threshold ridge,2011 Q3,AAA,0,0,2011 Q3,2011-07-01,2011,3,26,Financial / sentiment,Not selected
Threshold ridge,2011 Q3,BAA,0,0,2011 Q3,2011-07-01,2011,3,26,Financial / sentiment,Not selected
Threshold ridge,2011 Q3,S&P 500,1,1,2011 Q3,2011-07-01,2011,3,26,Financial / sentiment,Financial / sentiment
Threshold ridge,2011 Q3,VIXCLSx,0,0,2011 Q3,2011-07-01,2011,3,26,Financial / sentiment,Not selected
Threshold ridge,2011 Q3,UMCSENTx,0,0,2011 Q3,2011-07-01,2011,3,26,Financial / sentiment,Not selected
Threshold ridge,2011 Q3,TERM_SPREAD,0,0,2011 Q3,2011-07-01,2011,3,26,Financial / sentiment,Not selected
Threshold ridge,2011 Q3,CREDIT_SPREAD,0,0,2011 Q3,2011-07-01,2011,3,26,Financial / sentiment,Not selected
Threshold ridge,2011 Q4,RPI,2,1,2011 Q4,2011-10-01,2011,4,27,Real activity / consumption,Real activity / consumption
Threshold ridge,2011 Q4,DPCERA3M086SBEA,2,1,2011 Q4,2011-10-01,2011,4,27,Real activity / consumption,Real activity / consumption
Threshold ridge,2011 Q4,INDPRO,2,1,2011 Q4,2011-10-01,2011,4,27,Real activity / consumption,Real activity / consumption
Threshold ridge,2011 Q4,CMRMTSPLx,2,1,2011 Q4,2011-10-01,2011,4,27,Real activity / consumption,Real activity / consumption
Threshold ridge,2011 Q4,RETAILx,1,1,2011 Q4,2011-10-01,2011,4,27,Real activity / consumption,Real activity / consumption
Threshold ridge,2011 Q4,UNRATE,1,1,2011 Q4,2011-10-01,2011,4,27,Labor market,Labor market
Threshold ridge,2011 Q4,CLAIMSx,1,1,2011 Q4,2011-10-01,2011,4,27,Labor market,Labor market
Threshold ridge,2011 Q4,PAYEMS,1,1,2011 Q4,2011-10-01,2011,4,27,Labor market,Labor market
Threshold ridge,2011 Q4,AWHMAN,0,0,2011 Q4,2011-10-01,2011,4,27,Labor market,Not selected
Threshold ridge,2011 Q4,HOUST,0,0,2011 Q4,2011-10-01,2011,4,27,Housing,Not selected
Threshold ridge,2011 Q4,PERMIT,0,0,2011 Q4,2011-10-01,2011,4,27,Housing,Not selected
Threshold ridge,2011 Q4,M1SL,1,1,2011 Q4,2011-10-01,2011,4,27,Money and credit,Money and credit
Threshold ridge,2011 Q4,M2SL,2,1,2011 Q4,2011-10-01,2011,4,27,Money and credit,Money and credit
Threshold ridge,2011 Q4,BOGMBASE,1,1,2011 Q4,2011-10-01,2011,4,27,Money and credit,Money and credit
Threshold ridge,2011 Q4,BUSLOANS,0,0,2011 Q4,2011-10-01,2011,4,27,Money and credit,Not selected
Threshold ridge,2011 Q4,NONREVSL,0,0,2011 Q4,2011-10-01,2011,4,27,Money and credit,Not selected
Threshold ridge,2011 Q4,CPIAUCSL,0,0,2011 Q4,2011-10-01,2011,4,27,Prices and commodities,Not selected
Threshold ridge,2011 Q4,PPICMM,0,0,2011 Q4,2011-10-01,2011,4,27,Prices and commodities,Not selected
Threshold ridge,2011 Q4,PCEPI,0,0,2011 Q4,2011-10-01,2011,4,27,Prices and commodities,Not selected
Threshold ridge,2011 Q4,OILPRICEx,0,0,2011 Q4,2011-10-01,2011,4,27,Prices and commodities,Not selected
Threshold ridge,2011 Q4,FEDFUNDS,1,1,2011 Q4,2011-10-01,2011,4,27,Financial / sentiment,Financial / sentiment
Threshold ridge,2011 Q4,TB3MS,0,0,2011 Q4,2011-10-01,2011,4,27,Financial / sentiment,Not selected
Threshold ridge,2011 Q4,GS10,0,0,2011 Q4,2011-10-01,2011,4,27,Financial / sentiment,Not selected
Threshold ridge,2011 Q4,AAA,0,0,2011 Q4,2011-10-01,2011,4,27,Financial / sentiment,Not selected
Threshold ridge,2011 Q4,BAA,0,0,2011 Q4,2011-10-01,2011,4,27,Financial / sentiment,Not selected
Threshold ridge,2011 Q4,S&P 500,1,1,2011 Q4,2011-10-01,2011,4,27,Financial / sentiment,Financial / sentiment
Threshold ridge,2011 Q4,VIXCLSx,0,0,2011 Q4,2011-10-01,2011,4,27,Financial / sentiment,Not selected
Threshold ridge,2011 Q4,UMCSENTx,0,0,2011 Q4,2011-10-01,2011,4,27,Financial / sentiment,Not selected
Threshold ridge,2011 Q4,TERM_SPREAD,0,0,2011 Q4,2011-10-01,2011,4,27,Financial / sentiment,Not selected
Threshold ridge,2011 Q4,CREDIT_SPREAD,0,0,2011 Q4,2011-10-01,2011,4,27,Financial / sentiment,Not selected
Threshold ridge,2012 Q1,RPI,2,1,2012 Q1,2012-01-01,2012,1,28,Real activity / consumption,Real activity / consumption
Threshold ridge,2012 Q1,DPCERA3M086SBEA,1,1,2012 Q1,2012-01-01,2012,1,28,Real activity / consumption,Real activity / consumption
Threshold ridge,2012 Q1,INDPRO,2,1,2012 Q1,2012-01-01,2012,1,28,Real activity / consumption,Real activity / consumption
Threshold ridge,2012 Q1,CMRMTSPLx,2,1,2012 Q1,2012-01-01,2012,1,28,Real activity / consumption,Real activity / consumption
Threshold ridge,2012 Q1,RETAILx,0,0,2012 Q1,2012-01-01,2012,1,28,Real activity / consumption,Not selected
Threshold ridge,2012 Q1,UNRATE,1,1,2012 Q1,2012-01-01,2012,1,28,Labor market,Labor market
Threshold ridge,2012 Q1,CLAIMSx,1,1,2012 Q1,2012-01-01,2012,1,28,Labor market,Labor market
Threshold ridge,2012 Q1,PAYEMS,1,1,2012 Q1,2012-01-01,2012,1,28,Labor market,Labor market
Threshold ridge,2012 Q1,AWHMAN,0,0,2012 Q1,2012-01-01,2012,1,28,Labor market,Not selected
Threshold ridge,2012 Q1,HOUST,0,0,2012 Q1,2012-01-01,2012,1,28,Housing,Not selected
Threshold ridge,2012 Q1,PERMIT,0,0,2012 Q1,2012-01-01,2012,1,28,Housing,Not selected
Threshold ridge,2012 Q1,M1SL,1,1,2012 Q1,2012-01-01,2012,1,28,Money and credit,Money and credit
Threshold ridge,2012 Q1,M2SL,2,1,2012 Q1,2012-01-01,2012,1,28,Money and credit,Money and credit
Threshold ridge,2012 Q1,BOGMBASE,0,0,2012 Q1,2012-01-01,2012,1,28,Money and credit,Not selected
Threshold ridge,2012 Q1,BUSLOANS,0,0,2012 Q1,2012-01-01,2012,1,28,Money and credit,Not selected
Threshold ridge,2012 Q1,NONREVSL,1,1,2012 Q1,2012-01-01,2012,1,28,Money and credit,Money and credit
Threshold ridge,2012 Q1,CPIAUCSL,0,0,2012 Q1,2012-01-01,2012,1,28,Prices and commodities,Not selected
Threshold ridge,2012 Q1,PPICMM,0,0,2012 Q1,2012-01-01,2012,1,28,Prices and commodities,Not selected
Threshold ridge,2012 Q1,PCEPI,0,0,2012 Q1,2012-01-01,2012,1,28,Prices and commodities,Not selected
Threshold ridge,2012 Q1,OILPRICEx,0,0,2012 Q1,2012-01-01,2012,1,28,Prices and commodities,Not selected
Threshold ridge,2012 Q1,FEDFUNDS,2,1,2012 Q1,2012-01-01,2012,1,28,Financial / sentiment,Financial / sentiment
Threshold ridge,2012 Q1,TB3MS,0,0,2012 Q1,2012-01-01,2012,1,28,Financial / sentiment,Not selected
Threshold ridge,2012 Q1,GS10,0,0,2012 Q1,2012-01-01,2012,1,28,Financial / sentiment,Not selected
Threshold ridge,2012 Q1,AAA,0,0,2012 Q1,2012-01-01,2012,1,28,Financial / sentiment,Not selected
Threshold ridge,2012 Q1,BAA,0,0,2012 Q1,2012-01-01,2012,1,28,Financial / sentiment,Not selected
Threshold ridge,2012 Q1,S&P 500,0,0,2012 Q1,2012-01-01,2012,1,28,Financial / sentiment,Not selected
Threshold ridge,2012 Q1,VIXCLSx,0,0,2012 Q1,2012-01-01,2012,1,28,Financial / sentiment,Not selected
Threshold ridge,2012 Q1,UMCSENTx,0,0,2012 Q1,2012-01-01,2012,1,28,Financial / sentiment,Not selected
Threshold ridge,2012 Q1,TERM_SPREAD,0,0,2012 Q1,2012-01-01,2012,1,28,Financial / sentiment,Not selected
Threshold ridge,2012 Q1,CREDIT_SPREAD,0,0,2012 Q1,2012-01-01,2012,1,28,Financial / sentiment,Not selected
Threshold ridge,2012 Q2,RPI,2,1,2012 Q2,2012-04-01,2012,2,29,Real activity / consumption,Real activity / consumption
Threshold ridge,2012 Q2,DPCERA3M086SBEA,1,1,2012 Q2,2012-04-01,2012,2,29,Real activity / consumption,Real activity / consumption
Threshold ridge,2012 Q2,INDPRO,3,1,2012 Q2,2012-04-01,2012,2,29,Real activity / consumption,Real activity / consumption
Threshold ridge,2012 Q2,CMRMTSPLx,2,1,2012 Q2,2012-04-01,2012,2,29,Real activity / consumption,Real activity / consumption
Threshold ridge,2012 Q2,RETAILx,0,0,2012 Q2,2012-04-01,2012,2,29,Real activity / consumption,Not selected
Threshold ridge,2012 Q2,UNRATE,1,1,2012 Q2,2012-04-01,2012,2,29,Labor market,Labor market
Threshold ridge,2012 Q2,CLAIMSx,1,1,2012 Q2,2012-04-01,2012,2,29,Labor market,Labor market
Threshold ridge,2012 Q2,PAYEMS,1,1,2012 Q2,2012-04-01,2012,2,29,Labor market,Labor market
Threshold ridge,2012 Q2,AWHMAN,0,0,2012 Q2,2012-04-01,2012,2,29,Labor market,Not selected
Threshold ridge,2012 Q2,HOUST,0,0,2012 Q2,2012-04-01,2012,2,29,Housing,Not selected
Threshold ridge,2012 Q2,PERMIT,0,0,2012 Q2,2012-04-01,2012,2,29,Housing,Not selected
Threshold ridge,2012 Q2,M1SL,1,1,2012 Q2,2012-04-01,2012,2,29,Money and credit,Money and credit
Threshold ridge,2012 Q2,M2SL,1,1,2012 Q2,2012-04-01,2012,2,29,Money and credit,Money and credit
Threshold ridge,2012 Q2,BOGMBASE,0,0,2012 Q2,2012-04-01,2012,2,29,Money and credit,Not selected
Threshold ridge,2012 Q2,BUSLOANS,0,0,2012 Q2,2012-04-01,2012,2,29,Money and credit,Not selected
Threshold ridge,2012 Q2,NONREVSL,1,1,2012 Q2,2012-04-01,2012,2,29,Money and credit,Money and credit
Threshold ridge,2012 Q2,CPIAUCSL,0,0,2012 Q2,2012-04-01,2012,2,29,Prices and commodities,Not selected
Threshold ridge,2012 Q2,PPICMM,0,0,2012 Q2,2012-04-01,2012,2,29,Prices and commodities,Not selected
Threshold ridge,2012 Q2,PCEPI,0,0,2012 Q2,2012-04-01,2012,2,29,Prices and commodities,Not selected
Threshold ridge,2012 Q2,OILPRICEx,0,0,2012 Q2,2012-04-01,2012,2,29,Prices and commodities,Not selected
Threshold ridge,2012 Q2,FEDFUNDS,2,1,2012 Q2,2012-04-01,2012,2,29,Financial / sentiment,Financial / sentiment
Threshold ridge,2012 Q2,TB3MS,0,0,2012 Q2,2012-04-01,2012,2,29,Financial / sentiment,Not selected
Threshold ridge,2012 Q2,GS10,0,0,2012 Q2,2012-04-01,2012,2,29,Financial / sentiment,Not selected
Threshold ridge,2012 Q2,AAA,0,0,2012 Q2,2012-04-01,2012,2,29,Financial / sentiment,Not selected
Threshold ridge,2012 Q2,BAA,0,0,2012 Q2,2012-04-01,2012,2,29,Financial / sentiment,Not selected
Threshold ridge,2012 Q2,S&P 500,0,0,2012 Q2,2012-04-01,2012,2,29,Financial / sentiment,Not selected
Threshold ridge,2012 Q2,VIXCLSx,0,0,2012 Q2,2012-04-01,2012,2,29,Financial / sentiment,Not selected
Threshold ridge,2012 Q2,UMCSENTx,0,0,2012 Q2,2012-04-01,2012,2,29,Financial / sentiment,Not selected
Threshold ridge,2012 Q2,TERM_SPREAD,0,0,2012 Q2,2012-04-01,2012,2,29,Financial / sentiment,Not selected
Threshold ridge,2012 Q2,CREDIT_SPREAD,0,0,2012 Q2,2012-04-01,2012,2,29,Financial / sentiment,Not selected
Threshold ridge,2012 Q3,RPI,2,1,2012 Q3,2012-07-01,2012,3,30,Real activity / consumption,Real activity / consumption
Threshold ridge,2012 Q3,DPCERA3M086SBEA,1,1,2012 Q3,2012-07-01,2012,3,30,Real activity / consumption,Real activity / consumption
Threshold ridge,2012 Q3,INDPRO,2,1,2012 Q3,2012-07-01,2012,3,30,Real activity / consumption,Real activity / consumption
Threshold ridge,2012 Q3,CMRMTSPLx,2,1,2012 Q3,2012-07-01,2012,3,30,Real activity / consumption,Real activity / consumption
Threshold ridge,2012 Q3,RETAILx,1,1,2012 Q3,2012-07-01,2012,3,30,Real activity / consumption,Real activity / consumption
Threshold ridge,2012 Q3,UNRATE,1,1,2012 Q3,2012-07-01,2012,3,30,Labor market,Labor market
Threshold ridge,2012 Q3,CLAIMSx,1,1,2012 Q3,2012-07-01,2012,3,30,Labor market,Labor market
Threshold ridge,2012 Q3,PAYEMS,1,1,2012 Q3,2012-07-01,2012,3,30,Labor market,Labor market
Threshold ridge,2012 Q3,AWHMAN,0,0,2012 Q3,2012-07-01,2012,3,30,Labor market,Not selected
Threshold ridge,2012 Q3,HOUST,0,0,2012 Q3,2012-07-01,2012,3,30,Housing,Not selected
Threshold ridge,2012 Q3,PERMIT,0,0,2012 Q3,2012-07-01,2012,3,30,Housing,Not selected
Threshold ridge,2012 Q3,M1SL,1,1,2012 Q3,2012-07-01,2012,3,30,Money and credit,Money and credit
Threshold ridge,2012 Q3,M2SL,2,1,2012 Q3,2012-07-01,2012,3,30,Money and credit,Money and credit
Threshold ridge,2012 Q3,BOGMBASE,0,0,2012 Q3,2012-07-01,2012,3,30,Money and credit,Not selected
Threshold ridge,2012 Q3,BUSLOANS,0,0,2012 Q3,2012-07-01,2012,3,30,Money and credit,Not selected
Threshold ridge,2012 Q3,NONREVSL,1,1,2012 Q3,2012-07-01,2012,3,30,Money and credit,Money and credit
Threshold ridge,2012 Q3,CPIAUCSL,0,0,2012 Q3,2012-07-01,2012,3,30,Prices and commodities,Not selected
Threshold ridge,2012 Q3,PPICMM,0,0,2012 Q3,2012-07-01,2012,3,30,Prices and commodities,Not selected
Threshold ridge,2012 Q3,PCEPI,0,0,2012 Q3,2012-07-01,2012,3,30,Prices and commodities,Not selected
Threshold ridge,2012 Q3,OILPRICEx,0,0,2012 Q3,2012-07-01,2012,3,30,Prices and commodities,Not selected
Threshold ridge,2012 Q3,FEDFUNDS,2,1,2012 Q3,2012-07-01,2012,3,30,Financial / sentiment,Financial / sentiment
Threshold ridge,2012 Q3,TB3MS,0,0,2012 Q3,2012-07-01,2012,3,30,Financial / sentiment,Not selected
Threshold ridge,2012 Q3,GS10,0,0,2012 Q3,2012-07-01,2012,3,30,Financial / sentiment,Not selected
Threshold ridge,2012 Q3,AAA,0,0,2012 Q3,2012-07-01,2012,3,30,Financial / sentiment,Not selected
Threshold ridge,2012 Q3,BAA,0,0,2012 Q3,2012-07-01,2012,3,30,Financial / sentiment,Not selected
Threshold ridge,2012 Q3,S&P 500,0,0,2012 Q3,2012-07-01,2012,3,30,Financial / sentiment,Not selected
Threshold ridge,2012 Q3,VIXCLSx,0,0,2012 Q3,2012-07-01,2012,3,30,Financial / sentiment,Not selected
Threshold ridge,2012 Q3,UMCSENTx,0,0,2012 Q3,2012-07-01,2012,3,30,Financial / sentiment,Not selected
Threshold ridge,2012 Q3,TERM_SPREAD,0,0,2012 Q3,2012-07-01,2012,3,30,Financial / sentiment,Not selected
Threshold ridge,2012 Q3,CREDIT_SPREAD,0,0,2012 Q3,2012-07-01,2012,3,30,Financial / sentiment,Not selected
Threshold ridge,2012 Q4,RPI,1,1,2012 Q4,2012-10-01,2012,4,31,Real activity / consumption,Real activity / consumption
Threshold ridge,2012 Q4,DPCERA3M086SBEA,1,1,2012 Q4,2012-10-01,2012,4,31,Real activity / consumption,Real activity / consumption
Threshold ridge,2012 Q4,INDPRO,2,1,2012 Q4,2012-10-01,2012,4,31,Real activity / consumption,Real activity / consumption
Threshold ridge,2012 Q4,CMRMTSPLx,2,1,2012 Q4,2012-10-01,2012,4,31,Real activity / consumption,Real activity / consumption
Threshold ridge,2012 Q4,RETAILx,1,1,2012 Q4,2012-10-01,2012,4,31,Real activity / consumption,Real activity / consumption
Threshold ridge,2012 Q4,UNRATE,1,1,2012 Q4,2012-10-01,2012,4,31,Labor market,Labor market
Threshold ridge,2012 Q4,CLAIMSx,1,1,2012 Q4,2012-10-01,2012,4,31,Labor market,Labor market
Threshold ridge,2012 Q4,PAYEMS,1,1,2012 Q4,2012-10-01,2012,4,31,Labor market,Labor market
Threshold ridge,2012 Q4,AWHMAN,0,0,2012 Q4,2012-10-01,2012,4,31,Labor market,Not selected
Threshold ridge,2012 Q4,HOUST,0,0,2012 Q4,2012-10-01,2012,4,31,Housing,Not selected
Threshold ridge,2012 Q4,PERMIT,0,0,2012 Q4,2012-10-01,2012,4,31,Housing,Not selected
Threshold ridge,2012 Q4,M1SL,1,1,2012 Q4,2012-10-01,2012,4,31,Money and credit,Money and credit
Threshold ridge,2012 Q4,M2SL,2,1,2012 Q4,2012-10-01,2012,4,31,Money and credit,Money and credit
Threshold ridge,2012 Q4,BOGMBASE,0,0,2012 Q4,2012-10-01,2012,4,31,Money and credit,Not selected
Threshold ridge,2012 Q4,BUSLOANS,0,0,2012 Q4,2012-10-01,2012,4,31,Money and credit,Not selected
Threshold ridge,2012 Q4,NONREVSL,0,0,2012 Q4,2012-10-01,2012,4,31,Money and credit,Not selected
Threshold ridge,2012 Q4,CPIAUCSL,0,0,2012 Q4,2012-10-01,2012,4,31,Prices and commodities,Not selected
Threshold ridge,2012 Q4,PPICMM,0,0,2012 Q4,2012-10-01,2012,4,31,Prices and commodities,Not selected
Threshold ridge,2012 Q4,PCEPI,0,0,2012 Q4,2012-10-01,2012,4,31,Prices and commodities,Not selected
Threshold ridge,2012 Q4,OILPRICEx,0,0,2012 Q4,2012-10-01,2012,4,31,Prices and commodities,Not selected
Threshold ridge,2012 Q4,FEDFUNDS,2,1,2012 Q4,2012-10-01,2012,4,31,Financial / sentiment,Financial / sentiment
Threshold ridge,2012 Q4,TB3MS,0,0,2012 Q4,2012-10-01,2012,4,31,Financial / sentiment,Not selected
Threshold ridge,2012 Q4,GS10,0,0,2012 Q4,2012-10-01,2012,4,31,Financial / sentiment,Not selected
Threshold ridge,2012 Q4,AAA,0,0,2012 Q4,2012-10-01,2012,4,31,Financial / sentiment,Not selected
Threshold ridge,2012 Q4,BAA,0,0,2012 Q4,2012-10-01,2012,4,31,Financial / sentiment,Not selected
Threshold ridge,2012 Q4,S&P 500,0,0,2012 Q4,2012-10-01,2012,4,31,Financial / sentiment,Not selected
Threshold ridge,2012 Q4,VIXCLSx,0,0,2012 Q4,2012-10-01,2012,4,31,Financial / sentiment,Not selected
Threshold ridge,2012 Q4,UMCSENTx,0,0,2012 Q4,2012-10-01,2012,4,31,Financial / sentiment,Not selected
Threshold ridge,2012 Q4,TERM_SPREAD,0,0,2012 Q4,2012-10-01,2012,4,31,Financial / sentiment,Not selected
Threshold ridge,2012 Q4,CREDIT_SPREAD,0,0,2012 Q4,2012-10-01,2012,4,31,Financial / sentiment,Not selected
Threshold ridge,2013 Q1,RPI,2,1,2013 Q1,2013-01-01,2013,1,32,Real activity / consumption,Real activity / consumption
Threshold ridge,2013 Q1,DPCERA3M086SBEA,1,1,2013 Q1,2013-01-01,2013,1,32,Real activity / consumption,Real activity / consumption
Threshold ridge,2013 Q1,INDPRO,2,1,2013 Q1,2013-01-01,2013,1,32,Real activity / consumption,Real activity / consumption
Threshold ridge,2013 Q1,CMRMTSPLx,2,1,2013 Q1,2013-01-01,2013,1,32,Real activity / consumption,Real activity / consumption
Threshold ridge,2013 Q1,RETAILx,0,0,2013 Q1,2013-01-01,2013,1,32,Real activity / consumption,Not selected
Threshold ridge,2013 Q1,UNRATE,1,1,2013 Q1,2013-01-01,2013,1,32,Labor market,Labor market
Threshold ridge,2013 Q1,CLAIMSx,2,1,2013 Q1,2013-01-01,2013,1,32,Labor market,Labor market
Threshold ridge,2013 Q1,PAYEMS,1,1,2013 Q1,2013-01-01,2013,1,32,Labor market,Labor market
Threshold ridge,2013 Q1,AWHMAN,0,0,2013 Q1,2013-01-01,2013,1,32,Labor market,Not selected
Threshold ridge,2013 Q1,HOUST,0,0,2013 Q1,2013-01-01,2013,1,32,Housing,Not selected
Threshold ridge,2013 Q1,PERMIT,0,0,2013 Q1,2013-01-01,2013,1,32,Housing,Not selected
Threshold ridge,2013 Q1,M1SL,1,1,2013 Q1,2013-01-01,2013,1,32,Money and credit,Money and credit
Threshold ridge,2013 Q1,M2SL,2,1,2013 Q1,2013-01-01,2013,1,32,Money and credit,Money and credit
Threshold ridge,2013 Q1,BOGMBASE,0,0,2013 Q1,2013-01-01,2013,1,32,Money and credit,Not selected
Threshold ridge,2013 Q1,BUSLOANS,0,0,2013 Q1,2013-01-01,2013,1,32,Money and credit,Not selected
Threshold ridge,2013 Q1,NONREVSL,1,1,2013 Q1,2013-01-01,2013,1,32,Money and credit,Money and credit
Threshold ridge,2013 Q1,CPIAUCSL,0,0,2013 Q1,2013-01-01,2013,1,32,Prices and commodities,Not selected
Threshold ridge,2013 Q1,PPICMM,0,0,2013 Q1,2013-01-01,2013,1,32,Prices and commodities,Not selected
Threshold ridge,2013 Q1,PCEPI,0,0,2013 Q1,2013-01-01,2013,1,32,Prices and commodities,Not selected
Threshold ridge,2013 Q1,OILPRICEx,0,0,2013 Q1,2013-01-01,2013,1,32,Prices and commodities,Not selected
Threshold ridge,2013 Q1,FEDFUNDS,2,1,2013 Q1,2013-01-01,2013,1,32,Financial / sentiment,Financial / sentiment
Threshold ridge,2013 Q1,TB3MS,0,0,2013 Q1,2013-01-01,2013,1,32,Financial / sentiment,Not selected
Threshold ridge,2013 Q1,GS10,0,0,2013 Q1,2013-01-01,2013,1,32,Financial / sentiment,Not selected
Threshold ridge,2013 Q1,AAA,0,0,2013 Q1,2013-01-01,2013,1,32,Financial / sentiment,Not selected
Threshold ridge,2013 Q1,BAA,0,0,2013 Q1,2013-01-01,2013,1,32,Financial / sentiment,Not selected
Threshold ridge,2013 Q1,S&P 500,0,0,2013 Q1,2013-01-01,2013,1,32,Financial / sentiment,Not selected
Threshold ridge,2013 Q1,VIXCLSx,0,0,2013 Q1,2013-01-01,2013,1,32,Financial / sentiment,Not selected
Threshold ridge,2013 Q1,UMCSENTx,0,0,2013 Q1,2013-01-01,2013,1,32,Financial / sentiment,Not selected
Threshold ridge,2013 Q1,TERM_SPREAD,0,0,2013 Q1,2013-01-01,2013,1,32,Financial / sentiment,Not selected
Threshold ridge,2013 Q1,CREDIT_SPREAD,0,0,2013 Q1,2013-01-01,2013,1,32,Financial / sentiment,Not selected
Threshold ridge,2013 Q2,RPI,2,1,2013 Q2,2013-04-01,2013,2,33,Real activity / consumption,Real activity / consumption
Threshold ridge,2013 Q2,DPCERA3M086SBEA,1,1,2013 Q2,2013-04-01,2013,2,33,Real activity / consumption,Real activity / consumption
Threshold ridge,2013 Q2,INDPRO,2,1,2013 Q2,2013-04-01,2013,2,33,Real activity / consumption,Real activity / consumption
Threshold ridge,2013 Q2,CMRMTSPLx,2,1,2013 Q2,2013-04-01,2013,2,33,Real activity / consumption,Real activity / consumption
Threshold ridge,2013 Q2,RETAILx,0,0,2013 Q2,2013-04-01,2013,2,33,Real activity / consumption,Not selected
Threshold ridge,2013 Q2,UNRATE,0,0,2013 Q2,2013-04-01,2013,2,33,Labor market,Not selected
Threshold ridge,2013 Q2,CLAIMSx,2,1,2013 Q2,2013-04-01,2013,2,33,Labor market,Labor market
Threshold ridge,2013 Q2,PAYEMS,1,1,2013 Q2,2013-04-01,2013,2,33,Labor market,Labor market
Threshold ridge,2013 Q2,AWHMAN,0,0,2013 Q2,2013-04-01,2013,2,33,Labor market,Not selected
Threshold ridge,2013 Q2,HOUST,0,0,2013 Q2,2013-04-01,2013,2,33,Housing,Not selected
Threshold ridge,2013 Q2,PERMIT,0,0,2013 Q2,2013-04-01,2013,2,33,Housing,Not selected
Threshold ridge,2013 Q2,M1SL,1,1,2013 Q2,2013-04-01,2013,2,33,Money and credit,Money and credit
Threshold ridge,2013 Q2,M2SL,2,1,2013 Q2,2013-04-01,2013,2,33,Money and credit,Money and credit
Threshold ridge,2013 Q2,BOGMBASE,0,0,2013 Q2,2013-04-01,2013,2,33,Money and credit,Not selected
Threshold ridge,2013 Q2,BUSLOANS,0,0,2013 Q2,2013-04-01,2013,2,33,Money and credit,Not selected
Threshold ridge,2013 Q2,NONREVSL,1,1,2013 Q2,2013-04-01,2013,2,33,Money and credit,Money and credit
Threshold ridge,2013 Q2,CPIAUCSL,0,0,2013 Q2,2013-04-01,2013,2,33,Prices and commodities,Not selected
Threshold ridge,2013 Q2,PPICMM,0,0,2013 Q2,2013-04-01,2013,2,33,Prices and commodities,Not selected
Threshold ridge,2013 Q2,PCEPI,0,0,2013 Q2,2013-04-01,2013,2,33,Prices and commodities,Not selected
Threshold ridge,2013 Q2,OILPRICEx,0,0,2013 Q2,2013-04-01,2013,2,33,Prices and commodities,Not selected
Threshold ridge,2013 Q2,FEDFUNDS,2,1,2013 Q2,2013-04-01,2013,2,33,Financial / sentiment,Financial / sentiment
Threshold ridge,2013 Q2,TB3MS,0,0,2013 Q2,2013-04-01,2013,2,33,Financial / sentiment,Not selected
Threshold ridge,2013 Q2,GS10,0,0,2013 Q2,2013-04-01,2013,2,33,Financial / sentiment,Not selected
Threshold ridge,2013 Q2,AAA,0,0,2013 Q2,2013-04-01,2013,2,33,Financial / sentiment,Not selected
Threshold ridge,2013 Q2,BAA,0,0,2013 Q2,2013-04-01,2013,2,33,Financial / sentiment,Not selected
Threshold ridge,2013 Q2,S&P 500,0,0,2013 Q2,2013-04-01,2013,2,33,Financial / sentiment,Not selected
Threshold ridge,2013 Q2,VIXCLSx,0,0,2013 Q2,2013-04-01,2013,2,33,Financial / sentiment,Not selected
Threshold ridge,2013 Q2,UMCSENTx,0,0,2013 Q2,2013-04-01,2013,2,33,Financial / sentiment,Not selected
Threshold ridge,2013 Q2,TERM_SPREAD,0,0,2013 Q2,2013-04-01,2013,2,33,Financial / sentiment,Not selected
Threshold ridge,2013 Q2,CREDIT_SPREAD,0,0,2013 Q2,2013-04-01,2013,2,33,Financial / sentiment,Not selected
Threshold ridge,2013 Q3,RPI,2,1,2013 Q3,2013-07-01,2013,3,34,Real activity / consumption,Real activity / consumption
Threshold ridge,2013 Q3,DPCERA3M086SBEA,1,1,2013 Q3,2013-07-01,2013,3,34,Real activity / consumption,Real activity / consumption
Threshold ridge,2013 Q3,INDPRO,2,1,2013 Q3,2013-07-01,2013,3,34,Real activity / consumption,Real activity / consumption
Threshold ridge,2013 Q3,CMRMTSPLx,2,1,2013 Q3,2013-07-01,2013,3,34,Real activity / consumption,Real activity / consumption
Threshold ridge,2013 Q3,RETAILx,0,0,2013 Q3,2013-07-01,2013,3,34,Real activity / consumption,Not selected
Threshold ridge,2013 Q3,UNRATE,0,0,2013 Q3,2013-07-01,2013,3,34,Labor market,Not selected
Threshold ridge,2013 Q3,CLAIMSx,2,1,2013 Q3,2013-07-01,2013,3,34,Labor market,Labor market
Threshold ridge,2013 Q3,PAYEMS,1,1,2013 Q3,2013-07-01,2013,3,34,Labor market,Labor market
Threshold ridge,2013 Q3,AWHMAN,0,0,2013 Q3,2013-07-01,2013,3,34,Labor market,Not selected
Threshold ridge,2013 Q3,HOUST,0,0,2013 Q3,2013-07-01,2013,3,34,Housing,Not selected
Threshold ridge,2013 Q3,PERMIT,0,0,2013 Q3,2013-07-01,2013,3,34,Housing,Not selected
Threshold ridge,2013 Q3,M1SL,1,1,2013 Q3,2013-07-01,2013,3,34,Money and credit,Money and credit
Threshold ridge,2013 Q3,M2SL,2,1,2013 Q3,2013-07-01,2013,3,34,Money and credit,Money and credit
Threshold ridge,2013 Q3,BOGMBASE,0,0,2013 Q3,2013-07-01,2013,3,34,Money and credit,Not selected
Threshold ridge,2013 Q3,BUSLOANS,0,0,2013 Q3,2013-07-01,2013,3,34,Money and credit,Not selected
Threshold ridge,2013 Q3,NONREVSL,1,1,2013 Q3,2013-07-01,2013,3,34,Money and credit,Money and credit
Threshold ridge,2013 Q3,CPIAUCSL,0,0,2013 Q3,2013-07-01,2013,3,34,Prices and commodities,Not selected
Threshold ridge,2013 Q3,PPICMM,0,0,2013 Q3,2013-07-01,2013,3,34,Prices and commodities,Not selected
Threshold ridge,2013 Q3,PCEPI,0,0,2013 Q3,2013-07-01,2013,3,34,Prices and commodities,Not selected
Threshold ridge,2013 Q3,OILPRICEx,0,0,2013 Q3,2013-07-01,2013,3,34,Prices and commodities,Not selected
Threshold ridge,2013 Q3,FEDFUNDS,2,1,2013 Q3,2013-07-01,2013,3,34,Financial / sentiment,Financial / sentiment
Threshold ridge,2013 Q3,TB3MS,0,0,2013 Q3,2013-07-01,2013,3,34,Financial / sentiment,Not selected
Threshold ridge,2013 Q3,GS10,0,0,2013 Q3,2013-07-01,2013,3,34,Financial / sentiment,Not selected
Threshold ridge,2013 Q3,AAA,0,0,2013 Q3,2013-07-01,2013,3,34,Financial / sentiment,Not selected
Threshold ridge,2013 Q3,BAA,0,0,2013 Q3,2013-07-01,2013,3,34,Financial / sentiment,Not selected
Threshold ridge,2013 Q3,S&P 500,0,0,2013 Q3,2013-07-01,2013,3,34,Financial / sentiment,Not selected
Threshold ridge,2013 Q3,VIXCLSx,0,0,2013 Q3,2013-07-01,2013,3,34,Financial / sentiment,Not selected
Threshold ridge,2013 Q3,UMCSENTx,0,0,2013 Q3,2013-07-01,2013,3,34,Financial / sentiment,Not selected
Threshold ridge,2013 Q3,TERM_SPREAD,0,0,2013 Q3,2013-07-01,2013,3,34,Financial / sentiment,Not selected
Threshold ridge,2013 Q3,CREDIT_SPREAD,0,0,2013 Q3,2013-07-01,2013,3,34,Financial / sentiment,Not selected
Threshold ridge,2013 Q4,RPI,2,1,2013 Q4,2013-10-01,2013,4,35,Real activity / consumption,Real activity / consumption
Threshold ridge,2013 Q4,DPCERA3M086SBEA,1,1,2013 Q4,2013-10-01,2013,4,35,Real activity / consumption,Real activity / consumption
Threshold ridge,2013 Q4,INDPRO,2,1,2013 Q4,2013-10-01,2013,4,35,Real activity / consumption,Real activity / consumption
Threshold ridge,2013 Q4,CMRMTSPLx,2,1,2013 Q4,2013-10-01,2013,4,35,Real activity / consumption,Real activity / consumption
Threshold ridge,2013 Q4,RETAILx,0,0,2013 Q4,2013-10-01,2013,4,35,Real activity / consumption,Not selected
Threshold ridge,2013 Q4,UNRATE,0,0,2013 Q4,2013-10-01,2013,4,35,Labor market,Not selected
Threshold ridge,2013 Q4,CLAIMSx,2,1,2013 Q4,2013-10-01,2013,4,35,Labor market,Labor market
Threshold ridge,2013 Q4,PAYEMS,1,1,2013 Q4,2013-10-01,2013,4,35,Labor market,Labor market
Threshold ridge,2013 Q4,AWHMAN,0,0,2013 Q4,2013-10-01,2013,4,35,Labor market,Not selected
Threshold ridge,2013 Q4,HOUST,0,0,2013 Q4,2013-10-01,2013,4,35,Housing,Not selected
Threshold ridge,2013 Q4,PERMIT,0,0,2013 Q4,2013-10-01,2013,4,35,Housing,Not selected
Threshold ridge,2013 Q4,M1SL,1,1,2013 Q4,2013-10-01,2013,4,35,Money and credit,Money and credit
Threshold ridge,2013 Q4,M2SL,2,1,2013 Q4,2013-10-01,2013,4,35,Money and credit,Money and credit
Threshold ridge,2013 Q4,BOGMBASE,0,0,2013 Q4,2013-10-01,2013,4,35,Money and credit,Not selected
Threshold ridge,2013 Q4,BUSLOANS,0,0,2013 Q4,2013-10-01,2013,4,35,Money and credit,Not selected
Threshold ridge,2013 Q4,NONREVSL,1,1,2013 Q4,2013-10-01,2013,4,35,Money and credit,Money and credit
Threshold ridge,2013 Q4,CPIAUCSL,0,0,2013 Q4,2013-10-01,2013,4,35,Prices and commodities,Not selected
Threshold ridge,2013 Q4,PPICMM,0,0,2013 Q4,2013-10-01,2013,4,35,Prices and commodities,Not selected
Threshold ridge,2013 Q4,PCEPI,0,0,2013 Q4,2013-10-01,2013,4,35,Prices and commodities,Not selected
Threshold ridge,2013 Q4,OILPRICEx,0,0,2013 Q4,2013-10-01,2013,4,35,Prices and commodities,Not selected
Threshold ridge,2013 Q4,FEDFUNDS,2,1,2013 Q4,2013-10-01,2013,4,35,Financial / sentiment,Financial / sentiment
Threshold ridge,2013 Q4,TB3MS,0,0,2013 Q4,2013-10-01,2013,4,35,Financial / sentiment,Not selected
Threshold ridge,2013 Q4,GS10,0,0,2013 Q4,2013-10-01,2013,4,35,Financial / sentiment,Not selected
Threshold ridge,2013 Q4,AAA,0,0,2013 Q4,2013-10-01,2013,4,35,Financial / sentiment,Not selected
Threshold ridge,2013 Q4,BAA,0,0,2013 Q4,2013-10-01,2013,4,35,Financial / sentiment,Not selected
Threshold ridge,2013 Q4,S&P 500,0,0,2013 Q4,2013-10-01,2013,4,35,Financial / sentiment,Not selected
Threshold ridge,2013 Q4,VIXCLSx,0,0,2013 Q4,2013-10-01,2013,4,35,Financial / sentiment,Not selected
Threshold ridge,2013 Q4,UMCSENTx,0,0,2013 Q4,2013-10-01,2013,4,35,Financial / sentiment,Not selected
Threshold ridge,2013 Q4,TERM_SPREAD,0,0,2013 Q4,2013-10-01,2013,4,35,Financial / sentiment,Not selected
Threshold ridge,2013 Q4,CREDIT_SPREAD,0,0,2013 Q4,2013-10-01,2013,4,35,Financial / sentiment,Not selected
Threshold ridge,2014 Q1,RPI,2,1,2014 Q1,2014-01-01,2014,1,36,Real activity / consumption,Real activity / consumption
Threshold ridge,2014 Q1,DPCERA3M086SBEA,1,1,2014 Q1,2014-01-01,2014,1,36,Real activity / consumption,Real activity / consumption
Threshold ridge,2014 Q1,INDPRO,2,1,2014 Q1,2014-01-01,2014,1,36,Real activity / consumption,Real activity / consumption
Threshold ridge,2014 Q1,CMRMTSPLx,2,1,2014 Q1,2014-01-01,2014,1,36,Real activity / consumption,Real activity / consumption
Threshold ridge,2014 Q1,RETAILx,0,0,2014 Q1,2014-01-01,2014,1,36,Real activity / consumption,Not selected
Threshold ridge,2014 Q1,UNRATE,0,0,2014 Q1,2014-01-01,2014,1,36,Labor market,Not selected
Threshold ridge,2014 Q1,CLAIMSx,3,1,2014 Q1,2014-01-01,2014,1,36,Labor market,Labor market
Threshold ridge,2014 Q1,PAYEMS,1,1,2014 Q1,2014-01-01,2014,1,36,Labor market,Labor market
Threshold ridge,2014 Q1,AWHMAN,0,0,2014 Q1,2014-01-01,2014,1,36,Labor market,Not selected
Threshold ridge,2014 Q1,HOUST,0,0,2014 Q1,2014-01-01,2014,1,36,Housing,Not selected
Threshold ridge,2014 Q1,PERMIT,0,0,2014 Q1,2014-01-01,2014,1,36,Housing,Not selected
Threshold ridge,2014 Q1,M1SL,2,1,2014 Q1,2014-01-01,2014,1,36,Money and credit,Money and credit
Threshold ridge,2014 Q1,M2SL,2,1,2014 Q1,2014-01-01,2014,1,36,Money and credit,Money and credit
Threshold ridge,2014 Q1,BOGMBASE,0,0,2014 Q1,2014-01-01,2014,1,36,Money and credit,Not selected
Threshold ridge,2014 Q1,BUSLOANS,0,0,2014 Q1,2014-01-01,2014,1,36,Money and credit,Not selected
Threshold ridge,2014 Q1,NONREVSL,1,1,2014 Q1,2014-01-01,2014,1,36,Money and credit,Money and credit
Threshold ridge,2014 Q1,CPIAUCSL,0,0,2014 Q1,2014-01-01,2014,1,36,Prices and commodities,Not selected
Threshold ridge,2014 Q1,PPICMM,0,0,2014 Q1,2014-01-01,2014,1,36,Prices and commodities,Not selected
Threshold ridge,2014 Q1,PCEPI,0,0,2014 Q1,2014-01-01,2014,1,36,Prices and commodities,Not selected
Threshold ridge,2014 Q1,OILPRICEx,0,0,2014 Q1,2014-01-01,2014,1,36,Prices and commodities,Not selected
Threshold ridge,2014 Q1,FEDFUNDS,2,1,2014 Q1,2014-01-01,2014,1,36,Financial / sentiment,Financial / sentiment
Threshold ridge,2014 Q1,TB3MS,0,0,2014 Q1,2014-01-01,2014,1,36,Financial / sentiment,Not selected
Threshold ridge,2014 Q1,GS10,0,0,2014 Q1,2014-01-01,2014,1,36,Financial / sentiment,Not selected
Threshold ridge,2014 Q1,AAA,0,0,2014 Q1,2014-01-01,2014,1,36,Financial / sentiment,Not selected
Threshold ridge,2014 Q1,BAA,0,0,2014 Q1,2014-01-01,2014,1,36,Financial / sentiment,Not selected
Threshold ridge,2014 Q1,S&P 500,0,0,2014 Q1,2014-01-01,2014,1,36,Financial / sentiment,Not selected
Threshold ridge,2014 Q1,VIXCLSx,0,0,2014 Q1,2014-01-01,2014,1,36,Financial / sentiment,Not selected
Threshold ridge,2014 Q1,UMCSENTx,0,0,2014 Q1,2014-01-01,2014,1,36,Financial / sentiment,Not selected
Threshold ridge,2014 Q1,TERM_SPREAD,0,0,2014 Q1,2014-01-01,2014,1,36,Financial / sentiment,Not selected
Threshold ridge,2014 Q1,CREDIT_SPREAD,0,0,2014 Q1,2014-01-01,2014,1,36,Financial / sentiment,Not selected
Threshold ridge,2014 Q2,RPI,2,1,2014 Q2,2014-04-01,2014,2,37,Real activity / consumption,Real activity / consumption
Threshold ridge,2014 Q2,DPCERA3M086SBEA,1,1,2014 Q2,2014-04-01,2014,2,37,Real activity / consumption,Real activity / consumption
Threshold ridge,2014 Q2,INDPRO,2,1,2014 Q2,2014-04-01,2014,2,37,Real activity / consumption,Real activity / consumption
Threshold ridge,2014 Q2,CMRMTSPLx,2,1,2014 Q2,2014-04-01,2014,2,37,Real activity / consumption,Real activity / consumption
Threshold ridge,2014 Q2,RETAILx,0,0,2014 Q2,2014-04-01,2014,2,37,Real activity / consumption,Not selected
Threshold ridge,2014 Q2,UNRATE,0,0,2014 Q2,2014-04-01,2014,2,37,Labor market,Not selected
Threshold ridge,2014 Q2,CLAIMSx,3,1,2014 Q2,2014-04-01,2014,2,37,Labor market,Labor market
Threshold ridge,2014 Q2,PAYEMS,1,1,2014 Q2,2014-04-01,2014,2,37,Labor market,Labor market
Threshold ridge,2014 Q2,AWHMAN,0,0,2014 Q2,2014-04-01,2014,2,37,Labor market,Not selected
Threshold ridge,2014 Q2,HOUST,0,0,2014 Q2,2014-04-01,2014,2,37,Housing,Not selected
Threshold ridge,2014 Q2,PERMIT,0,0,2014 Q2,2014-04-01,2014,2,37,Housing,Not selected
Threshold ridge,2014 Q2,M1SL,1,1,2014 Q2,2014-04-01,2014,2,37,Money and credit,Money and credit
Threshold ridge,2014 Q2,M2SL,2,1,2014 Q2,2014-04-01,2014,2,37,Money and credit,Money and credit
Threshold ridge,2014 Q2,BOGMBASE,0,0,2014 Q2,2014-04-01,2014,2,37,Money and credit,Not selected
Threshold ridge,2014 Q2,BUSLOANS,0,0,2014 Q2,2014-04-01,2014,2,37,Money and credit,Not selected
Threshold ridge,2014 Q2,NONREVSL,1,1,2014 Q2,2014-04-01,2014,2,37,Money and credit,Money and credit
Threshold ridge,2014 Q2,CPIAUCSL,0,0,2014 Q2,2014-04-01,2014,2,37,Prices and commodities,Not selected
Threshold ridge,2014 Q2,PPICMM,0,0,2014 Q2,2014-04-01,2014,2,37,Prices and commodities,Not selected
Threshold ridge,2014 Q2,PCEPI,0,0,2014 Q2,2014-04-01,2014,2,37,Prices and commodities,Not selected
Threshold ridge,2014 Q2,OILPRICEx,0,0,2014 Q2,2014-04-01,2014,2,37,Prices and commodities,Not selected
Threshold ridge,2014 Q2,FEDFUNDS,2,1,2014 Q2,2014-04-01,2014,2,37,Financial / sentiment,Financial / sentiment
Threshold ridge,2014 Q2,TB3MS,0,0,2014 Q2,2014-04-01,2014,2,37,Financial / sentiment,Not selected
Threshold ridge,2014 Q2,GS10,0,0,2014 Q2,2014-04-01,2014,2,37,Financial / sentiment,Not selected
Threshold ridge,2014 Q2,AAA,0,0,2014 Q2,2014-04-01,2014,2,37,Financial / sentiment,Not selected
Threshold ridge,2014 Q2,BAA,0,0,2014 Q2,2014-04-01,2014,2,37,Financial / sentiment,Not selected
Threshold ridge,2014 Q2,S&P 500,0,0,2014 Q2,2014-04-01,2014,2,37,Financial / sentiment,Not selected
Threshold ridge,2014 Q2,VIXCLSx,0,0,2014 Q2,2014-04-01,2014,2,37,Financial / sentiment,Not selected
Threshold ridge,2014 Q2,UMCSENTx,0,0,2014 Q2,2014-04-01,2014,2,37,Financial / sentiment,Not selected
Threshold ridge,2014 Q2,TERM_SPREAD,0,0,2014 Q2,2014-04-01,2014,2,37,Financial / sentiment,Not selected
Threshold ridge,2014 Q2,CREDIT_SPREAD,0,0,2014 Q2,2014-04-01,2014,2,37,Financial / sentiment,Not selected
Threshold ridge,2014 Q3,RPI,2,1,2014 Q3,2014-07-01,2014,3,38,Real activity / consumption,Real activity / consumption
Threshold ridge,2014 Q3,DPCERA3M086SBEA,1,1,2014 Q3,2014-07-01,2014,3,38,Real activity / consumption,Real activity / consumption
Threshold ridge,2014 Q3,INDPRO,2,1,2014 Q3,2014-07-01,2014,3,38,Real activity / consumption,Real activity / consumption
Threshold ridge,2014 Q3,CMRMTSPLx,2,1,2014 Q3,2014-07-01,2014,3,38,Real activity / consumption,Real activity / consumption
Threshold ridge,2014 Q3,RETAILx,0,0,2014 Q3,2014-07-01,2014,3,38,Real activity / consumption,Not selected
Threshold ridge,2014 Q3,UNRATE,0,0,2014 Q3,2014-07-01,2014,3,38,Labor market,Not selected
Threshold ridge,2014 Q3,CLAIMSx,3,1,2014 Q3,2014-07-01,2014,3,38,Labor market,Labor market
Threshold ridge,2014 Q3,PAYEMS,1,1,2014 Q3,2014-07-01,2014,3,38,Labor market,Labor market
Threshold ridge,2014 Q3,AWHMAN,0,0,2014 Q3,2014-07-01,2014,3,38,Labor market,Not selected
Threshold ridge,2014 Q3,HOUST,0,0,2014 Q3,2014-07-01,2014,3,38,Housing,Not selected
Threshold ridge,2014 Q3,PERMIT,0,0,2014 Q3,2014-07-01,2014,3,38,Housing,Not selected
Threshold ridge,2014 Q3,M1SL,1,1,2014 Q3,2014-07-01,2014,3,38,Money and credit,Money and credit
Threshold ridge,2014 Q3,M2SL,2,1,2014 Q3,2014-07-01,2014,3,38,Money and credit,Money and credit
Threshold ridge,2014 Q3,BOGMBASE,0,0,2014 Q3,2014-07-01,2014,3,38,Money and credit,Not selected
Threshold ridge,2014 Q3,BUSLOANS,0,0,2014 Q3,2014-07-01,2014,3,38,Money and credit,Not selected
Threshold ridge,2014 Q3,NONREVSL,1,1,2014 Q3,2014-07-01,2014,3,38,Money and credit,Money and credit
Threshold ridge,2014 Q3,CPIAUCSL,0,0,2014 Q3,2014-07-01,2014,3,38,Prices and commodities,Not selected
Threshold ridge,2014 Q3,PPICMM,0,0,2014 Q3,2014-07-01,2014,3,38,Prices and commodities,Not selected
Threshold ridge,2014 Q3,PCEPI,0,0,2014 Q3,2014-07-01,2014,3,38,Prices and commodities,Not selected
Threshold ridge,2014 Q3,OILPRICEx,0,0,2014 Q3,2014-07-01,2014,3,38,Prices and commodities,Not selected
Threshold ridge,2014 Q3,FEDFUNDS,2,1,2014 Q3,2014-07-01,2014,3,38,Financial / sentiment,Financial / sentiment
Threshold ridge,2014 Q3,TB3MS,0,0,2014 Q3,2014-07-01,2014,3,38,Financial / sentiment,Not selected
Threshold ridge,2014 Q3,GS10,0,0,2014 Q3,2014-07-01,2014,3,38,Financial / sentiment,Not selected
Threshold ridge,2014 Q3,AAA,0,0,2014 Q3,2014-07-01,2014,3,38,Financial / sentiment,Not selected
Threshold ridge,2014 Q3,BAA,0,0,2014 Q3,2014-07-01,2014,3,38,Financial / sentiment,Not selected
Threshold ridge,2014 Q3,S&P 500,0,0,2014 Q3,2014-07-01,2014,3,38,Financial / sentiment,Not selected
Threshold ridge,2014 Q3,VIXCLSx,0,0,2014 Q3,2014-07-01,2014,3,38,Financial / sentiment,Not selected
Threshold ridge,2014 Q3,UMCSENTx,0,0,2014 Q3,2014-07-01,2014,3,38,Financial / sentiment,Not selected
Threshold ridge,2014 Q3,TERM_SPREAD,0,0,2014 Q3,2014-07-01,2014,3,38,Financial / sentiment,Not selected
Threshold ridge,2014 Q3,CREDIT_SPREAD,0,0,2014 Q3,2014-07-01,2014,3,38,Financial / sentiment,Not selected
Threshold ridge,2014 Q4,RPI,2,1,2014 Q4,2014-10-01,2014,4,39,Real activity / consumption,Real activity / consumption
Threshold ridge,2014 Q4,DPCERA3M086SBEA,2,1,2014 Q4,2014-10-01,2014,4,39,Real activity / consumption,Real activity / consumption
Threshold ridge,2014 Q4,INDPRO,2,1,2014 Q4,2014-10-01,2014,4,39,Real activity / consumption,Real activity / consumption
Threshold ridge,2014 Q4,CMRMTSPLx,2,1,2014 Q4,2014-10-01,2014,4,39,Real activity / consumption,Real activity / consumption
Threshold ridge,2014 Q4,RETAILx,0,0,2014 Q4,2014-10-01,2014,4,39,Real activity / consumption,Not selected
Threshold ridge,2014 Q4,UNRATE,0,0,2014 Q4,2014-10-01,2014,4,39,Labor market,Not selected
Threshold ridge,2014 Q4,CLAIMSx,3,1,2014 Q4,2014-10-01,2014,4,39,Labor market,Labor market
Threshold ridge,2014 Q4,PAYEMS,1,1,2014 Q4,2014-10-01,2014,4,39,Labor market,Labor market
Threshold ridge,2014 Q4,AWHMAN,0,0,2014 Q4,2014-10-01,2014,4,39,Labor market,Not selected
Threshold ridge,2014 Q4,HOUST,0,0,2014 Q4,2014-10-01,2014,4,39,Housing,Not selected
Threshold ridge,2014 Q4,PERMIT,0,0,2014 Q4,2014-10-01,2014,4,39,Housing,Not selected
Threshold ridge,2014 Q4,M1SL,1,1,2014 Q4,2014-10-01,2014,4,39,Money and credit,Money and credit
Threshold ridge,2014 Q4,M2SL,2,1,2014 Q4,2014-10-01,2014,4,39,Money and credit,Money and credit
Threshold ridge,2014 Q4,BOGMBASE,0,0,2014 Q4,2014-10-01,2014,4,39,Money and credit,Not selected
Threshold ridge,2014 Q4,BUSLOANS,0,0,2014 Q4,2014-10-01,2014,4,39,Money and credit,Not selected
Threshold ridge,2014 Q4,NONREVSL,1,1,2014 Q4,2014-10-01,2014,4,39,Money and credit,Money and credit
Threshold ridge,2014 Q4,CPIAUCSL,0,0,2014 Q4,2014-10-01,2014,4,39,Prices and commodities,Not selected
Threshold ridge,2014 Q4,PPICMM,0,0,2014 Q4,2014-10-01,2014,4,39,Prices and commodities,Not selected
Threshold ridge,2014 Q4,PCEPI,0,0,2014 Q4,2014-10-01,2014,4,39,Prices and commodities,Not selected
Threshold ridge,2014 Q4,OILPRICEx,0,0,2014 Q4,2014-10-01,2014,4,39,Prices and commodities,Not selected
Threshold ridge,2014 Q4,FEDFUNDS,2,1,2014 Q4,2014-10-01,2014,4,39,Financial / sentiment,Financial / sentiment
Threshold ridge,2014 Q4,TB3MS,0,0,2014 Q4,2014-10-01,2014,4,39,Financial / sentiment,Not selected
Threshold ridge,2014 Q4,GS10,0,0,2014 Q4,2014-10-01,2014,4,39,Financial / sentiment,Not selected
Threshold ridge,2014 Q4,AAA,0,0,2014 Q4,2014-10-01,2014,4,39,Financial / sentiment,Not selected
Threshold ridge,2014 Q4,BAA,0,0,2014 Q4,2014-10-01,2014,4,39,Financial / sentiment,Not selected
Threshold ridge,2014 Q4,S&P 500,0,0,2014 Q4,2014-10-01,2014,4,39,Financial / sentiment,Not selected
Threshold ridge,2014 Q4,VIXCLSx,0,0,2014 Q4,2014-10-01,2014,4,39,Financial / sentiment,Not selected
Threshold ridge,2014 Q4,UMCSENTx,0,0,2014 Q4,2014-10-01,2014,4,39,Financial / sentiment,Not selected
Threshold ridge,2014 Q4,TERM_SPREAD,0,0,2014 Q4,2014-10-01,2014,4,39,Financial / sentiment,Not selected
Threshold ridge,2014 Q4,CREDIT_SPREAD,0,0,2014 Q4,2014-10-01,2014,4,39,Financial / sentiment,Not selected
Threshold ridge,2015 Q1,RPI,2,1,2015 Q1,2015-01-01,2015,1,40,Real activity / consumption,Real activity / consumption
Threshold ridge,2015 Q1,DPCERA3M086SBEA,1,1,2015 Q1,2015-01-01,2015,1,40,Real activity / consumption,Real activity / consumption
Threshold ridge,2015 Q1,INDPRO,2,1,2015 Q1,2015-01-01,2015,1,40,Real activity / consumption,Real activity / consumption
Threshold ridge,2015 Q1,CMRMTSPLx,2,1,2015 Q1,2015-01-01,2015,1,40,Real activity / consumption,Real activity / consumption
Threshold ridge,2015 Q1,RETAILx,0,0,2015 Q1,2015-01-01,2015,1,40,Real activity / consumption,Not selected
Threshold ridge,2015 Q1,UNRATE,0,0,2015 Q1,2015-01-01,2015,1,40,Labor market,Not selected
Threshold ridge,2015 Q1,CLAIMSx,2,1,2015 Q1,2015-01-01,2015,1,40,Labor market,Labor market
Threshold ridge,2015 Q1,PAYEMS,1,1,2015 Q1,2015-01-01,2015,1,40,Labor market,Labor market
Threshold ridge,2015 Q1,AWHMAN,0,0,2015 Q1,2015-01-01,2015,1,40,Labor market,Not selected
Threshold ridge,2015 Q1,HOUST,0,0,2015 Q1,2015-01-01,2015,1,40,Housing,Not selected
Threshold ridge,2015 Q1,PERMIT,0,0,2015 Q1,2015-01-01,2015,1,40,Housing,Not selected
Threshold ridge,2015 Q1,M1SL,1,1,2015 Q1,2015-01-01,2015,1,40,Money and credit,Money and credit
Threshold ridge,2015 Q1,M2SL,2,1,2015 Q1,2015-01-01,2015,1,40,Money and credit,Money and credit
Threshold ridge,2015 Q1,BOGMBASE,0,0,2015 Q1,2015-01-01,2015,1,40,Money and credit,Not selected
Threshold ridge,2015 Q1,BUSLOANS,0,0,2015 Q1,2015-01-01,2015,1,40,Money and credit,Not selected
Threshold ridge,2015 Q1,NONREVSL,1,1,2015 Q1,2015-01-01,2015,1,40,Money and credit,Money and credit
Threshold ridge,2015 Q1,CPIAUCSL,0,0,2015 Q1,2015-01-01,2015,1,40,Prices and commodities,Not selected
Threshold ridge,2015 Q1,PPICMM,0,0,2015 Q1,2015-01-01,2015,1,40,Prices and commodities,Not selected
Threshold ridge,2015 Q1,PCEPI,0,0,2015 Q1,2015-01-01,2015,1,40,Prices and commodities,Not selected
Threshold ridge,2015 Q1,OILPRICEx,0,0,2015 Q1,2015-01-01,2015,1,40,Prices and commodities,Not selected
Threshold ridge,2015 Q1,FEDFUNDS,2,1,2015 Q1,2015-01-01,2015,1,40,Financial / sentiment,Financial / sentiment
Threshold ridge,2015 Q1,TB3MS,0,0,2015 Q1,2015-01-01,2015,1,40,Financial / sentiment,Not selected
Threshold ridge,2015 Q1,GS10,0,0,2015 Q1,2015-01-01,2015,1,40,Financial / sentiment,Not selected
Threshold ridge,2015 Q1,AAA,0,0,2015 Q1,2015-01-01,2015,1,40,Financial / sentiment,Not selected
Threshold ridge,2015 Q1,BAA,0,0,2015 Q1,2015-01-01,2015,1,40,Financial / sentiment,Not selected
Threshold ridge,2015 Q1,S&P 500,0,0,2015 Q1,2015-01-01,2015,1,40,Financial / sentiment,Not selected
Threshold ridge,2015 Q1,VIXCLSx,0,0,2015 Q1,2015-01-01,2015,1,40,Financial / sentiment,Not selected
Threshold ridge,2015 Q1,UMCSENTx,0,0,2015 Q1,2015-01-01,2015,1,40,Financial / sentiment,Not selected
Threshold ridge,2015 Q1,TERM_SPREAD,0,0,2015 Q1,2015-01-01,2015,1,40,Financial / sentiment,Not selected
Threshold ridge,2015 Q1,CREDIT_SPREAD,0,0,2015 Q1,2015-01-01,2015,1,40,Financial / sentiment,Not selected
Threshold ridge,2015 Q2,RPI,2,1,2015 Q2,2015-04-01,2015,2,41,Real activity / consumption,Real activity / consumption
Threshold ridge,2015 Q2,DPCERA3M086SBEA,2,1,2015 Q2,2015-04-01,2015,2,41,Real activity / consumption,Real activity / consumption
Threshold ridge,2015 Q2,INDPRO,2,1,2015 Q2,2015-04-01,2015,2,41,Real activity / consumption,Real activity / consumption
Threshold ridge,2015 Q2,CMRMTSPLx,3,1,2015 Q2,2015-04-01,2015,2,41,Real activity / consumption,Real activity / consumption
Threshold ridge,2015 Q2,RETAILx,0,0,2015 Q2,2015-04-01,2015,2,41,Real activity / consumption,Not selected
Threshold ridge,2015 Q2,UNRATE,0,0,2015 Q2,2015-04-01,2015,2,41,Labor market,Not selected
Threshold ridge,2015 Q2,CLAIMSx,2,1,2015 Q2,2015-04-01,2015,2,41,Labor market,Labor market
Threshold ridge,2015 Q2,PAYEMS,1,1,2015 Q2,2015-04-01,2015,2,41,Labor market,Labor market
Threshold ridge,2015 Q2,AWHMAN,0,0,2015 Q2,2015-04-01,2015,2,41,Labor market,Not selected
Threshold ridge,2015 Q2,HOUST,0,0,2015 Q2,2015-04-01,2015,2,41,Housing,Not selected
Threshold ridge,2015 Q2,PERMIT,0,0,2015 Q2,2015-04-01,2015,2,41,Housing,Not selected
Threshold ridge,2015 Q2,M1SL,1,1,2015 Q2,2015-04-01,2015,2,41,Money and credit,Money and credit
Threshold ridge,2015 Q2,M2SL,2,1,2015 Q2,2015-04-01,2015,2,41,Money and credit,Money and credit
Threshold ridge,2015 Q2,BOGMBASE,0,0,2015 Q2,2015-04-01,2015,2,41,Money and credit,Not selected
Threshold ridge,2015 Q2,BUSLOANS,0,0,2015 Q2,2015-04-01,2015,2,41,Money and credit,Not selected
Threshold ridge,2015 Q2,NONREVSL,1,1,2015 Q2,2015-04-01,2015,2,41,Money and credit,Money and credit
Threshold ridge,2015 Q2,CPIAUCSL,0,0,2015 Q2,2015-04-01,2015,2,41,Prices and commodities,Not selected
Threshold ridge,2015 Q2,PPICMM,0,0,2015 Q2,2015-04-01,2015,2,41,Prices and commodities,Not selected
Threshold ridge,2015 Q2,PCEPI,0,0,2015 Q2,2015-04-01,2015,2,41,Prices and commodities,Not selected
Threshold ridge,2015 Q2,OILPRICEx,0,0,2015 Q2,2015-04-01,2015,2,41,Prices and commodities,Not selected
Threshold ridge,2015 Q2,FEDFUNDS,2,1,2015 Q2,2015-04-01,2015,2,41,Financial / sentiment,Financial / sentiment
Threshold ridge,2015 Q2,TB3MS,0,0,2015 Q2,2015-04-01,2015,2,41,Financial / sentiment,Not selected
Threshold ridge,2015 Q2,GS10,0,0,2015 Q2,2015-04-01,2015,2,41,Financial / sentiment,Not selected
Threshold ridge,2015 Q2,AAA,0,0,2015 Q2,2015-04-01,2015,2,41,Financial / sentiment,Not selected
Threshold ridge,2015 Q2,BAA,0,0,2015 Q2,2015-04-01,2015,2,41,Financial / sentiment,Not selected
Threshold ridge,2015 Q2,S&P 500,0,0,2015 Q2,2015-04-01,2015,2,41,Financial / sentiment,Not selected
Threshold ridge,2015 Q2,VIXCLSx,0,0,2015 Q2,2015-04-01,2015,2,41,Financial / sentiment,Not selected
Threshold ridge,2015 Q2,UMCSENTx,0,0,2015 Q2,2015-04-01,2015,2,41,Financial / sentiment,Not selected
Threshold ridge,2015 Q2,TERM_SPREAD,0,0,2015 Q2,2015-04-01,2015,2,41,Financial / sentiment,Not selected
Threshold ridge,2015 Q2,CREDIT_SPREAD,0,0,2015 Q2,2015-04-01,2015,2,41,Financial / sentiment,Not selected
Threshold ridge,2015 Q3,RPI,2,1,2015 Q3,2015-07-01,2015,3,42,Real activity / consumption,Real activity / consumption
Threshold ridge,2015 Q3,DPCERA3M086SBEA,2,1,2015 Q3,2015-07-01,2015,3,42,Real activity / consumption,Real activity / consumption
Threshold ridge,2015 Q3,INDPRO,2,1,2015 Q3,2015-07-01,2015,3,42,Real activity / consumption,Real activity / consumption
Threshold ridge,2015 Q3,CMRMTSPLx,3,1,2015 Q3,2015-07-01,2015,3,42,Real activity / consumption,Real activity / consumption
Threshold ridge,2015 Q3,RETAILx,0,0,2015 Q3,2015-07-01,2015,3,42,Real activity / consumption,Not selected
Threshold ridge,2015 Q3,UNRATE,0,0,2015 Q3,2015-07-01,2015,3,42,Labor market,Not selected
Threshold ridge,2015 Q3,CLAIMSx,2,1,2015 Q3,2015-07-01,2015,3,42,Labor market,Labor market
Threshold ridge,2015 Q3,PAYEMS,1,1,2015 Q3,2015-07-01,2015,3,42,Labor market,Labor market
Threshold ridge,2015 Q3,AWHMAN,0,0,2015 Q3,2015-07-01,2015,3,42,Labor market,Not selected
Threshold ridge,2015 Q3,HOUST,0,0,2015 Q3,2015-07-01,2015,3,42,Housing,Not selected
Threshold ridge,2015 Q3,PERMIT,0,0,2015 Q3,2015-07-01,2015,3,42,Housing,Not selected
Threshold ridge,2015 Q3,M1SL,1,1,2015 Q3,2015-07-01,2015,3,42,Money and credit,Money and credit
Threshold ridge,2015 Q3,M2SL,2,1,2015 Q3,2015-07-01,2015,3,42,Money and credit,Money and credit
Threshold ridge,2015 Q3,BOGMBASE,0,0,2015 Q3,2015-07-01,2015,3,42,Money and credit,Not selected
Threshold ridge,2015 Q3,BUSLOANS,0,0,2015 Q3,2015-07-01,2015,3,42,Money and credit,Not selected
Threshold ridge,2015 Q3,NONREVSL,1,1,2015 Q3,2015-07-01,2015,3,42,Money and credit,Money and credit
Threshold ridge,2015 Q3,CPIAUCSL,0,0,2015 Q3,2015-07-01,2015,3,42,Prices and commodities,Not selected
Threshold ridge,2015 Q3,PPICMM,0,0,2015 Q3,2015-07-01,2015,3,42,Prices and commodities,Not selected
Threshold ridge,2015 Q3,PCEPI,0,0,2015 Q3,2015-07-01,2015,3,42,Prices and commodities,Not selected
Threshold ridge,2015 Q3,OILPRICEx,0,0,2015 Q3,2015-07-01,2015,3,42,Prices and commodities,Not selected
Threshold ridge,2015 Q3,FEDFUNDS,2,1,2015 Q3,2015-07-01,2015,3,42,Financial / sentiment,Financial / sentiment
Threshold ridge,2015 Q3,TB3MS,0,0,2015 Q3,2015-07-01,2015,3,42,Financial / sentiment,Not selected
Threshold ridge,2015 Q3,GS10,0,0,2015 Q3,2015-07-01,2015,3,42,Financial / sentiment,Not selected
Threshold ridge,2015 Q3,AAA,0,0,2015 Q3,2015-07-01,2015,3,42,Financial / sentiment,Not selected
Threshold ridge,2015 Q3,BAA,0,0,2015 Q3,2015-07-01,2015,3,42,Financial / sentiment,Not selected
Threshold ridge,2015 Q3,S&P 500,0,0,2015 Q3,2015-07-01,2015,3,42,Financial / sentiment,Not selected
Threshold ridge,2015 Q3,VIXCLSx,0,0,2015 Q3,2015-07-01,2015,3,42,Financial / sentiment,Not selected
Threshold ridge,2015 Q3,UMCSENTx,0,0,2015 Q3,2015-07-01,2015,3,42,Financial / sentiment,Not selected
Threshold ridge,2015 Q3,TERM_SPREAD,0,0,2015 Q3,2015-07-01,2015,3,42,Financial / sentiment,Not selected
Threshold ridge,2015 Q3,CREDIT_SPREAD,0,0,2015 Q3,2015-07-01,2015,3,42,Financial / sentiment,Not selected
Threshold ridge,2015 Q4,RPI,2,1,2015 Q4,2015-10-01,2015,4,43,Real activity / consumption,Real activity / consumption
Threshold ridge,2015 Q4,DPCERA3M086SBEA,2,1,2015 Q4,2015-10-01,2015,4,43,Real activity / consumption,Real activity / consumption
Threshold ridge,2015 Q4,INDPRO,2,1,2015 Q4,2015-10-01,2015,4,43,Real activity / consumption,Real activity / consumption
Threshold ridge,2015 Q4,CMRMTSPLx,3,1,2015 Q4,2015-10-01,2015,4,43,Real activity / consumption,Real activity / consumption
Threshold ridge,2015 Q4,RETAILx,0,0,2015 Q4,2015-10-01,2015,4,43,Real activity / consumption,Not selected
Threshold ridge,2015 Q4,UNRATE,0,0,2015 Q4,2015-10-01,2015,4,43,Labor market,Not selected
Threshold ridge,2015 Q4,CLAIMSx,2,1,2015 Q4,2015-10-01,2015,4,43,Labor market,Labor market
Threshold ridge,2015 Q4,PAYEMS,1,1,2015 Q4,2015-10-01,2015,4,43,Labor market,Labor market
Threshold ridge,2015 Q4,AWHMAN,0,0,2015 Q4,2015-10-01,2015,4,43,Labor market,Not selected
Threshold ridge,2015 Q4,HOUST,0,0,2015 Q4,2015-10-01,2015,4,43,Housing,Not selected
Threshold ridge,2015 Q4,PERMIT,0,0,2015 Q4,2015-10-01,2015,4,43,Housing,Not selected
Threshold ridge,2015 Q4,M1SL,1,1,2015 Q4,2015-10-01,2015,4,43,Money and credit,Money and credit
Threshold ridge,2015 Q4,M2SL,2,1,2015 Q4,2015-10-01,2015,4,43,Money and credit,Money and credit
Threshold ridge,2015 Q4,BOGMBASE,0,0,2015 Q4,2015-10-01,2015,4,43,Money and credit,Not selected
Threshold ridge,2015 Q4,BUSLOANS,0,0,2015 Q4,2015-10-01,2015,4,43,Money and credit,Not selected
Threshold ridge,2015 Q4,NONREVSL,1,1,2015 Q4,2015-10-01,2015,4,43,Money and credit,Money and credit
Threshold ridge,2015 Q4,CPIAUCSL,0,0,2015 Q4,2015-10-01,2015,4,43,Prices and commodities,Not selected
Threshold ridge,2015 Q4,PPICMM,0,0,2015 Q4,2015-10-01,2015,4,43,Prices and commodities,Not selected
Threshold ridge,2015 Q4,PCEPI,0,0,2015 Q4,2015-10-01,2015,4,43,Prices and commodities,Not selected
Threshold ridge,2015 Q4,OILPRICEx,0,0,2015 Q4,2015-10-01,2015,4,43,Prices and commodities,Not selected
Threshold ridge,2015 Q4,FEDFUNDS,2,1,2015 Q4,2015-10-01,2015,4,43,Financial / sentiment,Financial / sentiment
Threshold ridge,2015 Q4,TB3MS,0,0,2015 Q4,2015-10-01,2015,4,43,Financial / sentiment,Not selected
Threshold ridge,2015 Q4,GS10,0,0,2015 Q4,2015-10-01,2015,4,43,Financial / sentiment,Not selected
Threshold ridge,2015 Q4,AAA,0,0,2015 Q4,2015-10-01,2015,4,43,Financial / sentiment,Not selected
Threshold ridge,2015 Q4,BAA,0,0,2015 Q4,2015-10-01,2015,4,43,Financial / sentiment,Not selected
Threshold ridge,2015 Q4,S&P 500,0,0,2015 Q4,2015-10-01,2015,4,43,Financial / sentiment,Not selected
Threshold ridge,2015 Q4,VIXCLSx,0,0,2015 Q4,2015-10-01,2015,4,43,Financial / sentiment,Not selected
Threshold ridge,2015 Q4,UMCSENTx,0,0,2015 Q4,2015-10-01,2015,4,43,Financial / sentiment,Not selected
Threshold ridge,2015 Q4,TERM_SPREAD,0,0,2015 Q4,2015-10-01,2015,4,43,Financial / sentiment,Not selected
Threshold ridge,2015 Q4,CREDIT_SPREAD,0,0,2015 Q4,2015-10-01,2015,4,43,Financial / sentiment,Not selected
Threshold ridge,2016 Q1,RPI,2,1,2016 Q1,2016-01-01,2016,1,44,Real activity / consumption,Real activity / consumption
Threshold ridge,2016 Q1,DPCERA3M086SBEA,2,1,2016 Q1,2016-01-01,2016,1,44,Real activity / consumption,Real activity / consumption
Threshold ridge,2016 Q1,INDPRO,2,1,2016 Q1,2016-01-01,2016,1,44,Real activity / consumption,Real activity / consumption
Threshold ridge,2016 Q1,CMRMTSPLx,3,1,2016 Q1,2016-01-01,2016,1,44,Real activity / consumption,Real activity / consumption
Threshold ridge,2016 Q1,RETAILx,0,0,2016 Q1,2016-01-01,2016,1,44,Real activity / consumption,Not selected
Threshold ridge,2016 Q1,UNRATE,0,0,2016 Q1,2016-01-01,2016,1,44,Labor market,Not selected
Threshold ridge,2016 Q1,CLAIMSx,2,1,2016 Q1,2016-01-01,2016,1,44,Labor market,Labor market
Threshold ridge,2016 Q1,PAYEMS,1,1,2016 Q1,2016-01-01,2016,1,44,Labor market,Labor market
Threshold ridge,2016 Q1,AWHMAN,0,0,2016 Q1,2016-01-01,2016,1,44,Labor market,Not selected
Threshold ridge,2016 Q1,HOUST,0,0,2016 Q1,2016-01-01,2016,1,44,Housing,Not selected
Threshold ridge,2016 Q1,PERMIT,0,0,2016 Q1,2016-01-01,2016,1,44,Housing,Not selected
Threshold ridge,2016 Q1,M1SL,1,1,2016 Q1,2016-01-01,2016,1,44,Money and credit,Money and credit
Threshold ridge,2016 Q1,M2SL,2,1,2016 Q1,2016-01-01,2016,1,44,Money and credit,Money and credit
Threshold ridge,2016 Q1,BOGMBASE,0,0,2016 Q1,2016-01-01,2016,1,44,Money and credit,Not selected
Threshold ridge,2016 Q1,BUSLOANS,0,0,2016 Q1,2016-01-01,2016,1,44,Money and credit,Not selected
Threshold ridge,2016 Q1,NONREVSL,0,0,2016 Q1,2016-01-01,2016,1,44,Money and credit,Not selected
Threshold ridge,2016 Q1,CPIAUCSL,0,0,2016 Q1,2016-01-01,2016,1,44,Prices and commodities,Not selected
Threshold ridge,2016 Q1,PPICMM,0,0,2016 Q1,2016-01-01,2016,1,44,Prices and commodities,Not selected
Threshold ridge,2016 Q1,PCEPI,0,0,2016 Q1,2016-01-01,2016,1,44,Prices and commodities,Not selected
Threshold ridge,2016 Q1,OILPRICEx,0,0,2016 Q1,2016-01-01,2016,1,44,Prices and commodities,Not selected
Threshold ridge,2016 Q1,FEDFUNDS,2,1,2016 Q1,2016-01-01,2016,1,44,Financial / sentiment,Financial / sentiment
Threshold ridge,2016 Q1,TB3MS,0,0,2016 Q1,2016-01-01,2016,1,44,Financial / sentiment,Not selected
Threshold ridge,2016 Q1,GS10,0,0,2016 Q1,2016-01-01,2016,1,44,Financial / sentiment,Not selected
Threshold ridge,2016 Q1,AAA,0,0,2016 Q1,2016-01-01,2016,1,44,Financial / sentiment,Not selected
Threshold ridge,2016 Q1,BAA,0,0,2016 Q1,2016-01-01,2016,1,44,Financial / sentiment,Not selected
Threshold ridge,2016 Q1,S&P 500,0,0,2016 Q1,2016-01-01,2016,1,44,Financial / sentiment,Not selected
Threshold ridge,2016 Q1,VIXCLSx,0,0,2016 Q1,2016-01-01,2016,1,44,Financial / sentiment,Not selected
Threshold ridge,2016 Q1,UMCSENTx,0,0,2016 Q1,2016-01-01,2016,1,44,Financial / sentiment,Not selected
Threshold ridge,2016 Q1,TERM_SPREAD,0,0,2016 Q1,2016-01-01,2016,1,44,Financial / sentiment,Not selected
Threshold ridge,2016 Q1,CREDIT_SPREAD,0,0,2016 Q1,2016-01-01,2016,1,44,Financial / sentiment,Not selected
Threshold ridge,2016 Q2,RPI,2,1,2016 Q2,2016-04-01,2016,2,45,Real activity / consumption,Real activity / consumption
Threshold ridge,2016 Q2,DPCERA3M086SBEA,0,0,2016 Q2,2016-04-01,2016,2,45,Real activity / consumption,Not selected
Threshold ridge,2016 Q2,INDPRO,2,1,2016 Q2,2016-04-01,2016,2,45,Real activity / consumption,Real activity / consumption
Threshold ridge,2016 Q2,CMRMTSPLx,3,1,2016 Q2,2016-04-01,2016,2,45,Real activity / consumption,Real activity / consumption
Threshold ridge,2016 Q2,RETAILx,0,0,2016 Q2,2016-04-01,2016,2,45,Real activity / consumption,Not selected
Threshold ridge,2016 Q2,UNRATE,0,0,2016 Q2,2016-04-01,2016,2,45,Labor market,Not selected
Threshold ridge,2016 Q2,CLAIMSx,3,1,2016 Q2,2016-04-01,2016,2,45,Labor market,Labor market
Threshold ridge,2016 Q2,PAYEMS,1,1,2016 Q2,2016-04-01,2016,2,45,Labor market,Labor market
Threshold ridge,2016 Q2,AWHMAN,0,0,2016 Q2,2016-04-01,2016,2,45,Labor market,Not selected
Threshold ridge,2016 Q2,HOUST,0,0,2016 Q2,2016-04-01,2016,2,45,Housing,Not selected
Threshold ridge,2016 Q2,PERMIT,0,0,2016 Q2,2016-04-01,2016,2,45,Housing,Not selected
Threshold ridge,2016 Q2,M1SL,1,1,2016 Q2,2016-04-01,2016,2,45,Money and credit,Money and credit
Threshold ridge,2016 Q2,M2SL,2,1,2016 Q2,2016-04-01,2016,2,45,Money and credit,Money and credit
Threshold ridge,2016 Q2,BOGMBASE,0,0,2016 Q2,2016-04-01,2016,2,45,Money and credit,Not selected
Threshold ridge,2016 Q2,BUSLOANS,0,0,2016 Q2,2016-04-01,2016,2,45,Money and credit,Not selected
Threshold ridge,2016 Q2,NONREVSL,0,0,2016 Q2,2016-04-01,2016,2,45,Money and credit,Not selected
Threshold ridge,2016 Q2,CPIAUCSL,0,0,2016 Q2,2016-04-01,2016,2,45,Prices and commodities,Not selected
Threshold ridge,2016 Q2,PPICMM,0,0,2016 Q2,2016-04-01,2016,2,45,Prices and commodities,Not selected
Threshold ridge,2016 Q2,PCEPI,0,0,2016 Q2,2016-04-01,2016,2,45,Prices and commodities,Not selected
Threshold ridge,2016 Q2,OILPRICEx,0,0,2016 Q2,2016-04-01,2016,2,45,Prices and commodities,Not selected
Threshold ridge,2016 Q2,FEDFUNDS,2,1,2016 Q2,2016-04-01,2016,2,45,Financial / sentiment,Financial / sentiment
Threshold ridge,2016 Q2,TB3MS,0,0,2016 Q2,2016-04-01,2016,2,45,Financial / sentiment,Not selected
Threshold ridge,2016 Q2,GS10,0,0,2016 Q2,2016-04-01,2016,2,45,Financial / sentiment,Not selected
Threshold ridge,2016 Q2,AAA,0,0,2016 Q2,2016-04-01,2016,2,45,Financial / sentiment,Not selected
Threshold ridge,2016 Q2,BAA,0,0,2016 Q2,2016-04-01,2016,2,45,Financial / sentiment,Not selected
Threshold ridge,2016 Q2,S&P 500,0,0,2016 Q2,2016-04-01,2016,2,45,Financial / sentiment,Not selected
Threshold ridge,2016 Q2,VIXCLSx,0,0,2016 Q2,2016-04-01,2016,2,45,Financial / sentiment,Not selected
Threshold ridge,2016 Q2,UMCSENTx,0,0,2016 Q2,2016-04-01,2016,2,45,Financial / sentiment,Not selected
Threshold ridge,2016 Q2,TERM_SPREAD,0,0,2016 Q2,2016-04-01,2016,2,45,Financial / sentiment,Not selected
Threshold ridge,2016 Q2,CREDIT_SPREAD,0,0,2016 Q2,2016-04-01,2016,2,45,Financial / sentiment,Not selected
Threshold ridge,2016 Q3,RPI,2,1,2016 Q3,2016-07-01,2016,3,46,Real activity / consumption,Real activity / consumption
Threshold ridge,2016 Q3,DPCERA3M086SBEA,0,0,2016 Q3,2016-07-01,2016,3,46,Real activity / consumption,Not selected
Threshold ridge,2016 Q3,INDPRO,2,1,2016 Q3,2016-07-01,2016,3,46,Real activity / consumption,Real activity / consumption
Threshold ridge,2016 Q3,CMRMTSPLx,3,1,2016 Q3,2016-07-01,2016,3,46,Real activity / consumption,Real activity / consumption
Threshold ridge,2016 Q3,RETAILx,0,0,2016 Q3,2016-07-01,2016,3,46,Real activity / consumption,Not selected
Threshold ridge,2016 Q3,UNRATE,0,0,2016 Q3,2016-07-01,2016,3,46,Labor market,Not selected
Threshold ridge,2016 Q3,CLAIMSx,3,1,2016 Q3,2016-07-01,2016,3,46,Labor market,Labor market
Threshold ridge,2016 Q3,PAYEMS,1,1,2016 Q3,2016-07-01,2016,3,46,Labor market,Labor market
Threshold ridge,2016 Q3,AWHMAN,0,0,2016 Q3,2016-07-01,2016,3,46,Labor market,Not selected
Threshold ridge,2016 Q3,HOUST,0,0,2016 Q3,2016-07-01,2016,3,46,Housing,Not selected
Threshold ridge,2016 Q3,PERMIT,0,0,2016 Q3,2016-07-01,2016,3,46,Housing,Not selected
Threshold ridge,2016 Q3,M1SL,1,1,2016 Q3,2016-07-01,2016,3,46,Money and credit,Money and credit
Threshold ridge,2016 Q3,M2SL,2,1,2016 Q3,2016-07-01,2016,3,46,Money and credit,Money and credit
Threshold ridge,2016 Q3,BOGMBASE,0,0,2016 Q3,2016-07-01,2016,3,46,Money and credit,Not selected
Threshold ridge,2016 Q3,BUSLOANS,0,0,2016 Q3,2016-07-01,2016,3,46,Money and credit,Not selected
Threshold ridge,2016 Q3,NONREVSL,0,0,2016 Q3,2016-07-01,2016,3,46,Money and credit,Not selected
Threshold ridge,2016 Q3,CPIAUCSL,0,0,2016 Q3,2016-07-01,2016,3,46,Prices and commodities,Not selected
Threshold ridge,2016 Q3,PPICMM,0,0,2016 Q3,2016-07-01,2016,3,46,Prices and commodities,Not selected
Threshold ridge,2016 Q3,PCEPI,0,0,2016 Q3,2016-07-01,2016,3,46,Prices and commodities,Not selected
Threshold ridge,2016 Q3,OILPRICEx,0,0,2016 Q3,2016-07-01,2016,3,46,Prices and commodities,Not selected
Threshold ridge,2016 Q3,FEDFUNDS,2,1,2016 Q3,2016-07-01,2016,3,46,Financial / sentiment,Financial / sentiment
Threshold ridge,2016 Q3,TB3MS,0,0,2016 Q3,2016-07-01,2016,3,46,Financial / sentiment,Not selected
Threshold ridge,2016 Q3,GS10,0,0,2016 Q3,2016-07-01,2016,3,46,Financial / sentiment,Not selected
Threshold ridge,2016 Q3,AAA,0,0,2016 Q3,2016-07-01,2016,3,46,Financial / sentiment,Not selected
Threshold ridge,2016 Q3,BAA,0,0,2016 Q3,2016-07-01,2016,3,46,Financial / sentiment,Not selected
Threshold ridge,2016 Q3,S&P 500,0,0,2016 Q3,2016-07-01,2016,3,46,Financial / sentiment,Not selected
Threshold ridge,2016 Q3,VIXCLSx,0,0,2016 Q3,2016-07-01,2016,3,46,Financial / sentiment,Not selected
Threshold ridge,2016 Q3,UMCSENTx,0,0,2016 Q3,2016-07-01,2016,3,46,Financial / sentiment,Not selected
Threshold ridge,2016 Q3,TERM_SPREAD,0,0,2016 Q3,2016-07-01,2016,3,46,Financial / sentiment,Not selected
Threshold ridge,2016 Q3,CREDIT_SPREAD,0,0,2016 Q3,2016-07-01,2016,3,46,Financial / sentiment,Not selected
Threshold ridge,2016 Q4,RPI,2,1,2016 Q4,2016-10-01,2016,4,47,Real activity / consumption,Real activity / consumption
Threshold ridge,2016 Q4,DPCERA3M086SBEA,1,1,2016 Q4,2016-10-01,2016,4,47,Real activity / consumption,Real activity / consumption
Threshold ridge,2016 Q4,INDPRO,2,1,2016 Q4,2016-10-01,2016,4,47,Real activity / consumption,Real activity / consumption
Threshold ridge,2016 Q4,CMRMTSPLx,3,1,2016 Q4,2016-10-01,2016,4,47,Real activity / consumption,Real activity / consumption
Threshold ridge,2016 Q4,RETAILx,0,0,2016 Q4,2016-10-01,2016,4,47,Real activity / consumption,Not selected
Threshold ridge,2016 Q4,UNRATE,0,0,2016 Q4,2016-10-01,2016,4,47,Labor market,Not selected
Threshold ridge,2016 Q4,CLAIMSx,3,1,2016 Q4,2016-10-01,2016,4,47,Labor market,Labor market
Threshold ridge,2016 Q4,PAYEMS,1,1,2016 Q4,2016-10-01,2016,4,47,Labor market,Labor market
Threshold ridge,2016 Q4,AWHMAN,0,0,2016 Q4,2016-10-01,2016,4,47,Labor market,Not selected
Threshold ridge,2016 Q4,HOUST,0,0,2016 Q4,2016-10-01,2016,4,47,Housing,Not selected
Threshold ridge,2016 Q4,PERMIT,0,0,2016 Q4,2016-10-01,2016,4,47,Housing,Not selected
Threshold ridge,2016 Q4,M1SL,1,1,2016 Q4,2016-10-01,2016,4,47,Money and credit,Money and credit
Threshold ridge,2016 Q4,M2SL,2,1,2016 Q4,2016-10-01,2016,4,47,Money and credit,Money and credit
Threshold ridge,2016 Q4,BOGMBASE,0,0,2016 Q4,2016-10-01,2016,4,47,Money and credit,Not selected
Threshold ridge,2016 Q4,BUSLOANS,0,0,2016 Q4,2016-10-01,2016,4,47,Money and credit,Not selected
Threshold ridge,2016 Q4,NONREVSL,0,0,2016 Q4,2016-10-01,2016,4,47,Money and credit,Not selected
Threshold ridge,2016 Q4,CPIAUCSL,0,0,2016 Q4,2016-10-01,2016,4,47,Prices and commodities,Not selected
Threshold ridge,2016 Q4,PPICMM,0,0,2016 Q4,2016-10-01,2016,4,47,Prices and commodities,Not selected
Threshold ridge,2016 Q4,PCEPI,0,0,2016 Q4,2016-10-01,2016,4,47,Prices and commodities,Not selected
Threshold ridge,2016 Q4,OILPRICEx,0,0,2016 Q4,2016-10-01,2016,4,47,Prices and commodities,Not selected
Threshold ridge,2016 Q4,FEDFUNDS,2,1,2016 Q4,2016-10-01,2016,4,47,Financial / sentiment,Financial / sentiment
Threshold ridge,2016 Q4,TB3MS,0,0,2016 Q4,2016-10-01,2016,4,47,Financial / sentiment,Not selected
Threshold ridge,2016 Q4,GS10,0,0,2016 Q4,2016-10-01,2016,4,47,Financial / sentiment,Not selected
Threshold ridge,2016 Q4,AAA,0,0,2016 Q4,2016-10-01,2016,4,47,Financial / sentiment,Not selected
Threshold ridge,2016 Q4,BAA,0,0,2016 Q4,2016-10-01,2016,4,47,Financial / sentiment,Not selected
Threshold ridge,2016 Q4,S&P 500,0,0,2016 Q4,2016-10-01,2016,4,47,Financial / sentiment,Not selected
Threshold ridge,2016 Q4,VIXCLSx,0,0,2016 Q4,2016-10-01,2016,4,47,Financial / sentiment,Not selected
Threshold ridge,2016 Q4,UMCSENTx,0,0,2016 Q4,2016-10-01,2016,4,47,Financial / sentiment,Not selected
Threshold ridge,2016 Q4,TERM_SPREAD,0,0,2016 Q4,2016-10-01,2016,4,47,Financial / sentiment,Not selected
Threshold ridge,2016 Q4,CREDIT_SPREAD,0,0,2016 Q4,2016-10-01,2016,4,47,Financial / sentiment,Not selected
Threshold ridge,2017 Q1,RPI,2,1,2017 Q1,2017-01-01,2017,1,48,Real activity / consumption,Real activity / consumption
Threshold ridge,2017 Q1,DPCERA3M086SBEA,1,1,2017 Q1,2017-01-01,2017,1,48,Real activity / consumption,Real activity / consumption
Threshold ridge,2017 Q1,INDPRO,2,1,2017 Q1,2017-01-01,2017,1,48,Real activity / consumption,Real activity / consumption
Threshold ridge,2017 Q1,CMRMTSPLx,3,1,2017 Q1,2017-01-01,2017,1,48,Real activity / consumption,Real activity / consumption
Threshold ridge,2017 Q1,RETAILx,0,0,2017 Q1,2017-01-01,2017,1,48,Real activity / consumption,Not selected
Threshold ridge,2017 Q1,UNRATE,0,0,2017 Q1,2017-01-01,2017,1,48,Labor market,Not selected
Threshold ridge,2017 Q1,CLAIMSx,3,1,2017 Q1,2017-01-01,2017,1,48,Labor market,Labor market
Threshold ridge,2017 Q1,PAYEMS,1,1,2017 Q1,2017-01-01,2017,1,48,Labor market,Labor market
Threshold ridge,2017 Q1,AWHMAN,0,0,2017 Q1,2017-01-01,2017,1,48,Labor market,Not selected
Threshold ridge,2017 Q1,HOUST,0,0,2017 Q1,2017-01-01,2017,1,48,Housing,Not selected
Threshold ridge,2017 Q1,PERMIT,0,0,2017 Q1,2017-01-01,2017,1,48,Housing,Not selected
Threshold ridge,2017 Q1,M1SL,1,1,2017 Q1,2017-01-01,2017,1,48,Money and credit,Money and credit
Threshold ridge,2017 Q1,M2SL,2,1,2017 Q1,2017-01-01,2017,1,48,Money and credit,Money and credit
Threshold ridge,2017 Q1,BOGMBASE,0,0,2017 Q1,2017-01-01,2017,1,48,Money and credit,Not selected
Threshold ridge,2017 Q1,BUSLOANS,0,0,2017 Q1,2017-01-01,2017,1,48,Money and credit,Not selected
Threshold ridge,2017 Q1,NONREVSL,0,0,2017 Q1,2017-01-01,2017,1,48,Money and credit,Not selected
Threshold ridge,2017 Q1,CPIAUCSL,0,0,2017 Q1,2017-01-01,2017,1,48,Prices and commodities,Not selected
Threshold ridge,2017 Q1,PPICMM,0,0,2017 Q1,2017-01-01,2017,1,48,Prices and commodities,Not selected
Threshold ridge,2017 Q1,PCEPI,0,0,2017 Q1,2017-01-01,2017,1,48,Prices and commodities,Not selected
Threshold ridge,2017 Q1,OILPRICEx,0,0,2017 Q1,2017-01-01,2017,1,48,Prices and commodities,Not selected
Threshold ridge,2017 Q1,FEDFUNDS,2,1,2017 Q1,2017-01-01,2017,1,48,Financial / sentiment,Financial / sentiment
Threshold ridge,2017 Q1,TB3MS,0,0,2017 Q1,2017-01-01,2017,1,48,Financial / sentiment,Not selected
Threshold ridge,2017 Q1,GS10,0,0,2017 Q1,2017-01-01,2017,1,48,Financial / sentiment,Not selected
Threshold ridge,2017 Q1,AAA,0,0,2017 Q1,2017-01-01,2017,1,48,Financial / sentiment,Not selected
Threshold ridge,2017 Q1,BAA,0,0,2017 Q1,2017-01-01,2017,1,48,Financial / sentiment,Not selected
Threshold ridge,2017 Q1,S&P 500,0,0,2017 Q1,2017-01-01,2017,1,48,Financial / sentiment,Not selected
Threshold ridge,2017 Q1,VIXCLSx,0,0,2017 Q1,2017-01-01,2017,1,48,Financial / sentiment,Not selected
Threshold ridge,2017 Q1,UMCSENTx,0,0,2017 Q1,2017-01-01,2017,1,48,Financial / sentiment,Not selected
Threshold ridge,2017 Q1,TERM_SPREAD,0,0,2017 Q1,2017-01-01,2017,1,48,Financial / sentiment,Not selected
Threshold ridge,2017 Q1,CREDIT_SPREAD,0,0,2017 Q1,2017-01-01,2017,1,48,Financial / sentiment,Not selected
Threshold ridge,2017 Q2,RPI,2,1,2017 Q2,2017-04-01,2017,2,49,Real activity / consumption,Real activity / consumption
Threshold ridge,2017 Q2,DPCERA3M086SBEA,2,1,2017 Q2,2017-04-01,2017,2,49,Real activity / consumption,Real activity / consumption
Threshold ridge,2017 Q2,INDPRO,2,1,2017 Q2,2017-04-01,2017,2,49,Real activity / consumption,Real activity / consumption
Threshold ridge,2017 Q2,CMRMTSPLx,2,1,2017 Q2,2017-04-01,2017,2,49,Real activity / consumption,Real activity / consumption
Threshold ridge,2017 Q2,RETAILx,0,0,2017 Q2,2017-04-01,2017,2,49,Real activity / consumption,Not selected
Threshold ridge,2017 Q2,UNRATE,0,0,2017 Q2,2017-04-01,2017,2,49,Labor market,Not selected
Threshold ridge,2017 Q2,CLAIMSx,2,1,2017 Q2,2017-04-01,2017,2,49,Labor market,Labor market
Threshold ridge,2017 Q2,PAYEMS,1,1,2017 Q2,2017-04-01,2017,2,49,Labor market,Labor market
Threshold ridge,2017 Q2,AWHMAN,0,0,2017 Q2,2017-04-01,2017,2,49,Labor market,Not selected
Threshold ridge,2017 Q2,HOUST,0,0,2017 Q2,2017-04-01,2017,2,49,Housing,Not selected
Threshold ridge,2017 Q2,PERMIT,0,0,2017 Q2,2017-04-01,2017,2,49,Housing,Not selected
Threshold ridge,2017 Q2,M1SL,1,1,2017 Q2,2017-04-01,2017,2,49,Money and credit,Money and credit
Threshold ridge,2017 Q2,M2SL,2,1,2017 Q2,2017-04-01,2017,2,49,Money and credit,Money and credit
Threshold ridge,2017 Q2,BOGMBASE,0,0,2017 Q2,2017-04-01,2017,2,49,Money and credit,Not selected
Threshold ridge,2017 Q2,BUSLOANS,0,0,2017 Q2,2017-04-01,2017,2,49,Money and credit,Not selected
Threshold ridge,2017 Q2,NONREVSL,0,0,2017 Q2,2017-04-01,2017,2,49,Money and credit,Not selected
Threshold ridge,2017 Q2,CPIAUCSL,0,0,2017 Q2,2017-04-01,2017,2,49,Prices and commodities,Not selected
Threshold ridge,2017 Q2,PPICMM,0,0,2017 Q2,2017-04-01,2017,2,49,Prices and commodities,Not selected
Threshold ridge,2017 Q2,PCEPI,0,0,2017 Q2,2017-04-01,2017,2,49,Prices and commodities,Not selected
Threshold ridge,2017 Q2,OILPRICEx,0,0,2017 Q2,2017-04-01,2017,2,49,Prices and commodities,Not selected
Threshold ridge,2017 Q2,FEDFUNDS,1,1,2017 Q2,2017-04-01,2017,2,49,Financial / sentiment,Financial / sentiment
Threshold ridge,2017 Q2,TB3MS,0,0,2017 Q2,2017-04-01,2017,2,49,Financial / sentiment,Not selected
Threshold ridge,2017 Q2,GS10,0,0,2017 Q2,2017-04-01,2017,2,49,Financial / sentiment,Not selected
Threshold ridge,2017 Q2,AAA,0,0,2017 Q2,2017-04-01,2017,2,49,Financial / sentiment,Not selected
Threshold ridge,2017 Q2,BAA,0,0,2017 Q2,2017-04-01,2017,2,49,Financial / sentiment,Not selected
Threshold ridge,2017 Q2,S&P 500,0,0,2017 Q2,2017-04-01,2017,2,49,Financial / sentiment,Not selected
Threshold ridge,2017 Q2,VIXCLSx,0,0,2017 Q2,2017-04-01,2017,2,49,Financial / sentiment,Not selected
Threshold ridge,2017 Q2,UMCSENTx,0,0,2017 Q2,2017-04-01,2017,2,49,Financial / sentiment,Not selected
Threshold ridge,2017 Q2,TERM_SPREAD,0,0,2017 Q2,2017-04-01,2017,2,49,Financial / sentiment,Not selected
Threshold ridge,2017 Q2,CREDIT_SPREAD,0,0,2017 Q2,2017-04-01,2017,2,49,Financial / sentiment,Not selected
Threshold ridge,2017 Q3,RPI,2,1,2017 Q3,2017-07-01,2017,3,50,Real activity / consumption,Real activity / consumption
Threshold ridge,2017 Q3,DPCERA3M086SBEA,2,1,2017 Q3,2017-07-01,2017,3,50,Real activity / consumption,Real activity / consumption
Threshold ridge,2017 Q3,INDPRO,2,1,2017 Q3,2017-07-01,2017,3,50,Real activity / consumption,Real activity / consumption
Threshold ridge,2017 Q3,CMRMTSPLx,2,1,2017 Q3,2017-07-01,2017,3,50,Real activity / consumption,Real activity / consumption
Threshold ridge,2017 Q3,RETAILx,0,0,2017 Q3,2017-07-01,2017,3,50,Real activity / consumption,Not selected
Threshold ridge,2017 Q3,UNRATE,0,0,2017 Q3,2017-07-01,2017,3,50,Labor market,Not selected
Threshold ridge,2017 Q3,CLAIMSx,2,1,2017 Q3,2017-07-01,2017,3,50,Labor market,Labor market
Threshold ridge,2017 Q3,PAYEMS,1,1,2017 Q3,2017-07-01,2017,3,50,Labor market,Labor market
Threshold ridge,2017 Q3,AWHMAN,0,0,2017 Q3,2017-07-01,2017,3,50,Labor market,Not selected
Threshold ridge,2017 Q3,HOUST,0,0,2017 Q3,2017-07-01,2017,3,50,Housing,Not selected
Threshold ridge,2017 Q3,PERMIT,0,0,2017 Q3,2017-07-01,2017,3,50,Housing,Not selected
Threshold ridge,2017 Q3,M1SL,1,1,2017 Q3,2017-07-01,2017,3,50,Money and credit,Money and credit
Threshold ridge,2017 Q3,M2SL,2,1,2017 Q3,2017-07-01,2017,3,50,Money and credit,Money and credit
Threshold ridge,2017 Q3,BOGMBASE,0,0,2017 Q3,2017-07-01,2017,3,50,Money and credit,Not selected
Threshold ridge,2017 Q3,BUSLOANS,0,0,2017 Q3,2017-07-01,2017,3,50,Money and credit,Not selected
Threshold ridge,2017 Q3,NONREVSL,0,0,2017 Q3,2017-07-01,2017,3,50,Money and credit,Not selected
Threshold ridge,2017 Q3,CPIAUCSL,0,0,2017 Q3,2017-07-01,2017,3,50,Prices and commodities,Not selected
Threshold ridge,2017 Q3,PPICMM,0,0,2017 Q3,2017-07-01,2017,3,50,Prices and commodities,Not selected
Threshold ridge,2017 Q3,PCEPI,0,0,2017 Q3,2017-07-01,2017,3,50,Prices and commodities,Not selected
Threshold ridge,2017 Q3,OILPRICEx,0,0,2017 Q3,2017-07-01,2017,3,50,Prices and commodities,Not selected
Threshold ridge,2017 Q3,FEDFUNDS,1,1,2017 Q3,2017-07-01,2017,3,50,Financial / sentiment,Financial / sentiment
Threshold ridge,2017 Q3,TB3MS,0,0,2017 Q3,2017-07-01,2017,3,50,Financial / sentiment,Not selected
Threshold ridge,2017 Q3,GS10,0,0,2017 Q3,2017-07-01,2017,3,50,Financial / sentiment,Not selected
Threshold ridge,2017 Q3,AAA,0,0,2017 Q3,2017-07-01,2017,3,50,Financial / sentiment,Not selected
Threshold ridge,2017 Q3,BAA,0,0,2017 Q3,2017-07-01,2017,3,50,Financial / sentiment,Not selected
Threshold ridge,2017 Q3,S&P 500,1,1,2017 Q3,2017-07-01,2017,3,50,Financial / sentiment,Financial / sentiment
Threshold ridge,2017 Q3,VIXCLSx,0,0,2017 Q3,2017-07-01,2017,3,50,Financial / sentiment,Not selected
Threshold ridge,2017 Q3,UMCSENTx,0,0,2017 Q3,2017-07-01,2017,3,50,Financial / sentiment,Not selected
Threshold ridge,2017 Q3,TERM_SPREAD,0,0,2017 Q3,2017-07-01,2017,3,50,Financial / sentiment,Not selected
Threshold ridge,2017 Q3,CREDIT_SPREAD,0,0,2017 Q3,2017-07-01,2017,3,50,Financial / sentiment,Not selected
Threshold ridge,2017 Q4,RPI,2,1,2017 Q4,2017-10-01,2017,4,51,Real activity / consumption,Real activity / consumption
Threshold ridge,2017 Q4,DPCERA3M086SBEA,2,1,2017 Q4,2017-10-01,2017,4,51,Real activity / consumption,Real activity / consumption
Threshold ridge,2017 Q4,INDPRO,2,1,2017 Q4,2017-10-01,2017,4,51,Real activity / consumption,Real activity / consumption
Threshold ridge,2017 Q4,CMRMTSPLx,2,1,2017 Q4,2017-10-01,2017,4,51,Real activity / consumption,Real activity / consumption
Threshold ridge,2017 Q4,RETAILx,0,0,2017 Q4,2017-10-01,2017,4,51,Real activity / consumption,Not selected
Threshold ridge,2017 Q4,UNRATE,0,0,2017 Q4,2017-10-01,2017,4,51,Labor market,Not selected
Threshold ridge,2017 Q4,CLAIMSx,2,1,2017 Q4,2017-10-01,2017,4,51,Labor market,Labor market
Threshold ridge,2017 Q4,PAYEMS,1,1,2017 Q4,2017-10-01,2017,4,51,Labor market,Labor market
Threshold ridge,2017 Q4,AWHMAN,0,0,2017 Q4,2017-10-01,2017,4,51,Labor market,Not selected
Threshold ridge,2017 Q4,HOUST,0,0,2017 Q4,2017-10-01,2017,4,51,Housing,Not selected
Threshold ridge,2017 Q4,PERMIT,0,0,2017 Q4,2017-10-01,2017,4,51,Housing,Not selected
Threshold ridge,2017 Q4,M1SL,1,1,2017 Q4,2017-10-01,2017,4,51,Money and credit,Money and credit
Threshold ridge,2017 Q4,M2SL,2,1,2017 Q4,2017-10-01,2017,4,51,Money and credit,Money and credit
Threshold ridge,2017 Q4,BOGMBASE,0,0,2017 Q4,2017-10-01,2017,4,51,Money and credit,Not selected
Threshold ridge,2017 Q4,BUSLOANS,0,0,2017 Q4,2017-10-01,2017,4,51,Money and credit,Not selected
Threshold ridge,2017 Q4,NONREVSL,0,0,2017 Q4,2017-10-01,2017,4,51,Money and credit,Not selected
Threshold ridge,2017 Q4,CPIAUCSL,0,0,2017 Q4,2017-10-01,2017,4,51,Prices and commodities,Not selected
Threshold ridge,2017 Q4,PPICMM,0,0,2017 Q4,2017-10-01,2017,4,51,Prices and commodities,Not selected
Threshold ridge,2017 Q4,PCEPI,0,0,2017 Q4,2017-10-01,2017,4,51,Prices and commodities,Not selected
Threshold ridge,2017 Q4,OILPRICEx,0,0,2017 Q4,2017-10-01,2017,4,51,Prices and commodities,Not selected
Threshold ridge,2017 Q4,FEDFUNDS,1,1,2017 Q4,2017-10-01,2017,4,51,Financial / sentiment,Financial / sentiment
Threshold ridge,2017 Q4,TB3MS,0,0,2017 Q4,2017-10-01,2017,4,51,Financial / sentiment,Not selected
Threshold ridge,2017 Q4,GS10,0,0,2017 Q4,2017-10-01,2017,4,51,Financial / sentiment,Not selected
Threshold ridge,2017 Q4,AAA,0,0,2017 Q4,2017-10-01,2017,4,51,Financial / sentiment,Not selected
Threshold ridge,2017 Q4,BAA,0,0,2017 Q4,2017-10-01,2017,4,51,Financial / sentiment,Not selected
Threshold ridge,2017 Q4,S&P 500,1,1,2017 Q4,2017-10-01,2017,4,51,Financial / sentiment,Financial / sentiment
Threshold ridge,2017 Q4,VIXCLSx,0,0,2017 Q4,2017-10-01,2017,4,51,Financial / sentiment,Not selected
Threshold ridge,2017 Q4,UMCSENTx,0,0,2017 Q4,2017-10-01,2017,4,51,Financial / sentiment,Not selected
Threshold ridge,2017 Q4,TERM_SPREAD,0,0,2017 Q4,2017-10-01,2017,4,51,Financial / sentiment,Not selected
Threshold ridge,2017 Q4,CREDIT_SPREAD,0,0,2017 Q4,2017-10-01,2017,4,51,Financial / sentiment,Not selected
Threshold ridge,2018 Q1,RPI,2,1,2018 Q1,2018-01-01,2018,1,52,Real activity / consumption,Real activity / consumption
Threshold ridge,2018 Q1,DPCERA3M086SBEA,2,1,2018 Q1,2018-01-01,2018,1,52,Real activity / consumption,Real activity / consumption
Threshold ridge,2018 Q1,INDPRO,2,1,2018 Q1,2018-01-01,2018,1,52,Real activity / consumption,Real activity / consumption
Threshold ridge,2018 Q1,CMRMTSPLx,2,1,2018 Q1,2018-01-01,2018,1,52,Real activity / consumption,Real activity / consumption
Threshold ridge,2018 Q1,RETAILx,0,0,2018 Q1,2018-01-01,2018,1,52,Real activity / consumption,Not selected
Threshold ridge,2018 Q1,UNRATE,0,0,2018 Q1,2018-01-01,2018,1,52,Labor market,Not selected
Threshold ridge,2018 Q1,CLAIMSx,2,1,2018 Q1,2018-01-01,2018,1,52,Labor market,Labor market
Threshold ridge,2018 Q1,PAYEMS,1,1,2018 Q1,2018-01-01,2018,1,52,Labor market,Labor market
Threshold ridge,2018 Q1,AWHMAN,0,0,2018 Q1,2018-01-01,2018,1,52,Labor market,Not selected
Threshold ridge,2018 Q1,HOUST,0,0,2018 Q1,2018-01-01,2018,1,52,Housing,Not selected
Threshold ridge,2018 Q1,PERMIT,0,0,2018 Q1,2018-01-01,2018,1,52,Housing,Not selected
Threshold ridge,2018 Q1,M1SL,1,1,2018 Q1,2018-01-01,2018,1,52,Money and credit,Money and credit
Threshold ridge,2018 Q1,M2SL,2,1,2018 Q1,2018-01-01,2018,1,52,Money and credit,Money and credit
Threshold ridge,2018 Q1,BOGMBASE,0,0,2018 Q1,2018-01-01,2018,1,52,Money and credit,Not selected
Threshold ridge,2018 Q1,BUSLOANS,0,0,2018 Q1,2018-01-01,2018,1,52,Money and credit,Not selected
Threshold ridge,2018 Q1,NONREVSL,1,1,2018 Q1,2018-01-01,2018,1,52,Money and credit,Money and credit
Threshold ridge,2018 Q1,CPIAUCSL,0,0,2018 Q1,2018-01-01,2018,1,52,Prices and commodities,Not selected
Threshold ridge,2018 Q1,PPICMM,0,0,2018 Q1,2018-01-01,2018,1,52,Prices and commodities,Not selected
Threshold ridge,2018 Q1,PCEPI,0,0,2018 Q1,2018-01-01,2018,1,52,Prices and commodities,Not selected
Threshold ridge,2018 Q1,OILPRICEx,0,0,2018 Q1,2018-01-01,2018,1,52,Prices and commodities,Not selected
Threshold ridge,2018 Q1,FEDFUNDS,1,1,2018 Q1,2018-01-01,2018,1,52,Financial / sentiment,Financial / sentiment
Threshold ridge,2018 Q1,TB3MS,0,0,2018 Q1,2018-01-01,2018,1,52,Financial / sentiment,Not selected
Threshold ridge,2018 Q1,GS10,0,0,2018 Q1,2018-01-01,2018,1,52,Financial / sentiment,Not selected
Threshold ridge,2018 Q1,AAA,0,0,2018 Q1,2018-01-01,2018,1,52,Financial / sentiment,Not selected
Threshold ridge,2018 Q1,BAA,0,0,2018 Q1,2018-01-01,2018,1,52,Financial / sentiment,Not selected
Threshold ridge,2018 Q1,S&P 500,1,1,2018 Q1,2018-01-01,2018,1,52,Financial / sentiment,Financial / sentiment
Threshold ridge,2018 Q1,VIXCLSx,0,0,2018 Q1,2018-01-01,2018,1,52,Financial / sentiment,Not selected
Threshold ridge,2018 Q1,UMCSENTx,0,0,2018 Q1,2018-01-01,2018,1,52,Financial / sentiment,Not selected
Threshold ridge,2018 Q1,TERM_SPREAD,0,0,2018 Q1,2018-01-01,2018,1,52,Financial / sentiment,Not selected
Threshold ridge,2018 Q1,CREDIT_SPREAD,0,0,2018 Q1,2018-01-01,2018,1,52,Financial / sentiment,Not selected
Threshold ridge,2018 Q2,RPI,2,1,2018 Q2,2018-04-01,2018,2,53,Real activity / consumption,Real activity / consumption
Threshold ridge,2018 Q2,DPCERA3M086SBEA,2,1,2018 Q2,2018-04-01,2018,2,53,Real activity / consumption,Real activity / consumption
Threshold ridge,2018 Q2,INDPRO,2,1,2018 Q2,2018-04-01,2018,2,53,Real activity / consumption,Real activity / consumption
Threshold ridge,2018 Q2,CMRMTSPLx,2,1,2018 Q2,2018-04-01,2018,2,53,Real activity / consumption,Real activity / consumption
Threshold ridge,2018 Q2,RETAILx,0,0,2018 Q2,2018-04-01,2018,2,53,Real activity / consumption,Not selected
Threshold ridge,2018 Q2,UNRATE,0,0,2018 Q2,2018-04-01,2018,2,53,Labor market,Not selected
Threshold ridge,2018 Q2,CLAIMSx,2,1,2018 Q2,2018-04-01,2018,2,53,Labor market,Labor market
Threshold ridge,2018 Q2,PAYEMS,1,1,2018 Q2,2018-04-01,2018,2,53,Labor market,Labor market
Threshold ridge,2018 Q2,AWHMAN,0,0,2018 Q2,2018-04-01,2018,2,53,Labor market,Not selected
Threshold ridge,2018 Q2,HOUST,0,0,2018 Q2,2018-04-01,2018,2,53,Housing,Not selected
Threshold ridge,2018 Q2,PERMIT,0,0,2018 Q2,2018-04-01,2018,2,53,Housing,Not selected
Threshold ridge,2018 Q2,M1SL,1,1,2018 Q2,2018-04-01,2018,2,53,Money and credit,Money and credit
Threshold ridge,2018 Q2,M2SL,2,1,2018 Q2,2018-04-01,2018,2,53,Money and credit,Money and credit
Threshold ridge,2018 Q2,BOGMBASE,0,0,2018 Q2,2018-04-01,2018,2,53,Money and credit,Not selected
Threshold ridge,2018 Q2,BUSLOANS,0,0,2018 Q2,2018-04-01,2018,2,53,Money and credit,Not selected
Threshold ridge,2018 Q2,NONREVSL,1,1,2018 Q2,2018-04-01,2018,2,53,Money and credit,Money and credit
Threshold ridge,2018 Q2,CPIAUCSL,0,0,2018 Q2,2018-04-01,2018,2,53,Prices and commodities,Not selected
Threshold ridge,2018 Q2,PPICMM,0,0,2018 Q2,2018-04-01,2018,2,53,Prices and commodities,Not selected
Threshold ridge,2018 Q2,PCEPI,0,0,2018 Q2,2018-04-01,2018,2,53,Prices and commodities,Not selected
Threshold ridge,2018 Q2,OILPRICEx,0,0,2018 Q2,2018-04-01,2018,2,53,Prices and commodities,Not selected
Threshold ridge,2018 Q2,FEDFUNDS,1,1,2018 Q2,2018-04-01,2018,2,53,Financial / sentiment,Financial / sentiment
Threshold ridge,2018 Q2,TB3MS,0,0,2018 Q2,2018-04-01,2018,2,53,Financial / sentiment,Not selected
Threshold ridge,2018 Q2,GS10,0,0,2018 Q2,2018-04-01,2018,2,53,Financial / sentiment,Not selected
Threshold ridge,2018 Q2,AAA,0,0,2018 Q2,2018-04-01,2018,2,53,Financial / sentiment,Not selected
Threshold ridge,2018 Q2,BAA,0,0,2018 Q2,2018-04-01,2018,2,53,Financial / sentiment,Not selected
Threshold ridge,2018 Q2,S&P 500,1,1,2018 Q2,2018-04-01,2018,2,53,Financial / sentiment,Financial / sentiment
Threshold ridge,2018 Q2,VIXCLSx,0,0,2018 Q2,2018-04-01,2018,2,53,Financial / sentiment,Not selected
Threshold ridge,2018 Q2,UMCSENTx,0,0,2018 Q2,2018-04-01,2018,2,53,Financial / sentiment,Not selected
Threshold ridge,2018 Q2,TERM_SPREAD,0,0,2018 Q2,2018-04-01,2018,2,53,Financial / sentiment,Not selected
Threshold ridge,2018 Q2,CREDIT_SPREAD,0,0,2018 Q2,2018-04-01,2018,2,53,Financial / sentiment,Not selected
Threshold ridge,2018 Q3,RPI,2,1,2018 Q3,2018-07-01,2018,3,54,Real activity / consumption,Real activity / consumption
Threshold ridge,2018 Q3,DPCERA3M086SBEA,0,0,2018 Q3,2018-07-01,2018,3,54,Real activity / consumption,Not selected
Threshold ridge,2018 Q3,INDPRO,2,1,2018 Q3,2018-07-01,2018,3,54,Real activity / consumption,Real activity / consumption
Threshold ridge,2018 Q3,CMRMTSPLx,1,1,2018 Q3,2018-07-01,2018,3,54,Real activity / consumption,Real activity / consumption
Threshold ridge,2018 Q3,RETAILx,0,0,2018 Q3,2018-07-01,2018,3,54,Real activity / consumption,Not selected
Threshold ridge,2018 Q3,UNRATE,0,0,2018 Q3,2018-07-01,2018,3,54,Labor market,Not selected
Threshold ridge,2018 Q3,CLAIMSx,2,1,2018 Q3,2018-07-01,2018,3,54,Labor market,Labor market
Threshold ridge,2018 Q3,PAYEMS,1,1,2018 Q3,2018-07-01,2018,3,54,Labor market,Labor market
Threshold ridge,2018 Q3,AWHMAN,0,0,2018 Q3,2018-07-01,2018,3,54,Labor market,Not selected
Threshold ridge,2018 Q3,HOUST,0,0,2018 Q3,2018-07-01,2018,3,54,Housing,Not selected
Threshold ridge,2018 Q3,PERMIT,0,0,2018 Q3,2018-07-01,2018,3,54,Housing,Not selected
Threshold ridge,2018 Q3,M1SL,1,1,2018 Q3,2018-07-01,2018,3,54,Money and credit,Money and credit
Threshold ridge,2018 Q3,M2SL,2,1,2018 Q3,2018-07-01,2018,3,54,Money and credit,Money and credit
Threshold ridge,2018 Q3,BOGMBASE,0,0,2018 Q3,2018-07-01,2018,3,54,Money and credit,Not selected
Threshold ridge,2018 Q3,BUSLOANS,0,0,2018 Q3,2018-07-01,2018,3,54,Money and credit,Not selected
Threshold ridge,2018 Q3,NONREVSL,1,1,2018 Q3,2018-07-01,2018,3,54,Money and credit,Money and credit
Threshold ridge,2018 Q3,CPIAUCSL,0,0,2018 Q3,2018-07-01,2018,3,54,Prices and commodities,Not selected
Threshold ridge,2018 Q3,PPICMM,1,1,2018 Q3,2018-07-01,2018,3,54,Prices and commodities,Prices and commodities
Threshold ridge,2018 Q3,PCEPI,0,0,2018 Q3,2018-07-01,2018,3,54,Prices and commodities,Not selected
Threshold ridge,2018 Q3,OILPRICEx,0,0,2018 Q3,2018-07-01,2018,3,54,Prices and commodities,Not selected
Threshold ridge,2018 Q3,FEDFUNDS,1,1,2018 Q3,2018-07-01,2018,3,54,Financial / sentiment,Financial / sentiment
Threshold ridge,2018 Q3,TB3MS,0,0,2018 Q3,2018-07-01,2018,3,54,Financial / sentiment,Not selected
Threshold ridge,2018 Q3,GS10,0,0,2018 Q3,2018-07-01,2018,3,54,Financial / sentiment,Not selected
Threshold ridge,2018 Q3,AAA,0,0,2018 Q3,2018-07-01,2018,3,54,Financial / sentiment,Not selected
Threshold ridge,2018 Q3,BAA,0,0,2018 Q3,2018-07-01,2018,3,54,Financial / sentiment,Not selected
Threshold ridge,2018 Q3,S&P 500,0,0,2018 Q3,2018-07-01,2018,3,54,Financial / sentiment,Not selected
Threshold ridge,2018 Q3,VIXCLSx,0,0,2018 Q3,2018-07-01,2018,3,54,Financial / sentiment,Not selected
Threshold ridge,2018 Q3,UMCSENTx,0,0,2018 Q3,2018-07-01,2018,3,54,Financial / sentiment,Not selected
Threshold ridge,2018 Q3,TERM_SPREAD,0,0,2018 Q3,2018-07-01,2018,3,54,Financial / sentiment,Not selected
Threshold ridge,2018 Q3,CREDIT_SPREAD,0,0,2018 Q3,2018-07-01,2018,3,54,Financial / sentiment,Not selected
Threshold ridge,2018 Q4,RPI,2,1,2018 Q4,2018-10-01,2018,4,55,Real activity / consumption,Real activity / consumption
Threshold ridge,2018 Q4,DPCERA3M086SBEA,1,1,2018 Q4,2018-10-01,2018,4,55,Real activity / consumption,Real activity / consumption
Threshold ridge,2018 Q4,INDPRO,2,1,2018 Q4,2018-10-01,2018,4,55,Real activity / consumption,Real activity / consumption
Threshold ridge,2018 Q4,CMRMTSPLx,1,1,2018 Q4,2018-10-01,2018,4,55,Real activity / consumption,Real activity / consumption
Threshold ridge,2018 Q4,RETAILx,0,0,2018 Q4,2018-10-01,2018,4,55,Real activity / consumption,Not selected
Threshold ridge,2018 Q4,UNRATE,0,0,2018 Q4,2018-10-01,2018,4,55,Labor market,Not selected
Threshold ridge,2018 Q4,CLAIMSx,2,1,2018 Q4,2018-10-01,2018,4,55,Labor market,Labor market
Threshold ridge,2018 Q4,PAYEMS,1,1,2018 Q4,2018-10-01,2018,4,55,Labor market,Labor market
Threshold ridge,2018 Q4,AWHMAN,0,0,2018 Q4,2018-10-01,2018,4,55,Labor market,Not selected
Threshold ridge,2018 Q4,HOUST,0,0,2018 Q4,2018-10-01,2018,4,55,Housing,Not selected
Threshold ridge,2018 Q4,PERMIT,0,0,2018 Q4,2018-10-01,2018,4,55,Housing,Not selected
Threshold ridge,2018 Q4,M1SL,1,1,2018 Q4,2018-10-01,2018,4,55,Money and credit,Money and credit
Threshold ridge,2018 Q4,M2SL,2,1,2018 Q4,2018-10-01,2018,4,55,Money and credit,Money and credit
Threshold ridge,2018 Q4,BOGMBASE,0,0,2018 Q4,2018-10-01,2018,4,55,Money and credit,Not selected
Threshold ridge,2018 Q4,BUSLOANS,0,0,2018 Q4,2018-10-01,2018,4,55,Money and credit,Not selected
Threshold ridge,2018 Q4,NONREVSL,1,1,2018 Q4,2018-10-01,2018,4,55,Money and credit,Money and credit
Threshold ridge,2018 Q4,CPIAUCSL,0,0,2018 Q4,2018-10-01,2018,4,55,Prices and commodities,Not selected
Threshold ridge,2018 Q4,PPICMM,0,0,2018 Q4,2018-10-01,2018,4,55,Prices and commodities,Not selected
Threshold ridge,2018 Q4,PCEPI,0,0,2018 Q4,2018-10-01,2018,4,55,Prices and commodities,Not selected
Threshold ridge,2018 Q4,OILPRICEx,0,0,2018 Q4,2018-10-01,2018,4,55,Prices and commodities,Not selected
Threshold ridge,2018 Q4,FEDFUNDS,1,1,2018 Q4,2018-10-01,2018,4,55,Financial / sentiment,Financial / sentiment
Threshold ridge,2018 Q4,TB3MS,0,0,2018 Q4,2018-10-01,2018,4,55,Financial / sentiment,Not selected
Threshold ridge,2018 Q4,GS10,0,0,2018 Q4,2018-10-01,2018,4,55,Financial / sentiment,Not selected
Threshold ridge,2018 Q4,AAA,0,0,2018 Q4,2018-10-01,2018,4,55,Financial / sentiment,Not selected
Threshold ridge,2018 Q4,BAA,0,0,2018 Q4,2018-10-01,2018,4,55,Financial / sentiment,Not selected
Threshold ridge,2018 Q4,S&P 500,1,1,2018 Q4,2018-10-01,2018,4,55,Financial / sentiment,Financial / sentiment
Threshold ridge,2018 Q4,VIXCLSx,0,0,2018 Q4,2018-10-01,2018,4,55,Financial / sentiment,Not selected
Threshold ridge,2018 Q4,UMCSENTx,0,0,2018 Q4,2018-10-01,2018,4,55,Financial / sentiment,Not selected
Threshold ridge,2018 Q4,TERM_SPREAD,0,0,2018 Q4,2018-10-01,2018,4,55,Financial / sentiment,Not selected
Threshold ridge,2018 Q4,CREDIT_SPREAD,0,0,2018 Q4,2018-10-01,2018,4,55,Financial / sentiment,Not selected
Threshold ridge,2019 Q1,RPI,2,1,2019 Q1,2019-01-01,2019,1,56,Real activity / consumption,Real activity / consumption
Threshold ridge,2019 Q1,DPCERA3M086SBEA,0,0,2019 Q1,2019-01-01,2019,1,56,Real activity / consumption,Not selected
Threshold ridge,2019 Q1,INDPRO,2,1,2019 Q1,2019-01-01,2019,1,56,Real activity / consumption,Real activity / consumption
Threshold ridge,2019 Q1,CMRMTSPLx,1,1,2019 Q1,2019-01-01,2019,1,56,Real activity / consumption,Real activity / consumption
Threshold ridge,2019 Q1,RETAILx,0,0,2019 Q1,2019-01-01,2019,1,56,Real activity / consumption,Not selected
Threshold ridge,2019 Q1,UNRATE,0,0,2019 Q1,2019-01-01,2019,1,56,Labor market,Not selected
Threshold ridge,2019 Q1,CLAIMSx,2,1,2019 Q1,2019-01-01,2019,1,56,Labor market,Labor market
Threshold ridge,2019 Q1,PAYEMS,1,1,2019 Q1,2019-01-01,2019,1,56,Labor market,Labor market
Threshold ridge,2019 Q1,AWHMAN,0,0,2019 Q1,2019-01-01,2019,1,56,Labor market,Not selected
Threshold ridge,2019 Q1,HOUST,0,0,2019 Q1,2019-01-01,2019,1,56,Housing,Not selected
Threshold ridge,2019 Q1,PERMIT,0,0,2019 Q1,2019-01-01,2019,1,56,Housing,Not selected
Threshold ridge,2019 Q1,M1SL,1,1,2019 Q1,2019-01-01,2019,1,56,Money and credit,Money and credit
Threshold ridge,2019 Q1,M2SL,2,1,2019 Q1,2019-01-01,2019,1,56,Money and credit,Money and credit
Threshold ridge,2019 Q1,BOGMBASE,0,0,2019 Q1,2019-01-01,2019,1,56,Money and credit,Not selected
Threshold ridge,2019 Q1,BUSLOANS,0,0,2019 Q1,2019-01-01,2019,1,56,Money and credit,Not selected
Threshold ridge,2019 Q1,NONREVSL,1,1,2019 Q1,2019-01-01,2019,1,56,Money and credit,Money and credit
Threshold ridge,2019 Q1,CPIAUCSL,0,0,2019 Q1,2019-01-01,2019,1,56,Prices and commodities,Not selected
Threshold ridge,2019 Q1,PPICMM,1,1,2019 Q1,2019-01-01,2019,1,56,Prices and commodities,Prices and commodities
Threshold ridge,2019 Q1,PCEPI,0,0,2019 Q1,2019-01-01,2019,1,56,Prices and commodities,Not selected
Threshold ridge,2019 Q1,OILPRICEx,0,0,2019 Q1,2019-01-01,2019,1,56,Prices and commodities,Not selected
Threshold ridge,2019 Q1,FEDFUNDS,1,1,2019 Q1,2019-01-01,2019,1,56,Financial / sentiment,Financial / sentiment
Threshold ridge,2019 Q1,TB3MS,0,0,2019 Q1,2019-01-01,2019,1,56,Financial / sentiment,Not selected
Threshold ridge,2019 Q1,GS10,0,0,2019 Q1,2019-01-01,2019,1,56,Financial / sentiment,Not selected
Threshold ridge,2019 Q1,AAA,0,0,2019 Q1,2019-01-01,2019,1,56,Financial / sentiment,Not selected
Threshold ridge,2019 Q1,BAA,0,0,2019 Q1,2019-01-01,2019,1,56,Financial / sentiment,Not selected
Threshold ridge,2019 Q1,S&P 500,1,1,2019 Q1,2019-01-01,2019,1,56,Financial / sentiment,Financial / sentiment
Threshold ridge,2019 Q1,VIXCLSx,0,0,2019 Q1,2019-01-01,2019,1,56,Financial / sentiment,Not selected
Threshold ridge,2019 Q1,UMCSENTx,0,0,2019 Q1,2019-01-01,2019,1,56,Financial / sentiment,Not selected
Threshold ridge,2019 Q1,TERM_SPREAD,0,0,2019 Q1,2019-01-01,2019,1,56,Financial / sentiment,Not selected
Threshold ridge,2019 Q1,CREDIT_SPREAD,0,0,2019 Q1,2019-01-01,2019,1,56,Financial / sentiment,Not selected
Threshold ridge,2019 Q2,RPI,2,1,2019 Q2,2019-04-01,2019,2,57,Real activity / consumption,Real activity / consumption
Threshold ridge,2019 Q2,DPCERA3M086SBEA,0,0,2019 Q2,2019-04-01,2019,2,57,Real activity / consumption,Not selected
Threshold ridge,2019 Q2,INDPRO,2,1,2019 Q2,2019-04-01,2019,2,57,Real activity / consumption,Real activity / consumption
Threshold ridge,2019 Q2,CMRMTSPLx,1,1,2019 Q2,2019-04-01,2019,2,57,Real activity / consumption,Real activity / consumption
Threshold ridge,2019 Q2,RETAILx,0,0,2019 Q2,2019-04-01,2019,2,57,Real activity / consumption,Not selected
Threshold ridge,2019 Q2,UNRATE,0,0,2019 Q2,2019-04-01,2019,2,57,Labor market,Not selected
Threshold ridge,2019 Q2,CLAIMSx,2,1,2019 Q2,2019-04-01,2019,2,57,Labor market,Labor market
Threshold ridge,2019 Q2,PAYEMS,1,1,2019 Q2,2019-04-01,2019,2,57,Labor market,Labor market
Threshold ridge,2019 Q2,AWHMAN,0,0,2019 Q2,2019-04-01,2019,2,57,Labor market,Not selected
Threshold ridge,2019 Q2,HOUST,0,0,2019 Q2,2019-04-01,2019,2,57,Housing,Not selected
Threshold ridge,2019 Q2,PERMIT,0,0,2019 Q2,2019-04-01,2019,2,57,Housing,Not selected
Threshold ridge,2019 Q2,M1SL,1,1,2019 Q2,2019-04-01,2019,2,57,Money and credit,Money and credit
Threshold ridge,2019 Q2,M2SL,2,1,2019 Q2,2019-04-01,2019,2,57,Money and credit,Money and credit
Threshold ridge,2019 Q2,BOGMBASE,0,0,2019 Q2,2019-04-01,2019,2,57,Money and credit,Not selected
Threshold ridge,2019 Q2,BUSLOANS,0,0,2019 Q2,2019-04-01,2019,2,57,Money and credit,Not selected
Threshold ridge,2019 Q2,NONREVSL,1,1,2019 Q2,2019-04-01,2019,2,57,Money and credit,Money and credit
Threshold ridge,2019 Q2,CPIAUCSL,0,0,2019 Q2,2019-04-01,2019,2,57,Prices and commodities,Not selected
Threshold ridge,2019 Q2,PPICMM,1,1,2019 Q2,2019-04-01,2019,2,57,Prices and commodities,Prices and commodities
Threshold ridge,2019 Q2,PCEPI,0,0,2019 Q2,2019-04-01,2019,2,57,Prices and commodities,Not selected
Threshold ridge,2019 Q2,OILPRICEx,0,0,2019 Q2,2019-04-01,2019,2,57,Prices and commodities,Not selected
Threshold ridge,2019 Q2,FEDFUNDS,1,1,2019 Q2,2019-04-01,2019,2,57,Financial / sentiment,Financial / sentiment
Threshold ridge,2019 Q2,TB3MS,0,0,2019 Q2,2019-04-01,2019,2,57,Financial / sentiment,Not selected
Threshold ridge,2019 Q2,GS10,0,0,2019 Q2,2019-04-01,2019,2,57,Financial / sentiment,Not selected
Threshold ridge,2019 Q2,AAA,0,0,2019 Q2,2019-04-01,2019,2,57,Financial / sentiment,Not selected
Threshold ridge,2019 Q2,BAA,0,0,2019 Q2,2019-04-01,2019,2,57,Financial / sentiment,Not selected
Threshold ridge,2019 Q2,S&P 500,1,1,2019 Q2,2019-04-01,2019,2,57,Financial / sentiment,Financial / sentiment
Threshold ridge,2019 Q2,VIXCLSx,0,0,2019 Q2,2019-04-01,2019,2,57,Financial / sentiment,Not selected
Threshold ridge,2019 Q2,UMCSENTx,0,0,2019 Q2,2019-04-01,2019,2,57,Financial / sentiment,Not selected
Threshold ridge,2019 Q2,TERM_SPREAD,0,0,2019 Q2,2019-04-01,2019,2,57,Financial / sentiment,Not selected
Threshold ridge,2019 Q2,CREDIT_SPREAD,0,0,2019 Q2,2019-04-01,2019,2,57,Financial / sentiment,Not selected
Threshold ridge,2019 Q3,RPI,2,1,2019 Q3,2019-07-01,2019,3,58,Real activity / consumption,Real activity / consumption
Threshold ridge,2019 Q3,DPCERA3M086SBEA,0,0,2019 Q3,2019-07-01,2019,3,58,Real activity / consumption,Not selected
Threshold ridge,2019 Q3,INDPRO,2,1,2019 Q3,2019-07-01,2019,3,58,Real activity / consumption,Real activity / consumption
Threshold ridge,2019 Q3,CMRMTSPLx,1,1,2019 Q3,2019-07-01,2019,3,58,Real activity / consumption,Real activity / consumption
Threshold ridge,2019 Q3,RETAILx,0,0,2019 Q3,2019-07-01,2019,3,58,Real activity / consumption,Not selected
Threshold ridge,2019 Q3,UNRATE,0,0,2019 Q3,2019-07-01,2019,3,58,Labor market,Not selected
Threshold ridge,2019 Q3,CLAIMSx,2,1,2019 Q3,2019-07-01,2019,3,58,Labor market,Labor market
Threshold ridge,2019 Q3,PAYEMS,1,1,2019 Q3,2019-07-01,2019,3,58,Labor market,Labor market
Threshold ridge,2019 Q3,AWHMAN,0,0,2019 Q3,2019-07-01,2019,3,58,Labor market,Not selected
Threshold ridge,2019 Q3,HOUST,0,0,2019 Q3,2019-07-01,2019,3,58,Housing,Not selected
Threshold ridge,2019 Q3,PERMIT,0,0,2019 Q3,2019-07-01,2019,3,58,Housing,Not selected
Threshold ridge,2019 Q3,M1SL,1,1,2019 Q3,2019-07-01,2019,3,58,Money and credit,Money and credit
Threshold ridge,2019 Q3,M2SL,2,1,2019 Q3,2019-07-01,2019,3,58,Money and credit,Money and credit
Threshold ridge,2019 Q3,BOGMBASE,1,1,2019 Q3,2019-07-01,2019,3,58,Money and credit,Money and credit
Threshold ridge,2019 Q3,BUSLOANS,0,0,2019 Q3,2019-07-01,2019,3,58,Money and credit,Not selected
Threshold ridge,2019 Q3,NONREVSL,1,1,2019 Q3,2019-07-01,2019,3,58,Money and credit,Money and credit
Threshold ridge,2019 Q3,CPIAUCSL,0,0,2019 Q3,2019-07-01,2019,3,58,Prices and commodities,Not selected
Threshold ridge,2019 Q3,PPICMM,0,0,2019 Q3,2019-07-01,2019,3,58,Prices and commodities,Not selected
Threshold ridge,2019 Q3,PCEPI,0,0,2019 Q3,2019-07-01,2019,3,58,Prices and commodities,Not selected
Threshold ridge,2019 Q3,OILPRICEx,0,0,2019 Q3,2019-07-01,2019,3,58,Prices and commodities,Not selected
Threshold ridge,2019 Q3,FEDFUNDS,1,1,2019 Q3,2019-07-01,2019,3,58,Financial / sentiment,Financial / sentiment
Threshold ridge,2019 Q3,TB3MS,0,0,2019 Q3,2019-07-01,2019,3,58,Financial / sentiment,Not selected
Threshold ridge,2019 Q3,GS10,0,0,2019 Q3,2019-07-01,2019,3,58,Financial / sentiment,Not selected
Threshold ridge,2019 Q3,AAA,0,0,2019 Q3,2019-07-01,2019,3,58,Financial / sentiment,Not selected
Threshold ridge,2019 Q3,BAA,0,0,2019 Q3,2019-07-01,2019,3,58,Financial / sentiment,Not selected
Threshold ridge,2019 Q3,S&P 500,1,1,2019 Q3,2019-07-01,2019,3,58,Financial / sentiment,Financial / sentiment
Threshold ridge,2019 Q3,VIXCLSx,0,0,2019 Q3,2019-07-01,2019,3,58,Financial / sentiment,Not selected
Threshold ridge,2019 Q3,UMCSENTx,0,0,2019 Q3,2019-07-01,2019,3,58,Financial / sentiment,Not selected
Threshold ridge,2019 Q3,TERM_SPREAD,0,0,2019 Q3,2019-07-01,2019,3,58,Financial / sentiment,Not selected
Threshold ridge,2019 Q3,CREDIT_SPREAD,0,0,2019 Q3,2019-07-01,2019,3,58,Financial / sentiment,Not selected
Post-threshold ridge,2005 Q2,RPI,2,1,2005 Q2,2005-04-01,2005,2,1,Real activity / consumption,Real activity / consumption
Post-threshold ridge,2005 Q2,DPCERA3M086SBEA,1,1,2005 Q2,2005-04-01,2005,2,1,Real activity / consumption,Real activity / consumption
Post-threshold ridge,2005 Q2,INDPRO,0,0,2005 Q2,2005-04-01,2005,2,1,Real activity / consumption,Not selected
Post-threshold ridge,2005 Q2,CMRMTSPLx,0,0,2005 Q2,2005-04-01,2005,2,1,Real activity / consumption,Not selected
Post-threshold ridge,2005 Q2,RETAILx,1,1,2005 Q2,2005-04-01,2005,2,1,Real activity / consumption,Real activity / consumption
Post-threshold ridge,2005 Q2,UNRATE,2,1,2005 Q2,2005-04-01,2005,2,1,Labor market,Labor market
Post-threshold ridge,2005 Q2,CLAIMSx,0,0,2005 Q2,2005-04-01,2005,2,1,Labor market,Not selected
Post-threshold ridge,2005 Q2,PAYEMS,1,1,2005 Q2,2005-04-01,2005,2,1,Labor market,Labor market
Post-threshold ridge,2005 Q2,AWHMAN,0,0,2005 Q2,2005-04-01,2005,2,1,Labor market,Not selected
Post-threshold ridge,2005 Q2,HOUST,0,0,2005 Q2,2005-04-01,2005,2,1,Housing,Not selected
Post-threshold ridge,2005 Q2,PERMIT,0,0,2005 Q2,2005-04-01,2005,2,1,Housing,Not selected
Post-threshold ridge,2005 Q2,M1SL,1,1,2005 Q2,2005-04-01,2005,2,1,Money and credit,Money and credit
Post-threshold ridge,2005 Q2,M2SL,1,1,2005 Q2,2005-04-01,2005,2,1,Money and credit,Money and credit
Post-threshold ridge,2005 Q2,BOGMBASE,1,1,2005 Q2,2005-04-01,2005,2,1,Money and credit,Money and credit
Post-threshold ridge,2005 Q2,BUSLOANS,0,0,2005 Q2,2005-04-01,2005,2,1,Money and credit,Not selected
Post-threshold ridge,2005 Q2,NONREVSL,0,0,2005 Q2,2005-04-01,2005,2,1,Money and credit,Not selected
Post-threshold ridge,2005 Q2,CPIAUCSL,0,0,2005 Q2,2005-04-01,2005,2,1,Prices and commodities,Not selected
Post-threshold ridge,2005 Q2,PPICMM,1,1,2005 Q2,2005-04-01,2005,2,1,Prices and commodities,Prices and commodities
Post-threshold ridge,2005 Q2,PCEPI,0,0,2005 Q2,2005-04-01,2005,2,1,Prices and commodities,Not selected
Post-threshold ridge,2005 Q2,OILPRICEx,1,1,2005 Q2,2005-04-01,2005,2,1,Prices and commodities,Prices and commodities
Post-threshold ridge,2005 Q2,FEDFUNDS,0,0,2005 Q2,2005-04-01,2005,2,1,Financial / sentiment,Not selected
Post-threshold ridge,2005 Q2,TB3MS,0,0,2005 Q2,2005-04-01,2005,2,1,Financial / sentiment,Not selected
Post-threshold ridge,2005 Q2,GS10,0,0,2005 Q2,2005-04-01,2005,2,1,Financial / sentiment,Not selected
Post-threshold ridge,2005 Q2,AAA,0,0,2005 Q2,2005-04-01,2005,2,1,Financial / sentiment,Not selected
Post-threshold ridge,2005 Q2,BAA,0,0,2005 Q2,2005-04-01,2005,2,1,Financial / sentiment,Not selected
Post-threshold ridge,2005 Q2,S&P 500,1,1,2005 Q2,2005-04-01,2005,2,1,Financial / sentiment,Financial / sentiment
Post-threshold ridge,2005 Q2,VIXCLSx,0,0,2005 Q2,2005-04-01,2005,2,1,Financial / sentiment,Not selected
Post-threshold ridge,2005 Q2,UMCSENTx,0,0,2005 Q2,2005-04-01,2005,2,1,Financial / sentiment,Not selected
Post-threshold ridge,2005 Q2,TERM_SPREAD,0,0,2005 Q2,2005-04-01,2005,2,1,Financial / sentiment,Not selected
Post-threshold ridge,2005 Q2,CREDIT_SPREAD,0,0,2005 Q2,2005-04-01,2005,2,1,Financial / sentiment,Not selected
Post-threshold ridge,2005 Q3,RPI,2,1,2005 Q3,2005-07-01,2005,3,2,Real activity / consumption,Real activity / consumption
Post-threshold ridge,2005 Q3,DPCERA3M086SBEA,1,1,2005 Q3,2005-07-01,2005,3,2,Real activity / consumption,Real activity / consumption
Post-threshold ridge,2005 Q3,INDPRO,0,0,2005 Q3,2005-07-01,2005,3,2,Real activity / consumption,Not selected
Post-threshold ridge,2005 Q3,CMRMTSPLx,1,1,2005 Q3,2005-07-01,2005,3,2,Real activity / consumption,Real activity / consumption
Post-threshold ridge,2005 Q3,RETAILx,1,1,2005 Q3,2005-07-01,2005,3,2,Real activity / consumption,Real activity / consumption
Post-threshold ridge,2005 Q3,UNRATE,2,1,2005 Q3,2005-07-01,2005,3,2,Labor market,Labor market
Post-threshold ridge,2005 Q3,CLAIMSx,0,0,2005 Q3,2005-07-01,2005,3,2,Labor market,Not selected
Post-threshold ridge,2005 Q3,PAYEMS,1,1,2005 Q3,2005-07-01,2005,3,2,Labor market,Labor market
Post-threshold ridge,2005 Q3,AWHMAN,0,0,2005 Q3,2005-07-01,2005,3,2,Labor market,Not selected
Post-threshold ridge,2005 Q3,HOUST,0,0,2005 Q3,2005-07-01,2005,3,2,Housing,Not selected
Post-threshold ridge,2005 Q3,PERMIT,0,0,2005 Q3,2005-07-01,2005,3,2,Housing,Not selected
Post-threshold ridge,2005 Q3,M1SL,1,1,2005 Q3,2005-07-01,2005,3,2,Money and credit,Money and credit
Post-threshold ridge,2005 Q3,M2SL,0,0,2005 Q3,2005-07-01,2005,3,2,Money and credit,Not selected
Post-threshold ridge,2005 Q3,BOGMBASE,1,1,2005 Q3,2005-07-01,2005,3,2,Money and credit,Money and credit
Post-threshold ridge,2005 Q3,BUSLOANS,1,1,2005 Q3,2005-07-01,2005,3,2,Money and credit,Money and credit
Post-threshold ridge,2005 Q3,NONREVSL,0,0,2005 Q3,2005-07-01,2005,3,2,Money and credit,Not selected
Post-threshold ridge,2005 Q3,CPIAUCSL,0,0,2005 Q3,2005-07-01,2005,3,2,Prices and commodities,Not selected
Post-threshold ridge,2005 Q3,PPICMM,1,1,2005 Q3,2005-07-01,2005,3,2,Prices and commodities,Prices and commodities
Post-threshold ridge,2005 Q3,PCEPI,1,1,2005 Q3,2005-07-01,2005,3,2,Prices and commodities,Prices and commodities
Post-threshold ridge,2005 Q3,OILPRICEx,0,0,2005 Q3,2005-07-01,2005,3,2,Prices and commodities,Not selected
Post-threshold ridge,2005 Q3,FEDFUNDS,0,0,2005 Q3,2005-07-01,2005,3,2,Financial / sentiment,Not selected
Post-threshold ridge,2005 Q3,TB3MS,0,0,2005 Q3,2005-07-01,2005,3,2,Financial / sentiment,Not selected
Post-threshold ridge,2005 Q3,GS10,0,0,2005 Q3,2005-07-01,2005,3,2,Financial / sentiment,Not selected
Post-threshold ridge,2005 Q3,AAA,0,0,2005 Q3,2005-07-01,2005,3,2,Financial / sentiment,Not selected
Post-threshold ridge,2005 Q3,BAA,0,0,2005 Q3,2005-07-01,2005,3,2,Financial / sentiment,Not selected
Post-threshold ridge,2005 Q3,S&P 500,1,1,2005 Q3,2005-07-01,2005,3,2,Financial / sentiment,Financial / sentiment
Post-threshold ridge,2005 Q3,VIXCLSx,0,0,2005 Q3,2005-07-01,2005,3,2,Financial / sentiment,Not selected
Post-threshold ridge,2005 Q3,UMCSENTx,0,0,2005 Q3,2005-07-01,2005,3,2,Financial / sentiment,Not selected
Post-threshold ridge,2005 Q3,TERM_SPREAD,0,0,2005 Q3,2005-07-01,2005,3,2,Financial / sentiment,Not selected
Post-threshold ridge,2005 Q3,CREDIT_SPREAD,0,0,2005 Q3,2005-07-01,2005,3,2,Financial / sentiment,Not selected
Post-threshold ridge,2005 Q4,RPI,2,1,2005 Q4,2005-10-01,2005,4,3,Real activity / consumption,Real activity / consumption
Post-threshold ridge,2005 Q4,DPCERA3M086SBEA,1,1,2005 Q4,2005-10-01,2005,4,3,Real activity / consumption,Real activity / consumption
Post-threshold ridge,2005 Q4,INDPRO,0,0,2005 Q4,2005-10-01,2005,4,3,Real activity / consumption,Not selected
Post-threshold ridge,2005 Q4,CMRMTSPLx,1,1,2005 Q4,2005-10-01,2005,4,3,Real activity / consumption,Real activity / consumption
Post-threshold ridge,2005 Q4,RETAILx,1,1,2005 Q4,2005-10-01,2005,4,3,Real activity / consumption,Real activity / consumption
Post-threshold ridge,2005 Q4,UNRATE,2,1,2005 Q4,2005-10-01,2005,4,3,Labor market,Labor market
Post-threshold ridge,2005 Q4,CLAIMSx,0,0,2005 Q4,2005-10-01,2005,4,3,Labor market,Not selected
Post-threshold ridge,2005 Q4,PAYEMS,1,1,2005 Q4,2005-10-01,2005,4,3,Labor market,Labor market
Post-threshold ridge,2005 Q4,AWHMAN,0,0,2005 Q4,2005-10-01,2005,4,3,Labor market,Not selected
Post-threshold ridge,2005 Q4,HOUST,0,0,2005 Q4,2005-10-01,2005,4,3,Housing,Not selected
Post-threshold ridge,2005 Q4,PERMIT,0,0,2005 Q4,2005-10-01,2005,4,3,Housing,Not selected
Post-threshold ridge,2005 Q4,M1SL,1,1,2005 Q4,2005-10-01,2005,4,3,Money and credit,Money and credit
Post-threshold ridge,2005 Q4,M2SL,0,0,2005 Q4,2005-10-01,2005,4,3,Money and credit,Not selected
Post-threshold ridge,2005 Q4,BOGMBASE,1,1,2005 Q4,2005-10-01,2005,4,3,Money and credit,Money and credit
Post-threshold ridge,2005 Q4,BUSLOANS,1,1,2005 Q4,2005-10-01,2005,4,3,Money and credit,Money and credit
Post-threshold ridge,2005 Q4,NONREVSL,0,0,2005 Q4,2005-10-01,2005,4,3,Money and credit,Not selected
Post-threshold ridge,2005 Q4,CPIAUCSL,0,0,2005 Q4,2005-10-01,2005,4,3,Prices and commodities,Not selected
Post-threshold ridge,2005 Q4,PPICMM,1,1,2005 Q4,2005-10-01,2005,4,3,Prices and commodities,Prices and commodities
Post-threshold ridge,2005 Q4,PCEPI,1,1,2005 Q4,2005-10-01,2005,4,3,Prices and commodities,Prices and commodities
Post-threshold ridge,2005 Q4,OILPRICEx,0,0,2005 Q4,2005-10-01,2005,4,3,Prices and commodities,Not selected
Post-threshold ridge,2005 Q4,FEDFUNDS,0,0,2005 Q4,2005-10-01,2005,4,3,Financial / sentiment,Not selected
Post-threshold ridge,2005 Q4,TB3MS,0,0,2005 Q4,2005-10-01,2005,4,3,Financial / sentiment,Not selected
Post-threshold ridge,2005 Q4,GS10,0,0,2005 Q4,2005-10-01,2005,4,3,Financial / sentiment,Not selected
Post-threshold ridge,2005 Q4,AAA,0,0,2005 Q4,2005-10-01,2005,4,3,Financial / sentiment,Not selected
Post-threshold ridge,2005 Q4,BAA,0,0,2005 Q4,2005-10-01,2005,4,3,Financial / sentiment,Not selected
Post-threshold ridge,2005 Q4,S&P 500,1,1,2005 Q4,2005-10-01,2005,4,3,Financial / sentiment,Financial / sentiment
Post-threshold ridge,2005 Q4,VIXCLSx,0,0,2005 Q4,2005-10-01,2005,4,3,Financial / sentiment,Not selected
Post-threshold ridge,2005 Q4,UMCSENTx,0,0,2005 Q4,2005-10-01,2005,4,3,Financial / sentiment,Not selected
Post-threshold ridge,2005 Q4,TERM_SPREAD,0,0,2005 Q4,2005-10-01,2005,4,3,Financial / sentiment,Not selected
Post-threshold ridge,2005 Q4,CREDIT_SPREAD,0,0,2005 Q4,2005-10-01,2005,4,3,Financial / sentiment,Not selected
Post-threshold ridge,2006 Q1,RPI,2,1,2006 Q1,2006-01-01,2006,1,4,Real activity / consumption,Real activity / consumption
Post-threshold ridge,2006 Q1,DPCERA3M086SBEA,1,1,2006 Q1,2006-01-01,2006,1,4,Real activity / consumption,Real activity / consumption
Post-threshold ridge,2006 Q1,INDPRO,1,1,2006 Q1,2006-01-01,2006,1,4,Real activity / consumption,Real activity / consumption
Post-threshold ridge,2006 Q1,CMRMTSPLx,1,1,2006 Q1,2006-01-01,2006,1,4,Real activity / consumption,Real activity / consumption
Post-threshold ridge,2006 Q1,RETAILx,1,1,2006 Q1,2006-01-01,2006,1,4,Real activity / consumption,Real activity / consumption
Post-threshold ridge,2006 Q1,UNRATE,2,1,2006 Q1,2006-01-01,2006,1,4,Labor market,Labor market
Post-threshold ridge,2006 Q1,CLAIMSx,1,1,2006 Q1,2006-01-01,2006,1,4,Labor market,Labor market
Post-threshold ridge,2006 Q1,PAYEMS,1,1,2006 Q1,2006-01-01,2006,1,4,Labor market,Labor market
Post-threshold ridge,2006 Q1,AWHMAN,0,0,2006 Q1,2006-01-01,2006,1,4,Labor market,Not selected
Post-threshold ridge,2006 Q1,HOUST,0,0,2006 Q1,2006-01-01,2006,1,4,Housing,Not selected
Post-threshold ridge,2006 Q1,PERMIT,0,0,2006 Q1,2006-01-01,2006,1,4,Housing,Not selected
Post-threshold ridge,2006 Q1,M1SL,1,1,2006 Q1,2006-01-01,2006,1,4,Money and credit,Money and credit
Post-threshold ridge,2006 Q1,M2SL,0,0,2006 Q1,2006-01-01,2006,1,4,Money and credit,Not selected
Post-threshold ridge,2006 Q1,BOGMBASE,1,1,2006 Q1,2006-01-01,2006,1,4,Money and credit,Money and credit
Post-threshold ridge,2006 Q1,BUSLOANS,1,1,2006 Q1,2006-01-01,2006,1,4,Money and credit,Money and credit
Post-threshold ridge,2006 Q1,NONREVSL,1,1,2006 Q1,2006-01-01,2006,1,4,Money and credit,Money and credit
Post-threshold ridge,2006 Q1,CPIAUCSL,0,0,2006 Q1,2006-01-01,2006,1,4,Prices and commodities,Not selected
Post-threshold ridge,2006 Q1,PPICMM,1,1,2006 Q1,2006-01-01,2006,1,4,Prices and commodities,Prices and commodities
Post-threshold ridge,2006 Q1,PCEPI,0,0,2006 Q1,2006-01-01,2006,1,4,Prices and commodities,Not selected
Post-threshold ridge,2006 Q1,OILPRICEx,1,1,2006 Q1,2006-01-01,2006,1,4,Prices and commodities,Prices and commodities
Post-threshold ridge,2006 Q1,FEDFUNDS,0,0,2006 Q1,2006-01-01,2006,1,4,Financial / sentiment,Not selected
Post-threshold ridge,2006 Q1,TB3MS,0,0,2006 Q1,2006-01-01,2006,1,4,Financial / sentiment,Not selected
Post-threshold ridge,2006 Q1,GS10,0,0,2006 Q1,2006-01-01,2006,1,4,Financial / sentiment,Not selected
Post-threshold ridge,2006 Q1,AAA,0,0,2006 Q1,2006-01-01,2006,1,4,Financial / sentiment,Not selected
Post-threshold ridge,2006 Q1,BAA,0,0,2006 Q1,2006-01-01,2006,1,4,Financial / sentiment,Not selected
Post-threshold ridge,2006 Q1,S&P 500,1,1,2006 Q1,2006-01-01,2006,1,4,Financial / sentiment,Financial / sentiment
Post-threshold ridge,2006 Q1,VIXCLSx,0,0,2006 Q1,2006-01-01,2006,1,4,Financial / sentiment,Not selected
Post-threshold ridge,2006 Q1,UMCSENTx,0,0,2006 Q1,2006-01-01,2006,1,4,Financial / sentiment,Not selected
Post-threshold ridge,2006 Q1,TERM_SPREAD,0,0,2006 Q1,2006-01-01,2006,1,4,Financial / sentiment,Not selected
Post-threshold ridge,2006 Q1,CREDIT_SPREAD,0,0,2006 Q1,2006-01-01,2006,1,4,Financial / sentiment,Not selected
Post-threshold ridge,2006 Q2,RPI,1,1,2006 Q2,2006-04-01,2006,2,5,Real activity / consumption,Real activity / consumption
Post-threshold ridge,2006 Q2,DPCERA3M086SBEA,1,1,2006 Q2,2006-04-01,2006,2,5,Real activity / consumption,Real activity / consumption
Post-threshold ridge,2006 Q2,INDPRO,1,1,2006 Q2,2006-04-01,2006,2,5,Real activity / consumption,Real activity / consumption
Post-threshold ridge,2006 Q2,CMRMTSPLx,1,1,2006 Q2,2006-04-01,2006,2,5,Real activity / consumption,Real activity / consumption
Post-threshold ridge,2006 Q2,RETAILx,1,1,2006 Q2,2006-04-01,2006,2,5,Real activity / consumption,Real activity / consumption
Post-threshold ridge,2006 Q2,UNRATE,2,1,2006 Q2,2006-04-01,2006,2,5,Labor market,Labor market
Post-threshold ridge,2006 Q2,CLAIMSx,0,0,2006 Q2,2006-04-01,2006,2,5,Labor market,Not selected
Post-threshold ridge,2006 Q2,PAYEMS,0,0,2006 Q2,2006-04-01,2006,2,5,Labor market,Not selected
Post-threshold ridge,2006 Q2,AWHMAN,0,0,2006 Q2,2006-04-01,2006,2,5,Labor market,Not selected
Post-threshold ridge,2006 Q2,HOUST,0,0,2006 Q2,2006-04-01,2006,2,5,Housing,Not selected
Post-threshold ridge,2006 Q2,PERMIT,0,0,2006 Q2,2006-04-01,2006,2,5,Housing,Not selected
Post-threshold ridge,2006 Q2,M1SL,1,1,2006 Q2,2006-04-01,2006,2,5,Money and credit,Money and credit
Post-threshold ridge,2006 Q2,M2SL,0,0,2006 Q2,2006-04-01,2006,2,5,Money and credit,Not selected
Post-threshold ridge,2006 Q2,BOGMBASE,1,1,2006 Q2,2006-04-01,2006,2,5,Money and credit,Money and credit
Post-threshold ridge,2006 Q2,BUSLOANS,1,1,2006 Q2,2006-04-01,2006,2,5,Money and credit,Money and credit
Post-threshold ridge,2006 Q2,NONREVSL,0,0,2006 Q2,2006-04-01,2006,2,5,Money and credit,Not selected
Post-threshold ridge,2006 Q2,CPIAUCSL,0,0,2006 Q2,2006-04-01,2006,2,5,Prices and commodities,Not selected
Post-threshold ridge,2006 Q2,PPICMM,1,1,2006 Q2,2006-04-01,2006,2,5,Prices and commodities,Prices and commodities
Post-threshold ridge,2006 Q2,PCEPI,0,0,2006 Q2,2006-04-01,2006,2,5,Prices and commodities,Not selected
Post-threshold ridge,2006 Q2,OILPRICEx,1,1,2006 Q2,2006-04-01,2006,2,5,Prices and commodities,Prices and commodities
Post-threshold ridge,2006 Q2,FEDFUNDS,0,0,2006 Q2,2006-04-01,2006,2,5,Financial / sentiment,Not selected
Post-threshold ridge,2006 Q2,TB3MS,0,0,2006 Q2,2006-04-01,2006,2,5,Financial / sentiment,Not selected
Post-threshold ridge,2006 Q2,GS10,0,0,2006 Q2,2006-04-01,2006,2,5,Financial / sentiment,Not selected
Post-threshold ridge,2006 Q2,AAA,0,0,2006 Q2,2006-04-01,2006,2,5,Financial / sentiment,Not selected
Post-threshold ridge,2006 Q2,BAA,0,0,2006 Q2,2006-04-01,2006,2,5,Financial / sentiment,Not selected
Post-threshold ridge,2006 Q2,S&P 500,1,1,2006 Q2,2006-04-01,2006,2,5,Financial / sentiment,Financial / sentiment
Post-threshold ridge,2006 Q2,VIXCLSx,0,0,2006 Q2,2006-04-01,2006,2,5,Financial / sentiment,Not selected
Post-threshold ridge,2006 Q2,UMCSENTx,0,0,2006 Q2,2006-04-01,2006,2,5,Financial / sentiment,Not selected
Post-threshold ridge,2006 Q2,TERM_SPREAD,0,0,2006 Q2,2006-04-01,2006,2,5,Financial / sentiment,Not selected
Post-threshold ridge,2006 Q2,CREDIT_SPREAD,0,0,2006 Q2,2006-04-01,2006,2,5,Financial / sentiment,Not selected
Post-threshold ridge,2006 Q3,RPI,1,1,2006 Q3,2006-07-01,2006,3,6,Real activity / consumption,Real activity / consumption
Post-threshold ridge,2006 Q3,DPCERA3M086SBEA,1,1,2006 Q3,2006-07-01,2006,3,6,Real activity / consumption,Real activity / consumption
Post-threshold ridge,2006 Q3,INDPRO,2,1,2006 Q3,2006-07-01,2006,3,6,Real activity / consumption,Real activity / consumption
Post-threshold ridge,2006 Q3,CMRMTSPLx,1,1,2006 Q3,2006-07-01,2006,3,6,Real activity / consumption,Real activity / consumption
Post-threshold ridge,2006 Q3,RETAILx,1,1,2006 Q3,2006-07-01,2006,3,6,Real activity / consumption,Real activity / consumption
Post-threshold ridge,2006 Q3,UNRATE,1,1,2006 Q3,2006-07-01,2006,3,6,Labor market,Labor market
Post-threshold ridge,2006 Q3,CLAIMSx,1,1,2006 Q3,2006-07-01,2006,3,6,Labor market,Labor market
Post-threshold ridge,2006 Q3,PAYEMS,1,1,2006 Q3,2006-07-01,2006,3,6,Labor market,Labor market
Post-threshold ridge,2006 Q3,AWHMAN,0,0,2006 Q3,2006-07-01,2006,3,6,Labor market,Not selected
Post-threshold ridge,2006 Q3,HOUST,0,0,2006 Q3,2006-07-01,2006,3,6,Housing,Not selected
Post-threshold ridge,2006 Q3,PERMIT,0,0,2006 Q3,2006-07-01,2006,3,6,Housing,Not selected
Post-threshold ridge,2006 Q3,M1SL,1,1,2006 Q3,2006-07-01,2006,3,6,Money and credit,Money and credit
Post-threshold ridge,2006 Q3,M2SL,1,1,2006 Q3,2006-07-01,2006,3,6,Money and credit,Money and credit
Post-threshold ridge,2006 Q3,BOGMBASE,1,1,2006 Q3,2006-07-01,2006,3,6,Money and credit,Money and credit
Post-threshold ridge,2006 Q3,BUSLOANS,1,1,2006 Q3,2006-07-01,2006,3,6,Money and credit,Money and credit
Post-threshold ridge,2006 Q3,NONREVSL,0,0,2006 Q3,2006-07-01,2006,3,6,Money and credit,Not selected
Post-threshold ridge,2006 Q3,CPIAUCSL,0,0,2006 Q3,2006-07-01,2006,3,6,Prices and commodities,Not selected
Post-threshold ridge,2006 Q3,PPICMM,1,1,2006 Q3,2006-07-01,2006,3,6,Prices and commodities,Prices and commodities
Post-threshold ridge,2006 Q3,PCEPI,0,0,2006 Q3,2006-07-01,2006,3,6,Prices and commodities,Not selected
Post-threshold ridge,2006 Q3,OILPRICEx,1,1,2006 Q3,2006-07-01,2006,3,6,Prices and commodities,Prices and commodities
Post-threshold ridge,2006 Q3,FEDFUNDS,0,0,2006 Q3,2006-07-01,2006,3,6,Financial / sentiment,Not selected
Post-threshold ridge,2006 Q3,TB3MS,0,0,2006 Q3,2006-07-01,2006,3,6,Financial / sentiment,Not selected
Post-threshold ridge,2006 Q3,GS10,0,0,2006 Q3,2006-07-01,2006,3,6,Financial / sentiment,Not selected
Post-threshold ridge,2006 Q3,AAA,0,0,2006 Q3,2006-07-01,2006,3,6,Financial / sentiment,Not selected
Post-threshold ridge,2006 Q3,BAA,0,0,2006 Q3,2006-07-01,2006,3,6,Financial / sentiment,Not selected
Post-threshold ridge,2006 Q3,S&P 500,1,1,2006 Q3,2006-07-01,2006,3,6,Financial / sentiment,Financial / sentiment
Post-threshold ridge,2006 Q3,VIXCLSx,0,0,2006 Q3,2006-07-01,2006,3,6,Financial / sentiment,Not selected
Post-threshold ridge,2006 Q3,UMCSENTx,0,0,2006 Q3,2006-07-01,2006,3,6,Financial / sentiment,Not selected
Post-threshold ridge,2006 Q3,TERM_SPREAD,0,0,2006 Q3,2006-07-01,2006,3,6,Financial / sentiment,Not selected
Post-threshold ridge,2006 Q3,CREDIT_SPREAD,0,0,2006 Q3,2006-07-01,2006,3,6,Financial / sentiment,Not selected
Post-threshold ridge,2006 Q4,RPI,1,1,2006 Q4,2006-10-01,2006,4,7,Real activity / consumption,Real activity / consumption
Post-threshold ridge,2006 Q4,DPCERA3M086SBEA,1,1,2006 Q4,2006-10-01,2006,4,7,Real activity / consumption,Real activity / consumption
Post-threshold ridge,2006 Q4,INDPRO,2,1,2006 Q4,2006-10-01,2006,4,7,Real activity / consumption,Real activity / consumption
Post-threshold ridge,2006 Q4,CMRMTSPLx,1,1,2006 Q4,2006-10-01,2006,4,7,Real activity / consumption,Real activity / consumption
Post-threshold ridge,2006 Q4,RETAILx,1,1,2006 Q4,2006-10-01,2006,4,7,Real activity / consumption,Real activity / consumption
Post-threshold ridge,2006 Q4,UNRATE,1,1,2006 Q4,2006-10-01,2006,4,7,Labor market,Labor market
Post-threshold ridge,2006 Q4,CLAIMSx,1,1,2006 Q4,2006-10-01,2006,4,7,Labor market,Labor market
Post-threshold ridge,2006 Q4,PAYEMS,1,1,2006 Q4,2006-10-01,2006,4,7,Labor market,Labor market
Post-threshold ridge,2006 Q4,AWHMAN,0,0,2006 Q4,2006-10-01,2006,4,7,Labor market,Not selected
Post-threshold ridge,2006 Q4,HOUST,0,0,2006 Q4,2006-10-01,2006,4,7,Housing,Not selected
Post-threshold ridge,2006 Q4,PERMIT,0,0,2006 Q4,2006-10-01,2006,4,7,Housing,Not selected
Post-threshold ridge,2006 Q4,M1SL,1,1,2006 Q4,2006-10-01,2006,4,7,Money and credit,Money and credit
Post-threshold ridge,2006 Q4,M2SL,1,1,2006 Q4,2006-10-01,2006,4,7,Money and credit,Money and credit
Post-threshold ridge,2006 Q4,BOGMBASE,1,1,2006 Q4,2006-10-01,2006,4,7,Money and credit,Money and credit
Post-threshold ridge,2006 Q4,BUSLOANS,0,0,2006 Q4,2006-10-01,2006,4,7,Money and credit,Not selected
Post-threshold ridge,2006 Q4,NONREVSL,0,0,2006 Q4,2006-10-01,2006,4,7,Money and credit,Not selected
Post-threshold ridge,2006 Q4,CPIAUCSL,0,0,2006 Q4,2006-10-01,2006,4,7,Prices and commodities,Not selected
Post-threshold ridge,2006 Q4,PPICMM,1,1,2006 Q4,2006-10-01,2006,4,7,Prices and commodities,Prices and commodities
Post-threshold ridge,2006 Q4,PCEPI,0,0,2006 Q4,2006-10-01,2006,4,7,Prices and commodities,Not selected
Post-threshold ridge,2006 Q4,OILPRICEx,1,1,2006 Q4,2006-10-01,2006,4,7,Prices and commodities,Prices and commodities
Post-threshold ridge,2006 Q4,FEDFUNDS,0,0,2006 Q4,2006-10-01,2006,4,7,Financial / sentiment,Not selected
Post-threshold ridge,2006 Q4,TB3MS,0,0,2006 Q4,2006-10-01,2006,4,7,Financial / sentiment,Not selected
Post-threshold ridge,2006 Q4,GS10,0,0,2006 Q4,2006-10-01,2006,4,7,Financial / sentiment,Not selected
Post-threshold ridge,2006 Q4,AAA,0,0,2006 Q4,2006-10-01,2006,4,7,Financial / sentiment,Not selected
Post-threshold ridge,2006 Q4,BAA,0,0,2006 Q4,2006-10-01,2006,4,7,Financial / sentiment,Not selected
Post-threshold ridge,2006 Q4,S&P 500,1,1,2006 Q4,2006-10-01,2006,4,7,Financial / sentiment,Financial / sentiment
Post-threshold ridge,2006 Q4,VIXCLSx,0,0,2006 Q4,2006-10-01,2006,4,7,Financial / sentiment,Not selected
Post-threshold ridge,2006 Q4,UMCSENTx,0,0,2006 Q4,2006-10-01,2006,4,7,Financial / sentiment,Not selected
Post-threshold ridge,2006 Q4,TERM_SPREAD,0,0,2006 Q4,2006-10-01,2006,4,7,Financial / sentiment,Not selected
Post-threshold ridge,2006 Q4,CREDIT_SPREAD,0,0,2006 Q4,2006-10-01,2006,4,7,Financial / sentiment,Not selected
Post-threshold ridge,2007 Q1,RPI,1,1,2007 Q1,2007-01-01,2007,1,8,Real activity / consumption,Real activity / consumption
Post-threshold ridge,2007 Q1,DPCERA3M086SBEA,1,1,2007 Q1,2007-01-01,2007,1,8,Real activity / consumption,Real activity / consumption
Post-threshold ridge,2007 Q1,INDPRO,2,1,2007 Q1,2007-01-01,2007,1,8,Real activity / consumption,Real activity / consumption
Post-threshold ridge,2007 Q1,CMRMTSPLx,1,1,2007 Q1,2007-01-01,2007,1,8,Real activity / consumption,Real activity / consumption
Post-threshold ridge,2007 Q1,RETAILx,1,1,2007 Q1,2007-01-01,2007,1,8,Real activity / consumption,Real activity / consumption
Post-threshold ridge,2007 Q1,UNRATE,1,1,2007 Q1,2007-01-01,2007,1,8,Labor market,Labor market
Post-threshold ridge,2007 Q1,CLAIMSx,1,1,2007 Q1,2007-01-01,2007,1,8,Labor market,Labor market
Post-threshold ridge,2007 Q1,PAYEMS,1,1,2007 Q1,2007-01-01,2007,1,8,Labor market,Labor market
Post-threshold ridge,2007 Q1,AWHMAN,0,0,2007 Q1,2007-01-01,2007,1,8,Labor market,Not selected
Post-threshold ridge,2007 Q1,HOUST,0,0,2007 Q1,2007-01-01,2007,1,8,Housing,Not selected
Post-threshold ridge,2007 Q1,PERMIT,0,0,2007 Q1,2007-01-01,2007,1,8,Housing,Not selected
Post-threshold ridge,2007 Q1,M1SL,1,1,2007 Q1,2007-01-01,2007,1,8,Money and credit,Money and credit
Post-threshold ridge,2007 Q1,M2SL,1,1,2007 Q1,2007-01-01,2007,1,8,Money and credit,Money and credit
Post-threshold ridge,2007 Q1,BOGMBASE,1,1,2007 Q1,2007-01-01,2007,1,8,Money and credit,Money and credit
Post-threshold ridge,2007 Q1,BUSLOANS,0,0,2007 Q1,2007-01-01,2007,1,8,Money and credit,Not selected
Post-threshold ridge,2007 Q1,NONREVSL,0,0,2007 Q1,2007-01-01,2007,1,8,Money and credit,Not selected
Post-threshold ridge,2007 Q1,CPIAUCSL,0,0,2007 Q1,2007-01-01,2007,1,8,Prices and commodities,Not selected
Post-threshold ridge,2007 Q1,PPICMM,1,1,2007 Q1,2007-01-01,2007,1,8,Prices and commodities,Prices and commodities
Post-threshold ridge,2007 Q1,PCEPI,0,0,2007 Q1,2007-01-01,2007,1,8,Prices and commodities,Not selected
Post-threshold ridge,2007 Q1,OILPRICEx,2,1,2007 Q1,2007-01-01,2007,1,8,Prices and commodities,Prices and commodities
Post-threshold ridge,2007 Q1,FEDFUNDS,0,0,2007 Q1,2007-01-01,2007,1,8,Financial / sentiment,Not selected
Post-threshold ridge,2007 Q1,TB3MS,0,0,2007 Q1,2007-01-01,2007,1,8,Financial / sentiment,Not selected
Post-threshold ridge,2007 Q1,GS10,0,0,2007 Q1,2007-01-01,2007,1,8,Financial / sentiment,Not selected
Post-threshold ridge,2007 Q1,AAA,0,0,2007 Q1,2007-01-01,2007,1,8,Financial / sentiment,Not selected
Post-threshold ridge,2007 Q1,BAA,0,0,2007 Q1,2007-01-01,2007,1,8,Financial / sentiment,Not selected
Post-threshold ridge,2007 Q1,S&P 500,1,1,2007 Q1,2007-01-01,2007,1,8,Financial / sentiment,Financial / sentiment
Post-threshold ridge,2007 Q1,VIXCLSx,0,0,2007 Q1,2007-01-01,2007,1,8,Financial / sentiment,Not selected
Post-threshold ridge,2007 Q1,UMCSENTx,0,0,2007 Q1,2007-01-01,2007,1,8,Financial / sentiment,Not selected
Post-threshold ridge,2007 Q1,TERM_SPREAD,0,0,2007 Q1,2007-01-01,2007,1,8,Financial / sentiment,Not selected
Post-threshold ridge,2007 Q1,CREDIT_SPREAD,0,0,2007 Q1,2007-01-01,2007,1,8,Financial / sentiment,Not selected
Post-threshold ridge,2007 Q2,RPI,1,1,2007 Q2,2007-04-01,2007,2,9,Real activity / consumption,Real activity / consumption
Post-threshold ridge,2007 Q2,DPCERA3M086SBEA,1,1,2007 Q2,2007-04-01,2007,2,9,Real activity / consumption,Real activity / consumption
Post-threshold ridge,2007 Q2,INDPRO,2,1,2007 Q2,2007-04-01,2007,2,9,Real activity / consumption,Real activity / consumption
Post-threshold ridge,2007 Q2,CMRMTSPLx,1,1,2007 Q2,2007-04-01,2007,2,9,Real activity / consumption,Real activity / consumption
Post-threshold ridge,2007 Q2,RETAILx,1,1,2007 Q2,2007-04-01,2007,2,9,Real activity / consumption,Real activity / consumption
Post-threshold ridge,2007 Q2,UNRATE,1,1,2007 Q2,2007-04-01,2007,2,9,Labor market,Labor market
Post-threshold ridge,2007 Q2,CLAIMSx,1,1,2007 Q2,2007-04-01,2007,2,9,Labor market,Labor market
Post-threshold ridge,2007 Q2,PAYEMS,1,1,2007 Q2,2007-04-01,2007,2,9,Labor market,Labor market
Post-threshold ridge,2007 Q2,AWHMAN,0,0,2007 Q2,2007-04-01,2007,2,9,Labor market,Not selected
Post-threshold ridge,2007 Q2,HOUST,0,0,2007 Q2,2007-04-01,2007,2,9,Housing,Not selected
Post-threshold ridge,2007 Q2,PERMIT,0,0,2007 Q2,2007-04-01,2007,2,9,Housing,Not selected
Post-threshold ridge,2007 Q2,M1SL,1,1,2007 Q2,2007-04-01,2007,2,9,Money and credit,Money and credit
Post-threshold ridge,2007 Q2,M2SL,1,1,2007 Q2,2007-04-01,2007,2,9,Money and credit,Money and credit
Post-threshold ridge,2007 Q2,BOGMBASE,1,1,2007 Q2,2007-04-01,2007,2,9,Money and credit,Money and credit
Post-threshold ridge,2007 Q2,BUSLOANS,0,0,2007 Q2,2007-04-01,2007,2,9,Money and credit,Not selected
Post-threshold ridge,2007 Q2,NONREVSL,0,0,2007 Q2,2007-04-01,2007,2,9,Money and credit,Not selected
Post-threshold ridge,2007 Q2,CPIAUCSL,0,0,2007 Q2,2007-04-01,2007,2,9,Prices and commodities,Not selected
Post-threshold ridge,2007 Q2,PPICMM,1,1,2007 Q2,2007-04-01,2007,2,9,Prices and commodities,Prices and commodities
Post-threshold ridge,2007 Q2,PCEPI,0,0,2007 Q2,2007-04-01,2007,2,9,Prices and commodities,Not selected
Post-threshold ridge,2007 Q2,OILPRICEx,1,1,2007 Q2,2007-04-01,2007,2,9,Prices and commodities,Prices and commodities
Post-threshold ridge,2007 Q2,FEDFUNDS,0,0,2007 Q2,2007-04-01,2007,2,9,Financial / sentiment,Not selected
Post-threshold ridge,2007 Q2,TB3MS,0,0,2007 Q2,2007-04-01,2007,2,9,Financial / sentiment,Not selected
Post-threshold ridge,2007 Q2,GS10,0,0,2007 Q2,2007-04-01,2007,2,9,Financial / sentiment,Not selected
Post-threshold ridge,2007 Q2,AAA,0,0,2007 Q2,2007-04-01,2007,2,9,Financial / sentiment,Not selected
Post-threshold ridge,2007 Q2,BAA,0,0,2007 Q2,2007-04-01,2007,2,9,Financial / sentiment,Not selected
Post-threshold ridge,2007 Q2,S&P 500,1,1,2007 Q2,2007-04-01,2007,2,9,Financial / sentiment,Financial / sentiment
Post-threshold ridge,2007 Q2,VIXCLSx,0,0,2007 Q2,2007-04-01,2007,2,9,Financial / sentiment,Not selected
Post-threshold ridge,2007 Q2,UMCSENTx,0,0,2007 Q2,2007-04-01,2007,2,9,Financial / sentiment,Not selected
Post-threshold ridge,2007 Q2,TERM_SPREAD,0,0,2007 Q2,2007-04-01,2007,2,9,Financial / sentiment,Not selected
Post-threshold ridge,2007 Q2,CREDIT_SPREAD,0,0,2007 Q2,2007-04-01,2007,2,9,Financial / sentiment,Not selected
Post-threshold ridge,2007 Q3,RPI,1,1,2007 Q3,2007-07-01,2007,3,10,Real activity / consumption,Real activity / consumption
Post-threshold ridge,2007 Q3,DPCERA3M086SBEA,1,1,2007 Q3,2007-07-01,2007,3,10,Real activity / consumption,Real activity / consumption
Post-threshold ridge,2007 Q3,INDPRO,2,1,2007 Q3,2007-07-01,2007,3,10,Real activity / consumption,Real activity / consumption
Post-threshold ridge,2007 Q3,CMRMTSPLx,1,1,2007 Q3,2007-07-01,2007,3,10,Real activity / consumption,Real activity / consumption
Post-threshold ridge,2007 Q3,RETAILx,1,1,2007 Q3,2007-07-01,2007,3,10,Real activity / consumption,Real activity / consumption
Post-threshold ridge,2007 Q3,UNRATE,1,1,2007 Q3,2007-07-01,2007,3,10,Labor market,Labor market
Post-threshold ridge,2007 Q3,CLAIMSx,1,1,2007 Q3,2007-07-01,2007,3,10,Labor market,Labor market
Post-threshold ridge,2007 Q3,PAYEMS,1,1,2007 Q3,2007-07-01,2007,3,10,Labor market,Labor market
Post-threshold ridge,2007 Q3,AWHMAN,0,0,2007 Q3,2007-07-01,2007,3,10,Labor market,Not selected
Post-threshold ridge,2007 Q3,HOUST,0,0,2007 Q3,2007-07-01,2007,3,10,Housing,Not selected
Post-threshold ridge,2007 Q3,PERMIT,0,0,2007 Q3,2007-07-01,2007,3,10,Housing,Not selected
Post-threshold ridge,2007 Q3,M1SL,1,1,2007 Q3,2007-07-01,2007,3,10,Money and credit,Money and credit
Post-threshold ridge,2007 Q3,M2SL,1,1,2007 Q3,2007-07-01,2007,3,10,Money and credit,Money and credit
Post-threshold ridge,2007 Q3,BOGMBASE,1,1,2007 Q3,2007-07-01,2007,3,10,Money and credit,Money and credit
Post-threshold ridge,2007 Q3,BUSLOANS,0,0,2007 Q3,2007-07-01,2007,3,10,Money and credit,Not selected
Post-threshold ridge,2007 Q3,NONREVSL,0,0,2007 Q3,2007-07-01,2007,3,10,Money and credit,Not selected
Post-threshold ridge,2007 Q3,CPIAUCSL,0,0,2007 Q3,2007-07-01,2007,3,10,Prices and commodities,Not selected
Post-threshold ridge,2007 Q3,PPICMM,1,1,2007 Q3,2007-07-01,2007,3,10,Prices and commodities,Prices and commodities
Post-threshold ridge,2007 Q3,PCEPI,0,0,2007 Q3,2007-07-01,2007,3,10,Prices and commodities,Not selected
Post-threshold ridge,2007 Q3,OILPRICEx,1,1,2007 Q3,2007-07-01,2007,3,10,Prices and commodities,Prices and commodities
Post-threshold ridge,2007 Q3,FEDFUNDS,0,0,2007 Q3,2007-07-01,2007,3,10,Financial / sentiment,Not selected
Post-threshold ridge,2007 Q3,TB3MS,0,0,2007 Q3,2007-07-01,2007,3,10,Financial / sentiment,Not selected
Post-threshold ridge,2007 Q3,GS10,0,0,2007 Q3,2007-07-01,2007,3,10,Financial / sentiment,Not selected
Post-threshold ridge,2007 Q3,AAA,0,0,2007 Q3,2007-07-01,2007,3,10,Financial / sentiment,Not selected
Post-threshold ridge,2007 Q3,BAA,0,0,2007 Q3,2007-07-01,2007,3,10,Financial / sentiment,Not selected
Post-threshold ridge,2007 Q3,S&P 500,1,1,2007 Q3,2007-07-01,2007,3,10,Financial / sentiment,Financial / sentiment
Post-threshold ridge,2007 Q3,VIXCLSx,0,0,2007 Q3,2007-07-01,2007,3,10,Financial / sentiment,Not selected
Post-threshold ridge,2007 Q3,UMCSENTx,0,0,2007 Q3,2007-07-01,2007,3,10,Financial / sentiment,Not selected
Post-threshold ridge,2007 Q3,TERM_SPREAD,0,0,2007 Q3,2007-07-01,2007,3,10,Financial / sentiment,Not selected
Post-threshold ridge,2007 Q3,CREDIT_SPREAD,0,0,2007 Q3,2007-07-01,2007,3,10,Financial / sentiment,Not selected
Post-threshold ridge,2007 Q4,RPI,1,1,2007 Q4,2007-10-01,2007,4,11,Real activity / consumption,Real activity / consumption
Post-threshold ridge,2007 Q4,DPCERA3M086SBEA,1,1,2007 Q4,2007-10-01,2007,4,11,Real activity / consumption,Real activity / consumption
Post-threshold ridge,2007 Q4,INDPRO,1,1,2007 Q4,2007-10-01,2007,4,11,Real activity / consumption,Real activity / consumption
Post-threshold ridge,2007 Q4,CMRMTSPLx,1,1,2007 Q4,2007-10-01,2007,4,11,Real activity / consumption,Real activity / consumption
Post-threshold ridge,2007 Q4,RETAILx,1,1,2007 Q4,2007-10-01,2007,4,11,Real activity / consumption,Real activity / consumption
Post-threshold ridge,2007 Q4,UNRATE,1,1,2007 Q4,2007-10-01,2007,4,11,Labor market,Labor market
Post-threshold ridge,2007 Q4,CLAIMSx,1,1,2007 Q4,2007-10-01,2007,4,11,Labor market,Labor market
Post-threshold ridge,2007 Q4,PAYEMS,1,1,2007 Q4,2007-10-01,2007,4,11,Labor market,Labor market
Post-threshold ridge,2007 Q4,AWHMAN,0,0,2007 Q4,2007-10-01,2007,4,11,Labor market,Not selected
Post-threshold ridge,2007 Q4,HOUST,0,0,2007 Q4,2007-10-01,2007,4,11,Housing,Not selected
Post-threshold ridge,2007 Q4,PERMIT,0,0,2007 Q4,2007-10-01,2007,4,11,Housing,Not selected
Post-threshold ridge,2007 Q4,M1SL,1,1,2007 Q4,2007-10-01,2007,4,11,Money and credit,Money and credit
Post-threshold ridge,2007 Q4,M2SL,1,1,2007 Q4,2007-10-01,2007,4,11,Money and credit,Money and credit
Post-threshold ridge,2007 Q4,BOGMBASE,2,1,2007 Q4,2007-10-01,2007,4,11,Money and credit,Money and credit
Post-threshold ridge,2007 Q4,BUSLOANS,0,0,2007 Q4,2007-10-01,2007,4,11,Money and credit,Not selected
Post-threshold ridge,2007 Q4,NONREVSL,0,0,2007 Q4,2007-10-01,2007,4,11,Money and credit,Not selected
Post-threshold ridge,2007 Q4,CPIAUCSL,0,0,2007 Q4,2007-10-01,2007,4,11,Prices and commodities,Not selected
Post-threshold ridge,2007 Q4,PPICMM,1,1,2007 Q4,2007-10-01,2007,4,11,Prices and commodities,Prices and commodities
Post-threshold ridge,2007 Q4,PCEPI,0,0,2007 Q4,2007-10-01,2007,4,11,Prices and commodities,Not selected
Post-threshold ridge,2007 Q4,OILPRICEx,1,1,2007 Q4,2007-10-01,2007,4,11,Prices and commodities,Prices and commodities
Post-threshold ridge,2007 Q4,FEDFUNDS,0,0,2007 Q4,2007-10-01,2007,4,11,Financial / sentiment,Not selected
Post-threshold ridge,2007 Q4,TB3MS,0,0,2007 Q4,2007-10-01,2007,4,11,Financial / sentiment,Not selected
Post-threshold ridge,2007 Q4,GS10,0,0,2007 Q4,2007-10-01,2007,4,11,Financial / sentiment,Not selected
Post-threshold ridge,2007 Q4,AAA,0,0,2007 Q4,2007-10-01,2007,4,11,Financial / sentiment,Not selected
Post-threshold ridge,2007 Q4,BAA,0,0,2007 Q4,2007-10-01,2007,4,11,Financial / sentiment,Not selected
Post-threshold ridge,2007 Q4,S&P 500,1,1,2007 Q4,2007-10-01,2007,4,11,Financial / sentiment,Financial / sentiment
Post-threshold ridge,2007 Q4,VIXCLSx,0,0,2007 Q4,2007-10-01,2007,4,11,Financial / sentiment,Not selected
Post-threshold ridge,2007 Q4,UMCSENTx,0,0,2007 Q4,2007-10-01,2007,4,11,Financial / sentiment,Not selected
Post-threshold ridge,2007 Q4,TERM_SPREAD,0,0,2007 Q4,2007-10-01,2007,4,11,Financial / sentiment,Not selected
Post-threshold ridge,2007 Q4,CREDIT_SPREAD,0,0,2007 Q4,2007-10-01,2007,4,11,Financial / sentiment,Not selected
Post-threshold ridge,2008 Q1,RPI,1,1,2008 Q1,2008-01-01,2008,1,12,Real activity / consumption,Real activity / consumption
Post-threshold ridge,2008 Q1,DPCERA3M086SBEA,1,1,2008 Q1,2008-01-01,2008,1,12,Real activity / consumption,Real activity / consumption
Post-threshold ridge,2008 Q1,INDPRO,1,1,2008 Q1,2008-01-01,2008,1,12,Real activity / consumption,Real activity / consumption
Post-threshold ridge,2008 Q1,CMRMTSPLx,1,1,2008 Q1,2008-01-01,2008,1,12,Real activity / consumption,Real activity / consumption
Post-threshold ridge,2008 Q1,RETAILx,1,1,2008 Q1,2008-01-01,2008,1,12,Real activity / consumption,Real activity / consumption
Post-threshold ridge,2008 Q1,UNRATE,1,1,2008 Q1,2008-01-01,2008,1,12,Labor market,Labor market
Post-threshold ridge,2008 Q1,CLAIMSx,1,1,2008 Q1,2008-01-01,2008,1,12,Labor market,Labor market
Post-threshold ridge,2008 Q1,PAYEMS,1,1,2008 Q1,2008-01-01,2008,1,12,Labor market,Labor market
Post-threshold ridge,2008 Q1,AWHMAN,0,0,2008 Q1,2008-01-01,2008,1,12,Labor market,Not selected
Post-threshold ridge,2008 Q1,HOUST,0,0,2008 Q1,2008-01-01,2008,1,12,Housing,Not selected
Post-threshold ridge,2008 Q1,PERMIT,0,0,2008 Q1,2008-01-01,2008,1,12,Housing,Not selected
Post-threshold ridge,2008 Q1,M1SL,1,1,2008 Q1,2008-01-01,2008,1,12,Money and credit,Money and credit
Post-threshold ridge,2008 Q1,M2SL,0,0,2008 Q1,2008-01-01,2008,1,12,Money and credit,Not selected
Post-threshold ridge,2008 Q1,BOGMBASE,2,1,2008 Q1,2008-01-01,2008,1,12,Money and credit,Money and credit
Post-threshold ridge,2008 Q1,BUSLOANS,0,0,2008 Q1,2008-01-01,2008,1,12,Money and credit,Not selected
Post-threshold ridge,2008 Q1,NONREVSL,0,0,2008 Q1,2008-01-01,2008,1,12,Money and credit,Not selected
Post-threshold ridge,2008 Q1,CPIAUCSL,0,0,2008 Q1,2008-01-01,2008,1,12,Prices and commodities,Not selected
Post-threshold ridge,2008 Q1,PPICMM,1,1,2008 Q1,2008-01-01,2008,1,12,Prices and commodities,Prices and commodities
Post-threshold ridge,2008 Q1,PCEPI,0,0,2008 Q1,2008-01-01,2008,1,12,Prices and commodities,Not selected
Post-threshold ridge,2008 Q1,OILPRICEx,1,1,2008 Q1,2008-01-01,2008,1,12,Prices and commodities,Prices and commodities
Post-threshold ridge,2008 Q1,FEDFUNDS,0,0,2008 Q1,2008-01-01,2008,1,12,Financial / sentiment,Not selected
Post-threshold ridge,2008 Q1,TB3MS,0,0,2008 Q1,2008-01-01,2008,1,12,Financial / sentiment,Not selected
Post-threshold ridge,2008 Q1,GS10,0,0,2008 Q1,2008-01-01,2008,1,12,Financial / sentiment,Not selected
Post-threshold ridge,2008 Q1,AAA,0,0,2008 Q1,2008-01-01,2008,1,12,Financial / sentiment,Not selected
Post-threshold ridge,2008 Q1,BAA,0,0,2008 Q1,2008-01-01,2008,1,12,Financial / sentiment,Not selected
Post-threshold ridge,2008 Q1,S&P 500,1,1,2008 Q1,2008-01-01,2008,1,12,Financial / sentiment,Financial / sentiment
Post-threshold ridge,2008 Q1,VIXCLSx,0,0,2008 Q1,2008-01-01,2008,1,12,Financial / sentiment,Not selected
Post-threshold ridge,2008 Q1,UMCSENTx,0,0,2008 Q1,2008-01-01,2008,1,12,Financial / sentiment,Not selected
Post-threshold ridge,2008 Q1,TERM_SPREAD,0,0,2008 Q1,2008-01-01,2008,1,12,Financial / sentiment,Not selected
Post-threshold ridge,2008 Q1,CREDIT_SPREAD,0,0,2008 Q1,2008-01-01,2008,1,12,Financial / sentiment,Not selected
Post-threshold ridge,2008 Q2,RPI,1,1,2008 Q2,2008-04-01,2008,2,13,Real activity / consumption,Real activity / consumption
Post-threshold ridge,2008 Q2,DPCERA3M086SBEA,2,1,2008 Q2,2008-04-01,2008,2,13,Real activity / consumption,Real activity / consumption
Post-threshold ridge,2008 Q2,INDPRO,1,1,2008 Q2,2008-04-01,2008,2,13,Real activity / consumption,Real activity / consumption
Post-threshold ridge,2008 Q2,CMRMTSPLx,1,1,2008 Q2,2008-04-01,2008,2,13,Real activity / consumption,Real activity / consumption
Post-threshold ridge,2008 Q2,RETAILx,1,1,2008 Q2,2008-04-01,2008,2,13,Real activity / consumption,Real activity / consumption
Post-threshold ridge,2008 Q2,UNRATE,2,1,2008 Q2,2008-04-01,2008,2,13,Labor market,Labor market
Post-threshold ridge,2008 Q2,CLAIMSx,1,1,2008 Q2,2008-04-01,2008,2,13,Labor market,Labor market
Post-threshold ridge,2008 Q2,PAYEMS,1,1,2008 Q2,2008-04-01,2008,2,13,Labor market,Labor market
Post-threshold ridge,2008 Q2,AWHMAN,0,0,2008 Q2,2008-04-01,2008,2,13,Labor market,Not selected
Post-threshold ridge,2008 Q2,HOUST,0,0,2008 Q2,2008-04-01,2008,2,13,Housing,Not selected
Post-threshold ridge,2008 Q2,PERMIT,0,0,2008 Q2,2008-04-01,2008,2,13,Housing,Not selected
Post-threshold ridge,2008 Q2,M1SL,1,1,2008 Q2,2008-04-01,2008,2,13,Money and credit,Money and credit
Post-threshold ridge,2008 Q2,M2SL,0,0,2008 Q2,2008-04-01,2008,2,13,Money and credit,Not selected
Post-threshold ridge,2008 Q2,BOGMBASE,1,1,2008 Q2,2008-04-01,2008,2,13,Money and credit,Money and credit
Post-threshold ridge,2008 Q2,BUSLOANS,0,0,2008 Q2,2008-04-01,2008,2,13,Money and credit,Not selected
Post-threshold ridge,2008 Q2,NONREVSL,0,0,2008 Q2,2008-04-01,2008,2,13,Money and credit,Not selected
Post-threshold ridge,2008 Q2,CPIAUCSL,0,0,2008 Q2,2008-04-01,2008,2,13,Prices and commodities,Not selected
Post-threshold ridge,2008 Q2,PPICMM,1,1,2008 Q2,2008-04-01,2008,2,13,Prices and commodities,Prices and commodities
Post-threshold ridge,2008 Q2,PCEPI,0,0,2008 Q2,2008-04-01,2008,2,13,Prices and commodities,Not selected
Post-threshold ridge,2008 Q2,OILPRICEx,1,1,2008 Q2,2008-04-01,2008,2,13,Prices and commodities,Prices and commodities
Post-threshold ridge,2008 Q2,FEDFUNDS,0,0,2008 Q2,2008-04-01,2008,2,13,Financial / sentiment,Not selected
Post-threshold ridge,2008 Q2,TB3MS,0,0,2008 Q2,2008-04-01,2008,2,13,Financial / sentiment,Not selected
Post-threshold ridge,2008 Q2,GS10,0,0,2008 Q2,2008-04-01,2008,2,13,Financial / sentiment,Not selected
Post-threshold ridge,2008 Q2,AAA,0,0,2008 Q2,2008-04-01,2008,2,13,Financial / sentiment,Not selected
Post-threshold ridge,2008 Q2,BAA,0,0,2008 Q2,2008-04-01,2008,2,13,Financial / sentiment,Not selected
Post-threshold ridge,2008 Q2,S&P 500,1,1,2008 Q2,2008-04-01,2008,2,13,Financial / sentiment,Financial / sentiment
Post-threshold ridge,2008 Q2,VIXCLSx,0,0,2008 Q2,2008-04-01,2008,2,13,Financial / sentiment,Not selected
Post-threshold ridge,2008 Q2,UMCSENTx,0,0,2008 Q2,2008-04-01,2008,2,13,Financial / sentiment,Not selected
Post-threshold ridge,2008 Q2,TERM_SPREAD,0,0,2008 Q2,2008-04-01,2008,2,13,Financial / sentiment,Not selected
Post-threshold ridge,2008 Q2,CREDIT_SPREAD,0,0,2008 Q2,2008-04-01,2008,2,13,Financial / sentiment,Not selected
Post-threshold ridge,2008 Q3,RPI,0,0,2008 Q3,2008-07-01,2008,3,14,Real activity / consumption,Not selected
Post-threshold ridge,2008 Q3,DPCERA3M086SBEA,2,1,2008 Q3,2008-07-01,2008,3,14,Real activity / consumption,Real activity / consumption
Post-threshold ridge,2008 Q3,INDPRO,1,1,2008 Q3,2008-07-01,2008,3,14,Real activity / consumption,Real activity / consumption
Post-threshold ridge,2008 Q3,CMRMTSPLx,1,1,2008 Q3,2008-07-01,2008,3,14,Real activity / consumption,Real activity / consumption
Post-threshold ridge,2008 Q3,RETAILx,0,0,2008 Q3,2008-07-01,2008,3,14,Real activity / consumption,Not selected
Post-threshold ridge,2008 Q3,UNRATE,2,1,2008 Q3,2008-07-01,2008,3,14,Labor market,Labor market
Post-threshold ridge,2008 Q3,CLAIMSx,1,1,2008 Q3,2008-07-01,2008,3,14,Labor market,Labor market
Post-threshold ridge,2008 Q3,PAYEMS,1,1,2008 Q3,2008-07-01,2008,3,14,Labor market,Labor market
Post-threshold ridge,2008 Q3,AWHMAN,0,0,2008 Q3,2008-07-01,2008,3,14,Labor market,Not selected
Post-threshold ridge,2008 Q3,HOUST,0,0,2008 Q3,2008-07-01,2008,3,14,Housing,Not selected
Post-threshold ridge,2008 Q3,PERMIT,0,0,2008 Q3,2008-07-01,2008,3,14,Housing,Not selected
Post-threshold ridge,2008 Q3,M1SL,1,1,2008 Q3,2008-07-01,2008,3,14,Money and credit,Money and credit
Post-threshold ridge,2008 Q3,M2SL,0,0,2008 Q3,2008-07-01,2008,3,14,Money and credit,Not selected
Post-threshold ridge,2008 Q3,BOGMBASE,2,1,2008 Q3,2008-07-01,2008,3,14,Money and credit,Money and credit
Post-threshold ridge,2008 Q3,BUSLOANS,0,0,2008 Q3,2008-07-01,2008,3,14,Money and credit,Not selected
Post-threshold ridge,2008 Q3,NONREVSL,0,0,2008 Q3,2008-07-01,2008,3,14,Money and credit,Not selected
Post-threshold ridge,2008 Q3,CPIAUCSL,0,0,2008 Q3,2008-07-01,2008,3,14,Prices and commodities,Not selected
Post-threshold ridge,2008 Q3,PPICMM,1,1,2008 Q3,2008-07-01,2008,3,14,Prices and commodities,Prices and commodities
Post-threshold ridge,2008 Q3,PCEPI,0,0,2008 Q3,2008-07-01,2008,3,14,Prices and commodities,Not selected
Post-threshold ridge,2008 Q3,OILPRICEx,1,1,2008 Q3,2008-07-01,2008,3,14,Prices and commodities,Prices and commodities
Post-threshold ridge,2008 Q3,FEDFUNDS,0,0,2008 Q3,2008-07-01,2008,3,14,Financial / sentiment,Not selected
Post-threshold ridge,2008 Q3,TB3MS,0,0,2008 Q3,2008-07-01,2008,3,14,Financial / sentiment,Not selected
Post-threshold ridge,2008 Q3,GS10,0,0,2008 Q3,2008-07-01,2008,3,14,Financial / sentiment,Not selected
Post-threshold ridge,2008 Q3,AAA,0,0,2008 Q3,2008-07-01,2008,3,14,Financial / sentiment,Not selected
Post-threshold ridge,2008 Q3,BAA,0,0,2008 Q3,2008-07-01,2008,3,14,Financial / sentiment,Not selected
Post-threshold ridge,2008 Q3,S&P 500,1,1,2008 Q3,2008-07-01,2008,3,14,Financial / sentiment,Financial / sentiment
Post-threshold ridge,2008 Q3,VIXCLSx,0,0,2008 Q3,2008-07-01,2008,3,14,Financial / sentiment,Not selected
Post-threshold ridge,2008 Q3,UMCSENTx,0,0,2008 Q3,2008-07-01,2008,3,14,Financial / sentiment,Not selected
Post-threshold ridge,2008 Q3,TERM_SPREAD,0,0,2008 Q3,2008-07-01,2008,3,14,Financial / sentiment,Not selected
Post-threshold ridge,2008 Q3,CREDIT_SPREAD,0,0,2008 Q3,2008-07-01,2008,3,14,Financial / sentiment,Not selected
Post-threshold ridge,2008 Q4,RPI,1,1,2008 Q4,2008-10-01,2008,4,15,Real activity / consumption,Real activity / consumption
Post-threshold ridge,2008 Q4,DPCERA3M086SBEA,2,1,2008 Q4,2008-10-01,2008,4,15,Real activity / consumption,Real activity / consumption
Post-threshold ridge,2008 Q4,INDPRO,2,1,2008 Q4,2008-10-01,2008,4,15,Real activity / consumption,Real activity / consumption
Post-threshold ridge,2008 Q4,CMRMTSPLx,1,1,2008 Q4,2008-10-01,2008,4,15,Real activity / consumption,Real activity / consumption
Post-threshold ridge,2008 Q4,RETAILx,1,1,2008 Q4,2008-10-01,2008,4,15,Real activity / consumption,Real activity / consumption
Post-threshold ridge,2008 Q4,UNRATE,2,1,2008 Q4,2008-10-01,2008,4,15,Labor market,Labor market
Post-threshold ridge,2008 Q4,CLAIMSx,1,1,2008 Q4,2008-10-01,2008,4,15,Labor market,Labor market
Post-threshold ridge,2008 Q4,PAYEMS,1,1,2008 Q4,2008-10-01,2008,4,15,Labor market,Labor market
Post-threshold ridge,2008 Q4,AWHMAN,0,0,2008 Q4,2008-10-01,2008,4,15,Labor market,Not selected
Post-threshold ridge,2008 Q4,HOUST,0,0,2008 Q4,2008-10-01,2008,4,15,Housing,Not selected
Post-threshold ridge,2008 Q4,PERMIT,0,0,2008 Q4,2008-10-01,2008,4,15,Housing,Not selected
Post-threshold ridge,2008 Q4,M1SL,2,1,2008 Q4,2008-10-01,2008,4,15,Money and credit,Money and credit
Post-threshold ridge,2008 Q4,M2SL,1,1,2008 Q4,2008-10-01,2008,4,15,Money and credit,Money and credit
Post-threshold ridge,2008 Q4,BOGMBASE,1,1,2008 Q4,2008-10-01,2008,4,15,Money and credit,Money and credit
Post-threshold ridge,2008 Q4,BUSLOANS,1,1,2008 Q4,2008-10-01,2008,4,15,Money and credit,Money and credit
Post-threshold ridge,2008 Q4,NONREVSL,0,0,2008 Q4,2008-10-01,2008,4,15,Money and credit,Not selected
Post-threshold ridge,2008 Q4,CPIAUCSL,0,0,2008 Q4,2008-10-01,2008,4,15,Prices and commodities,Not selected
Post-threshold ridge,2008 Q4,PPICMM,1,1,2008 Q4,2008-10-01,2008,4,15,Prices and commodities,Prices and commodities
Post-threshold ridge,2008 Q4,PCEPI,0,0,2008 Q4,2008-10-01,2008,4,15,Prices and commodities,Not selected
Post-threshold ridge,2008 Q4,OILPRICEx,1,1,2008 Q4,2008-10-01,2008,4,15,Prices and commodities,Prices and commodities
Post-threshold ridge,2008 Q4,FEDFUNDS,0,0,2008 Q4,2008-10-01,2008,4,15,Financial / sentiment,Not selected
Post-threshold ridge,2008 Q4,TB3MS,0,0,2008 Q4,2008-10-01,2008,4,15,Financial / sentiment,Not selected
Post-threshold ridge,2008 Q4,GS10,0,0,2008 Q4,2008-10-01,2008,4,15,Financial / sentiment,Not selected
Post-threshold ridge,2008 Q4,AAA,0,0,2008 Q4,2008-10-01,2008,4,15,Financial / sentiment,Not selected
Post-threshold ridge,2008 Q4,BAA,0,0,2008 Q4,2008-10-01,2008,4,15,Financial / sentiment,Not selected
Post-threshold ridge,2008 Q4,S&P 500,1,1,2008 Q4,2008-10-01,2008,4,15,Financial / sentiment,Financial / sentiment
Post-threshold ridge,2008 Q4,VIXCLSx,0,0,2008 Q4,2008-10-01,2008,4,15,Financial / sentiment,Not selected
Post-threshold ridge,2008 Q4,UMCSENTx,0,0,2008 Q4,2008-10-01,2008,4,15,Financial / sentiment,Not selected
Post-threshold ridge,2008 Q4,TERM_SPREAD,0,0,2008 Q4,2008-10-01,2008,4,15,Financial / sentiment,Not selected
Post-threshold ridge,2008 Q4,CREDIT_SPREAD,2,1,2008 Q4,2008-10-01,2008,4,15,Financial / sentiment,Financial / sentiment
Post-threshold ridge,2009 Q1,RPI,3,1,2009 Q1,2009-01-01,2009,1,16,Real activity / consumption,Real activity / consumption
Post-threshold ridge,2009 Q1,DPCERA3M086SBEA,2,1,2009 Q1,2009-01-01,2009,1,16,Real activity / consumption,Real activity / consumption
Post-threshold ridge,2009 Q1,INDPRO,2,1,2009 Q1,2009-01-01,2009,1,16,Real activity / consumption,Real activity / consumption
Post-threshold ridge,2009 Q1,CMRMTSPLx,1,1,2009 Q1,2009-01-01,2009,1,16,Real activity / consumption,Real activity / consumption
Post-threshold ridge,2009 Q1,RETAILx,0,0,2009 Q1,2009-01-01,2009,1,16,Real activity / consumption,Not selected
Post-threshold ridge,2009 Q1,UNRATE,2,1,2009 Q1,2009-01-01,2009,1,16,Labor market,Labor market
Post-threshold ridge,2009 Q1,CLAIMSx,1,1,2009 Q1,2009-01-01,2009,1,16,Labor market,Labor market
Post-threshold ridge,2009 Q1,PAYEMS,1,1,2009 Q1,2009-01-01,2009,1,16,Labor market,Labor market
Post-threshold ridge,2009 Q1,AWHMAN,0,0,2009 Q1,2009-01-01,2009,1,16,Labor market,Not selected
Post-threshold ridge,2009 Q1,HOUST,0,0,2009 Q1,2009-01-01,2009,1,16,Housing,Not selected
Post-threshold ridge,2009 Q1,PERMIT,0,0,2009 Q1,2009-01-01,2009,1,16,Housing,Not selected
Post-threshold ridge,2009 Q1,M1SL,1,1,2009 Q1,2009-01-01,2009,1,16,Money and credit,Money and credit
Post-threshold ridge,2009 Q1,M2SL,1,1,2009 Q1,2009-01-01,2009,1,16,Money and credit,Money and credit
Post-threshold ridge,2009 Q1,BOGMBASE,0,0,2009 Q1,2009-01-01,2009,1,16,Money and credit,Not selected
Post-threshold ridge,2009 Q1,BUSLOANS,1,1,2009 Q1,2009-01-01,2009,1,16,Money and credit,Money and credit
Post-threshold ridge,2009 Q1,NONREVSL,0,0,2009 Q1,2009-01-01,2009,1,16,Money and credit,Not selected
Post-threshold ridge,2009 Q1,CPIAUCSL,0,0,2009 Q1,2009-01-01,2009,1,16,Prices and commodities,Not selected
Post-threshold ridge,2009 Q1,PPICMM,1,1,2009 Q1,2009-01-01,2009,1,16,Prices and commodities,Prices and commodities
Post-threshold ridge,2009 Q1,PCEPI,0,0,2009 Q1,2009-01-01,2009,1,16,Prices and commodities,Not selected
Post-threshold ridge,2009 Q1,OILPRICEx,1,1,2009 Q1,2009-01-01,2009,1,16,Prices and commodities,Prices and commodities
Post-threshold ridge,2009 Q1,FEDFUNDS,0,0,2009 Q1,2009-01-01,2009,1,16,Financial / sentiment,Not selected
Post-threshold ridge,2009 Q1,TB3MS,0,0,2009 Q1,2009-01-01,2009,1,16,Financial / sentiment,Not selected
Post-threshold ridge,2009 Q1,GS10,0,0,2009 Q1,2009-01-01,2009,1,16,Financial / sentiment,Not selected
Post-threshold ridge,2009 Q1,AAA,0,0,2009 Q1,2009-01-01,2009,1,16,Financial / sentiment,Not selected
Post-threshold ridge,2009 Q1,BAA,0,0,2009 Q1,2009-01-01,2009,1,16,Financial / sentiment,Not selected
Post-threshold ridge,2009 Q1,S&P 500,0,0,2009 Q1,2009-01-01,2009,1,16,Financial / sentiment,Not selected
Post-threshold ridge,2009 Q1,VIXCLSx,0,0,2009 Q1,2009-01-01,2009,1,16,Financial / sentiment,Not selected
Post-threshold ridge,2009 Q1,UMCSENTx,0,0,2009 Q1,2009-01-01,2009,1,16,Financial / sentiment,Not selected
Post-threshold ridge,2009 Q1,TERM_SPREAD,0,0,2009 Q1,2009-01-01,2009,1,16,Financial / sentiment,Not selected
Post-threshold ridge,2009 Q1,CREDIT_SPREAD,0,0,2009 Q1,2009-01-01,2009,1,16,Financial / sentiment,Not selected
Post-threshold ridge,2009 Q2,RPI,3,1,2009 Q2,2009-04-01,2009,2,17,Real activity / consumption,Real activity / consumption
Post-threshold ridge,2009 Q2,DPCERA3M086SBEA,2,1,2009 Q2,2009-04-01,2009,2,17,Real activity / consumption,Real activity / consumption
Post-threshold ridge,2009 Q2,INDPRO,2,1,2009 Q2,2009-04-01,2009,2,17,Real activity / consumption,Real activity / consumption
Post-threshold ridge,2009 Q2,CMRMTSPLx,1,1,2009 Q2,2009-04-01,2009,2,17,Real activity / consumption,Real activity / consumption
Post-threshold ridge,2009 Q2,RETAILx,0,0,2009 Q2,2009-04-01,2009,2,17,Real activity / consumption,Not selected
Post-threshold ridge,2009 Q2,UNRATE,2,1,2009 Q2,2009-04-01,2009,2,17,Labor market,Labor market
Post-threshold ridge,2009 Q2,CLAIMSx,1,1,2009 Q2,2009-04-01,2009,2,17,Labor market,Labor market
Post-threshold ridge,2009 Q2,PAYEMS,1,1,2009 Q2,2009-04-01,2009,2,17,Labor market,Labor market
Post-threshold ridge,2009 Q2,AWHMAN,0,0,2009 Q2,2009-04-01,2009,2,17,Labor market,Not selected
Post-threshold ridge,2009 Q2,HOUST,0,0,2009 Q2,2009-04-01,2009,2,17,Housing,Not selected
Post-threshold ridge,2009 Q2,PERMIT,0,0,2009 Q2,2009-04-01,2009,2,17,Housing,Not selected
Post-threshold ridge,2009 Q2,M1SL,2,1,2009 Q2,2009-04-01,2009,2,17,Money and credit,Money and credit
Post-threshold ridge,2009 Q2,M2SL,0,0,2009 Q2,2009-04-01,2009,2,17,Money and credit,Not selected
Post-threshold ridge,2009 Q2,BOGMBASE,1,1,2009 Q2,2009-04-01,2009,2,17,Money and credit,Money and credit
Post-threshold ridge,2009 Q2,BUSLOANS,0,0,2009 Q2,2009-04-01,2009,2,17,Money and credit,Not selected
Post-threshold ridge,2009 Q2,NONREVSL,0,0,2009 Q2,2009-04-01,2009,2,17,Money and credit,Not selected
Post-threshold ridge,2009 Q2,CPIAUCSL,0,0,2009 Q2,2009-04-01,2009,2,17,Prices and commodities,Not selected
Post-threshold ridge,2009 Q2,PPICMM,1,1,2009 Q2,2009-04-01,2009,2,17,Prices and commodities,Prices and commodities
Post-threshold ridge,2009 Q2,PCEPI,0,0,2009 Q2,2009-04-01,2009,2,17,Prices and commodities,Not selected
Post-threshold ridge,2009 Q2,OILPRICEx,1,1,2009 Q2,2009-04-01,2009,2,17,Prices and commodities,Prices and commodities
Post-threshold ridge,2009 Q2,FEDFUNDS,0,0,2009 Q2,2009-04-01,2009,2,17,Financial / sentiment,Not selected
Post-threshold ridge,2009 Q2,TB3MS,0,0,2009 Q2,2009-04-01,2009,2,17,Financial / sentiment,Not selected
Post-threshold ridge,2009 Q2,GS10,0,0,2009 Q2,2009-04-01,2009,2,17,Financial / sentiment,Not selected
Post-threshold ridge,2009 Q2,AAA,0,0,2009 Q2,2009-04-01,2009,2,17,Financial / sentiment,Not selected
Post-threshold ridge,2009 Q2,BAA,0,0,2009 Q2,2009-04-01,2009,2,17,Financial / sentiment,Not selected
Post-threshold ridge,2009 Q2,S&P 500,0,0,2009 Q2,2009-04-01,2009,2,17,Financial / sentiment,Not selected
Post-threshold ridge,2009 Q2,VIXCLSx,0,0,2009 Q2,2009-04-01,2009,2,17,Financial / sentiment,Not selected
Post-threshold ridge,2009 Q2,UMCSENTx,0,0,2009 Q2,2009-04-01,2009,2,17,Financial / sentiment,Not selected
Post-threshold ridge,2009 Q2,TERM_SPREAD,0,0,2009 Q2,2009-04-01,2009,2,17,Financial / sentiment,Not selected
Post-threshold ridge,2009 Q2,CREDIT_SPREAD,0,0,2009 Q2,2009-04-01,2009,2,17,Financial / sentiment,Not selected
Post-threshold ridge,2009 Q3,RPI,3,1,2009 Q3,2009-07-01,2009,3,18,Real activity / consumption,Real activity / consumption
Post-threshold ridge,2009 Q3,DPCERA3M086SBEA,2,1,2009 Q3,2009-07-01,2009,3,18,Real activity / consumption,Real activity / consumption
Post-threshold ridge,2009 Q3,INDPRO,2,1,2009 Q3,2009-07-01,2009,3,18,Real activity / consumption,Real activity / consumption
Post-threshold ridge,2009 Q3,CMRMTSPLx,1,1,2009 Q3,2009-07-01,2009,3,18,Real activity / consumption,Real activity / consumption
Post-threshold ridge,2009 Q3,RETAILx,1,1,2009 Q3,2009-07-01,2009,3,18,Real activity / consumption,Real activity / consumption
Post-threshold ridge,2009 Q3,UNRATE,1,1,2009 Q3,2009-07-01,2009,3,18,Labor market,Labor market
Post-threshold ridge,2009 Q3,CLAIMSx,1,1,2009 Q3,2009-07-01,2009,3,18,Labor market,Labor market
Post-threshold ridge,2009 Q3,PAYEMS,1,1,2009 Q3,2009-07-01,2009,3,18,Labor market,Labor market
Post-threshold ridge,2009 Q3,AWHMAN,0,0,2009 Q3,2009-07-01,2009,3,18,Labor market,Not selected
Post-threshold ridge,2009 Q3,HOUST,0,0,2009 Q3,2009-07-01,2009,3,18,Housing,Not selected
Post-threshold ridge,2009 Q3,PERMIT,0,0,2009 Q3,2009-07-01,2009,3,18,Housing,Not selected
Post-threshold ridge,2009 Q3,M1SL,1,1,2009 Q3,2009-07-01,2009,3,18,Money and credit,Money and credit
Post-threshold ridge,2009 Q3,M2SL,1,1,2009 Q3,2009-07-01,2009,3,18,Money and credit,Money and credit
Post-threshold ridge,2009 Q3,BOGMBASE,1,1,2009 Q3,2009-07-01,2009,3,18,Money and credit,Money and credit
Post-threshold ridge,2009 Q3,BUSLOANS,0,0,2009 Q3,2009-07-01,2009,3,18,Money and credit,Not selected
Post-threshold ridge,2009 Q3,NONREVSL,0,0,2009 Q3,2009-07-01,2009,3,18,Money and credit,Not selected
Post-threshold ridge,2009 Q3,CPIAUCSL,0,0,2009 Q3,2009-07-01,2009,3,18,Prices and commodities,Not selected
Post-threshold ridge,2009 Q3,PPICMM,1,1,2009 Q3,2009-07-01,2009,3,18,Prices and commodities,Prices and commodities
Post-threshold ridge,2009 Q3,PCEPI,0,0,2009 Q3,2009-07-01,2009,3,18,Prices and commodities,Not selected
Post-threshold ridge,2009 Q3,OILPRICEx,1,1,2009 Q3,2009-07-01,2009,3,18,Prices and commodities,Prices and commodities
Post-threshold ridge,2009 Q3,FEDFUNDS,0,0,2009 Q3,2009-07-01,2009,3,18,Financial / sentiment,Not selected
Post-threshold ridge,2009 Q3,TB3MS,0,0,2009 Q3,2009-07-01,2009,3,18,Financial / sentiment,Not selected
Post-threshold ridge,2009 Q3,GS10,0,0,2009 Q3,2009-07-01,2009,3,18,Financial / sentiment,Not selected
Post-threshold ridge,2009 Q3,AAA,0,0,2009 Q3,2009-07-01,2009,3,18,Financial / sentiment,Not selected
Post-threshold ridge,2009 Q3,BAA,0,0,2009 Q3,2009-07-01,2009,3,18,Financial / sentiment,Not selected
Post-threshold ridge,2009 Q3,S&P 500,1,1,2009 Q3,2009-07-01,2009,3,18,Financial / sentiment,Financial / sentiment
Post-threshold ridge,2009 Q3,VIXCLSx,0,0,2009 Q3,2009-07-01,2009,3,18,Financial / sentiment,Not selected
Post-threshold ridge,2009 Q3,UMCSENTx,0,0,2009 Q3,2009-07-01,2009,3,18,Financial / sentiment,Not selected
Post-threshold ridge,2009 Q3,TERM_SPREAD,0,0,2009 Q3,2009-07-01,2009,3,18,Financial / sentiment,Not selected
Post-threshold ridge,2009 Q3,CREDIT_SPREAD,0,0,2009 Q3,2009-07-01,2009,3,18,Financial / sentiment,Not selected
Post-threshold ridge,2009 Q4,RPI,1,1,2009 Q4,2009-10-01,2009,4,19,Real activity / consumption,Real activity / consumption
Post-threshold ridge,2009 Q4,DPCERA3M086SBEA,2,1,2009 Q4,2009-10-01,2009,4,19,Real activity / consumption,Real activity / consumption
Post-threshold ridge,2009 Q4,INDPRO,2,1,2009 Q4,2009-10-01,2009,4,19,Real activity / consumption,Real activity / consumption
Post-threshold ridge,2009 Q4,CMRMTSPLx,1,1,2009 Q4,2009-10-01,2009,4,19,Real activity / consumption,Real activity / consumption
Post-threshold ridge,2009 Q4,RETAILx,1,1,2009 Q4,2009-10-01,2009,4,19,Real activity / consumption,Real activity / consumption
Post-threshold ridge,2009 Q4,UNRATE,1,1,2009 Q4,2009-10-01,2009,4,19,Labor market,Labor market
Post-threshold ridge,2009 Q4,CLAIMSx,1,1,2009 Q4,2009-10-01,2009,4,19,Labor market,Labor market
Post-threshold ridge,2009 Q4,PAYEMS,1,1,2009 Q4,2009-10-01,2009,4,19,Labor market,Labor market
Post-threshold ridge,2009 Q4,AWHMAN,0,0,2009 Q4,2009-10-01,2009,4,19,Labor market,Not selected
Post-threshold ridge,2009 Q4,HOUST,0,0,2009 Q4,2009-10-01,2009,4,19,Housing,Not selected
Post-threshold ridge,2009 Q4,PERMIT,0,0,2009 Q4,2009-10-01,2009,4,19,Housing,Not selected
Post-threshold ridge,2009 Q4,M1SL,1,1,2009 Q4,2009-10-01,2009,4,19,Money and credit,Money and credit
Post-threshold ridge,2009 Q4,M2SL,1,1,2009 Q4,2009-10-01,2009,4,19,Money and credit,Money and credit
Post-threshold ridge,2009 Q4,BOGMBASE,0,0,2009 Q4,2009-10-01,2009,4,19,Money and credit,Not selected
Post-threshold ridge,2009 Q4,BUSLOANS,0,0,2009 Q4,2009-10-01,2009,4,19,Money and credit,Not selected
Post-threshold ridge,2009 Q4,NONREVSL,0,0,2009 Q4,2009-10-01,2009,4,19,Money and credit,Not selected
Post-threshold ridge,2009 Q4,CPIAUCSL,0,0,2009 Q4,2009-10-01,2009,4,19,Prices and commodities,Not selected
Post-threshold ridge,2009 Q4,PPICMM,1,1,2009 Q4,2009-10-01,2009,4,19,Prices and commodities,Prices and commodities
Post-threshold ridge,2009 Q4,PCEPI,0,0,2009 Q4,2009-10-01,2009,4,19,Prices and commodities,Not selected
Post-threshold ridge,2009 Q4,OILPRICEx,1,1,2009 Q4,2009-10-01,2009,4,19,Prices and commodities,Prices and commodities
Post-threshold ridge,2009 Q4,FEDFUNDS,1,1,2009 Q4,2009-10-01,2009,4,19,Financial / sentiment,Financial / sentiment
Post-threshold ridge,2009 Q4,TB3MS,0,0,2009 Q4,2009-10-01,2009,4,19,Financial / sentiment,Not selected
Post-threshold ridge,2009 Q4,GS10,0,0,2009 Q4,2009-10-01,2009,4,19,Financial / sentiment,Not selected
Post-threshold ridge,2009 Q4,AAA,0,0,2009 Q4,2009-10-01,2009,4,19,Financial / sentiment,Not selected
Post-threshold ridge,2009 Q4,BAA,0,0,2009 Q4,2009-10-01,2009,4,19,Financial / sentiment,Not selected
Post-threshold ridge,2009 Q4,S&P 500,1,1,2009 Q4,2009-10-01,2009,4,19,Financial / sentiment,Financial / sentiment
Post-threshold ridge,2009 Q4,VIXCLSx,0,0,2009 Q4,2009-10-01,2009,4,19,Financial / sentiment,Not selected
Post-threshold ridge,2009 Q4,UMCSENTx,0,0,2009 Q4,2009-10-01,2009,4,19,Financial / sentiment,Not selected
Post-threshold ridge,2009 Q4,TERM_SPREAD,0,0,2009 Q4,2009-10-01,2009,4,19,Financial / sentiment,Not selected
Post-threshold ridge,2009 Q4,CREDIT_SPREAD,0,0,2009 Q4,2009-10-01,2009,4,19,Financial / sentiment,Not selected
Post-threshold ridge,2010 Q1,RPI,1,1,2010 Q1,2010-01-01,2010,1,20,Real activity / consumption,Real activity / consumption
Post-threshold ridge,2010 Q1,DPCERA3M086SBEA,2,1,2010 Q1,2010-01-01,2010,1,20,Real activity / consumption,Real activity / consumption
Post-threshold ridge,2010 Q1,INDPRO,2,1,2010 Q1,2010-01-01,2010,1,20,Real activity / consumption,Real activity / consumption
Post-threshold ridge,2010 Q1,CMRMTSPLx,1,1,2010 Q1,2010-01-01,2010,1,20,Real activity / consumption,Real activity / consumption
Post-threshold ridge,2010 Q1,RETAILx,1,1,2010 Q1,2010-01-01,2010,1,20,Real activity / consumption,Real activity / consumption
Post-threshold ridge,2010 Q1,UNRATE,1,1,2010 Q1,2010-01-01,2010,1,20,Labor market,Labor market
Post-threshold ridge,2010 Q1,CLAIMSx,1,1,2010 Q1,2010-01-01,2010,1,20,Labor market,Labor market
Post-threshold ridge,2010 Q1,PAYEMS,1,1,2010 Q1,2010-01-01,2010,1,20,Labor market,Labor market
Post-threshold ridge,2010 Q1,AWHMAN,0,0,2010 Q1,2010-01-01,2010,1,20,Labor market,Not selected
Post-threshold ridge,2010 Q1,HOUST,0,0,2010 Q1,2010-01-01,2010,1,20,Housing,Not selected
Post-threshold ridge,2010 Q1,PERMIT,0,0,2010 Q1,2010-01-01,2010,1,20,Housing,Not selected
Post-threshold ridge,2010 Q1,M1SL,2,1,2010 Q1,2010-01-01,2010,1,20,Money and credit,Money and credit
Post-threshold ridge,2010 Q1,M2SL,1,1,2010 Q1,2010-01-01,2010,1,20,Money and credit,Money and credit
Post-threshold ridge,2010 Q1,BOGMBASE,0,0,2010 Q1,2010-01-01,2010,1,20,Money and credit,Not selected
Post-threshold ridge,2010 Q1,BUSLOANS,0,0,2010 Q1,2010-01-01,2010,1,20,Money and credit,Not selected
Post-threshold ridge,2010 Q1,NONREVSL,0,0,2010 Q1,2010-01-01,2010,1,20,Money and credit,Not selected
Post-threshold ridge,2010 Q1,CPIAUCSL,0,0,2010 Q1,2010-01-01,2010,1,20,Prices and commodities,Not selected
Post-threshold ridge,2010 Q1,PPICMM,2,1,2010 Q1,2010-01-01,2010,1,20,Prices and commodities,Prices and commodities
Post-threshold ridge,2010 Q1,PCEPI,0,0,2010 Q1,2010-01-01,2010,1,20,Prices and commodities,Not selected
Post-threshold ridge,2010 Q1,OILPRICEx,1,1,2010 Q1,2010-01-01,2010,1,20,Prices and commodities,Prices and commodities
Post-threshold ridge,2010 Q1,FEDFUNDS,2,1,2010 Q1,2010-01-01,2010,1,20,Financial / sentiment,Financial / sentiment
Post-threshold ridge,2010 Q1,TB3MS,0,0,2010 Q1,2010-01-01,2010,1,20,Financial / sentiment,Not selected
Post-threshold ridge,2010 Q1,GS10,0,0,2010 Q1,2010-01-01,2010,1,20,Financial / sentiment,Not selected
Post-threshold ridge,2010 Q1,AAA,0,0,2010 Q1,2010-01-01,2010,1,20,Financial / sentiment,Not selected
Post-threshold ridge,2010 Q1,BAA,0,0,2010 Q1,2010-01-01,2010,1,20,Financial / sentiment,Not selected
Post-threshold ridge,2010 Q1,S&P 500,1,1,2010 Q1,2010-01-01,2010,1,20,Financial / sentiment,Financial / sentiment
Post-threshold ridge,2010 Q1,VIXCLSx,0,0,2010 Q1,2010-01-01,2010,1,20,Financial / sentiment,Not selected
Post-threshold ridge,2010 Q1,UMCSENTx,0,0,2010 Q1,2010-01-01,2010,1,20,Financial / sentiment,Not selected
Post-threshold ridge,2010 Q1,TERM_SPREAD,0,0,2010 Q1,2010-01-01,2010,1,20,Financial / sentiment,Not selected
Post-threshold ridge,2010 Q1,CREDIT_SPREAD,0,0,2010 Q1,2010-01-01,2010,1,20,Financial / sentiment,Not selected
Post-threshold ridge,2010 Q2,RPI,2,1,2010 Q2,2010-04-01,2010,2,21,Real activity / consumption,Real activity / consumption
Post-threshold ridge,2010 Q2,DPCERA3M086SBEA,2,1,2010 Q2,2010-04-01,2010,2,21,Real activity / consumption,Real activity / consumption
Post-threshold ridge,2010 Q2,INDPRO,2,1,2010 Q2,2010-04-01,2010,2,21,Real activity / consumption,Real activity / consumption
Post-threshold ridge,2010 Q2,CMRMTSPLx,1,1,2010 Q2,2010-04-01,2010,2,21,Real activity / consumption,Real activity / consumption
Post-threshold ridge,2010 Q2,RETAILx,0,0,2010 Q2,2010-04-01,2010,2,21,Real activity / consumption,Not selected
Post-threshold ridge,2010 Q2,UNRATE,1,1,2010 Q2,2010-04-01,2010,2,21,Labor market,Labor market
Post-threshold ridge,2010 Q2,CLAIMSx,1,1,2010 Q2,2010-04-01,2010,2,21,Labor market,Labor market
Post-threshold ridge,2010 Q2,PAYEMS,1,1,2010 Q2,2010-04-01,2010,2,21,Labor market,Labor market
Post-threshold ridge,2010 Q2,AWHMAN,0,0,2010 Q2,2010-04-01,2010,2,21,Labor market,Not selected
Post-threshold ridge,2010 Q2,HOUST,0,0,2010 Q2,2010-04-01,2010,2,21,Housing,Not selected
Post-threshold ridge,2010 Q2,PERMIT,0,0,2010 Q2,2010-04-01,2010,2,21,Housing,Not selected
Post-threshold ridge,2010 Q2,M1SL,2,1,2010 Q2,2010-04-01,2010,2,21,Money and credit,Money and credit
Post-threshold ridge,2010 Q2,M2SL,1,1,2010 Q2,2010-04-01,2010,2,21,Money and credit,Money and credit
Post-threshold ridge,2010 Q2,BOGMBASE,0,0,2010 Q2,2010-04-01,2010,2,21,Money and credit,Not selected
Post-threshold ridge,2010 Q2,BUSLOANS,0,0,2010 Q2,2010-04-01,2010,2,21,Money and credit,Not selected
Post-threshold ridge,2010 Q2,NONREVSL,0,0,2010 Q2,2010-04-01,2010,2,21,Money and credit,Not selected
Post-threshold ridge,2010 Q2,CPIAUCSL,0,0,2010 Q2,2010-04-01,2010,2,21,Prices and commodities,Not selected
Post-threshold ridge,2010 Q2,PPICMM,1,1,2010 Q2,2010-04-01,2010,2,21,Prices and commodities,Prices and commodities
Post-threshold ridge,2010 Q2,PCEPI,0,0,2010 Q2,2010-04-01,2010,2,21,Prices and commodities,Not selected
Post-threshold ridge,2010 Q2,OILPRICEx,1,1,2010 Q2,2010-04-01,2010,2,21,Prices and commodities,Prices and commodities
Post-threshold ridge,2010 Q2,FEDFUNDS,2,1,2010 Q2,2010-04-01,2010,2,21,Financial / sentiment,Financial / sentiment
Post-threshold ridge,2010 Q2,TB3MS,0,0,2010 Q2,2010-04-01,2010,2,21,Financial / sentiment,Not selected
Post-threshold ridge,2010 Q2,GS10,0,0,2010 Q2,2010-04-01,2010,2,21,Financial / sentiment,Not selected
Post-threshold ridge,2010 Q2,AAA,0,0,2010 Q2,2010-04-01,2010,2,21,Financial / sentiment,Not selected
Post-threshold ridge,2010 Q2,BAA,0,0,2010 Q2,2010-04-01,2010,2,21,Financial / sentiment,Not selected
Post-threshold ridge,2010 Q2,S&P 500,1,1,2010 Q2,2010-04-01,2010,2,21,Financial / sentiment,Financial / sentiment
Post-threshold ridge,2010 Q2,VIXCLSx,0,0,2010 Q2,2010-04-01,2010,2,21,Financial / sentiment,Not selected
Post-threshold ridge,2010 Q2,UMCSENTx,0,0,2010 Q2,2010-04-01,2010,2,21,Financial / sentiment,Not selected
Post-threshold ridge,2010 Q2,TERM_SPREAD,0,0,2010 Q2,2010-04-01,2010,2,21,Financial / sentiment,Not selected
Post-threshold ridge,2010 Q2,CREDIT_SPREAD,0,0,2010 Q2,2010-04-01,2010,2,21,Financial / sentiment,Not selected
Post-threshold ridge,2010 Q3,RPI,2,1,2010 Q3,2010-07-01,2010,3,22,Real activity / consumption,Real activity / consumption
Post-threshold ridge,2010 Q3,DPCERA3M086SBEA,2,1,2010 Q3,2010-07-01,2010,3,22,Real activity / consumption,Real activity / consumption
Post-threshold ridge,2010 Q3,INDPRO,2,1,2010 Q3,2010-07-01,2010,3,22,Real activity / consumption,Real activity / consumption
Post-threshold ridge,2010 Q3,CMRMTSPLx,1,1,2010 Q3,2010-07-01,2010,3,22,Real activity / consumption,Real activity / consumption
Post-threshold ridge,2010 Q3,RETAILx,0,0,2010 Q3,2010-07-01,2010,3,22,Real activity / consumption,Not selected
Post-threshold ridge,2010 Q3,UNRATE,1,1,2010 Q3,2010-07-01,2010,3,22,Labor market,Labor market
Post-threshold ridge,2010 Q3,CLAIMSx,1,1,2010 Q3,2010-07-01,2010,3,22,Labor market,Labor market
Post-threshold ridge,2010 Q3,PAYEMS,1,1,2010 Q3,2010-07-01,2010,3,22,Labor market,Labor market
Post-threshold ridge,2010 Q3,AWHMAN,0,0,2010 Q3,2010-07-01,2010,3,22,Labor market,Not selected
Post-threshold ridge,2010 Q3,HOUST,0,0,2010 Q3,2010-07-01,2010,3,22,Housing,Not selected
Post-threshold ridge,2010 Q3,PERMIT,0,0,2010 Q3,2010-07-01,2010,3,22,Housing,Not selected
Post-threshold ridge,2010 Q3,M1SL,2,1,2010 Q3,2010-07-01,2010,3,22,Money and credit,Money and credit
Post-threshold ridge,2010 Q3,M2SL,1,1,2010 Q3,2010-07-01,2010,3,22,Money and credit,Money and credit
Post-threshold ridge,2010 Q3,BOGMBASE,0,0,2010 Q3,2010-07-01,2010,3,22,Money and credit,Not selected
Post-threshold ridge,2010 Q3,BUSLOANS,0,0,2010 Q3,2010-07-01,2010,3,22,Money and credit,Not selected
Post-threshold ridge,2010 Q3,NONREVSL,0,0,2010 Q3,2010-07-01,2010,3,22,Money and credit,Not selected
Post-threshold ridge,2010 Q3,CPIAUCSL,0,0,2010 Q3,2010-07-01,2010,3,22,Prices and commodities,Not selected
Post-threshold ridge,2010 Q3,PPICMM,1,1,2010 Q3,2010-07-01,2010,3,22,Prices and commodities,Prices and commodities
Post-threshold ridge,2010 Q3,PCEPI,0,0,2010 Q3,2010-07-01,2010,3,22,Prices and commodities,Not selected
Post-threshold ridge,2010 Q3,OILPRICEx,1,1,2010 Q3,2010-07-01,2010,3,22,Prices and commodities,Prices and commodities
Post-threshold ridge,2010 Q3,FEDFUNDS,2,1,2010 Q3,2010-07-01,2010,3,22,Financial / sentiment,Financial / sentiment
Post-threshold ridge,2010 Q3,TB3MS,0,0,2010 Q3,2010-07-01,2010,3,22,Financial / sentiment,Not selected
Post-threshold ridge,2010 Q3,GS10,0,0,2010 Q3,2010-07-01,2010,3,22,Financial / sentiment,Not selected
Post-threshold ridge,2010 Q3,AAA,0,0,2010 Q3,2010-07-01,2010,3,22,Financial / sentiment,Not selected
Post-threshold ridge,2010 Q3,BAA,0,0,2010 Q3,2010-07-01,2010,3,22,Financial / sentiment,Not selected
Post-threshold ridge,2010 Q3,S&P 500,0,0,2010 Q3,2010-07-01,2010,3,22,Financial / sentiment,Not selected
Post-threshold ridge,2010 Q3,VIXCLSx,0,0,2010 Q3,2010-07-01,2010,3,22,Financial / sentiment,Not selected
Post-threshold ridge,2010 Q3,UMCSENTx,0,0,2010 Q3,2010-07-01,2010,3,22,Financial / sentiment,Not selected
Post-threshold ridge,2010 Q3,TERM_SPREAD,0,0,2010 Q3,2010-07-01,2010,3,22,Financial / sentiment,Not selected
Post-threshold ridge,2010 Q3,CREDIT_SPREAD,0,0,2010 Q3,2010-07-01,2010,3,22,Financial / sentiment,Not selected
Post-threshold ridge,2010 Q4,RPI,2,1,2010 Q4,2010-10-01,2010,4,23,Real activity / consumption,Real activity / consumption
Post-threshold ridge,2010 Q4,DPCERA3M086SBEA,2,1,2010 Q4,2010-10-01,2010,4,23,Real activity / consumption,Real activity / consumption
Post-threshold ridge,2010 Q4,INDPRO,2,1,2010 Q4,2010-10-01,2010,4,23,Real activity / consumption,Real activity / consumption
Post-threshold ridge,2010 Q4,CMRMTSPLx,1,1,2010 Q4,2010-10-01,2010,4,23,Real activity / consumption,Real activity / consumption
Post-threshold ridge,2010 Q4,RETAILx,1,1,2010 Q4,2010-10-01,2010,4,23,Real activity / consumption,Real activity / consumption
Post-threshold ridge,2010 Q4,UNRATE,0,0,2010 Q4,2010-10-01,2010,4,23,Labor market,Not selected
Post-threshold ridge,2010 Q4,CLAIMSx,1,1,2010 Q4,2010-10-01,2010,4,23,Labor market,Labor market
Post-threshold ridge,2010 Q4,PAYEMS,1,1,2010 Q4,2010-10-01,2010,4,23,Labor market,Labor market
Post-threshold ridge,2010 Q4,AWHMAN,0,0,2010 Q4,2010-10-01,2010,4,23,Labor market,Not selected
Post-threshold ridge,2010 Q4,HOUST,0,0,2010 Q4,2010-10-01,2010,4,23,Housing,Not selected
Post-threshold ridge,2010 Q4,PERMIT,0,0,2010 Q4,2010-10-01,2010,4,23,Housing,Not selected
Post-threshold ridge,2010 Q4,M1SL,2,1,2010 Q4,2010-10-01,2010,4,23,Money and credit,Money and credit
Post-threshold ridge,2010 Q4,M2SL,1,1,2010 Q4,2010-10-01,2010,4,23,Money and credit,Money and credit
Post-threshold ridge,2010 Q4,BOGMBASE,0,0,2010 Q4,2010-10-01,2010,4,23,Money and credit,Not selected
Post-threshold ridge,2010 Q4,BUSLOANS,0,0,2010 Q4,2010-10-01,2010,4,23,Money and credit,Not selected
Post-threshold ridge,2010 Q4,NONREVSL,0,0,2010 Q4,2010-10-01,2010,4,23,Money and credit,Not selected
Post-threshold ridge,2010 Q4,CPIAUCSL,0,0,2010 Q4,2010-10-01,2010,4,23,Prices and commodities,Not selected
Post-threshold ridge,2010 Q4,PPICMM,2,1,2010 Q4,2010-10-01,2010,4,23,Prices and commodities,Prices and commodities
Post-threshold ridge,2010 Q4,PCEPI,0,0,2010 Q4,2010-10-01,2010,4,23,Prices and commodities,Not selected
Post-threshold ridge,2010 Q4,OILPRICEx,0,0,2010 Q4,2010-10-01,2010,4,23,Prices and commodities,Not selected
Post-threshold ridge,2010 Q4,FEDFUNDS,1,1,2010 Q4,2010-10-01,2010,4,23,Financial / sentiment,Financial / sentiment
Post-threshold ridge,2010 Q4,TB3MS,0,0,2010 Q4,2010-10-01,2010,4,23,Financial / sentiment,Not selected
Post-threshold ridge,2010 Q4,GS10,0,0,2010 Q4,2010-10-01,2010,4,23,Financial / sentiment,Not selected
Post-threshold ridge,2010 Q4,AAA,0,0,2010 Q4,2010-10-01,2010,4,23,Financial / sentiment,Not selected
Post-threshold ridge,2010 Q4,BAA,0,0,2010 Q4,2010-10-01,2010,4,23,Financial / sentiment,Not selected
Post-threshold ridge,2010 Q4,S&P 500,1,1,2010 Q4,2010-10-01,2010,4,23,Financial / sentiment,Financial / sentiment
Post-threshold ridge,2010 Q4,VIXCLSx,0,0,2010 Q4,2010-10-01,2010,4,23,Financial / sentiment,Not selected
Post-threshold ridge,2010 Q4,UMCSENTx,0,0,2010 Q4,2010-10-01,2010,4,23,Financial / sentiment,Not selected
Post-threshold ridge,2010 Q4,TERM_SPREAD,0,0,2010 Q4,2010-10-01,2010,4,23,Financial / sentiment,Not selected
Post-threshold ridge,2010 Q4,CREDIT_SPREAD,0,0,2010 Q4,2010-10-01,2010,4,23,Financial / sentiment,Not selected
Post-threshold ridge,2011 Q1,RPI,2,1,2011 Q1,2011-01-01,2011,1,24,Real activity / consumption,Real activity / consumption
Post-threshold ridge,2011 Q1,DPCERA3M086SBEA,2,1,2011 Q1,2011-01-01,2011,1,24,Real activity / consumption,Real activity / consumption
Post-threshold ridge,2011 Q1,INDPRO,2,1,2011 Q1,2011-01-01,2011,1,24,Real activity / consumption,Real activity / consumption
Post-threshold ridge,2011 Q1,CMRMTSPLx,1,1,2011 Q1,2011-01-01,2011,1,24,Real activity / consumption,Real activity / consumption
Post-threshold ridge,2011 Q1,RETAILx,0,0,2011 Q1,2011-01-01,2011,1,24,Real activity / consumption,Not selected
Post-threshold ridge,2011 Q1,UNRATE,1,1,2011 Q1,2011-01-01,2011,1,24,Labor market,Labor market
Post-threshold ridge,2011 Q1,CLAIMSx,1,1,2011 Q1,2011-01-01,2011,1,24,Labor market,Labor market
Post-threshold ridge,2011 Q1,PAYEMS,1,1,2011 Q1,2011-01-01,2011,1,24,Labor market,Labor market
Post-threshold ridge,2011 Q1,AWHMAN,0,0,2011 Q1,2011-01-01,2011,1,24,Labor market,Not selected
Post-threshold ridge,2011 Q1,HOUST,0,0,2011 Q1,2011-01-01,2011,1,24,Housing,Not selected
Post-threshold ridge,2011 Q1,PERMIT,0,0,2011 Q1,2011-01-01,2011,1,24,Housing,Not selected
Post-threshold ridge,2011 Q1,M1SL,1,1,2011 Q1,2011-01-01,2011,1,24,Money and credit,Money and credit
Post-threshold ridge,2011 Q1,M2SL,1,1,2011 Q1,2011-01-01,2011,1,24,Money and credit,Money and credit
Post-threshold ridge,2011 Q1,BOGMBASE,1,1,2011 Q1,2011-01-01,2011,1,24,Money and credit,Money and credit
Post-threshold ridge,2011 Q1,BUSLOANS,0,0,2011 Q1,2011-01-01,2011,1,24,Money and credit,Not selected
Post-threshold ridge,2011 Q1,NONREVSL,1,1,2011 Q1,2011-01-01,2011,1,24,Money and credit,Money and credit
Post-threshold ridge,2011 Q1,CPIAUCSL,0,0,2011 Q1,2011-01-01,2011,1,24,Prices and commodities,Not selected
Post-threshold ridge,2011 Q1,PPICMM,1,1,2011 Q1,2011-01-01,2011,1,24,Prices and commodities,Prices and commodities
Post-threshold ridge,2011 Q1,PCEPI,0,0,2011 Q1,2011-01-01,2011,1,24,Prices and commodities,Not selected
Post-threshold ridge,2011 Q1,OILPRICEx,0,0,2011 Q1,2011-01-01,2011,1,24,Prices and commodities,Not selected
Post-threshold ridge,2011 Q1,FEDFUNDS,1,1,2011 Q1,2011-01-01,2011,1,24,Financial / sentiment,Financial / sentiment
Post-threshold ridge,2011 Q1,TB3MS,0,0,2011 Q1,2011-01-01,2011,1,24,Financial / sentiment,Not selected
Post-threshold ridge,2011 Q1,GS10,0,0,2011 Q1,2011-01-01,2011,1,24,Financial / sentiment,Not selected
Post-threshold ridge,2011 Q1,AAA,0,0,2011 Q1,2011-01-01,2011,1,24,Financial / sentiment,Not selected
Post-threshold ridge,2011 Q1,BAA,0,0,2011 Q1,2011-01-01,2011,1,24,Financial / sentiment,Not selected
Post-threshold ridge,2011 Q1,S&P 500,0,0,2011 Q1,2011-01-01,2011,1,24,Financial / sentiment,Not selected
Post-threshold ridge,2011 Q1,VIXCLSx,0,0,2011 Q1,2011-01-01,2011,1,24,Financial / sentiment,Not selected
Post-threshold ridge,2011 Q1,UMCSENTx,0,0,2011 Q1,2011-01-01,2011,1,24,Financial / sentiment,Not selected
Post-threshold ridge,2011 Q1,TERM_SPREAD,0,0,2011 Q1,2011-01-01,2011,1,24,Financial / sentiment,Not selected
Post-threshold ridge,2011 Q1,CREDIT_SPREAD,0,0,2011 Q1,2011-01-01,2011,1,24,Financial / sentiment,Not selected
Post-threshold ridge,2011 Q2,RPI,2,1,2011 Q2,2011-04-01,2011,2,25,Real activity / consumption,Real activity / consumption
Post-threshold ridge,2011 Q2,DPCERA3M086SBEA,1,1,2011 Q2,2011-04-01,2011,2,25,Real activity / consumption,Real activity / consumption
Post-threshold ridge,2011 Q2,INDPRO,2,1,2011 Q2,2011-04-01,2011,2,25,Real activity / consumption,Real activity / consumption
Post-threshold ridge,2011 Q2,CMRMTSPLx,1,1,2011 Q2,2011-04-01,2011,2,25,Real activity / consumption,Real activity / consumption
Post-threshold ridge,2011 Q2,RETAILx,0,0,2011 Q2,2011-04-01,2011,2,25,Real activity / consumption,Not selected
Post-threshold ridge,2011 Q2,UNRATE,1,1,2011 Q2,2011-04-01,2011,2,25,Labor market,Labor market
Post-threshold ridge,2011 Q2,CLAIMSx,1,1,2011 Q2,2011-04-01,2011,2,25,Labor market,Labor market
Post-threshold ridge,2011 Q2,PAYEMS,1,1,2011 Q2,2011-04-01,2011,2,25,Labor market,Labor market
Post-threshold ridge,2011 Q2,AWHMAN,0,0,2011 Q2,2011-04-01,2011,2,25,Labor market,Not selected
Post-threshold ridge,2011 Q2,HOUST,0,0,2011 Q2,2011-04-01,2011,2,25,Housing,Not selected
Post-threshold ridge,2011 Q2,PERMIT,0,0,2011 Q2,2011-04-01,2011,2,25,Housing,Not selected
Post-threshold ridge,2011 Q2,M1SL,1,1,2011 Q2,2011-04-01,2011,2,25,Money and credit,Money and credit
Post-threshold ridge,2011 Q2,M2SL,1,1,2011 Q2,2011-04-01,2011,2,25,Money and credit,Money and credit
Post-threshold ridge,2011 Q2,BOGMBASE,1,1,2011 Q2,2011-04-01,2011,2,25,Money and credit,Money and credit
Post-threshold ridge,2011 Q2,BUSLOANS,0,0,2011 Q2,2011-04-01,2011,2,25,Money and credit,Not selected
Post-threshold ridge,2011 Q2,NONREVSL,1,1,2011 Q2,2011-04-01,2011,2,25,Money and credit,Money and credit
Post-threshold ridge,2011 Q2,CPIAUCSL,0,0,2011 Q2,2011-04-01,2011,2,25,Prices and commodities,Not selected
Post-threshold ridge,2011 Q2,PPICMM,1,1,2011 Q2,2011-04-01,2011,2,25,Prices and commodities,Prices and commodities
Post-threshold ridge,2011 Q2,PCEPI,0,0,2011 Q2,2011-04-01,2011,2,25,Prices and commodities,Not selected
Post-threshold ridge,2011 Q2,OILPRICEx,0,0,2011 Q2,2011-04-01,2011,2,25,Prices and commodities,Not selected
Post-threshold ridge,2011 Q2,FEDFUNDS,1,1,2011 Q2,2011-04-01,2011,2,25,Financial / sentiment,Financial / sentiment
Post-threshold ridge,2011 Q2,TB3MS,0,0,2011 Q2,2011-04-01,2011,2,25,Financial / sentiment,Not selected
Post-threshold ridge,2011 Q2,GS10,0,0,2011 Q2,2011-04-01,2011,2,25,Financial / sentiment,Not selected
Post-threshold ridge,2011 Q2,AAA,0,0,2011 Q2,2011-04-01,2011,2,25,Financial / sentiment,Not selected
Post-threshold ridge,2011 Q2,BAA,0,0,2011 Q2,2011-04-01,2011,2,25,Financial / sentiment,Not selected
Post-threshold ridge,2011 Q2,S&P 500,0,0,2011 Q2,2011-04-01,2011,2,25,Financial / sentiment,Not selected
Post-threshold ridge,2011 Q2,VIXCLSx,0,0,2011 Q2,2011-04-01,2011,2,25,Financial / sentiment,Not selected
Post-threshold ridge,2011 Q2,UMCSENTx,0,0,2011 Q2,2011-04-01,2011,2,25,Financial / sentiment,Not selected
Post-threshold ridge,2011 Q2,TERM_SPREAD,0,0,2011 Q2,2011-04-01,2011,2,25,Financial / sentiment,Not selected
Post-threshold ridge,2011 Q2,CREDIT_SPREAD,0,0,2011 Q2,2011-04-01,2011,2,25,Financial / sentiment,Not selected
Post-threshold ridge,2011 Q3,RPI,2,1,2011 Q3,2011-07-01,2011,3,26,Real activity / consumption,Real activity / consumption
Post-threshold ridge,2011 Q3,DPCERA3M086SBEA,2,1,2011 Q3,2011-07-01,2011,3,26,Real activity / consumption,Real activity / consumption
Post-threshold ridge,2011 Q3,INDPRO,2,1,2011 Q3,2011-07-01,2011,3,26,Real activity / consumption,Real activity / consumption
Post-threshold ridge,2011 Q3,CMRMTSPLx,2,1,2011 Q3,2011-07-01,2011,3,26,Real activity / consumption,Real activity / consumption
Post-threshold ridge,2011 Q3,RETAILx,0,0,2011 Q3,2011-07-01,2011,3,26,Real activity / consumption,Not selected
Post-threshold ridge,2011 Q3,UNRATE,1,1,2011 Q3,2011-07-01,2011,3,26,Labor market,Labor market
Post-threshold ridge,2011 Q3,CLAIMSx,1,1,2011 Q3,2011-07-01,2011,3,26,Labor market,Labor market
Post-threshold ridge,2011 Q3,PAYEMS,1,1,2011 Q3,2011-07-01,2011,3,26,Labor market,Labor market
Post-threshold ridge,2011 Q3,AWHMAN,0,0,2011 Q3,2011-07-01,2011,3,26,Labor market,Not selected
Post-threshold ridge,2011 Q3,HOUST,0,0,2011 Q3,2011-07-01,2011,3,26,Housing,Not selected
Post-threshold ridge,2011 Q3,PERMIT,0,0,2011 Q3,2011-07-01,2011,3,26,Housing,Not selected
Post-threshold ridge,2011 Q3,M1SL,1,1,2011 Q3,2011-07-01,2011,3,26,Money and credit,Money and credit
Post-threshold ridge,2011 Q3,M2SL,1,1,2011 Q3,2011-07-01,2011,3,26,Money and credit,Money and credit
Post-threshold ridge,2011 Q3,BOGMBASE,0,0,2011 Q3,2011-07-01,2011,3,26,Money and credit,Not selected
Post-threshold ridge,2011 Q3,BUSLOANS,0,0,2011 Q3,2011-07-01,2011,3,26,Money and credit,Not selected
Post-threshold ridge,2011 Q3,NONREVSL,1,1,2011 Q3,2011-07-01,2011,3,26,Money and credit,Money and credit
Post-threshold ridge,2011 Q3,CPIAUCSL,0,0,2011 Q3,2011-07-01,2011,3,26,Prices and commodities,Not selected
Post-threshold ridge,2011 Q3,PPICMM,0,0,2011 Q3,2011-07-01,2011,3,26,Prices and commodities,Not selected
Post-threshold ridge,2011 Q3,PCEPI,0,0,2011 Q3,2011-07-01,2011,3,26,Prices and commodities,Not selected
Post-threshold ridge,2011 Q3,OILPRICEx,0,0,2011 Q3,2011-07-01,2011,3,26,Prices and commodities,Not selected
Post-threshold ridge,2011 Q3,FEDFUNDS,1,1,2011 Q3,2011-07-01,2011,3,26,Financial / sentiment,Financial / sentiment
Post-threshold ridge,2011 Q3,TB3MS,0,0,2011 Q3,2011-07-01,2011,3,26,Financial / sentiment,Not selected
Post-threshold ridge,2011 Q3,GS10,0,0,2011 Q3,2011-07-01,2011,3,26,Financial / sentiment,Not selected
Post-threshold ridge,2011 Q3,AAA,0,0,2011 Q3,2011-07-01,2011,3,26,Financial / sentiment,Not selected
Post-threshold ridge,2011 Q3,BAA,0,0,2011 Q3,2011-07-01,2011,3,26,Financial / sentiment,Not selected
Post-threshold ridge,2011 Q3,S&P 500,1,1,2011 Q3,2011-07-01,2011,3,26,Financial / sentiment,Financial / sentiment
Post-threshold ridge,2011 Q3,VIXCLSx,0,0,2011 Q3,2011-07-01,2011,3,26,Financial / sentiment,Not selected
Post-threshold ridge,2011 Q3,UMCSENTx,0,0,2011 Q3,2011-07-01,2011,3,26,Financial / sentiment,Not selected
Post-threshold ridge,2011 Q3,TERM_SPREAD,0,0,2011 Q3,2011-07-01,2011,3,26,Financial / sentiment,Not selected
Post-threshold ridge,2011 Q3,CREDIT_SPREAD,0,0,2011 Q3,2011-07-01,2011,3,26,Financial / sentiment,Not selected
Post-threshold ridge,2011 Q4,RPI,2,1,2011 Q4,2011-10-01,2011,4,27,Real activity / consumption,Real activity / consumption
Post-threshold ridge,2011 Q4,DPCERA3M086SBEA,2,1,2011 Q4,2011-10-01,2011,4,27,Real activity / consumption,Real activity / consumption
Post-threshold ridge,2011 Q4,INDPRO,2,1,2011 Q4,2011-10-01,2011,4,27,Real activity / consumption,Real activity / consumption
Post-threshold ridge,2011 Q4,CMRMTSPLx,2,1,2011 Q4,2011-10-01,2011,4,27,Real activity / consumption,Real activity / consumption
Post-threshold ridge,2011 Q4,RETAILx,1,1,2011 Q4,2011-10-01,2011,4,27,Real activity / consumption,Real activity / consumption
Post-threshold ridge,2011 Q4,UNRATE,1,1,2011 Q4,2011-10-01,2011,4,27,Labor market,Labor market
Post-threshold ridge,2011 Q4,CLAIMSx,1,1,2011 Q4,2011-10-01,2011,4,27,Labor market,Labor market
Post-threshold ridge,2011 Q4,PAYEMS,1,1,2011 Q4,2011-10-01,2011,4,27,Labor market,Labor market
Post-threshold ridge,2011 Q4,AWHMAN,0,0,2011 Q4,2011-10-01,2011,4,27,Labor market,Not selected
Post-threshold ridge,2011 Q4,HOUST,0,0,2011 Q4,2011-10-01,2011,4,27,Housing,Not selected
Post-threshold ridge,2011 Q4,PERMIT,0,0,2011 Q4,2011-10-01,2011,4,27,Housing,Not selected
Post-threshold ridge,2011 Q4,M1SL,1,1,2011 Q4,2011-10-01,2011,4,27,Money and credit,Money and credit
Post-threshold ridge,2011 Q4,M2SL,2,1,2011 Q4,2011-10-01,2011,4,27,Money and credit,Money and credit
Post-threshold ridge,2011 Q4,BOGMBASE,1,1,2011 Q4,2011-10-01,2011,4,27,Money and credit,Money and credit
Post-threshold ridge,2011 Q4,BUSLOANS,0,0,2011 Q4,2011-10-01,2011,4,27,Money and credit,Not selected
Post-threshold ridge,2011 Q4,NONREVSL,0,0,2011 Q4,2011-10-01,2011,4,27,Money and credit,Not selected
Post-threshold ridge,2011 Q4,CPIAUCSL,0,0,2011 Q4,2011-10-01,2011,4,27,Prices and commodities,Not selected
Post-threshold ridge,2011 Q4,PPICMM,0,0,2011 Q4,2011-10-01,2011,4,27,Prices and commodities,Not selected
Post-threshold ridge,2011 Q4,PCEPI,0,0,2011 Q4,2011-10-01,2011,4,27,Prices and commodities,Not selected
Post-threshold ridge,2011 Q4,OILPRICEx,0,0,2011 Q4,2011-10-01,2011,4,27,Prices and commodities,Not selected
Post-threshold ridge,2011 Q4,FEDFUNDS,1,1,2011 Q4,2011-10-01,2011,4,27,Financial / sentiment,Financial / sentiment
Post-threshold ridge,2011 Q4,TB3MS,0,0,2011 Q4,2011-10-01,2011,4,27,Financial / sentiment,Not selected
Post-threshold ridge,2011 Q4,GS10,0,0,2011 Q4,2011-10-01,2011,4,27,Financial / sentiment,Not selected
Post-threshold ridge,2011 Q4,AAA,0,0,2011 Q4,2011-10-01,2011,4,27,Financial / sentiment,Not selected
Post-threshold ridge,2011 Q4,BAA,0,0,2011 Q4,2011-10-01,2011,4,27,Financial / sentiment,Not selected
Post-threshold ridge,2011 Q4,S&P 500,1,1,2011 Q4,2011-10-01,2011,4,27,Financial / sentiment,Financial / sentiment
Post-threshold ridge,2011 Q4,VIXCLSx,0,0,2011 Q4,2011-10-01,2011,4,27,Financial / sentiment,Not selected
Post-threshold ridge,2011 Q4,UMCSENTx,0,0,2011 Q4,2011-10-01,2011,4,27,Financial / sentiment,Not selected
Post-threshold ridge,2011 Q4,TERM_SPREAD,0,0,2011 Q4,2011-10-01,2011,4,27,Financial / sentiment,Not selected
Post-threshold ridge,2011 Q4,CREDIT_SPREAD,0,0,2011 Q4,2011-10-01,2011,4,27,Financial / sentiment,Not selected
Post-threshold ridge,2012 Q1,RPI,2,1,2012 Q1,2012-01-01,2012,1,28,Real activity / consumption,Real activity / consumption
Post-threshold ridge,2012 Q1,DPCERA3M086SBEA,1,1,2012 Q1,2012-01-01,2012,1,28,Real activity / consumption,Real activity / consumption
Post-threshold ridge,2012 Q1,INDPRO,2,1,2012 Q1,2012-01-01,2012,1,28,Real activity / consumption,Real activity / consumption
Post-threshold ridge,2012 Q1,CMRMTSPLx,2,1,2012 Q1,2012-01-01,2012,1,28,Real activity / consumption,Real activity / consumption
Post-threshold ridge,2012 Q1,RETAILx,0,0,2012 Q1,2012-01-01,2012,1,28,Real activity / consumption,Not selected
Post-threshold ridge,2012 Q1,UNRATE,1,1,2012 Q1,2012-01-01,2012,1,28,Labor market,Labor market
Post-threshold ridge,2012 Q1,CLAIMSx,1,1,2012 Q1,2012-01-01,2012,1,28,Labor market,Labor market
Post-threshold ridge,2012 Q1,PAYEMS,1,1,2012 Q1,2012-01-01,2012,1,28,Labor market,Labor market
Post-threshold ridge,2012 Q1,AWHMAN,0,0,2012 Q1,2012-01-01,2012,1,28,Labor market,Not selected
Post-threshold ridge,2012 Q1,HOUST,0,0,2012 Q1,2012-01-01,2012,1,28,Housing,Not selected
Post-threshold ridge,2012 Q1,PERMIT,0,0,2012 Q1,2012-01-01,2012,1,28,Housing,Not selected
Post-threshold ridge,2012 Q1,M1SL,1,1,2012 Q1,2012-01-01,2012,1,28,Money and credit,Money and credit
Post-threshold ridge,2012 Q1,M2SL,2,1,2012 Q1,2012-01-01,2012,1,28,Money and credit,Money and credit
Post-threshold ridge,2012 Q1,BOGMBASE,0,0,2012 Q1,2012-01-01,2012,1,28,Money and credit,Not selected
Post-threshold ridge,2012 Q1,BUSLOANS,0,0,2012 Q1,2012-01-01,2012,1,28,Money and credit,Not selected
Post-threshold ridge,2012 Q1,NONREVSL,1,1,2012 Q1,2012-01-01,2012,1,28,Money and credit,Money and credit
Post-threshold ridge,2012 Q1,CPIAUCSL,0,0,2012 Q1,2012-01-01,2012,1,28,Prices and commodities,Not selected
Post-threshold ridge,2012 Q1,PPICMM,0,0,2012 Q1,2012-01-01,2012,1,28,Prices and commodities,Not selected
Post-threshold ridge,2012 Q1,PCEPI,0,0,2012 Q1,2012-01-01,2012,1,28,Prices and commodities,Not selected
Post-threshold ridge,2012 Q1,OILPRICEx,0,0,2012 Q1,2012-01-01,2012,1,28,Prices and commodities,Not selected
Post-threshold ridge,2012 Q1,FEDFUNDS,2,1,2012 Q1,2012-01-01,2012,1,28,Financial / sentiment,Financial / sentiment
Post-threshold ridge,2012 Q1,TB3MS,0,0,2012 Q1,2012-01-01,2012,1,28,Financial / sentiment,Not selected
Post-threshold ridge,2012 Q1,GS10,0,0,2012 Q1,2012-01-01,2012,1,28,Financial / sentiment,Not selected
Post-threshold ridge,2012 Q1,AAA,0,0,2012 Q1,2012-01-01,2012,1,28,Financial / sentiment,Not selected
Post-threshold ridge,2012 Q1,BAA,0,0,2012 Q1,2012-01-01,2012,1,28,Financial / sentiment,Not selected
Post-threshold ridge,2012 Q1,S&P 500,0,0,2012 Q1,2012-01-01,2012,1,28,Financial / sentiment,Not selected
Post-threshold ridge,2012 Q1,VIXCLSx,0,0,2012 Q1,2012-01-01,2012,1,28,Financial / sentiment,Not selected
Post-threshold ridge,2012 Q1,UMCSENTx,0,0,2012 Q1,2012-01-01,2012,1,28,Financial / sentiment,Not selected
Post-threshold ridge,2012 Q1,TERM_SPREAD,0,0,2012 Q1,2012-01-01,2012,1,28,Financial / sentiment,Not selected
Post-threshold ridge,2012 Q1,CREDIT_SPREAD,0,0,2012 Q1,2012-01-01,2012,1,28,Financial / sentiment,Not selected
Post-threshold ridge,2012 Q2,RPI,2,1,2012 Q2,2012-04-01,2012,2,29,Real activity / consumption,Real activity / consumption
Post-threshold ridge,2012 Q2,DPCERA3M086SBEA,1,1,2012 Q2,2012-04-01,2012,2,29,Real activity / consumption,Real activity / consumption
Post-threshold ridge,2012 Q2,INDPRO,3,1,2012 Q2,2012-04-01,2012,2,29,Real activity / consumption,Real activity / consumption
Post-threshold ridge,2012 Q2,CMRMTSPLx,2,1,2012 Q2,2012-04-01,2012,2,29,Real activity / consumption,Real activity / consumption
Post-threshold ridge,2012 Q2,RETAILx,0,0,2012 Q2,2012-04-01,2012,2,29,Real activity / consumption,Not selected
Post-threshold ridge,2012 Q2,UNRATE,1,1,2012 Q2,2012-04-01,2012,2,29,Labor market,Labor market
Post-threshold ridge,2012 Q2,CLAIMSx,1,1,2012 Q2,2012-04-01,2012,2,29,Labor market,Labor market
Post-threshold ridge,2012 Q2,PAYEMS,1,1,2012 Q2,2012-04-01,2012,2,29,Labor market,Labor market
Post-threshold ridge,2012 Q2,AWHMAN,0,0,2012 Q2,2012-04-01,2012,2,29,Labor market,Not selected
Post-threshold ridge,2012 Q2,HOUST,0,0,2012 Q2,2012-04-01,2012,2,29,Housing,Not selected
Post-threshold ridge,2012 Q2,PERMIT,0,0,2012 Q2,2012-04-01,2012,2,29,Housing,Not selected
Post-threshold ridge,2012 Q2,M1SL,1,1,2012 Q2,2012-04-01,2012,2,29,Money and credit,Money and credit
Post-threshold ridge,2012 Q2,M2SL,1,1,2012 Q2,2012-04-01,2012,2,29,Money and credit,Money and credit
Post-threshold ridge,2012 Q2,BOGMBASE,0,0,2012 Q2,2012-04-01,2012,2,29,Money and credit,Not selected
Post-threshold ridge,2012 Q2,BUSLOANS,0,0,2012 Q2,2012-04-01,2012,2,29,Money and credit,Not selected
Post-threshold ridge,2012 Q2,NONREVSL,1,1,2012 Q2,2012-04-01,2012,2,29,Money and credit,Money and credit
Post-threshold ridge,2012 Q2,CPIAUCSL,0,0,2012 Q2,2012-04-01,2012,2,29,Prices and commodities,Not selected
Post-threshold ridge,2012 Q2,PPICMM,0,0,2012 Q2,2012-04-01,2012,2,29,Prices and commodities,Not selected
Post-threshold ridge,2012 Q2,PCEPI,0,0,2012 Q2,2012-04-01,2012,2,29,Prices and commodities,Not selected
Post-threshold ridge,2012 Q2,OILPRICEx,0,0,2012 Q2,2012-04-01,2012,2,29,Prices and commodities,Not selected
Post-threshold ridge,2012 Q2,FEDFUNDS,2,1,2012 Q2,2012-04-01,2012,2,29,Financial / sentiment,Financial / sentiment
Post-threshold ridge,2012 Q2,TB3MS,0,0,2012 Q2,2012-04-01,2012,2,29,Financial / sentiment,Not selected
Post-threshold ridge,2012 Q2,GS10,0,0,2012 Q2,2012-04-01,2012,2,29,Financial / sentiment,Not selected
Post-threshold ridge,2012 Q2,AAA,0,0,2012 Q2,2012-04-01,2012,2,29,Financial / sentiment,Not selected
Post-threshold ridge,2012 Q2,BAA,0,0,2012 Q2,2012-04-01,2012,2,29,Financial / sentiment,Not selected
Post-threshold ridge,2012 Q2,S&P 500,0,0,2012 Q2,2012-04-01,2012,2,29,Financial / sentiment,Not selected
Post-threshold ridge,2012 Q2,VIXCLSx,0,0,2012 Q2,2012-04-01,2012,2,29,Financial / sentiment,Not selected
Post-threshold ridge,2012 Q2,UMCSENTx,0,0,2012 Q2,2012-04-01,2012,2,29,Financial / sentiment,Not selected
Post-threshold ridge,2012 Q2,TERM_SPREAD,0,0,2012 Q2,2012-04-01,2012,2,29,Financial / sentiment,Not selected
Post-threshold ridge,2012 Q2,CREDIT_SPREAD,0,0,2012 Q2,2012-04-01,2012,2,29,Financial / sentiment,Not selected
Post-threshold ridge,2012 Q3,RPI,2,1,2012 Q3,2012-07-01,2012,3,30,Real activity / consumption,Real activity / consumption
Post-threshold ridge,2012 Q3,DPCERA3M086SBEA,1,1,2012 Q3,2012-07-01,2012,3,30,Real activity / consumption,Real activity / consumption
Post-threshold ridge,2012 Q3,INDPRO,2,1,2012 Q3,2012-07-01,2012,3,30,Real activity / consumption,Real activity / consumption
Post-threshold ridge,2012 Q3,CMRMTSPLx,2,1,2012 Q3,2012-07-01,2012,3,30,Real activity / consumption,Real activity / consumption
Post-threshold ridge,2012 Q3,RETAILx,1,1,2012 Q3,2012-07-01,2012,3,30,Real activity / consumption,Real activity / consumption
Post-threshold ridge,2012 Q3,UNRATE,1,1,2012 Q3,2012-07-01,2012,3,30,Labor market,Labor market
Post-threshold ridge,2012 Q3,CLAIMSx,1,1,2012 Q3,2012-07-01,2012,3,30,Labor market,Labor market
Post-threshold ridge,2012 Q3,PAYEMS,1,1,2012 Q3,2012-07-01,2012,3,30,Labor market,Labor market
Post-threshold ridge,2012 Q3,AWHMAN,0,0,2012 Q3,2012-07-01,2012,3,30,Labor market,Not selected
Post-threshold ridge,2012 Q3,HOUST,0,0,2012 Q3,2012-07-01,2012,3,30,Housing,Not selected
Post-threshold ridge,2012 Q3,PERMIT,0,0,2012 Q3,2012-07-01,2012,3,30,Housing,Not selected
Post-threshold ridge,2012 Q3,M1SL,1,1,2012 Q3,2012-07-01,2012,3,30,Money and credit,Money and credit
Post-threshold ridge,2012 Q3,M2SL,2,1,2012 Q3,2012-07-01,2012,3,30,Money and credit,Money and credit
Post-threshold ridge,2012 Q3,BOGMBASE,0,0,2012 Q3,2012-07-01,2012,3,30,Money and credit,Not selected
Post-threshold ridge,2012 Q3,BUSLOANS,0,0,2012 Q3,2012-07-01,2012,3,30,Money and credit,Not selected
Post-threshold ridge,2012 Q3,NONREVSL,1,1,2012 Q3,2012-07-01,2012,3,30,Money and credit,Money and credit
Post-threshold ridge,2012 Q3,CPIAUCSL,0,0,2012 Q3,2012-07-01,2012,3,30,Prices and commodities,Not selected
Post-threshold ridge,2012 Q3,PPICMM,0,0,2012 Q3,2012-07-01,2012,3,30,Prices and commodities,Not selected
Post-threshold ridge,2012 Q3,PCEPI,0,0,2012 Q3,2012-07-01,2012,3,30,Prices and commodities,Not selected
Post-threshold ridge,2012 Q3,OILPRICEx,0,0,2012 Q3,2012-07-01,2012,3,30,Prices and commodities,Not selected
Post-threshold ridge,2012 Q3,FEDFUNDS,2,1,2012 Q3,2012-07-01,2012,3,30,Financial / sentiment,Financial / sentiment
Post-threshold ridge,2012 Q3,TB3MS,0,0,2012 Q3,2012-07-01,2012,3,30,Financial / sentiment,Not selected
Post-threshold ridge,2012 Q3,GS10,0,0,2012 Q3,2012-07-01,2012,3,30,Financial / sentiment,Not selected
Post-threshold ridge,2012 Q3,AAA,0,0,2012 Q3,2012-07-01,2012,3,30,Financial / sentiment,Not selected
Post-threshold ridge,2012 Q3,BAA,0,0,2012 Q3,2012-07-01,2012,3,30,Financial / sentiment,Not selected
Post-threshold ridge,2012 Q3,S&P 500,0,0,2012 Q3,2012-07-01,2012,3,30,Financial / sentiment,Not selected
Post-threshold ridge,2012 Q3,VIXCLSx,0,0,2012 Q3,2012-07-01,2012,3,30,Financial / sentiment,Not selected
Post-threshold ridge,2012 Q3,UMCSENTx,0,0,2012 Q3,2012-07-01,2012,3,30,Financial / sentiment,Not selected
Post-threshold ridge,2012 Q3,TERM_SPREAD,0,0,2012 Q3,2012-07-01,2012,3,30,Financial / sentiment,Not selected
Post-threshold ridge,2012 Q3,CREDIT_SPREAD,0,0,2012 Q3,2012-07-01,2012,3,30,Financial / sentiment,Not selected
Post-threshold ridge,2012 Q4,RPI,1,1,2012 Q4,2012-10-01,2012,4,31,Real activity / consumption,Real activity / consumption
Post-threshold ridge,2012 Q4,DPCERA3M086SBEA,1,1,2012 Q4,2012-10-01,2012,4,31,Real activity / consumption,Real activity / consumption
Post-threshold ridge,2012 Q4,INDPRO,2,1,2012 Q4,2012-10-01,2012,4,31,Real activity / consumption,Real activity / consumption
Post-threshold ridge,2012 Q4,CMRMTSPLx,2,1,2012 Q4,2012-10-01,2012,4,31,Real activity / consumption,Real activity / consumption
Post-threshold ridge,2012 Q4,RETAILx,1,1,2012 Q4,2012-10-01,2012,4,31,Real activity / consumption,Real activity / consumption
Post-threshold ridge,2012 Q4,UNRATE,1,1,2012 Q4,2012-10-01,2012,4,31,Labor market,Labor market
Post-threshold ridge,2012 Q4,CLAIMSx,1,1,2012 Q4,2012-10-01,2012,4,31,Labor market,Labor market
Post-threshold ridge,2012 Q4,PAYEMS,1,1,2012 Q4,2012-10-01,2012,4,31,Labor market,Labor market
Post-threshold ridge,2012 Q4,AWHMAN,0,0,2012 Q4,2012-10-01,2012,4,31,Labor market,Not selected
Post-threshold ridge,2012 Q4,HOUST,0,0,2012 Q4,2012-10-01,2012,4,31,Housing,Not selected
Post-threshold ridge,2012 Q4,PERMIT,0,0,2012 Q4,2012-10-01,2012,4,31,Housing,Not selected
Post-threshold ridge,2012 Q4,M1SL,1,1,2012 Q4,2012-10-01,2012,4,31,Money and credit,Money and credit
Post-threshold ridge,2012 Q4,M2SL,2,1,2012 Q4,2012-10-01,2012,4,31,Money and credit,Money and credit
Post-threshold ridge,2012 Q4,BOGMBASE,0,0,2012 Q4,2012-10-01,2012,4,31,Money and credit,Not selected
Post-threshold ridge,2012 Q4,BUSLOANS,0,0,2012 Q4,2012-10-01,2012,4,31,Money and credit,Not selected
Post-threshold ridge,2012 Q4,NONREVSL,0,0,2012 Q4,2012-10-01,2012,4,31,Money and credit,Not selected
Post-threshold ridge,2012 Q4,CPIAUCSL,0,0,2012 Q4,2012-10-01,2012,4,31,Prices and commodities,Not selected
Post-threshold ridge,2012 Q4,PPICMM,0,0,2012 Q4,2012-10-01,2012,4,31,Prices and commodities,Not selected
Post-threshold ridge,2012 Q4,PCEPI,0,0,2012 Q4,2012-10-01,2012,4,31,Prices and commodities,Not selected
Post-threshold ridge,2012 Q4,OILPRICEx,0,0,2012 Q4,2012-10-01,2012,4,31,Prices and commodities,Not selected
Post-threshold ridge,2012 Q4,FEDFUNDS,2,1,2012 Q4,2012-10-01,2012,4,31,Financial / sentiment,Financial / sentiment
Post-threshold ridge,2012 Q4,TB3MS,0,0,2012 Q4,2012-10-01,2012,4,31,Financial / sentiment,Not selected
Post-threshold ridge,2012 Q4,GS10,0,0,2012 Q4,2012-10-01,2012,4,31,Financial / sentiment,Not selected
Post-threshold ridge,2012 Q4,AAA,0,0,2012 Q4,2012-10-01,2012,4,31,Financial / sentiment,Not selected
Post-threshold ridge,2012 Q4,BAA,0,0,2012 Q4,2012-10-01,2012,4,31,Financial / sentiment,Not selected
Post-threshold ridge,2012 Q4,S&P 500,0,0,2012 Q4,2012-10-01,2012,4,31,Financial / sentiment,Not selected
Post-threshold ridge,2012 Q4,VIXCLSx,0,0,2012 Q4,2012-10-01,2012,4,31,Financial / sentiment,Not selected
Post-threshold ridge,2012 Q4,UMCSENTx,0,0,2012 Q4,2012-10-01,2012,4,31,Financial / sentiment,Not selected
Post-threshold ridge,2012 Q4,TERM_SPREAD,0,0,2012 Q4,2012-10-01,2012,4,31,Financial / sentiment,Not selected
Post-threshold ridge,2012 Q4,CREDIT_SPREAD,0,0,2012 Q4,2012-10-01,2012,4,31,Financial / sentiment,Not selected
Post-threshold ridge,2013 Q1,RPI,2,1,2013 Q1,2013-01-01,2013,1,32,Real activity / consumption,Real activity / consumption
Post-threshold ridge,2013 Q1,DPCERA3M086SBEA,1,1,2013 Q1,2013-01-01,2013,1,32,Real activity / consumption,Real activity / consumption
Post-threshold ridge,2013 Q1,INDPRO,2,1,2013 Q1,2013-01-01,2013,1,32,Real activity / consumption,Real activity / consumption
Post-threshold ridge,2013 Q1,CMRMTSPLx,2,1,2013 Q1,2013-01-01,2013,1,32,Real activity / consumption,Real activity / consumption
Post-threshold ridge,2013 Q1,RETAILx,0,0,2013 Q1,2013-01-01,2013,1,32,Real activity / consumption,Not selected
Post-threshold ridge,2013 Q1,UNRATE,1,1,2013 Q1,2013-01-01,2013,1,32,Labor market,Labor market
Post-threshold ridge,2013 Q1,CLAIMSx,2,1,2013 Q1,2013-01-01,2013,1,32,Labor market,Labor market
Post-threshold ridge,2013 Q1,PAYEMS,1,1,2013 Q1,2013-01-01,2013,1,32,Labor market,Labor market
Post-threshold ridge,2013 Q1,AWHMAN,0,0,2013 Q1,2013-01-01,2013,1,32,Labor market,Not selected
Post-threshold ridge,2013 Q1,HOUST,0,0,2013 Q1,2013-01-01,2013,1,32,Housing,Not selected
Post-threshold ridge,2013 Q1,PERMIT,0,0,2013 Q1,2013-01-01,2013,1,32,Housing,Not selected
Post-threshold ridge,2013 Q1,M1SL,1,1,2013 Q1,2013-01-01,2013,1,32,Money and credit,Money and credit
Post-threshold ridge,2013 Q1,M2SL,2,1,2013 Q1,2013-01-01,2013,1,32,Money and credit,Money and credit
Post-threshold ridge,2013 Q1,BOGMBASE,0,0,2013 Q1,2013-01-01,2013,1,32,Money and credit,Not selected
Post-threshold ridge,2013 Q1,BUSLOANS,0,0,2013 Q1,2013-01-01,2013,1,32,Money and credit,Not selected
Post-threshold ridge,2013 Q1,NONREVSL,1,1,2013 Q1,2013-01-01,2013,1,32,Money and credit,Money and credit
Post-threshold ridge,2013 Q1,CPIAUCSL,0,0,2013 Q1,2013-01-01,2013,1,32,Prices and commodities,Not selected
Post-threshold ridge,2013 Q1,PPICMM,0,0,2013 Q1,2013-01-01,2013,1,32,Prices and commodities,Not selected
Post-threshold ridge,2013 Q1,PCEPI,0,0,2013 Q1,2013-01-01,2013,1,32,Prices and commodities,Not selected
Post-threshold ridge,2013 Q1,OILPRICEx,0,0,2013 Q1,2013-01-01,2013,1,32,Prices and commodities,Not selected
Post-threshold ridge,2013 Q1,FEDFUNDS,2,1,2013 Q1,2013-01-01,2013,1,32,Financial / sentiment,Financial / sentiment
Post-threshold ridge,2013 Q1,TB3MS,0,0,2013 Q1,2013-01-01,2013,1,32,Financial / sentiment,Not selected
Post-threshold ridge,2013 Q1,GS10,0,0,2013 Q1,2013-01-01,2013,1,32,Financial / sentiment,Not selected
Post-threshold ridge,2013 Q1,AAA,0,0,2013 Q1,2013-01-01,2013,1,32,Financial / sentiment,Not selected
Post-threshold ridge,2013 Q1,BAA,0,0,2013 Q1,2013-01-01,2013,1,32,Financial / sentiment,Not selected
Post-threshold ridge,2013 Q1,S&P 500,0,0,2013 Q1,2013-01-01,2013,1,32,Financial / sentiment,Not selected
Post-threshold ridge,2013 Q1,VIXCLSx,0,0,2013 Q1,2013-01-01,2013,1,32,Financial / sentiment,Not selected
Post-threshold ridge,2013 Q1,UMCSENTx,0,0,2013 Q1,2013-01-01,2013,1,32,Financial / sentiment,Not selected
Post-threshold ridge,2013 Q1,TERM_SPREAD,0,0,2013 Q1,2013-01-01,2013,1,32,Financial / sentiment,Not selected
Post-threshold ridge,2013 Q1,CREDIT_SPREAD,0,0,2013 Q1,2013-01-01,2013,1,32,Financial / sentiment,Not selected
Post-threshold ridge,2013 Q2,RPI,2,1,2013 Q2,2013-04-01,2013,2,33,Real activity / consumption,Real activity / consumption
Post-threshold ridge,2013 Q2,DPCERA3M086SBEA,1,1,2013 Q2,2013-04-01,2013,2,33,Real activity / consumption,Real activity / consumption
Post-threshold ridge,2013 Q2,INDPRO,2,1,2013 Q2,2013-04-01,2013,2,33,Real activity / consumption,Real activity / consumption
Post-threshold ridge,2013 Q2,CMRMTSPLx,2,1,2013 Q2,2013-04-01,2013,2,33,Real activity / consumption,Real activity / consumption
Post-threshold ridge,2013 Q2,RETAILx,0,0,2013 Q2,2013-04-01,2013,2,33,Real activity / consumption,Not selected
Post-threshold ridge,2013 Q2,UNRATE,0,0,2013 Q2,2013-04-01,2013,2,33,Labor market,Not selected
Post-threshold ridge,2013 Q2,CLAIMSx,2,1,2013 Q2,2013-04-01,2013,2,33,Labor market,Labor market
Post-threshold ridge,2013 Q2,PAYEMS,1,1,2013 Q2,2013-04-01,2013,2,33,Labor market,Labor market
Post-threshold ridge,2013 Q2,AWHMAN,0,0,2013 Q2,2013-04-01,2013,2,33,Labor market,Not selected
Post-threshold ridge,2013 Q2,HOUST,0,0,2013 Q2,2013-04-01,2013,2,33,Housing,Not selected
Post-threshold ridge,2013 Q2,PERMIT,0,0,2013 Q2,2013-04-01,2013,2,33,Housing,Not selected
Post-threshold ridge,2013 Q2,M1SL,1,1,2013 Q2,2013-04-01,2013,2,33,Money and credit,Money and credit
Post-threshold ridge,2013 Q2,M2SL,2,1,2013 Q2,2013-04-01,2013,2,33,Money and credit,Money and credit
Post-threshold ridge,2013 Q2,BOGMBASE,0,0,2013 Q2,2013-04-01,2013,2,33,Money and credit,Not selected
Post-threshold ridge,2013 Q2,BUSLOANS,0,0,2013 Q2,2013-04-01,2013,2,33,Money and credit,Not selected
Post-threshold ridge,2013 Q2,NONREVSL,1,1,2013 Q2,2013-04-01,2013,2,33,Money and credit,Money and credit
Post-threshold ridge,2013 Q2,CPIAUCSL,0,0,2013 Q2,2013-04-01,2013,2,33,Prices and commodities,Not selected
Post-threshold ridge,2013 Q2,PPICMM,0,0,2013 Q2,2013-04-01,2013,2,33,Prices and commodities,Not selected
Post-threshold ridge,2013 Q2,PCEPI,0,0,2013 Q2,2013-04-01,2013,2,33,Prices and commodities,Not selected
Post-threshold ridge,2013 Q2,OILPRICEx,0,0,2013 Q2,2013-04-01,2013,2,33,Prices and commodities,Not selected
Post-threshold ridge,2013 Q2,FEDFUNDS,2,1,2013 Q2,2013-04-01,2013,2,33,Financial / sentiment,Financial / sentiment
Post-threshold ridge,2013 Q2,TB3MS,0,0,2013 Q2,2013-04-01,2013,2,33,Financial / sentiment,Not selected
Post-threshold ridge,2013 Q2,GS10,0,0,2013 Q2,2013-04-01,2013,2,33,Financial / sentiment,Not selected
Post-threshold ridge,2013 Q2,AAA,0,0,2013 Q2,2013-04-01,2013,2,33,Financial / sentiment,Not selected
Post-threshold ridge,2013 Q2,BAA,0,0,2013 Q2,2013-04-01,2013,2,33,Financial / sentiment,Not selected
Post-threshold ridge,2013 Q2,S&P 500,0,0,2013 Q2,2013-04-01,2013,2,33,Financial / sentiment,Not selected
Post-threshold ridge,2013 Q2,VIXCLSx,0,0,2013 Q2,2013-04-01,2013,2,33,Financial / sentiment,Not selected
Post-threshold ridge,2013 Q2,UMCSENTx,0,0,2013 Q2,2013-04-01,2013,2,33,Financial / sentiment,Not selected
Post-threshold ridge,2013 Q2,TERM_SPREAD,0,0,2013 Q2,2013-04-01,2013,2,33,Financial / sentiment,Not selected
Post-threshold ridge,2013 Q2,CREDIT_SPREAD,0,0,2013 Q2,2013-04-01,2013,2,33,Financial / sentiment,Not selected
Post-threshold ridge,2013 Q3,RPI,2,1,2013 Q3,2013-07-01,2013,3,34,Real activity / consumption,Real activity / consumption
Post-threshold ridge,2013 Q3,DPCERA3M086SBEA,1,1,2013 Q3,2013-07-01,2013,3,34,Real activity / consumption,Real activity / consumption
Post-threshold ridge,2013 Q3,INDPRO,2,1,2013 Q3,2013-07-01,2013,3,34,Real activity / consumption,Real activity / consumption
Post-threshold ridge,2013 Q3,CMRMTSPLx,2,1,2013 Q3,2013-07-01,2013,3,34,Real activity / consumption,Real activity / consumption
Post-threshold ridge,2013 Q3,RETAILx,0,0,2013 Q3,2013-07-01,2013,3,34,Real activity / consumption,Not selected
Post-threshold ridge,2013 Q3,UNRATE,0,0,2013 Q3,2013-07-01,2013,3,34,Labor market,Not selected
Post-threshold ridge,2013 Q3,CLAIMSx,2,1,2013 Q3,2013-07-01,2013,3,34,Labor market,Labor market
Post-threshold ridge,2013 Q3,PAYEMS,1,1,2013 Q3,2013-07-01,2013,3,34,Labor market,Labor market
Post-threshold ridge,2013 Q3,AWHMAN,0,0,2013 Q3,2013-07-01,2013,3,34,Labor market,Not selected
Post-threshold ridge,2013 Q3,HOUST,0,0,2013 Q3,2013-07-01,2013,3,34,Housing,Not selected
Post-threshold ridge,2013 Q3,PERMIT,0,0,2013 Q3,2013-07-01,2013,3,34,Housing,Not selected
Post-threshold ridge,2013 Q3,M1SL,1,1,2013 Q3,2013-07-01,2013,3,34,Money and credit,Money and credit
Post-threshold ridge,2013 Q3,M2SL,2,1,2013 Q3,2013-07-01,2013,3,34,Money and credit,Money and credit
Post-threshold ridge,2013 Q3,BOGMBASE,0,0,2013 Q3,2013-07-01,2013,3,34,Money and credit,Not selected
Post-threshold ridge,2013 Q3,BUSLOANS,0,0,2013 Q3,2013-07-01,2013,3,34,Money and credit,Not selected
Post-threshold ridge,2013 Q3,NONREVSL,1,1,2013 Q3,2013-07-01,2013,3,34,Money and credit,Money and credit
Post-threshold ridge,2013 Q3,CPIAUCSL,0,0,2013 Q3,2013-07-01,2013,3,34,Prices and commodities,Not selected
Post-threshold ridge,2013 Q3,PPICMM,0,0,2013 Q3,2013-07-01,2013,3,34,Prices and commodities,Not selected
Post-threshold ridge,2013 Q3,PCEPI,0,0,2013 Q3,2013-07-01,2013,3,34,Prices and commodities,Not selected
Post-threshold ridge,2013 Q3,OILPRICEx,0,0,2013 Q3,2013-07-01,2013,3,34,Prices and commodities,Not selected
Post-threshold ridge,2013 Q3,FEDFUNDS,2,1,2013 Q3,2013-07-01,2013,3,34,Financial / sentiment,Financial / sentiment
Post-threshold ridge,2013 Q3,TB3MS,0,0,2013 Q3,2013-07-01,2013,3,34,Financial / sentiment,Not selected
Post-threshold ridge,2013 Q3,GS10,0,0,2013 Q3,2013-07-01,2013,3,34,Financial / sentiment,Not selected
Post-threshold ridge,2013 Q3,AAA,0,0,2013 Q3,2013-07-01,2013,3,34,Financial / sentiment,Not selected
Post-threshold ridge,2013 Q3,BAA,0,0,2013 Q3,2013-07-01,2013,3,34,Financial / sentiment,Not selected
Post-threshold ridge,2013 Q3,S&P 500,0,0,2013 Q3,2013-07-01,2013,3,34,Financial / sentiment,Not selected
Post-threshold ridge,2013 Q3,VIXCLSx,0,0,2013 Q3,2013-07-01,2013,3,34,Financial / sentiment,Not selected
Post-threshold ridge,2013 Q3,UMCSENTx,0,0,2013 Q3,2013-07-01,2013,3,34,Financial / sentiment,Not selected
Post-threshold ridge,2013 Q3,TERM_SPREAD,0,0,2013 Q3,2013-07-01,2013,3,34,Financial / sentiment,Not selected
Post-threshold ridge,2013 Q3,CREDIT_SPREAD,0,0,2013 Q3,2013-07-01,2013,3,34,Financial / sentiment,Not selected
Post-threshold ridge,2013 Q4,RPI,2,1,2013 Q4,2013-10-01,2013,4,35,Real activity / consumption,Real activity / consumption
Post-threshold ridge,2013 Q4,DPCERA3M086SBEA,1,1,2013 Q4,2013-10-01,2013,4,35,Real activity / consumption,Real activity / consumption
Post-threshold ridge,2013 Q4,INDPRO,2,1,2013 Q4,2013-10-01,2013,4,35,Real activity / consumption,Real activity / consumption
Post-threshold ridge,2013 Q4,CMRMTSPLx,2,1,2013 Q4,2013-10-01,2013,4,35,Real activity / consumption,Real activity / consumption
Post-threshold ridge,2013 Q4,RETAILx,0,0,2013 Q4,2013-10-01,2013,4,35,Real activity / consumption,Not selected
Post-threshold ridge,2013 Q4,UNRATE,0,0,2013 Q4,2013-10-01,2013,4,35,Labor market,Not selected
Post-threshold ridge,2013 Q4,CLAIMSx,2,1,2013 Q4,2013-10-01,2013,4,35,Labor market,Labor market
Post-threshold ridge,2013 Q4,PAYEMS,1,1,2013 Q4,2013-10-01,2013,4,35,Labor market,Labor market
Post-threshold ridge,2013 Q4,AWHMAN,0,0,2013 Q4,2013-10-01,2013,4,35,Labor market,Not selected
Post-threshold ridge,2013 Q4,HOUST,0,0,2013 Q4,2013-10-01,2013,4,35,Housing,Not selected
Post-threshold ridge,2013 Q4,PERMIT,0,0,2013 Q4,2013-10-01,2013,4,35,Housing,Not selected
Post-threshold ridge,2013 Q4,M1SL,1,1,2013 Q4,2013-10-01,2013,4,35,Money and credit,Money and credit
Post-threshold ridge,2013 Q4,M2SL,2,1,2013 Q4,2013-10-01,2013,4,35,Money and credit,Money and credit
Post-threshold ridge,2013 Q4,BOGMBASE,0,0,2013 Q4,2013-10-01,2013,4,35,Money and credit,Not selected
Post-threshold ridge,2013 Q4,BUSLOANS,0,0,2013 Q4,2013-10-01,2013,4,35,Money and credit,Not selected
Post-threshold ridge,2013 Q4,NONREVSL,1,1,2013 Q4,2013-10-01,2013,4,35,Money and credit,Money and credit
Post-threshold ridge,2013 Q4,CPIAUCSL,0,0,2013 Q4,2013-10-01,2013,4,35,Prices and commodities,Not selected
Post-threshold ridge,2013 Q4,PPICMM,0,0,2013 Q4,2013-10-01,2013,4,35,Prices and commodities,Not selected
Post-threshold ridge,2013 Q4,PCEPI,0,0,2013 Q4,2013-10-01,2013,4,35,Prices and commodities,Not selected
Post-threshold ridge,2013 Q4,OILPRICEx,0,0,2013 Q4,2013-10-01,2013,4,35,Prices and commodities,Not selected
Post-threshold ridge,2013 Q4,FEDFUNDS,2,1,2013 Q4,2013-10-01,2013,4,35,Financial / sentiment,Financial / sentiment
Post-threshold ridge,2013 Q4,TB3MS,0,0,2013 Q4,2013-10-01,2013,4,35,Financial / sentiment,Not selected
Post-threshold ridge,2013 Q4,GS10,0,0,2013 Q4,2013-10-01,2013,4,35,Financial / sentiment,Not selected
Post-threshold ridge,2013 Q4,AAA,0,0,2013 Q4,2013-10-01,2013,4,35,Financial / sentiment,Not selected
Post-threshold ridge,2013 Q4,BAA,0,0,2013 Q4,2013-10-01,2013,4,35,Financial / sentiment,Not selected
Post-threshold ridge,2013 Q4,S&P 500,0,0,2013 Q4,2013-10-01,2013,4,35,Financial / sentiment,Not selected
Post-threshold ridge,2013 Q4,VIXCLSx,0,0,2013 Q4,2013-10-01,2013,4,35,Financial / sentiment,Not selected
Post-threshold ridge,2013 Q4,UMCSENTx,0,0,2013 Q4,2013-10-01,2013,4,35,Financial / sentiment,Not selected
Post-threshold ridge,2013 Q4,TERM_SPREAD,0,0,2013 Q4,2013-10-01,2013,4,35,Financial / sentiment,Not selected
Post-threshold ridge,2013 Q4,CREDIT_SPREAD,0,0,2013 Q4,2013-10-01,2013,4,35,Financial / sentiment,Not selected
Post-threshold ridge,2014 Q1,RPI,2,1,2014 Q1,2014-01-01,2014,1,36,Real activity / consumption,Real activity / consumption
Post-threshold ridge,2014 Q1,DPCERA3M086SBEA,1,1,2014 Q1,2014-01-01,2014,1,36,Real activity / consumption,Real activity / consumption
Post-threshold ridge,2014 Q1,INDPRO,2,1,2014 Q1,2014-01-01,2014,1,36,Real activity / consumption,Real activity / consumption
Post-threshold ridge,2014 Q1,CMRMTSPLx,2,1,2014 Q1,2014-01-01,2014,1,36,Real activity / consumption,Real activity / consumption
Post-threshold ridge,2014 Q1,RETAILx,0,0,2014 Q1,2014-01-01,2014,1,36,Real activity / consumption,Not selected
Post-threshold ridge,2014 Q1,UNRATE,0,0,2014 Q1,2014-01-01,2014,1,36,Labor market,Not selected
Post-threshold ridge,2014 Q1,CLAIMSx,3,1,2014 Q1,2014-01-01,2014,1,36,Labor market,Labor market
Post-threshold ridge,2014 Q1,PAYEMS,1,1,2014 Q1,2014-01-01,2014,1,36,Labor market,Labor market
Post-threshold ridge,2014 Q1,AWHMAN,0,0,2014 Q1,2014-01-01,2014,1,36,Labor market,Not selected
Post-threshold ridge,2014 Q1,HOUST,0,0,2014 Q1,2014-01-01,2014,1,36,Housing,Not selected
Post-threshold ridge,2014 Q1,PERMIT,0,0,2014 Q1,2014-01-01,2014,1,36,Housing,Not selected
Post-threshold ridge,2014 Q1,M1SL,2,1,2014 Q1,2014-01-01,2014,1,36,Money and credit,Money and credit
Post-threshold ridge,2014 Q1,M2SL,2,1,2014 Q1,2014-01-01,2014,1,36,Money and credit,Money and credit
Post-threshold ridge,2014 Q1,BOGMBASE,0,0,2014 Q1,2014-01-01,2014,1,36,Money and credit,Not selected
Post-threshold ridge,2014 Q1,BUSLOANS,0,0,2014 Q1,2014-01-01,2014,1,36,Money and credit,Not selected
Post-threshold ridge,2014 Q1,NONREVSL,1,1,2014 Q1,2014-01-01,2014,1,36,Money and credit,Money and credit
Post-threshold ridge,2014 Q1,CPIAUCSL,0,0,2014 Q1,2014-01-01,2014,1,36,Prices and commodities,Not selected
Post-threshold ridge,2014 Q1,PPICMM,0,0,2014 Q1,2014-01-01,2014,1,36,Prices and commodities,Not selected
Post-threshold ridge,2014 Q1,PCEPI,0,0,2014 Q1,2014-01-01,2014,1,36,Prices and commodities,Not selected
Post-threshold ridge,2014 Q1,OILPRICEx,0,0,2014 Q1,2014-01-01,2014,1,36,Prices and commodities,Not selected
Post-threshold ridge,2014 Q1,FEDFUNDS,2,1,2014 Q1,2014-01-01,2014,1,36,Financial / sentiment,Financial / sentiment
Post-threshold ridge,2014 Q1,TB3MS,0,0,2014 Q1,2014-01-01,2014,1,36,Financial / sentiment,Not selected
Post-threshold ridge,2014 Q1,GS10,0,0,2014 Q1,2014-01-01,2014,1,36,Financial / sentiment,Not selected
Post-threshold ridge,2014 Q1,AAA,0,0,2014 Q1,2014-01-01,2014,1,36,Financial / sentiment,Not selected
Post-threshold ridge,2014 Q1,BAA,0,0,2014 Q1,2014-01-01,2014,1,36,Financial / sentiment,Not selected
Post-threshold ridge,2014 Q1,S&P 500,0,0,2014 Q1,2014-01-01,2014,1,36,Financial / sentiment,Not selected
Post-threshold ridge,2014 Q1,VIXCLSx,0,0,2014 Q1,2014-01-01,2014,1,36,Financial / sentiment,Not selected
Post-threshold ridge,2014 Q1,UMCSENTx,0,0,2014 Q1,2014-01-01,2014,1,36,Financial / sentiment,Not selected
Post-threshold ridge,2014 Q1,TERM_SPREAD,0,0,2014 Q1,2014-01-01,2014,1,36,Financial / sentiment,Not selected
Post-threshold ridge,2014 Q1,CREDIT_SPREAD,0,0,2014 Q1,2014-01-01,2014,1,36,Financial / sentiment,Not selected
Post-threshold ridge,2014 Q2,RPI,2,1,2014 Q2,2014-04-01,2014,2,37,Real activity / consumption,Real activity / consumption
Post-threshold ridge,2014 Q2,DPCERA3M086SBEA,1,1,2014 Q2,2014-04-01,2014,2,37,Real activity / consumption,Real activity / consumption
Post-threshold ridge,2014 Q2,INDPRO,2,1,2014 Q2,2014-04-01,2014,2,37,Real activity / consumption,Real activity / consumption
Post-threshold ridge,2014 Q2,CMRMTSPLx,2,1,2014 Q2,2014-04-01,2014,2,37,Real activity / consumption,Real activity / consumption
Post-threshold ridge,2014 Q2,RETAILx,0,0,2014 Q2,2014-04-01,2014,2,37,Real activity / consumption,Not selected
Post-threshold ridge,2014 Q2,UNRATE,0,0,2014 Q2,2014-04-01,2014,2,37,Labor market,Not selected
Post-threshold ridge,2014 Q2,CLAIMSx,3,1,2014 Q2,2014-04-01,2014,2,37,Labor market,Labor market
Post-threshold ridge,2014 Q2,PAYEMS,1,1,2014 Q2,2014-04-01,2014,2,37,Labor market,Labor market
Post-threshold ridge,2014 Q2,AWHMAN,0,0,2014 Q2,2014-04-01,2014,2,37,Labor market,Not selected
Post-threshold ridge,2014 Q2,HOUST,0,0,2014 Q2,2014-04-01,2014,2,37,Housing,Not selected
Post-threshold ridge,2014 Q2,PERMIT,0,0,2014 Q2,2014-04-01,2014,2,37,Housing,Not selected
Post-threshold ridge,2014 Q2,M1SL,1,1,2014 Q2,2014-04-01,2014,2,37,Money and credit,Money and credit
Post-threshold ridge,2014 Q2,M2SL,2,1,2014 Q2,2014-04-01,2014,2,37,Money and credit,Money and credit
Post-threshold ridge,2014 Q2,BOGMBASE,0,0,2014 Q2,2014-04-01,2014,2,37,Money and credit,Not selected
Post-threshold ridge,2014 Q2,BUSLOANS,0,0,2014 Q2,2014-04-01,2014,2,37,Money and credit,Not selected
Post-threshold ridge,2014 Q2,NONREVSL,1,1,2014 Q2,2014-04-01,2014,2,37,Money and credit,Money and credit
Post-threshold ridge,2014 Q2,CPIAUCSL,0,0,2014 Q2,2014-04-01,2014,2,37,Prices and commodities,Not selected
Post-threshold ridge,2014 Q2,PPICMM,0,0,2014 Q2,2014-04-01,2014,2,37,Prices and commodities,Not selected
Post-threshold ridge,2014 Q2,PCEPI,0,0,2014 Q2,2014-04-01,2014,2,37,Prices and commodities,Not selected
Post-threshold ridge,2014 Q2,OILPRICEx,0,0,2014 Q2,2014-04-01,2014,2,37,Prices and commodities,Not selected
Post-threshold ridge,2014 Q2,FEDFUNDS,2,1,2014 Q2,2014-04-01,2014,2,37,Financial / sentiment,Financial / sentiment
Post-threshold ridge,2014 Q2,TB3MS,0,0,2014 Q2,2014-04-01,2014,2,37,Financial / sentiment,Not selected
Post-threshold ridge,2014 Q2,GS10,0,0,2014 Q2,2014-04-01,2014,2,37,Financial / sentiment,Not selected
Post-threshold ridge,2014 Q2,AAA,0,0,2014 Q2,2014-04-01,2014,2,37,Financial / sentiment,Not selected
Post-threshold ridge,2014 Q2,BAA,0,0,2014 Q2,2014-04-01,2014,2,37,Financial / sentiment,Not selected
Post-threshold ridge,2014 Q2,S&P 500,0,0,2014 Q2,2014-04-01,2014,2,37,Financial / sentiment,Not selected
Post-threshold ridge,2014 Q2,VIXCLSx,0,0,2014 Q2,2014-04-01,2014,2,37,Financial / sentiment,Not selected
Post-threshold ridge,2014 Q2,UMCSENTx,0,0,2014 Q2,2014-04-01,2014,2,37,Financial / sentiment,Not selected
Post-threshold ridge,2014 Q2,TERM_SPREAD,0,0,2014 Q2,2014-04-01,2014,2,37,Financial / sentiment,Not selected
Post-threshold ridge,2014 Q2,CREDIT_SPREAD,0,0,2014 Q2,2014-04-01,2014,2,37,Financial / sentiment,Not selected
Post-threshold ridge,2014 Q3,RPI,2,1,2014 Q3,2014-07-01,2014,3,38,Real activity / consumption,Real activity / consumption
Post-threshold ridge,2014 Q3,DPCERA3M086SBEA,1,1,2014 Q3,2014-07-01,2014,3,38,Real activity / consumption,Real activity / consumption
Post-threshold ridge,2014 Q3,INDPRO,2,1,2014 Q3,2014-07-01,2014,3,38,Real activity / consumption,Real activity / consumption
Post-threshold ridge,2014 Q3,CMRMTSPLx,2,1,2014 Q3,2014-07-01,2014,3,38,Real activity / consumption,Real activity / consumption
Post-threshold ridge,2014 Q3,RETAILx,0,0,2014 Q3,2014-07-01,2014,3,38,Real activity / consumption,Not selected
Post-threshold ridge,2014 Q3,UNRATE,0,0,2014 Q3,2014-07-01,2014,3,38,Labor market,Not selected
Post-threshold ridge,2014 Q3,CLAIMSx,3,1,2014 Q3,2014-07-01,2014,3,38,Labor market,Labor market
Post-threshold ridge,2014 Q3,PAYEMS,1,1,2014 Q3,2014-07-01,2014,3,38,Labor market,Labor market
Post-threshold ridge,2014 Q3,AWHMAN,0,0,2014 Q3,2014-07-01,2014,3,38,Labor market,Not selected
Post-threshold ridge,2014 Q3,HOUST,0,0,2014 Q3,2014-07-01,2014,3,38,Housing,Not selected
Post-threshold ridge,2014 Q3,PERMIT,0,0,2014 Q3,2014-07-01,2014,3,38,Housing,Not selected
Post-threshold ridge,2014 Q3,M1SL,1,1,2014 Q3,2014-07-01,2014,3,38,Money and credit,Money and credit
Post-threshold ridge,2014 Q3,M2SL,2,1,2014 Q3,2014-07-01,2014,3,38,Money and credit,Money and credit
Post-threshold ridge,2014 Q3,BOGMBASE,0,0,2014 Q3,2014-07-01,2014,3,38,Money and credit,Not selected
Post-threshold ridge,2014 Q3,BUSLOANS,0,0,2014 Q3,2014-07-01,2014,3,38,Money and credit,Not selected
Post-threshold ridge,2014 Q3,NONREVSL,1,1,2014 Q3,2014-07-01,2014,3,38,Money and credit,Money and credit
Post-threshold ridge,2014 Q3,CPIAUCSL,0,0,2014 Q3,2014-07-01,2014,3,38,Prices and commodities,Not selected
Post-threshold ridge,2014 Q3,PPICMM,0,0,2014 Q3,2014-07-01,2014,3,38,Prices and commodities,Not selected
Post-threshold ridge,2014 Q3,PCEPI,0,0,2014 Q3,2014-07-01,2014,3,38,Prices and commodities,Not selected
Post-threshold ridge,2014 Q3,OILPRICEx,0,0,2014 Q3,2014-07-01,2014,3,38,Prices and commodities,Not selected
Post-threshold ridge,2014 Q3,FEDFUNDS,2,1,2014 Q3,2014-07-01,2014,3,38,Financial / sentiment,Financial / sentiment
Post-threshold ridge,2014 Q3,TB3MS,0,0,2014 Q3,2014-07-01,2014,3,38,Financial / sentiment,Not selected
Post-threshold ridge,2014 Q3,GS10,0,0,2014 Q3,2014-07-01,2014,3,38,Financial / sentiment,Not selected
Post-threshold ridge,2014 Q3,AAA,0,0,2014 Q3,2014-07-01,2014,3,38,Financial / sentiment,Not selected
Post-threshold ridge,2014 Q3,BAA,0,0,2014 Q3,2014-07-01,2014,3,38,Financial / sentiment,Not selected
Post-threshold ridge,2014 Q3,S&P 500,0,0,2014 Q3,2014-07-01,2014,3,38,Financial / sentiment,Not selected
Post-threshold ridge,2014 Q3,VIXCLSx,0,0,2014 Q3,2014-07-01,2014,3,38,Financial / sentiment,Not selected
Post-threshold ridge,2014 Q3,UMCSENTx,0,0,2014 Q3,2014-07-01,2014,3,38,Financial / sentiment,Not selected
Post-threshold ridge,2014 Q3,TERM_SPREAD,0,0,2014 Q3,2014-07-01,2014,3,38,Financial / sentiment,Not selected
Post-threshold ridge,2014 Q3,CREDIT_SPREAD,0,0,2014 Q3,2014-07-01,2014,3,38,Financial / sentiment,Not selected
Post-threshold ridge,2014 Q4,RPI,2,1,2014 Q4,2014-10-01,2014,4,39,Real activity / consumption,Real activity / consumption
Post-threshold ridge,2014 Q4,DPCERA3M086SBEA,2,1,2014 Q4,2014-10-01,2014,4,39,Real activity / consumption,Real activity / consumption
Post-threshold ridge,2014 Q4,INDPRO,2,1,2014 Q4,2014-10-01,2014,4,39,Real activity / consumption,Real activity / consumption
Post-threshold ridge,2014 Q4,CMRMTSPLx,2,1,2014 Q4,2014-10-01,2014,4,39,Real activity / consumption,Real activity / consumption
Post-threshold ridge,2014 Q4,RETAILx,0,0,2014 Q4,2014-10-01,2014,4,39,Real activity / consumption,Not selected
Post-threshold ridge,2014 Q4,UNRATE,0,0,2014 Q4,2014-10-01,2014,4,39,Labor market,Not selected
Post-threshold ridge,2014 Q4,CLAIMSx,3,1,2014 Q4,2014-10-01,2014,4,39,Labor market,Labor market
Post-threshold ridge,2014 Q4,PAYEMS,1,1,2014 Q4,2014-10-01,2014,4,39,Labor market,Labor market
Post-threshold ridge,2014 Q4,AWHMAN,0,0,2014 Q4,2014-10-01,2014,4,39,Labor market,Not selected
Post-threshold ridge,2014 Q4,HOUST,0,0,2014 Q4,2014-10-01,2014,4,39,Housing,Not selected
Post-threshold ridge,2014 Q4,PERMIT,0,0,2014 Q4,2014-10-01,2014,4,39,Housing,Not selected
Post-threshold ridge,2014 Q4,M1SL,1,1,2014 Q4,2014-10-01,2014,4,39,Money and credit,Money and credit
Post-threshold ridge,2014 Q4,M2SL,2,1,2014 Q4,2014-10-01,2014,4,39,Money and credit,Money and credit
Post-threshold ridge,2014 Q4,BOGMBASE,0,0,2014 Q4,2014-10-01,2014,4,39,Money and credit,Not selected
Post-threshold ridge,2014 Q4,BUSLOANS,0,0,2014 Q4,2014-10-01,2014,4,39,Money and credit,Not selected
Post-threshold ridge,2014 Q4,NONREVSL,1,1,2014 Q4,2014-10-01,2014,4,39,Money and credit,Money and credit
Post-threshold ridge,2014 Q4,CPIAUCSL,0,0,2014 Q4,2014-10-01,2014,4,39,Prices and commodities,Not selected
Post-threshold ridge,2014 Q4,PPICMM,0,0,2014 Q4,2014-10-01,2014,4,39,Prices and commodities,Not selected
Post-threshold ridge,2014 Q4,PCEPI,0,0,2014 Q4,2014-10-01,2014,4,39,Prices and commodities,Not selected
Post-threshold ridge,2014 Q4,OILPRICEx,0,0,2014 Q4,2014-10-01,2014,4,39,Prices and commodities,Not selected
Post-threshold ridge,2014 Q4,FEDFUNDS,2,1,2014 Q4,2014-10-01,2014,4,39,Financial / sentiment,Financial / sentiment
Post-threshold ridge,2014 Q4,TB3MS,0,0,2014 Q4,2014-10-01,2014,4,39,Financial / sentiment,Not selected
Post-threshold ridge,2014 Q4,GS10,0,0,2014 Q4,2014-10-01,2014,4,39,Financial / sentiment,Not selected
Post-threshold ridge,2014 Q4,AAA,0,0,2014 Q4,2014-10-01,2014,4,39,Financial / sentiment,Not selected
Post-threshold ridge,2014 Q4,BAA,0,0,2014 Q4,2014-10-01,2014,4,39,Financial / sentiment,Not selected
Post-threshold ridge,2014 Q4,S&P 500,0,0,2014 Q4,2014-10-01,2014,4,39,Financial / sentiment,Not selected
Post-threshold ridge,2014 Q4,VIXCLSx,0,0,2014 Q4,2014-10-01,2014,4,39,Financial / sentiment,Not selected
Post-threshold ridge,2014 Q4,UMCSENTx,0,0,2014 Q4,2014-10-01,2014,4,39,Financial / sentiment,Not selected
Post-threshold ridge,2014 Q4,TERM_SPREAD,0,0,2014 Q4,2014-10-01,2014,4,39,Financial / sentiment,Not selected
Post-threshold ridge,2014 Q4,CREDIT_SPREAD,0,0,2014 Q4,2014-10-01,2014,4,39,Financial / sentiment,Not selected
Post-threshold ridge,2015 Q1,RPI,2,1,2015 Q1,2015-01-01,2015,1,40,Real activity / consumption,Real activity / consumption
Post-threshold ridge,2015 Q1,DPCERA3M086SBEA,1,1,2015 Q1,2015-01-01,2015,1,40,Real activity / consumption,Real activity / consumption
Post-threshold ridge,2015 Q1,INDPRO,2,1,2015 Q1,2015-01-01,2015,1,40,Real activity / consumption,Real activity / consumption
Post-threshold ridge,2015 Q1,CMRMTSPLx,2,1,2015 Q1,2015-01-01,2015,1,40,Real activity / consumption,Real activity / consumption
Post-threshold ridge,2015 Q1,RETAILx,0,0,2015 Q1,2015-01-01,2015,1,40,Real activity / consumption,Not selected
Post-threshold ridge,2015 Q1,UNRATE,0,0,2015 Q1,2015-01-01,2015,1,40,Labor market,Not selected
Post-threshold ridge,2015 Q1,CLAIMSx,2,1,2015 Q1,2015-01-01,2015,1,40,Labor market,Labor market
Post-threshold ridge,2015 Q1,PAYEMS,1,1,2015 Q1,2015-01-01,2015,1,40,Labor market,Labor market
Post-threshold ridge,2015 Q1,AWHMAN,0,0,2015 Q1,2015-01-01,2015,1,40,Labor market,Not selected
Post-threshold ridge,2015 Q1,HOUST,0,0,2015 Q1,2015-01-01,2015,1,40,Housing,Not selected
Post-threshold ridge,2015 Q1,PERMIT,0,0,2015 Q1,2015-01-01,2015,1,40,Housing,Not selected
Post-threshold ridge,2015 Q1,M1SL,1,1,2015 Q1,2015-01-01,2015,1,40,Money and credit,Money and credit
Post-threshold ridge,2015 Q1,M2SL,2,1,2015 Q1,2015-01-01,2015,1,40,Money and credit,Money and credit
Post-threshold ridge,2015 Q1,BOGMBASE,0,0,2015 Q1,2015-01-01,2015,1,40,Money and credit,Not selected
Post-threshold ridge,2015 Q1,BUSLOANS,0,0,2015 Q1,2015-01-01,2015,1,40,Money and credit,Not selected
Post-threshold ridge,2015 Q1,NONREVSL,1,1,2015 Q1,2015-01-01,2015,1,40,Money and credit,Money and credit
Post-threshold ridge,2015 Q1,CPIAUCSL,0,0,2015 Q1,2015-01-01,2015,1,40,Prices and commodities,Not selected
Post-threshold ridge,2015 Q1,PPICMM,0,0,2015 Q1,2015-01-01,2015,1,40,Prices and commodities,Not selected
Post-threshold ridge,2015 Q1,PCEPI,0,0,2015 Q1,2015-01-01,2015,1,40,Prices and commodities,Not selected
Post-threshold ridge,2015 Q1,OILPRICEx,0,0,2015 Q1,2015-01-01,2015,1,40,Prices and commodities,Not selected
Post-threshold ridge,2015 Q1,FEDFUNDS,2,1,2015 Q1,2015-01-01,2015,1,40,Financial / sentiment,Financial / sentiment
Post-threshold ridge,2015 Q1,TB3MS,0,0,2015 Q1,2015-01-01,2015,1,40,Financial / sentiment,Not selected
Post-threshold ridge,2015 Q1,GS10,0,0,2015 Q1,2015-01-01,2015,1,40,Financial / sentiment,Not selected
Post-threshold ridge,2015 Q1,AAA,0,0,2015 Q1,2015-01-01,2015,1,40,Financial / sentiment,Not selected
Post-threshold ridge,2015 Q1,BAA,0,0,2015 Q1,2015-01-01,2015,1,40,Financial / sentiment,Not selected
Post-threshold ridge,2015 Q1,S&P 500,0,0,2015 Q1,2015-01-01,2015,1,40,Financial / sentiment,Not selected
Post-threshold ridge,2015 Q1,VIXCLSx,0,0,2015 Q1,2015-01-01,2015,1,40,Financial / sentiment,Not selected
Post-threshold ridge,2015 Q1,UMCSENTx,0,0,2015 Q1,2015-01-01,2015,1,40,Financial / sentiment,Not selected
Post-threshold ridge,2015 Q1,TERM_SPREAD,0,0,2015 Q1,2015-01-01,2015,1,40,Financial / sentiment,Not selected
Post-threshold ridge,2015 Q1,CREDIT_SPREAD,0,0,2015 Q1,2015-01-01,2015,1,40,Financial / sentiment,Not selected
Post-threshold ridge,2015 Q2,RPI,2,1,2015 Q2,2015-04-01,2015,2,41,Real activity / consumption,Real activity / consumption
Post-threshold ridge,2015 Q2,DPCERA3M086SBEA,2,1,2015 Q2,2015-04-01,2015,2,41,Real activity / consumption,Real activity / consumption
Post-threshold ridge,2015 Q2,INDPRO,2,1,2015 Q2,2015-04-01,2015,2,41,Real activity / consumption,Real activity / consumption
Post-threshold ridge,2015 Q2,CMRMTSPLx,3,1,2015 Q2,2015-04-01,2015,2,41,Real activity / consumption,Real activity / consumption
Post-threshold ridge,2015 Q2,RETAILx,0,0,2015 Q2,2015-04-01,2015,2,41,Real activity / consumption,Not selected
Post-threshold ridge,2015 Q2,UNRATE,0,0,2015 Q2,2015-04-01,2015,2,41,Labor market,Not selected
Post-threshold ridge,2015 Q2,CLAIMSx,2,1,2015 Q2,2015-04-01,2015,2,41,Labor market,Labor market
Post-threshold ridge,2015 Q2,PAYEMS,1,1,2015 Q2,2015-04-01,2015,2,41,Labor market,Labor market
Post-threshold ridge,2015 Q2,AWHMAN,0,0,2015 Q2,2015-04-01,2015,2,41,Labor market,Not selected
Post-threshold ridge,2015 Q2,HOUST,0,0,2015 Q2,2015-04-01,2015,2,41,Housing,Not selected
Post-threshold ridge,2015 Q2,PERMIT,0,0,2015 Q2,2015-04-01,2015,2,41,Housing,Not selected
Post-threshold ridge,2015 Q2,M1SL,1,1,2015 Q2,2015-04-01,2015,2,41,Money and credit,Money and credit
Post-threshold ridge,2015 Q2,M2SL,2,1,2015 Q2,2015-04-01,2015,2,41,Money and credit,Money and credit
Post-threshold ridge,2015 Q2,BOGMBASE,0,0,2015 Q2,2015-04-01,2015,2,41,Money and credit,Not selected
Post-threshold ridge,2015 Q2,BUSLOANS,0,0,2015 Q2,2015-04-01,2015,2,41,Money and credit,Not selected
Post-threshold ridge,2015 Q2,NONREVSL,1,1,2015 Q2,2015-04-01,2015,2,41,Money and credit,Money and credit
Post-threshold ridge,2015 Q2,CPIAUCSL,0,0,2015 Q2,2015-04-01,2015,2,41,Prices and commodities,Not selected
Post-threshold ridge,2015 Q2,PPICMM,0,0,2015 Q2,2015-04-01,2015,2,41,Prices and commodities,Not selected
Post-threshold ridge,2015 Q2,PCEPI,0,0,2015 Q2,2015-04-01,2015,2,41,Prices and commodities,Not selected
Post-threshold ridge,2015 Q2,OILPRICEx,0,0,2015 Q2,2015-04-01,2015,2,41,Prices and commodities,Not selected
Post-threshold ridge,2015 Q2,FEDFUNDS,2,1,2015 Q2,2015-04-01,2015,2,41,Financial / sentiment,Financial / sentiment
Post-threshold ridge,2015 Q2,TB3MS,0,0,2015 Q2,2015-04-01,2015,2,41,Financial / sentiment,Not selected
Post-threshold ridge,2015 Q2,GS10,0,0,2015 Q2,2015-04-01,2015,2,41,Financial / sentiment,Not selected
Post-threshold ridge,2015 Q2,AAA,0,0,2015 Q2,2015-04-01,2015,2,41,Financial / sentiment,Not selected
Post-threshold ridge,2015 Q2,BAA,0,0,2015 Q2,2015-04-01,2015,2,41,Financial / sentiment,Not selected
Post-threshold ridge,2015 Q2,S&P 500,0,0,2015 Q2,2015-04-01,2015,2,41,Financial / sentiment,Not selected
Post-threshold ridge,2015 Q2,VIXCLSx,0,0,2015 Q2,2015-04-01,2015,2,41,Financial / sentiment,Not selected
Post-threshold ridge,2015 Q2,UMCSENTx,0,0,2015 Q2,2015-04-01,2015,2,41,Financial / sentiment,Not selected
Post-threshold ridge,2015 Q2,TERM_SPREAD,0,0,2015 Q2,2015-04-01,2015,2,41,Financial / sentiment,Not selected
Post-threshold ridge,2015 Q2,CREDIT_SPREAD,0,0,2015 Q2,2015-04-01,2015,2,41,Financial / sentiment,Not selected
Post-threshold ridge,2015 Q3,RPI,2,1,2015 Q3,2015-07-01,2015,3,42,Real activity / consumption,Real activity / consumption
Post-threshold ridge,2015 Q3,DPCERA3M086SBEA,2,1,2015 Q3,2015-07-01,2015,3,42,Real activity / consumption,Real activity / consumption
Post-threshold ridge,2015 Q3,INDPRO,2,1,2015 Q3,2015-07-01,2015,3,42,Real activity / consumption,Real activity / consumption
Post-threshold ridge,2015 Q3,CMRMTSPLx,3,1,2015 Q3,2015-07-01,2015,3,42,Real activity / consumption,Real activity / consumption
Post-threshold ridge,2015 Q3,RETAILx,0,0,2015 Q3,2015-07-01,2015,3,42,Real activity / consumption,Not selected
Post-threshold ridge,2015 Q3,UNRATE,0,0,2015 Q3,2015-07-01,2015,3,42,Labor market,Not selected
Post-threshold ridge,2015 Q3,CLAIMSx,2,1,2015 Q3,2015-07-01,2015,3,42,Labor market,Labor market
Post-threshold ridge,2015 Q3,PAYEMS,1,1,2015 Q3,2015-07-01,2015,3,42,Labor market,Labor market
Post-threshold ridge,2015 Q3,AWHMAN,0,0,2015 Q3,2015-07-01,2015,3,42,Labor market,Not selected
Post-threshold ridge,2015 Q3,HOUST,0,0,2015 Q3,2015-07-01,2015,3,42,Housing,Not selected
Post-threshold ridge,2015 Q3,PERMIT,0,0,2015 Q3,2015-07-01,2015,3,42,Housing,Not selected
Post-threshold ridge,2015 Q3,M1SL,1,1,2015 Q3,2015-07-01,2015,3,42,Money and credit,Money and credit
Post-threshold ridge,2015 Q3,M2SL,2,1,2015 Q3,2015-07-01,2015,3,42,Money and credit,Money and credit
Post-threshold ridge,2015 Q3,BOGMBASE,0,0,2015 Q3,2015-07-01,2015,3,42,Money and credit,Not selected
Post-threshold ridge,2015 Q3,BUSLOANS,0,0,2015 Q3,2015-07-01,2015,3,42,Money and credit,Not selected
Post-threshold ridge,2015 Q3,NONREVSL,1,1,2015 Q3,2015-07-01,2015,3,42,Money and credit,Money and credit
Post-threshold ridge,2015 Q3,CPIAUCSL,0,0,2015 Q3,2015-07-01,2015,3,42,Prices and commodities,Not selected
Post-threshold ridge,2015 Q3,PPICMM,0,0,2015 Q3,2015-07-01,2015,3,42,Prices and commodities,Not selected
Post-threshold ridge,2015 Q3,PCEPI,0,0,2015 Q3,2015-07-01,2015,3,42,Prices and commodities,Not selected
Post-threshold ridge,2015 Q3,OILPRICEx,0,0,2015 Q3,2015-07-01,2015,3,42,Prices and commodities,Not selected
Post-threshold ridge,2015 Q3,FEDFUNDS,2,1,2015 Q3,2015-07-01,2015,3,42,Financial / sentiment,Financial / sentiment
Post-threshold ridge,2015 Q3,TB3MS,0,0,2015 Q3,2015-07-01,2015,3,42,Financial / sentiment,Not selected
Post-threshold ridge,2015 Q3,GS10,0,0,2015 Q3,2015-07-01,2015,3,42,Financial / sentiment,Not selected
Post-threshold ridge,2015 Q3,AAA,0,0,2015 Q3,2015-07-01,2015,3,42,Financial / sentiment,Not selected
Post-threshold ridge,2015 Q3,BAA,0,0,2015 Q3,2015-07-01,2015,3,42,Financial / sentiment,Not selected
Post-threshold ridge,2015 Q3,S&P 500,0,0,2015 Q3,2015-07-01,2015,3,42,Financial / sentiment,Not selected
Post-threshold ridge,2015 Q3,VIXCLSx,0,0,2015 Q3,2015-07-01,2015,3,42,Financial / sentiment,Not selected
Post-threshold ridge,2015 Q3,UMCSENTx,0,0,2015 Q3,2015-07-01,2015,3,42,Financial / sentiment,Not selected
Post-threshold ridge,2015 Q3,TERM_SPREAD,0,0,2015 Q3,2015-07-01,2015,3,42,Financial / sentiment,Not selected
Post-threshold ridge,2015 Q3,CREDIT_SPREAD,0,0,2015 Q3,2015-07-01,2015,3,42,Financial / sentiment,Not selected
Post-threshold ridge,2015 Q4,RPI,2,1,2015 Q4,2015-10-01,2015,4,43,Real activity / consumption,Real activity / consumption
Post-threshold ridge,2015 Q4,DPCERA3M086SBEA,2,1,2015 Q4,2015-10-01,2015,4,43,Real activity / consumption,Real activity / consumption
Post-threshold ridge,2015 Q4,INDPRO,2,1,2015 Q4,2015-10-01,2015,4,43,Real activity / consumption,Real activity / consumption
Post-threshold ridge,2015 Q4,CMRMTSPLx,3,1,2015 Q4,2015-10-01,2015,4,43,Real activity / consumption,Real activity / consumption
Post-threshold ridge,2015 Q4,RETAILx,0,0,2015 Q4,2015-10-01,2015,4,43,Real activity / consumption,Not selected
Post-threshold ridge,2015 Q4,UNRATE,0,0,2015 Q4,2015-10-01,2015,4,43,Labor market,Not selected
Post-threshold ridge,2015 Q4,CLAIMSx,2,1,2015 Q4,2015-10-01,2015,4,43,Labor market,Labor market
Post-threshold ridge,2015 Q4,PAYEMS,1,1,2015 Q4,2015-10-01,2015,4,43,Labor market,Labor market
Post-threshold ridge,2015 Q4,AWHMAN,0,0,2015 Q4,2015-10-01,2015,4,43,Labor market,Not selected
Post-threshold ridge,2015 Q4,HOUST,0,0,2015 Q4,2015-10-01,2015,4,43,Housing,Not selected
Post-threshold ridge,2015 Q4,PERMIT,0,0,2015 Q4,2015-10-01,2015,4,43,Housing,Not selected
Post-threshold ridge,2015 Q4,M1SL,1,1,2015 Q4,2015-10-01,2015,4,43,Money and credit,Money and credit
Post-threshold ridge,2015 Q4,M2SL,2,1,2015 Q4,2015-10-01,2015,4,43,Money and credit,Money and credit
Post-threshold ridge,2015 Q4,BOGMBASE,0,0,2015 Q4,2015-10-01,2015,4,43,Money and credit,Not selected
Post-threshold ridge,2015 Q4,BUSLOANS,0,0,2015 Q4,2015-10-01,2015,4,43,Money and credit,Not selected
Post-threshold ridge,2015 Q4,NONREVSL,1,1,2015 Q4,2015-10-01,2015,4,43,Money and credit,Money and credit
Post-threshold ridge,2015 Q4,CPIAUCSL,0,0,2015 Q4,2015-10-01,2015,4,43,Prices and commodities,Not selected
Post-threshold ridge,2015 Q4,PPICMM,0,0,2015 Q4,2015-10-01,2015,4,43,Prices and commodities,Not selected
Post-threshold ridge,2015 Q4,PCEPI,0,0,2015 Q4,2015-10-01,2015,4,43,Prices and commodities,Not selected
Post-threshold ridge,2015 Q4,OILPRICEx,0,0,2015 Q4,2015-10-01,2015,4,43,Prices and commodities,Not selected
Post-threshold ridge,2015 Q4,FEDFUNDS,2,1,2015 Q4,2015-10-01,2015,4,43,Financial / sentiment,Financial / sentiment
Post-threshold ridge,2015 Q4,TB3MS,0,0,2015 Q4,2015-10-01,2015,4,43,Financial / sentiment,Not selected
Post-threshold ridge,2015 Q4,GS10,0,0,2015 Q4,2015-10-01,2015,4,43,Financial / sentiment,Not selected
Post-threshold ridge,2015 Q4,AAA,0,0,2015 Q4,2015-10-01,2015,4,43,Financial / sentiment,Not selected
Post-threshold ridge,2015 Q4,BAA,0,0,2015 Q4,2015-10-01,2015,4,43,Financial / sentiment,Not selected
Post-threshold ridge,2015 Q4,S&P 500,0,0,2015 Q4,2015-10-01,2015,4,43,Financial / sentiment,Not selected
Post-threshold ridge,2015 Q4,VIXCLSx,0,0,2015 Q4,2015-10-01,2015,4,43,Financial / sentiment,Not selected
Post-threshold ridge,2015 Q4,UMCSENTx,0,0,2015 Q4,2015-10-01,2015,4,43,Financial / sentiment,Not selected
Post-threshold ridge,2015 Q4,TERM_SPREAD,0,0,2015 Q4,2015-10-01,2015,4,43,Financial / sentiment,Not selected
Post-threshold ridge,2015 Q4,CREDIT_SPREAD,0,0,2015 Q4,2015-10-01,2015,4,43,Financial / sentiment,Not selected
Post-threshold ridge,2016 Q1,RPI,2,1,2016 Q1,2016-01-01,2016,1,44,Real activity / consumption,Real activity / consumption
Post-threshold ridge,2016 Q1,DPCERA3M086SBEA,2,1,2016 Q1,2016-01-01,2016,1,44,Real activity / consumption,Real activity / consumption
Post-threshold ridge,2016 Q1,INDPRO,2,1,2016 Q1,2016-01-01,2016,1,44,Real activity / consumption,Real activity / consumption
Post-threshold ridge,2016 Q1,CMRMTSPLx,3,1,2016 Q1,2016-01-01,2016,1,44,Real activity / consumption,Real activity / consumption
Post-threshold ridge,2016 Q1,RETAILx,0,0,2016 Q1,2016-01-01,2016,1,44,Real activity / consumption,Not selected
Post-threshold ridge,2016 Q1,UNRATE,0,0,2016 Q1,2016-01-01,2016,1,44,Labor market,Not selected
Post-threshold ridge,2016 Q1,CLAIMSx,2,1,2016 Q1,2016-01-01,2016,1,44,Labor market,Labor market
Post-threshold ridge,2016 Q1,PAYEMS,1,1,2016 Q1,2016-01-01,2016,1,44,Labor market,Labor market
Post-threshold ridge,2016 Q1,AWHMAN,0,0,2016 Q1,2016-01-01,2016,1,44,Labor market,Not selected
Post-threshold ridge,2016 Q1,HOUST,0,0,2016 Q1,2016-01-01,2016,1,44,Housing,Not selected
Post-threshold ridge,2016 Q1,PERMIT,0,0,2016 Q1,2016-01-01,2016,1,44,Housing,Not selected
Post-threshold ridge,2016 Q1,M1SL,1,1,2016 Q1,2016-01-01,2016,1,44,Money and credit,Money and credit
Post-threshold ridge,2016 Q1,M2SL,2,1,2016 Q1,2016-01-01,2016,1,44,Money and credit,Money and credit
Post-threshold ridge,2016 Q1,BOGMBASE,0,0,2016 Q1,2016-01-01,2016,1,44,Money and credit,Not selected
Post-threshold ridge,2016 Q1,BUSLOANS,0,0,2016 Q1,2016-01-01,2016,1,44,Money and credit,Not selected
Post-threshold ridge,2016 Q1,NONREVSL,0,0,2016 Q1,2016-01-01,2016,1,44,Money and credit,Not selected
Post-threshold ridge,2016 Q1,CPIAUCSL,0,0,2016 Q1,2016-01-01,2016,1,44,Prices and commodities,Not selected
Post-threshold ridge,2016 Q1,PPICMM,0,0,2016 Q1,2016-01-01,2016,1,44,Prices and commodities,Not selected
Post-threshold ridge,2016 Q1,PCEPI,0,0,2016 Q1,2016-01-01,2016,1,44,Prices and commodities,Not selected
Post-threshold ridge,2016 Q1,OILPRICEx,0,0,2016 Q1,2016-01-01,2016,1,44,Prices and commodities,Not selected
Post-threshold ridge,2016 Q1,FEDFUNDS,2,1,2016 Q1,2016-01-01,2016,1,44,Financial / sentiment,Financial / sentiment
Post-threshold ridge,2016 Q1,TB3MS,0,0,2016 Q1,2016-01-01,2016,1,44,Financial / sentiment,Not selected
Post-threshold ridge,2016 Q1,GS10,0,0,2016 Q1,2016-01-01,2016,1,44,Financial / sentiment,Not selected
Post-threshold ridge,2016 Q1,AAA,0,0,2016 Q1,2016-01-01,2016,1,44,Financial / sentiment,Not selected
Post-threshold ridge,2016 Q1,BAA,0,0,2016 Q1,2016-01-01,2016,1,44,Financial / sentiment,Not selected
Post-threshold ridge,2016 Q1,S&P 500,0,0,2016 Q1,2016-01-01,2016,1,44,Financial / sentiment,Not selected
Post-threshold ridge,2016 Q1,VIXCLSx,0,0,2016 Q1,2016-01-01,2016,1,44,Financial / sentiment,Not selected
Post-threshold ridge,2016 Q1,UMCSENTx,0,0,2016 Q1,2016-01-01,2016,1,44,Financial / sentiment,Not selected
Post-threshold ridge,2016 Q1,TERM_SPREAD,0,0,2016 Q1,2016-01-01,2016,1,44,Financial / sentiment,Not selected
Post-threshold ridge,2016 Q1,CREDIT_SPREAD,0,0,2016 Q1,2016-01-01,2016,1,44,Financial / sentiment,Not selected
Post-threshold ridge,2016 Q2,RPI,2,1,2016 Q2,2016-04-01,2016,2,45,Real activity / consumption,Real activity / consumption
Post-threshold ridge,2016 Q2,DPCERA3M086SBEA,0,0,2016 Q2,2016-04-01,2016,2,45,Real activity / consumption,Not selected
Post-threshold ridge,2016 Q2,INDPRO,2,1,2016 Q2,2016-04-01,2016,2,45,Real activity / consumption,Real activity / consumption
Post-threshold ridge,2016 Q2,CMRMTSPLx,3,1,2016 Q2,2016-04-01,2016,2,45,Real activity / consumption,Real activity / consumption
Post-threshold ridge,2016 Q2,RETAILx,0,0,2016 Q2,2016-04-01,2016,2,45,Real activity / consumption,Not selected
Post-threshold ridge,2016 Q2,UNRATE,0,0,2016 Q2,2016-04-01,2016,2,45,Labor market,Not selected
Post-threshold ridge,2016 Q2,CLAIMSx,3,1,2016 Q2,2016-04-01,2016,2,45,Labor market,Labor market
Post-threshold ridge,2016 Q2,PAYEMS,1,1,2016 Q2,2016-04-01,2016,2,45,Labor market,Labor market
Post-threshold ridge,2016 Q2,AWHMAN,0,0,2016 Q2,2016-04-01,2016,2,45,Labor market,Not selected
Post-threshold ridge,2016 Q2,HOUST,0,0,2016 Q2,2016-04-01,2016,2,45,Housing,Not selected
Post-threshold ridge,2016 Q2,PERMIT,0,0,2016 Q2,2016-04-01,2016,2,45,Housing,Not selected
Post-threshold ridge,2016 Q2,M1SL,1,1,2016 Q2,2016-04-01,2016,2,45,Money and credit,Money and credit
Post-threshold ridge,2016 Q2,M2SL,2,1,2016 Q2,2016-04-01,2016,2,45,Money and credit,Money and credit
Post-threshold ridge,2016 Q2,BOGMBASE,0,0,2016 Q2,2016-04-01,2016,2,45,Money and credit,Not selected
Post-threshold ridge,2016 Q2,BUSLOANS,0,0,2016 Q2,2016-04-01,2016,2,45,Money and credit,Not selected
Post-threshold ridge,2016 Q2,NONREVSL,0,0,2016 Q2,2016-04-01,2016,2,45,Money and credit,Not selected
Post-threshold ridge,2016 Q2,CPIAUCSL,0,0,2016 Q2,2016-04-01,2016,2,45,Prices and commodities,Not selected
Post-threshold ridge,2016 Q2,PPICMM,0,0,2016 Q2,2016-04-01,2016,2,45,Prices and commodities,Not selected
Post-threshold ridge,2016 Q2,PCEPI,0,0,2016 Q2,2016-04-01,2016,2,45,Prices and commodities,Not selected
Post-threshold ridge,2016 Q2,OILPRICEx,0,0,2016 Q2,2016-04-01,2016,2,45,Prices and commodities,Not selected
Post-threshold ridge,2016 Q2,FEDFUNDS,2,1,2016 Q2,2016-04-01,2016,2,45,Financial / sentiment,Financial / sentiment
Post-threshold ridge,2016 Q2,TB3MS,0,0,2016 Q2,2016-04-01,2016,2,45,Financial / sentiment,Not selected
Post-threshold ridge,2016 Q2,GS10,0,0,2016 Q2,2016-04-01,2016,2,45,Financial / sentiment,Not selected
Post-threshold ridge,2016 Q2,AAA,0,0,2016 Q2,2016-04-01,2016,2,45,Financial / sentiment,Not selected
Post-threshold ridge,2016 Q2,BAA,0,0,2016 Q2,2016-04-01,2016,2,45,Financial / sentiment,Not selected
Post-threshold ridge,2016 Q2,S&P 500,0,0,2016 Q2,2016-04-01,2016,2,45,Financial / sentiment,Not selected
Post-threshold ridge,2016 Q2,VIXCLSx,0,0,2016 Q2,2016-04-01,2016,2,45,Financial / sentiment,Not selected
Post-threshold ridge,2016 Q2,UMCSENTx,0,0,2016 Q2,2016-04-01,2016,2,45,Financial / sentiment,Not selected
Post-threshold ridge,2016 Q2,TERM_SPREAD,0,0,2016 Q2,2016-04-01,2016,2,45,Financial / sentiment,Not selected
Post-threshold ridge,2016 Q2,CREDIT_SPREAD,0,0,2016 Q2,2016-04-01,2016,2,45,Financial / sentiment,Not selected
Post-threshold ridge,2016 Q3,RPI,2,1,2016 Q3,2016-07-01,2016,3,46,Real activity / consumption,Real activity / consumption
Post-threshold ridge,2016 Q3,DPCERA3M086SBEA,0,0,2016 Q3,2016-07-01,2016,3,46,Real activity / consumption,Not selected
Post-threshold ridge,2016 Q3,INDPRO,2,1,2016 Q3,2016-07-01,2016,3,46,Real activity / consumption,Real activity / consumption
Post-threshold ridge,2016 Q3,CMRMTSPLx,3,1,2016 Q3,2016-07-01,2016,3,46,Real activity / consumption,Real activity / consumption
Post-threshold ridge,2016 Q3,RETAILx,0,0,2016 Q3,2016-07-01,2016,3,46,Real activity / consumption,Not selected
Post-threshold ridge,2016 Q3,UNRATE,0,0,2016 Q3,2016-07-01,2016,3,46,Labor market,Not selected
Post-threshold ridge,2016 Q3,CLAIMSx,3,1,2016 Q3,2016-07-01,2016,3,46,Labor market,Labor market
Post-threshold ridge,2016 Q3,PAYEMS,1,1,2016 Q3,2016-07-01,2016,3,46,Labor market,Labor market
Post-threshold ridge,2016 Q3,AWHMAN,0,0,2016 Q3,2016-07-01,2016,3,46,Labor market,Not selected
Post-threshold ridge,2016 Q3,HOUST,0,0,2016 Q3,2016-07-01,2016,3,46,Housing,Not selected
Post-threshold ridge,2016 Q3,PERMIT,0,0,2016 Q3,2016-07-01,2016,3,46,Housing,Not selected
Post-threshold ridge,2016 Q3,M1SL,1,1,2016 Q3,2016-07-01,2016,3,46,Money and credit,Money and credit
Post-threshold ridge,2016 Q3,M2SL,2,1,2016 Q3,2016-07-01,2016,3,46,Money and credit,Money and credit
Post-threshold ridge,2016 Q3,BOGMBASE,0,0,2016 Q3,2016-07-01,2016,3,46,Money and credit,Not selected
Post-threshold ridge,2016 Q3,BUSLOANS,0,0,2016 Q3,2016-07-01,2016,3,46,Money and credit,Not selected
Post-threshold ridge,2016 Q3,NONREVSL,0,0,2016 Q3,2016-07-01,2016,3,46,Money and credit,Not selected
Post-threshold ridge,2016 Q3,CPIAUCSL,0,0,2016 Q3,2016-07-01,2016,3,46,Prices and commodities,Not selected
Post-threshold ridge,2016 Q3,PPICMM,0,0,2016 Q3,2016-07-01,2016,3,46,Prices and commodities,Not selected
Post-threshold ridge,2016 Q3,PCEPI,0,0,2016 Q3,2016-07-01,2016,3,46,Prices and commodities,Not selected
Post-threshold ridge,2016 Q3,OILPRICEx,0,0,2016 Q3,2016-07-01,2016,3,46,Prices and commodities,Not selected
Post-threshold ridge,2016 Q3,FEDFUNDS,2,1,2016 Q3,2016-07-01,2016,3,46,Financial / sentiment,Financial / sentiment
Post-threshold ridge,2016 Q3,TB3MS,0,0,2016 Q3,2016-07-01,2016,3,46,Financial / sentiment,Not selected
Post-threshold ridge,2016 Q3,GS10,0,0,2016 Q3,2016-07-01,2016,3,46,Financial / sentiment,Not selected
Post-threshold ridge,2016 Q3,AAA,0,0,2016 Q3,2016-07-01,2016,3,46,Financial / sentiment,Not selected
Post-threshold ridge,2016 Q3,BAA,0,0,2016 Q3,2016-07-01,2016,3,46,Financial / sentiment,Not selected
Post-threshold ridge,2016 Q3,S&P 500,0,0,2016 Q3,2016-07-01,2016,3,46,Financial / sentiment,Not selected
Post-threshold ridge,2016 Q3,VIXCLSx,0,0,2016 Q3,2016-07-01,2016,3,46,Financial / sentiment,Not selected
Post-threshold ridge,2016 Q3,UMCSENTx,0,0,2016 Q3,2016-07-01,2016,3,46,Financial / sentiment,Not selected
Post-threshold ridge,2016 Q3,TERM_SPREAD,0,0,2016 Q3,2016-07-01,2016,3,46,Financial / sentiment,Not selected
Post-threshold ridge,2016 Q3,CREDIT_SPREAD,0,0,2016 Q3,2016-07-01,2016,3,46,Financial / sentiment,Not selected
Post-threshold ridge,2016 Q4,RPI,2,1,2016 Q4,2016-10-01,2016,4,47,Real activity / consumption,Real activity / consumption
Post-threshold ridge,2016 Q4,DPCERA3M086SBEA,1,1,2016 Q4,2016-10-01,2016,4,47,Real activity / consumption,Real activity / consumption
Post-threshold ridge,2016 Q4,INDPRO,2,1,2016 Q4,2016-10-01,2016,4,47,Real activity / consumption,Real activity / consumption
Post-threshold ridge,2016 Q4,CMRMTSPLx,3,1,2016 Q4,2016-10-01,2016,4,47,Real activity / consumption,Real activity / consumption
Post-threshold ridge,2016 Q4,RETAILx,0,0,2016 Q4,2016-10-01,2016,4,47,Real activity / consumption,Not selected
Post-threshold ridge,2016 Q4,UNRATE,0,0,2016 Q4,2016-10-01,2016,4,47,Labor market,Not selected
Post-threshold ridge,2016 Q4,CLAIMSx,3,1,2016 Q4,2016-10-01,2016,4,47,Labor market,Labor market
Post-threshold ridge,2016 Q4,PAYEMS,1,1,2016 Q4,2016-10-01,2016,4,47,Labor market,Labor market
Post-threshold ridge,2016 Q4,AWHMAN,0,0,2016 Q4,2016-10-01,2016,4,47,Labor market,Not selected
Post-threshold ridge,2016 Q4,HOUST,0,0,2016 Q4,2016-10-01,2016,4,47,Housing,Not selected
Post-threshold ridge,2016 Q4,PERMIT,0,0,2016 Q4,2016-10-01,2016,4,47,Housing,Not selected
Post-threshold ridge,2016 Q4,M1SL,1,1,2016 Q4,2016-10-01,2016,4,47,Money and credit,Money and credit
Post-threshold ridge,2016 Q4,M2SL,2,1,2016 Q4,2016-10-01,2016,4,47,Money and credit,Money and credit
Post-threshold ridge,2016 Q4,BOGMBASE,0,0,2016 Q4,2016-10-01,2016,4,47,Money and credit,Not selected
Post-threshold ridge,2016 Q4,BUSLOANS,0,0,2016 Q4,2016-10-01,2016,4,47,Money and credit,Not selected
Post-threshold ridge,2016 Q4,NONREVSL,0,0,2016 Q4,2016-10-01,2016,4,47,Money and credit,Not selected
Post-threshold ridge,2016 Q4,CPIAUCSL,0,0,2016 Q4,2016-10-01,2016,4,47,Prices and commodities,Not selected
Post-threshold ridge,2016 Q4,PPICMM,0,0,2016 Q4,2016-10-01,2016,4,47,Prices and commodities,Not selected
Post-threshold ridge,2016 Q4,PCEPI,0,0,2016 Q4,2016-10-01,2016,4,47,Prices and commodities,Not selected
Post-threshold ridge,2016 Q4,OILPRICEx,0,0,2016 Q4,2016-10-01,2016,4,47,Prices and commodities,Not selected
Post-threshold ridge,2016 Q4,FEDFUNDS,2,1,2016 Q4,2016-10-01,2016,4,47,Financial / sentiment,Financial / sentiment
Post-threshold ridge,2016 Q4,TB3MS,0,0,2016 Q4,2016-10-01,2016,4,47,Financial / sentiment,Not selected
Post-threshold ridge,2016 Q4,GS10,0,0,2016 Q4,2016-10-01,2016,4,47,Financial / sentiment,Not selected
Post-threshold ridge,2016 Q4,AAA,0,0,2016 Q4,2016-10-01,2016,4,47,Financial / sentiment,Not selected
Post-threshold ridge,2016 Q4,BAA,0,0,2016 Q4,2016-10-01,2016,4,47,Financial / sentiment,Not selected
Post-threshold ridge,2016 Q4,S&P 500,0,0,2016 Q4,2016-10-01,2016,4,47,Financial / sentiment,Not selected
Post-threshold ridge,2016 Q4,VIXCLSx,0,0,2016 Q4,2016-10-01,2016,4,47,Financial / sentiment,Not selected
Post-threshold ridge,2016 Q4,UMCSENTx,0,0,2016 Q4,2016-10-01,2016,4,47,Financial / sentiment,Not selected
Post-threshold ridge,2016 Q4,TERM_SPREAD,0,0,2016 Q4,2016-10-01,2016,4,47,Financial / sentiment,Not selected
Post-threshold ridge,2016 Q4,CREDIT_SPREAD,0,0,2016 Q4,2016-10-01,2016,4,47,Financial / sentiment,Not selected
Post-threshold ridge,2017 Q1,RPI,2,1,2017 Q1,2017-01-01,2017,1,48,Real activity / consumption,Real activity / consumption
Post-threshold ridge,2017 Q1,DPCERA3M086SBEA,1,1,2017 Q1,2017-01-01,2017,1,48,Real activity / consumption,Real activity / consumption
Post-threshold ridge,2017 Q1,INDPRO,2,1,2017 Q1,2017-01-01,2017,1,48,Real activity / consumption,Real activity / consumption
Post-threshold ridge,2017 Q1,CMRMTSPLx,3,1,2017 Q1,2017-01-01,2017,1,48,Real activity / consumption,Real activity / consumption
Post-threshold ridge,2017 Q1,RETAILx,0,0,2017 Q1,2017-01-01,2017,1,48,Real activity / consumption,Not selected
Post-threshold ridge,2017 Q1,UNRATE,0,0,2017 Q1,2017-01-01,2017,1,48,Labor market,Not selected
Post-threshold ridge,2017 Q1,CLAIMSx,3,1,2017 Q1,2017-01-01,2017,1,48,Labor market,Labor market
Post-threshold ridge,2017 Q1,PAYEMS,1,1,2017 Q1,2017-01-01,2017,1,48,Labor market,Labor market
Post-threshold ridge,2017 Q1,AWHMAN,0,0,2017 Q1,2017-01-01,2017,1,48,Labor market,Not selected
Post-threshold ridge,2017 Q1,HOUST,0,0,2017 Q1,2017-01-01,2017,1,48,Housing,Not selected
Post-threshold ridge,2017 Q1,PERMIT,0,0,2017 Q1,2017-01-01,2017,1,48,Housing,Not selected
Post-threshold ridge,2017 Q1,M1SL,1,1,2017 Q1,2017-01-01,2017,1,48,Money and credit,Money and credit
Post-threshold ridge,2017 Q1,M2SL,2,1,2017 Q1,2017-01-01,2017,1,48,Money and credit,Money and credit
Post-threshold ridge,2017 Q1,BOGMBASE,0,0,2017 Q1,2017-01-01,2017,1,48,Money and credit,Not selected
Post-threshold ridge,2017 Q1,BUSLOANS,0,0,2017 Q1,2017-01-01,2017,1,48,Money and credit,Not selected
Post-threshold ridge,2017 Q1,NONREVSL,0,0,2017 Q1,2017-01-01,2017,1,48,Money and credit,Not selected
Post-threshold ridge,2017 Q1,CPIAUCSL,0,0,2017 Q1,2017-01-01,2017,1,48,Prices and commodities,Not selected
Post-threshold ridge,2017 Q1,PPICMM,0,0,2017 Q1,2017-01-01,2017,1,48,Prices and commodities,Not selected
Post-threshold ridge,2017 Q1,PCEPI,0,0,2017 Q1,2017-01-01,2017,1,48,Prices and commodities,Not selected
Post-threshold ridge,2017 Q1,OILPRICEx,0,0,2017 Q1,2017-01-01,2017,1,48,Prices and commodities,Not selected
Post-threshold ridge,2017 Q1,FEDFUNDS,2,1,2017 Q1,2017-01-01,2017,1,48,Financial / sentiment,Financial / sentiment
Post-threshold ridge,2017 Q1,TB3MS,0,0,2017 Q1,2017-01-01,2017,1,48,Financial / sentiment,Not selected
Post-threshold ridge,2017 Q1,GS10,0,0,2017 Q1,2017-01-01,2017,1,48,Financial / sentiment,Not selected
Post-threshold ridge,2017 Q1,AAA,0,0,2017 Q1,2017-01-01,2017,1,48,Financial / sentiment,Not selected
Post-threshold ridge,2017 Q1,BAA,0,0,2017 Q1,2017-01-01,2017,1,48,Financial / sentiment,Not selected
Post-threshold ridge,2017 Q1,S&P 500,0,0,2017 Q1,2017-01-01,2017,1,48,Financial / sentiment,Not selected
Post-threshold ridge,2017 Q1,VIXCLSx,0,0,2017 Q1,2017-01-01,2017,1,48,Financial / sentiment,Not selected
Post-threshold ridge,2017 Q1,UMCSENTx,0,0,2017 Q1,2017-01-01,2017,1,48,Financial / sentiment,Not selected
Post-threshold ridge,2017 Q1,TERM_SPREAD,0,0,2017 Q1,2017-01-01,2017,1,48,Financial / sentiment,Not selected
Post-threshold ridge,2017 Q1,CREDIT_SPREAD,0,0,2017 Q1,2017-01-01,2017,1,48,Financial / sentiment,Not selected
Post-threshold ridge,2017 Q2,RPI,2,1,2017 Q2,2017-04-01,2017,2,49,Real activity / consumption,Real activity / consumption
Post-threshold ridge,2017 Q2,DPCERA3M086SBEA,2,1,2017 Q2,2017-04-01,2017,2,49,Real activity / consumption,Real activity / consumption
Post-threshold ridge,2017 Q2,INDPRO,2,1,2017 Q2,2017-04-01,2017,2,49,Real activity / consumption,Real activity / consumption
Post-threshold ridge,2017 Q2,CMRMTSPLx,2,1,2017 Q2,2017-04-01,2017,2,49,Real activity / consumption,Real activity / consumption
Post-threshold ridge,2017 Q2,RETAILx,0,0,2017 Q2,2017-04-01,2017,2,49,Real activity / consumption,Not selected
Post-threshold ridge,2017 Q2,UNRATE,0,0,2017 Q2,2017-04-01,2017,2,49,Labor market,Not selected
Post-threshold ridge,2017 Q2,CLAIMSx,2,1,2017 Q2,2017-04-01,2017,2,49,Labor market,Labor market
Post-threshold ridge,2017 Q2,PAYEMS,1,1,2017 Q2,2017-04-01,2017,2,49,Labor market,Labor market
Post-threshold ridge,2017 Q2,AWHMAN,0,0,2017 Q2,2017-04-01,2017,2,49,Labor market,Not selected
Post-threshold ridge,2017 Q2,HOUST,0,0,2017 Q2,2017-04-01,2017,2,49,Housing,Not selected
Post-threshold ridge,2017 Q2,PERMIT,0,0,2017 Q2,2017-04-01,2017,2,49,Housing,Not selected
Post-threshold ridge,2017 Q2,M1SL,1,1,2017 Q2,2017-04-01,2017,2,49,Money and credit,Money and credit
Post-threshold ridge,2017 Q2,M2SL,2,1,2017 Q2,2017-04-01,2017,2,49,Money and credit,Money and credit
Post-threshold ridge,2017 Q2,BOGMBASE,0,0,2017 Q2,2017-04-01,2017,2,49,Money and credit,Not selected
Post-threshold ridge,2017 Q2,BUSLOANS,0,0,2017 Q2,2017-04-01,2017,2,49,Money and credit,Not selected
Post-threshold ridge,2017 Q2,NONREVSL,0,0,2017 Q2,2017-04-01,2017,2,49,Money and credit,Not selected
Post-threshold ridge,2017 Q2,CPIAUCSL,0,0,2017 Q2,2017-04-01,2017,2,49,Prices and commodities,Not selected
Post-threshold ridge,2017 Q2,PPICMM,0,0,2017 Q2,2017-04-01,2017,2,49,Prices and commodities,Not selected
Post-threshold ridge,2017 Q2,PCEPI,0,0,2017 Q2,2017-04-01,2017,2,49,Prices and commodities,Not selected
Post-threshold ridge,2017 Q2,OILPRICEx,0,0,2017 Q2,2017-04-01,2017,2,49,Prices and commodities,Not selected
Post-threshold ridge,2017 Q2,FEDFUNDS,1,1,2017 Q2,2017-04-01,2017,2,49,Financial / sentiment,Financial / sentiment
Post-threshold ridge,2017 Q2,TB3MS,0,0,2017 Q2,2017-04-01,2017,2,49,Financial / sentiment,Not selected
Post-threshold ridge,2017 Q2,GS10,0,0,2017 Q2,2017-04-01,2017,2,49,Financial / sentiment,Not selected
Post-threshold ridge,2017 Q2,AAA,0,0,2017 Q2,2017-04-01,2017,2,49,Financial / sentiment,Not selected
Post-threshold ridge,2017 Q2,BAA,0,0,2017 Q2,2017-04-01,2017,2,49,Financial / sentiment,Not selected
Post-threshold ridge,2017 Q2,S&P 500,0,0,2017 Q2,2017-04-01,2017,2,49,Financial / sentiment,Not selected
Post-threshold ridge,2017 Q2,VIXCLSx,0,0,2017 Q2,2017-04-01,2017,2,49,Financial / sentiment,Not selected
Post-threshold ridge,2017 Q2,UMCSENTx,0,0,2017 Q2,2017-04-01,2017,2,49,Financial / sentiment,Not selected
Post-threshold ridge,2017 Q2,TERM_SPREAD,0,0,2017 Q2,2017-04-01,2017,2,49,Financial / sentiment,Not selected
Post-threshold ridge,2017 Q2,CREDIT_SPREAD,0,0,2017 Q2,2017-04-01,2017,2,49,Financial / sentiment,Not selected
Post-threshold ridge,2017 Q3,RPI,2,1,2017 Q3,2017-07-01,2017,3,50,Real activity / consumption,Real activity / consumption
Post-threshold ridge,2017 Q3,DPCERA3M086SBEA,2,1,2017 Q3,2017-07-01,2017,3,50,Real activity / consumption,Real activity / consumption
Post-threshold ridge,2017 Q3,INDPRO,2,1,2017 Q3,2017-07-01,2017,3,50,Real activity / consumption,Real activity / consumption
Post-threshold ridge,2017 Q3,CMRMTSPLx,2,1,2017 Q3,2017-07-01,2017,3,50,Real activity / consumption,Real activity / consumption
Post-threshold ridge,2017 Q3,RETAILx,0,0,2017 Q3,2017-07-01,2017,3,50,Real activity / consumption,Not selected
Post-threshold ridge,2017 Q3,UNRATE,0,0,2017 Q3,2017-07-01,2017,3,50,Labor market,Not selected
Post-threshold ridge,2017 Q3,CLAIMSx,2,1,2017 Q3,2017-07-01,2017,3,50,Labor market,Labor market
Post-threshold ridge,2017 Q3,PAYEMS,1,1,2017 Q3,2017-07-01,2017,3,50,Labor market,Labor market
Post-threshold ridge,2017 Q3,AWHMAN,0,0,2017 Q3,2017-07-01,2017,3,50,Labor market,Not selected
Post-threshold ridge,2017 Q3,HOUST,0,0,2017 Q3,2017-07-01,2017,3,50,Housing,Not selected
Post-threshold ridge,2017 Q3,PERMIT,0,0,2017 Q3,2017-07-01,2017,3,50,Housing,Not selected
Post-threshold ridge,2017 Q3,M1SL,1,1,2017 Q3,2017-07-01,2017,3,50,Money and credit,Money and credit
Post-threshold ridge,2017 Q3,M2SL,2,1,2017 Q3,2017-07-01,2017,3,50,Money and credit,Money and credit
Post-threshold ridge,2017 Q3,BOGMBASE,0,0,2017 Q3,2017-07-01,2017,3,50,Money and credit,Not selected
Post-threshold ridge,2017 Q3,BUSLOANS,0,0,2017 Q3,2017-07-01,2017,3,50,Money and credit,Not selected
Post-threshold ridge,2017 Q3,NONREVSL,0,0,2017 Q3,2017-07-01,2017,3,50,Money and credit,Not selected
Post-threshold ridge,2017 Q3,CPIAUCSL,0,0,2017 Q3,2017-07-01,2017,3,50,Prices and commodities,Not selected
Post-threshold ridge,2017 Q3,PPICMM,0,0,2017 Q3,2017-07-01,2017,3,50,Prices and commodities,Not selected
Post-threshold ridge,2017 Q3,PCEPI,0,0,2017 Q3,2017-07-01,2017,3,50,Prices and commodities,Not selected
Post-threshold ridge,2017 Q3,OILPRICEx,0,0,2017 Q3,2017-07-01,2017,3,50,Prices and commodities,Not selected
Post-threshold ridge,2017 Q3,FEDFUNDS,1,1,2017 Q3,2017-07-01,2017,3,50,Financial / sentiment,Financial / sentiment
Post-threshold ridge,2017 Q3,TB3MS,0,0,2017 Q3,2017-07-01,2017,3,50,Financial / sentiment,Not selected
Post-threshold ridge,2017 Q3,GS10,0,0,2017 Q3,2017-07-01,2017,3,50,Financial / sentiment,Not selected
Post-threshold ridge,2017 Q3,AAA,0,0,2017 Q3,2017-07-01,2017,3,50,Financial / sentiment,Not selected
Post-threshold ridge,2017 Q3,BAA,0,0,2017 Q3,2017-07-01,2017,3,50,Financial / sentiment,Not selected
Post-threshold ridge,2017 Q3,S&P 500,1,1,2017 Q3,2017-07-01,2017,3,50,Financial / sentiment,Financial / sentiment
Post-threshold ridge,2017 Q3,VIXCLSx,0,0,2017 Q3,2017-07-01,2017,3,50,Financial / sentiment,Not selected
Post-threshold ridge,2017 Q3,UMCSENTx,0,0,2017 Q3,2017-07-01,2017,3,50,Financial / sentiment,Not selected
Post-threshold ridge,2017 Q3,TERM_SPREAD,0,0,2017 Q3,2017-07-01,2017,3,50,Financial / sentiment,Not selected
Post-threshold ridge,2017 Q3,CREDIT_SPREAD,0,0,2017 Q3,2017-07-01,2017,3,50,Financial / sentiment,Not selected
Post-threshold ridge,2017 Q4,RPI,2,1,2017 Q4,2017-10-01,2017,4,51,Real activity / consumption,Real activity / consumption
Post-threshold ridge,2017 Q4,DPCERA3M086SBEA,2,1,2017 Q4,2017-10-01,2017,4,51,Real activity / consumption,Real activity / consumption
Post-threshold ridge,2017 Q4,INDPRO,2,1,2017 Q4,2017-10-01,2017,4,51,Real activity / consumption,Real activity / consumption
Post-threshold ridge,2017 Q4,CMRMTSPLx,2,1,2017 Q4,2017-10-01,2017,4,51,Real activity / consumption,Real activity / consumption
Post-threshold ridge,2017 Q4,RETAILx,0,0,2017 Q4,2017-10-01,2017,4,51,Real activity / consumption,Not selected
Post-threshold ridge,2017 Q4,UNRATE,0,0,2017 Q4,2017-10-01,2017,4,51,Labor market,Not selected
Post-threshold ridge,2017 Q4,CLAIMSx,2,1,2017 Q4,2017-10-01,2017,4,51,Labor market,Labor market
Post-threshold ridge,2017 Q4,PAYEMS,1,1,2017 Q4,2017-10-01,2017,4,51,Labor market,Labor market
Post-threshold ridge,2017 Q4,AWHMAN,0,0,2017 Q4,2017-10-01,2017,4,51,Labor market,Not selected
Post-threshold ridge,2017 Q4,HOUST,0,0,2017 Q4,2017-10-01,2017,4,51,Housing,Not selected
Post-threshold ridge,2017 Q4,PERMIT,0,0,2017 Q4,2017-10-01,2017,4,51,Housing,Not selected
Post-threshold ridge,2017 Q4,M1SL,1,1,2017 Q4,2017-10-01,2017,4,51,Money and credit,Money and credit
Post-threshold ridge,2017 Q4,M2SL,2,1,2017 Q4,2017-10-01,2017,4,51,Money and credit,Money and credit
Post-threshold ridge,2017 Q4,BOGMBASE,0,0,2017 Q4,2017-10-01,2017,4,51,Money and credit,Not selected
Post-threshold ridge,2017 Q4,BUSLOANS,0,0,2017 Q4,2017-10-01,2017,4,51,Money and credit,Not selected
Post-threshold ridge,2017 Q4,NONREVSL,0,0,2017 Q4,2017-10-01,2017,4,51,Money and credit,Not selected
Post-threshold ridge,2017 Q4,CPIAUCSL,0,0,2017 Q4,2017-10-01,2017,4,51,Prices and commodities,Not selected
Post-threshold ridge,2017 Q4,PPICMM,0,0,2017 Q4,2017-10-01,2017,4,51,Prices and commodities,Not selected
Post-threshold ridge,2017 Q4,PCEPI,0,0,2017 Q4,2017-10-01,2017,4,51,Prices and commodities,Not selected
Post-threshold ridge,2017 Q4,OILPRICEx,0,0,2017 Q4,2017-10-01,2017,4,51,Prices and commodities,Not selected
Post-threshold ridge,2017 Q4,FEDFUNDS,1,1,2017 Q4,2017-10-01,2017,4,51,Financial / sentiment,Financial / sentiment
Post-threshold ridge,2017 Q4,TB3MS,0,0,2017 Q4,2017-10-01,2017,4,51,Financial / sentiment,Not selected
Post-threshold ridge,2017 Q4,GS10,0,0,2017 Q4,2017-10-01,2017,4,51,Financial / sentiment,Not selected
Post-threshold ridge,2017 Q4,AAA,0,0,2017 Q4,2017-10-01,2017,4,51,Financial / sentiment,Not selected
Post-threshold ridge,2017 Q4,BAA,0,0,2017 Q4,2017-10-01,2017,4,51,Financial / sentiment,Not selected
Post-threshold ridge,2017 Q4,S&P 500,1,1,2017 Q4,2017-10-01,2017,4,51,Financial / sentiment,Financial / sentiment
Post-threshold ridge,2017 Q4,VIXCLSx,0,0,2017 Q4,2017-10-01,2017,4,51,Financial / sentiment,Not selected
Post-threshold ridge,2017 Q4,UMCSENTx,0,0,2017 Q4,2017-10-01,2017,4,51,Financial / sentiment,Not selected
Post-threshold ridge,2017 Q4,TERM_SPREAD,0,0,2017 Q4,2017-10-01,2017,4,51,Financial / sentiment,Not selected
Post-threshold ridge,2017 Q4,CREDIT_SPREAD,0,0,2017 Q4,2017-10-01,2017,4,51,Financial / sentiment,Not selected
Post-threshold ridge,2018 Q1,RPI,2,1,2018 Q1,2018-01-01,2018,1,52,Real activity / consumption,Real activity / consumption
Post-threshold ridge,2018 Q1,DPCERA3M086SBEA,2,1,2018 Q1,2018-01-01,2018,1,52,Real activity / consumption,Real activity / consumption
Post-threshold ridge,2018 Q1,INDPRO,2,1,2018 Q1,2018-01-01,2018,1,52,Real activity / consumption,Real activity / consumption
Post-threshold ridge,2018 Q1,CMRMTSPLx,2,1,2018 Q1,2018-01-01,2018,1,52,Real activity / consumption,Real activity / consumption
Post-threshold ridge,2018 Q1,RETAILx,0,0,2018 Q1,2018-01-01,2018,1,52,Real activity / consumption,Not selected
Post-threshold ridge,2018 Q1,UNRATE,0,0,2018 Q1,2018-01-01,2018,1,52,Labor market,Not selected
Post-threshold ridge,2018 Q1,CLAIMSx,2,1,2018 Q1,2018-01-01,2018,1,52,Labor market,Labor market
Post-threshold ridge,2018 Q1,PAYEMS,1,1,2018 Q1,2018-01-01,2018,1,52,Labor market,Labor market
Post-threshold ridge,2018 Q1,AWHMAN,0,0,2018 Q1,2018-01-01,2018,1,52,Labor market,Not selected
Post-threshold ridge,2018 Q1,HOUST,0,0,2018 Q1,2018-01-01,2018,1,52,Housing,Not selected
Post-threshold ridge,2018 Q1,PERMIT,0,0,2018 Q1,2018-01-01,2018,1,52,Housing,Not selected
Post-threshold ridge,2018 Q1,M1SL,1,1,2018 Q1,2018-01-01,2018,1,52,Money and credit,Money and credit
Post-threshold ridge,2018 Q1,M2SL,2,1,2018 Q1,2018-01-01,2018,1,52,Money and credit,Money and credit
Post-threshold ridge,2018 Q1,BOGMBASE,0,0,2018 Q1,2018-01-01,2018,1,52,Money and credit,Not selected
Post-threshold ridge,2018 Q1,BUSLOANS,0,0,2018 Q1,2018-01-01,2018,1,52,Money and credit,Not selected
Post-threshold ridge,2018 Q1,NONREVSL,1,1,2018 Q1,2018-01-01,2018,1,52,Money and credit,Money and credit
Post-threshold ridge,2018 Q1,CPIAUCSL,0,0,2018 Q1,2018-01-01,2018,1,52,Prices and commodities,Not selected
Post-threshold ridge,2018 Q1,PPICMM,0,0,2018 Q1,2018-01-01,2018,1,52,Prices and commodities,Not selected
Post-threshold ridge,2018 Q1,PCEPI,0,0,2018 Q1,2018-01-01,2018,1,52,Prices and commodities,Not selected
Post-threshold ridge,2018 Q1,OILPRICEx,0,0,2018 Q1,2018-01-01,2018,1,52,Prices and commodities,Not selected
Post-threshold ridge,2018 Q1,FEDFUNDS,1,1,2018 Q1,2018-01-01,2018,1,52,Financial / sentiment,Financial / sentiment
Post-threshold ridge,2018 Q1,TB3MS,0,0,2018 Q1,2018-01-01,2018,1,52,Financial / sentiment,Not selected
Post-threshold ridge,2018 Q1,GS10,0,0,2018 Q1,2018-01-01,2018,1,52,Financial / sentiment,Not selected
Post-threshold ridge,2018 Q1,AAA,0,0,2018 Q1,2018-01-01,2018,1,52,Financial / sentiment,Not selected
Post-threshold ridge,2018 Q1,BAA,0,0,2018 Q1,2018-01-01,2018,1,52,Financial / sentiment,Not selected
Post-threshold ridge,2018 Q1,S&P 500,1,1,2018 Q1,2018-01-01,2018,1,52,Financial / sentiment,Financial / sentiment
Post-threshold ridge,2018 Q1,VIXCLSx,0,0,2018 Q1,2018-01-01,2018,1,52,Financial / sentiment,Not selected
Post-threshold ridge,2018 Q1,UMCSENTx,0,0,2018 Q1,2018-01-01,2018,1,52,Financial / sentiment,Not selected
Post-threshold ridge,2018 Q1,TERM_SPREAD,0,0,2018 Q1,2018-01-01,2018,1,52,Financial / sentiment,Not selected
Post-threshold ridge,2018 Q1,CREDIT_SPREAD,0,0,2018 Q1,2018-01-01,2018,1,52,Financial / sentiment,Not selected
Post-threshold ridge,2018 Q2,RPI,2,1,2018 Q2,2018-04-01,2018,2,53,Real activity / consumption,Real activity / consumption
Post-threshold ridge,2018 Q2,DPCERA3M086SBEA,2,1,2018 Q2,2018-04-01,2018,2,53,Real activity / consumption,Real activity / consumption
Post-threshold ridge,2018 Q2,INDPRO,2,1,2018 Q2,2018-04-01,2018,2,53,Real activity / consumption,Real activity / consumption
Post-threshold ridge,2018 Q2,CMRMTSPLx,2,1,2018 Q2,2018-04-01,2018,2,53,Real activity / consumption,Real activity / consumption
Post-threshold ridge,2018 Q2,RETAILx,0,0,2018 Q2,2018-04-01,2018,2,53,Real activity / consumption,Not selected
Post-threshold ridge,2018 Q2,UNRATE,0,0,2018 Q2,2018-04-01,2018,2,53,Labor market,Not selected
Post-threshold ridge,2018 Q2,CLAIMSx,2,1,2018 Q2,2018-04-01,2018,2,53,Labor market,Labor market
Post-threshold ridge,2018 Q2,PAYEMS,1,1,2018 Q2,2018-04-01,2018,2,53,Labor market,Labor market
Post-threshold ridge,2018 Q2,AWHMAN,0,0,2018 Q2,2018-04-01,2018,2,53,Labor market,Not selected
Post-threshold ridge,2018 Q2,HOUST,0,0,2018 Q2,2018-04-01,2018,2,53,Housing,Not selected
Post-threshold ridge,2018 Q2,PERMIT,0,0,2018 Q2,2018-04-01,2018,2,53,Housing,Not selected
Post-threshold ridge,2018 Q2,M1SL,1,1,2018 Q2,2018-04-01,2018,2,53,Money and credit,Money and credit
Post-threshold ridge,2018 Q2,M2SL,2,1,2018 Q2,2018-04-01,2018,2,53,Money and credit,Money and credit
Post-threshold ridge,2018 Q2,BOGMBASE,0,0,2018 Q2,2018-04-01,2018,2,53,Money and credit,Not selected
Post-threshold ridge,2018 Q2,BUSLOANS,0,0,2018 Q2,2018-04-01,2018,2,53,Money and credit,Not selected
Post-threshold ridge,2018 Q2,NONREVSL,1,1,2018 Q2,2018-04-01,2018,2,53,Money and credit,Money and credit
Post-threshold ridge,2018 Q2,CPIAUCSL,0,0,2018 Q2,2018-04-01,2018,2,53,Prices and commodities,Not selected
Post-threshold ridge,2018 Q2,PPICMM,0,0,2018 Q2,2018-04-01,2018,2,53,Prices and commodities,Not selected
Post-threshold ridge,2018 Q2,PCEPI,0,0,2018 Q2,2018-04-01,2018,2,53,Prices and commodities,Not selected
Post-threshold ridge,2018 Q2,OILPRICEx,0,0,2018 Q2,2018-04-01,2018,2,53,Prices and commodities,Not selected
Post-threshold ridge,2018 Q2,FEDFUNDS,1,1,2018 Q2,2018-04-01,2018,2,53,Financial / sentiment,Financial / sentiment
Post-threshold ridge,2018 Q2,TB3MS,0,0,2018 Q2,2018-04-01,2018,2,53,Financial / sentiment,Not selected
Post-threshold ridge,2018 Q2,GS10,0,0,2018 Q2,2018-04-01,2018,2,53,Financial / sentiment,Not selected
Post-threshold ridge,2018 Q2,AAA,0,0,2018 Q2,2018-04-01,2018,2,53,Financial / sentiment,Not selected
Post-threshold ridge,2018 Q2,BAA,0,0,2018 Q2,2018-04-01,2018,2,53,Financial / sentiment,Not selected
Post-threshold ridge,2018 Q2,S&P 500,1,1,2018 Q2,2018-04-01,2018,2,53,Financial / sentiment,Financial / sentiment
Post-threshold ridge,2018 Q2,VIXCLSx,0,0,2018 Q2,2018-04-01,2018,2,53,Financial / sentiment,Not selected
Post-threshold ridge,2018 Q2,UMCSENTx,0,0,2018 Q2,2018-04-01,2018,2,53,Financial / sentiment,Not selected
Post-threshold ridge,2018 Q2,TERM_SPREAD,0,0,2018 Q2,2018-04-01,2018,2,53,Financial / sentiment,Not selected
Post-threshold ridge,2018 Q2,CREDIT_SPREAD,0,0,2018 Q2,2018-04-01,2018,2,53,Financial / sentiment,Not selected
Post-threshold ridge,2018 Q3,RPI,2,1,2018 Q3,2018-07-01,2018,3,54,Real activity / consumption,Real activity / consumption
Post-threshold ridge,2018 Q3,DPCERA3M086SBEA,0,0,2018 Q3,2018-07-01,2018,3,54,Real activity / consumption,Not selected
Post-threshold ridge,2018 Q3,INDPRO,2,1,2018 Q3,2018-07-01,2018,3,54,Real activity / consumption,Real activity / consumption
Post-threshold ridge,2018 Q3,CMRMTSPLx,1,1,2018 Q3,2018-07-01,2018,3,54,Real activity / consumption,Real activity / consumption
Post-threshold ridge,2018 Q3,RETAILx,0,0,2018 Q3,2018-07-01,2018,3,54,Real activity / consumption,Not selected
Post-threshold ridge,2018 Q3,UNRATE,0,0,2018 Q3,2018-07-01,2018,3,54,Labor market,Not selected
Post-threshold ridge,2018 Q3,CLAIMSx,2,1,2018 Q3,2018-07-01,2018,3,54,Labor market,Labor market
Post-threshold ridge,2018 Q3,PAYEMS,1,1,2018 Q3,2018-07-01,2018,3,54,Labor market,Labor market
Post-threshold ridge,2018 Q3,AWHMAN,0,0,2018 Q3,2018-07-01,2018,3,54,Labor market,Not selected
Post-threshold ridge,2018 Q3,HOUST,0,0,2018 Q3,2018-07-01,2018,3,54,Housing,Not selected
Post-threshold ridge,2018 Q3,PERMIT,0,0,2018 Q3,2018-07-01,2018,3,54,Housing,Not selected
Post-threshold ridge,2018 Q3,M1SL,1,1,2018 Q3,2018-07-01,2018,3,54,Money and credit,Money and credit
Post-threshold ridge,2018 Q3,M2SL,2,1,2018 Q3,2018-07-01,2018,3,54,Money and credit,Money and credit
Post-threshold ridge,2018 Q3,BOGMBASE,0,0,2018 Q3,2018-07-01,2018,3,54,Money and credit,Not selected
Post-threshold ridge,2018 Q3,BUSLOANS,0,0,2018 Q3,2018-07-01,2018,3,54,Money and credit,Not selected
Post-threshold ridge,2018 Q3,NONREVSL,1,1,2018 Q3,2018-07-01,2018,3,54,Money and credit,Money and credit
Post-threshold ridge,2018 Q3,CPIAUCSL,0,0,2018 Q3,2018-07-01,2018,3,54,Prices and commodities,Not selected
Post-threshold ridge,2018 Q3,PPICMM,1,1,2018 Q3,2018-07-01,2018,3,54,Prices and commodities,Prices and commodities
Post-threshold ridge,2018 Q3,PCEPI,0,0,2018 Q3,2018-07-01,2018,3,54,Prices and commodities,Not selected
Post-threshold ridge,2018 Q3,OILPRICEx,0,0,2018 Q3,2018-07-01,2018,3,54,Prices and commodities,Not selected
Post-threshold ridge,2018 Q3,FEDFUNDS,1,1,2018 Q3,2018-07-01,2018,3,54,Financial / sentiment,Financial / sentiment
Post-threshold ridge,2018 Q3,TB3MS,0,0,2018 Q3,2018-07-01,2018,3,54,Financial / sentiment,Not selected
Post-threshold ridge,2018 Q3,GS10,0,0,2018 Q3,2018-07-01,2018,3,54,Financial / sentiment,Not selected
Post-threshold ridge,2018 Q3,AAA,0,0,2018 Q3,2018-07-01,2018,3,54,Financial / sentiment,Not selected
Post-threshold ridge,2018 Q3,BAA,0,0,2018 Q3,2018-07-01,2018,3,54,Financial / sentiment,Not selected
Post-threshold ridge,2018 Q3,S&P 500,0,0,2018 Q3,2018-07-01,2018,3,54,Financial / sentiment,Not selected
Post-threshold ridge,2018 Q3,VIXCLSx,0,0,2018 Q3,2018-07-01,2018,3,54,Financial / sentiment,Not selected
Post-threshold ridge,2018 Q3,UMCSENTx,0,0,2018 Q3,2018-07-01,2018,3,54,Financial / sentiment,Not selected
Post-threshold ridge,2018 Q3,TERM_SPREAD,0,0,2018 Q3,2018-07-01,2018,3,54,Financial / sentiment,Not selected
Post-threshold ridge,2018 Q3,CREDIT_SPREAD,0,0,2018 Q3,2018-07-01,2018,3,54,Financial / sentiment,Not selected
Post-threshold ridge,2018 Q4,RPI,2,1,2018 Q4,2018-10-01,2018,4,55,Real activity / consumption,Real activity / consumption
Post-threshold ridge,2018 Q4,DPCERA3M086SBEA,1,1,2018 Q4,2018-10-01,2018,4,55,Real activity / consumption,Real activity / consumption
Post-threshold ridge,2018 Q4,INDPRO,2,1,2018 Q4,2018-10-01,2018,4,55,Real activity / consumption,Real activity / consumption
Post-threshold ridge,2018 Q4,CMRMTSPLx,1,1,2018 Q4,2018-10-01,2018,4,55,Real activity / consumption,Real activity / consumption
Post-threshold ridge,2018 Q4,RETAILx,0,0,2018 Q4,2018-10-01,2018,4,55,Real activity / consumption,Not selected
Post-threshold ridge,2018 Q4,UNRATE,0,0,2018 Q4,2018-10-01,2018,4,55,Labor market,Not selected
Post-threshold ridge,2018 Q4,CLAIMSx,2,1,2018 Q4,2018-10-01,2018,4,55,Labor market,Labor market
Post-threshold ridge,2018 Q4,PAYEMS,1,1,2018 Q4,2018-10-01,2018,4,55,Labor market,Labor market
Post-threshold ridge,2018 Q4,AWHMAN,0,0,2018 Q4,2018-10-01,2018,4,55,Labor market,Not selected
Post-threshold ridge,2018 Q4,HOUST,0,0,2018 Q4,2018-10-01,2018,4,55,Housing,Not selected
Post-threshold ridge,2018 Q4,PERMIT,0,0,2018 Q4,2018-10-01,2018,4,55,Housing,Not selected
Post-threshold ridge,2018 Q4,M1SL,1,1,2018 Q4,2018-10-01,2018,4,55,Money and credit,Money and credit
Post-threshold ridge,2018 Q4,M2SL,2,1,2018 Q4,2018-10-01,2018,4,55,Money and credit,Money and credit
Post-threshold ridge,2018 Q4,BOGMBASE,0,0,2018 Q4,2018-10-01,2018,4,55,Money and credit,Not selected
Post-threshold ridge,2018 Q4,BUSLOANS,0,0,2018 Q4,2018-10-01,2018,4,55,Money and credit,Not selected
Post-threshold ridge,2018 Q4,NONREVSL,1,1,2018 Q4,2018-10-01,2018,4,55,Money and credit,Money and credit
Post-threshold ridge,2018 Q4,CPIAUCSL,0,0,2018 Q4,2018-10-01,2018,4,55,Prices and commodities,Not selected
Post-threshold ridge,2018 Q4,PPICMM,0,0,2018 Q4,2018-10-01,2018,4,55,Prices and commodities,Not selected
Post-threshold ridge,2018 Q4,PCEPI,0,0,2018 Q4,2018-10-01,2018,4,55,Prices and commodities,Not selected
Post-threshold ridge,2018 Q4,OILPRICEx,0,0,2018 Q4,2018-10-01,2018,4,55,Prices and commodities,Not selected
Post-threshold ridge,2018 Q4,FEDFUNDS,1,1,2018 Q4,2018-10-01,2018,4,55,Financial / sentiment,Financial / sentiment
Post-threshold ridge,2018 Q4,TB3MS,0,0,2018 Q4,2018-10-01,2018,4,55,Financial / sentiment,Not selected
Post-threshold ridge,2018 Q4,GS10,0,0,2018 Q4,2018-10-01,2018,4,55,Financial / sentiment,Not selected
Post-threshold ridge,2018 Q4,AAA,0,0,2018 Q4,2018-10-01,2018,4,55,Financial / sentiment,Not selected
Post-threshold ridge,2018 Q4,BAA,0,0,2018 Q4,2018-10-01,2018,4,55,Financial / sentiment,Not selected
Post-threshold ridge,2018 Q4,S&P 500,1,1,2018 Q4,2018-10-01,2018,4,55,Financial / sentiment,Financial / sentiment
Post-threshold ridge,2018 Q4,VIXCLSx,0,0,2018 Q4,2018-10-01,2018,4,55,Financial / sentiment,Not selected
Post-threshold ridge,2018 Q4,UMCSENTx,0,0,2018 Q4,2018-10-01,2018,4,55,Financial / sentiment,Not selected
Post-threshold ridge,2018 Q4,TERM_SPREAD,0,0,2018 Q4,2018-10-01,2018,4,55,Financial / sentiment,Not selected
Post-threshold ridge,2018 Q4,CREDIT_SPREAD,0,0,2018 Q4,2018-10-01,2018,4,55,Financial / sentiment,Not selected
Post-threshold ridge,2019 Q1,RPI,2,1,2019 Q1,2019-01-01,2019,1,56,Real activity / consumption,Real activity / consumption
Post-threshold ridge,2019 Q1,DPCERA3M086SBEA,0,0,2019 Q1,2019-01-01,2019,1,56,Real activity / consumption,Not selected
Post-threshold ridge,2019 Q1,INDPRO,2,1,2019 Q1,2019-01-01,2019,1,56,Real activity / consumption,Real activity / consumption
Post-threshold ridge,2019 Q1,CMRMTSPLx,1,1,2019 Q1,2019-01-01,2019,1,56,Real activity / consumption,Real activity / consumption
Post-threshold ridge,2019 Q1,RETAILx,0,0,2019 Q1,2019-01-01,2019,1,56,Real activity / consumption,Not selected
Post-threshold ridge,2019 Q1,UNRATE,0,0,2019 Q1,2019-01-01,2019,1,56,Labor market,Not selected
Post-threshold ridge,2019 Q1,CLAIMSx,2,1,2019 Q1,2019-01-01,2019,1,56,Labor market,Labor market
Post-threshold ridge,2019 Q1,PAYEMS,1,1,2019 Q1,2019-01-01,2019,1,56,Labor market,Labor market
Post-threshold ridge,2019 Q1,AWHMAN,0,0,2019 Q1,2019-01-01,2019,1,56,Labor market,Not selected
Post-threshold ridge,2019 Q1,HOUST,0,0,2019 Q1,2019-01-01,2019,1,56,Housing,Not selected
Post-threshold ridge,2019 Q1,PERMIT,0,0,2019 Q1,2019-01-01,2019,1,56,Housing,Not selected
Post-threshold ridge,2019 Q1,M1SL,1,1,2019 Q1,2019-01-01,2019,1,56,Money and credit,Money and credit
Post-threshold ridge,2019 Q1,M2SL,2,1,2019 Q1,2019-01-01,2019,1,56,Money and credit,Money and credit
Post-threshold ridge,2019 Q1,BOGMBASE,0,0,2019 Q1,2019-01-01,2019,1,56,Money and credit,Not selected
Post-threshold ridge,2019 Q1,BUSLOANS,0,0,2019 Q1,2019-01-01,2019,1,56,Money and credit,Not selected
Post-threshold ridge,2019 Q1,NONREVSL,1,1,2019 Q1,2019-01-01,2019,1,56,Money and credit,Money and credit
Post-threshold ridge,2019 Q1,CPIAUCSL,0,0,2019 Q1,2019-01-01,2019,1,56,Prices and commodities,Not selected
Post-threshold ridge,2019 Q1,PPICMM,1,1,2019 Q1,2019-01-01,2019,1,56,Prices and commodities,Prices and commodities
Post-threshold ridge,2019 Q1,PCEPI,0,0,2019 Q1,2019-01-01,2019,1,56,Prices and commodities,Not selected
Post-threshold ridge,2019 Q1,OILPRICEx,0,0,2019 Q1,2019-01-01,2019,1,56,Prices and commodities,Not selected
Post-threshold ridge,2019 Q1,FEDFUNDS,1,1,2019 Q1,2019-01-01,2019,1,56,Financial / sentiment,Financial / sentiment
Post-threshold ridge,2019 Q1,TB3MS,0,0,2019 Q1,2019-01-01,2019,1,56,Financial / sentiment,Not selected
Post-threshold ridge,2019 Q1,GS10,0,0,2019 Q1,2019-01-01,2019,1,56,Financial / sentiment,Not selected
Post-threshold ridge,2019 Q1,AAA,0,0,2019 Q1,2019-01-01,2019,1,56,Financial / sentiment,Not selected
Post-threshold ridge,2019 Q1,BAA,0,0,2019 Q1,2019-01-01,2019,1,56,Financial / sentiment,Not selected
Post-threshold ridge,2019 Q1,S&P 500,1,1,2019 Q1,2019-01-01,2019,1,56,Financial / sentiment,Financial / sentiment
Post-threshold ridge,2019 Q1,VIXCLSx,0,0,2019 Q1,2019-01-01,2019,1,56,Financial / sentiment,Not selected
Post-threshold ridge,2019 Q1,UMCSENTx,0,0,2019 Q1,2019-01-01,2019,1,56,Financial / sentiment,Not selected
Post-threshold ridge,2019 Q1,TERM_SPREAD,0,0,2019 Q1,2019-01-01,2019,1,56,Financial / sentiment,Not selected
Post-threshold ridge,2019 Q1,CREDIT_SPREAD,0,0,2019 Q1,2019-01-01,2019,1,56,Financial / sentiment,Not selected
Post-threshold ridge,2019 Q2,RPI,2,1,2019 Q2,2019-04-01,2019,2,57,Real activity / consumption,Real activity / consumption
Post-threshold ridge,2019 Q2,DPCERA3M086SBEA,0,0,2019 Q2,2019-04-01,2019,2,57,Real activity / consumption,Not selected
Post-threshold ridge,2019 Q2,INDPRO,2,1,2019 Q2,2019-04-01,2019,2,57,Real activity / consumption,Real activity / consumption
Post-threshold ridge,2019 Q2,CMRMTSPLx,1,1,2019 Q2,2019-04-01,2019,2,57,Real activity / consumption,Real activity / consumption
Post-threshold ridge,2019 Q2,RETAILx,0,0,2019 Q2,2019-04-01,2019,2,57,Real activity / consumption,Not selected
Post-threshold ridge,2019 Q2,UNRATE,0,0,2019 Q2,2019-04-01,2019,2,57,Labor market,Not selected
Post-threshold ridge,2019 Q2,CLAIMSx,2,1,2019 Q2,2019-04-01,2019,2,57,Labor market,Labor market
Post-threshold ridge,2019 Q2,PAYEMS,1,1,2019 Q2,2019-04-01,2019,2,57,Labor market,Labor market
Post-threshold ridge,2019 Q2,AWHMAN,0,0,2019 Q2,2019-04-01,2019,2,57,Labor market,Not selected
Post-threshold ridge,2019 Q2,HOUST,0,0,2019 Q2,2019-04-01,2019,2,57,Housing,Not selected
Post-threshold ridge,2019 Q2,PERMIT,0,0,2019 Q2,2019-04-01,2019,2,57,Housing,Not selected
Post-threshold ridge,2019 Q2,M1SL,1,1,2019 Q2,2019-04-01,2019,2,57,Money and credit,Money and credit
Post-threshold ridge,2019 Q2,M2SL,2,1,2019 Q2,2019-04-01,2019,2,57,Money and credit,Money and credit
Post-threshold ridge,2019 Q2,BOGMBASE,0,0,2019 Q2,2019-04-01,2019,2,57,Money and credit,Not selected
Post-threshold ridge,2019 Q2,BUSLOANS,0,0,2019 Q2,2019-04-01,2019,2,57,Money and credit,Not selected
Post-threshold ridge,2019 Q2,NONREVSL,1,1,2019 Q2,2019-04-01,2019,2,57,Money and credit,Money and credit
Post-threshold ridge,2019 Q2,CPIAUCSL,0,0,2019 Q2,2019-04-01,2019,2,57,Prices and commodities,Not selected
Post-threshold ridge,2019 Q2,PPICMM,1,1,2019 Q2,2019-04-01,2019,2,57,Prices and commodities,Prices and commodities
Post-threshold ridge,2019 Q2,PCEPI,0,0,2019 Q2,2019-04-01,2019,2,57,Prices and commodities,Not selected
Post-threshold ridge,2019 Q2,OILPRICEx,0,0,2019 Q2,2019-04-01,2019,2,57,Prices and commodities,Not selected
Post-threshold ridge,2019 Q2,FEDFUNDS,1,1,2019 Q2,2019-04-01,2019,2,57,Financial / sentiment,Financial / sentiment
Post-threshold ridge,2019 Q2,TB3MS,0,0,2019 Q2,2019-04-01,2019,2,57,Financial / sentiment,Not selected
Post-threshold ridge,2019 Q2,GS10,0,0,2019 Q2,2019-04-01,2019,2,57,Financial / sentiment,Not selected
Post-threshold ridge,2019 Q2,AAA,0,0,2019 Q2,2019-04-01,2019,2,57,Financial / sentiment,Not selected
Post-threshold ridge,2019 Q2,BAA,0,0,2019 Q2,2019-04-01,2019,2,57,Financial / sentiment,Not selected
Post-threshold ridge,2019 Q2,S&P 500,1,1,2019 Q2,2019-04-01,2019,2,57,Financial / sentiment,Financial / sentiment
Post-threshold ridge,2019 Q2,VIXCLSx,0,0,2019 Q2,2019-04-01,2019,2,57,Financial / sentiment,Not selected
Post-threshold ridge,2019 Q2,UMCSENTx,0,0,2019 Q2,2019-04-01,2019,2,57,Financial / sentiment,Not selected
Post-threshold ridge,2019 Q2,TERM_SPREAD,0,0,2019 Q2,2019-04-01,2019,2,57,Financial / sentiment,Not selected
Post-threshold ridge,2019 Q2,CREDIT_SPREAD,0,0,2019 Q2,2019-04-01,2019,2,57,Financial / sentiment,Not selected
Post-threshold ridge,2019 Q3,RPI,2,1,2019 Q3,2019-07-01,2019,3,58,Real activity / consumption,Real activity / consumption
Post-threshold ridge,2019 Q3,DPCERA3M086SBEA,0,0,2019 Q3,2019-07-01,2019,3,58,Real activity / consumption,Not selected
Post-threshold ridge,2019 Q3,INDPRO,2,1,2019 Q3,2019-07-01,2019,3,58,Real activity / consumption,Real activity / consumption
Post-threshold ridge,2019 Q3,CMRMTSPLx,1,1,2019 Q3,2019-07-01,2019,3,58,Real activity / consumption,Real activity / consumption
Post-threshold ridge,2019 Q3,RETAILx,0,0,2019 Q3,2019-07-01,2019,3,58,Real activity / consumption,Not selected
Post-threshold ridge,2019 Q3,UNRATE,0,0,2019 Q3,2019-07-01,2019,3,58,Labor market,Not selected
Post-threshold ridge,2019 Q3,CLAIMSx,2,1,2019 Q3,2019-07-01,2019,3,58,Labor market,Labor market
Post-threshold ridge,2019 Q3,PAYEMS,1,1,2019 Q3,2019-07-01,2019,3,58,Labor market,Labor market
Post-threshold ridge,2019 Q3,AWHMAN,0,0,2019 Q3,2019-07-01,2019,3,58,Labor market,Not selected
Post-threshold ridge,2019 Q3,HOUST,0,0,2019 Q3,2019-07-01,2019,3,58,Housing,Not selected
Post-threshold ridge,2019 Q3,PERMIT,0,0,2019 Q3,2019-07-01,2019,3,58,Housing,Not selected
Post-threshold ridge,2019 Q3,M1SL,1,1,2019 Q3,2019-07-01,2019,3,58,Money and credit,Money and credit
Post-threshold ridge,2019 Q3,M2SL,2,1,2019 Q3,2019-07-01,2019,3,58,Money and credit,Money and credit
Post-threshold ridge,2019 Q3,BOGMBASE,1,1,2019 Q3,2019-07-01,2019,3,58,Money and credit,Money and credit
Post-threshold ridge,2019 Q3,BUSLOANS,0,0,2019 Q3,2019-07-01,2019,3,58,Money and credit,Not selected
Post-threshold ridge,2019 Q3,NONREVSL,1,1,2019 Q3,2019-07-01,2019,3,58,Money and credit,Money and credit
Post-threshold ridge,2019 Q3,CPIAUCSL,0,0,2019 Q3,2019-07-01,2019,3,58,Prices and commodities,Not selected
Post-threshold ridge,2019 Q3,PPICMM,0,0,2019 Q3,2019-07-01,2019,3,58,Prices and commodities,Not selected
Post-threshold ridge,2019 Q3,PCEPI,0,0,2019 Q3,2019-07-01,2019,3,58,Prices and commodities,Not selected
Post-threshold ridge,2019 Q3,OILPRICEx,0,0,2019 Q3,2019-07-01,2019,3,58,Prices and commodities,Not selected
Post-threshold ridge,2019 Q3,FEDFUNDS,1,1,2019 Q3,2019-07-01,2019,3,58,Financial / sentiment,Financial / sentiment
Post-threshold ridge,2019 Q3,TB3MS,0,0,2019 Q3,2019-07-01,2019,3,58,Financial / sentiment,Not selected
Post-threshold ridge,2019 Q3,GS10,0,0,2019 Q3,2019-07-01,2019,3,58,Financial / sentiment,Not selected
Post-threshold ridge,2019 Q3,AAA,0,0,2019 Q3,2019-07-01,2019,3,58,Financial / sentiment,Not selected
Post-threshold ridge,2019 Q3,BAA,0,0,2019 Q3,2019-07-01,2019,3,58,Financial / sentiment,Not selected
Post-threshold ridge,2019 Q3,S&P 500,1,1,2019 Q3,2019-07-01,2019,3,58,Financial / sentiment,Financial / sentiment
Post-threshold ridge,2019 Q3,VIXCLSx,0,0,2019 Q3,2019-07-01,2019,3,58,Financial / sentiment,Not selected
Post-threshold ridge,2019 Q3,UMCSENTx,0,0,2019 Q3,2019-07-01,2019,3,58,Financial / sentiment,Not selected
Post-threshold ridge,2019 Q3,TERM_SPREAD,0,0,2019 Q3,2019-07-01,2019,3,58,Financial / sentiment,Not selected
Post-threshold ridge,2019 Q3,CREDIT_SPREAD,0,0,2019 Q3,2019-07-01,2019,3,58,Financial / sentiment,Not selected
OCMT,2005 Q2,RPI,1,1,2005 Q2,2005-04-01,2005,2,1,Real activity / consumption,Real activity / consumption
OCMT,2005 Q2,DPCERA3M086SBEA,0,0,2005 Q2,2005-04-01,2005,2,1,Real activity / consumption,Not selected
OCMT,2005 Q2,INDPRO,0,0,2005 Q2,2005-04-01,2005,2,1,Real activity / consumption,Not selected
OCMT,2005 Q2,CMRMTSPLx,0,0,2005 Q2,2005-04-01,2005,2,1,Real activity / consumption,Not selected
OCMT,2005 Q2,RETAILx,0,0,2005 Q2,2005-04-01,2005,2,1,Real activity / consumption,Not selected
OCMT,2005 Q2,UNRATE,1,1,2005 Q2,2005-04-01,2005,2,1,Labor market,Labor market
OCMT,2005 Q2,CLAIMSx,0,0,2005 Q2,2005-04-01,2005,2,1,Labor market,Not selected
OCMT,2005 Q2,PAYEMS,0,0,2005 Q2,2005-04-01,2005,2,1,Labor market,Not selected
OCMT,2005 Q2,AWHMAN,0,0,2005 Q2,2005-04-01,2005,2,1,Labor market,Not selected
OCMT,2005 Q2,HOUST,0,0,2005 Q2,2005-04-01,2005,2,1,Housing,Not selected
OCMT,2005 Q2,PERMIT,0,0,2005 Q2,2005-04-01,2005,2,1,Housing,Not selected
OCMT,2005 Q2,M1SL,0,0,2005 Q2,2005-04-01,2005,2,1,Money and credit,Not selected
OCMT,2005 Q2,M2SL,0,0,2005 Q2,2005-04-01,2005,2,1,Money and credit,Not selected
OCMT,2005 Q2,BOGMBASE,0,0,2005 Q2,2005-04-01,2005,2,1,Money and credit,Not selected
OCMT,2005 Q2,BUSLOANS,0,0,2005 Q2,2005-04-01,2005,2,1,Money and credit,Not selected
OCMT,2005 Q2,NONREVSL,0,0,2005 Q2,2005-04-01,2005,2,1,Money and credit,Not selected
OCMT,2005 Q2,CPIAUCSL,0,0,2005 Q2,2005-04-01,2005,2,1,Prices and commodities,Not selected
OCMT,2005 Q2,PPICMM,0,0,2005 Q2,2005-04-01,2005,2,1,Prices and commodities,Not selected
OCMT,2005 Q2,PCEPI,0,0,2005 Q2,2005-04-01,2005,2,1,Prices and commodities,Not selected
OCMT,2005 Q2,OILPRICEx,0,0,2005 Q2,2005-04-01,2005,2,1,Prices and commodities,Not selected
OCMT,2005 Q2,FEDFUNDS,0,0,2005 Q2,2005-04-01,2005,2,1,Financial / sentiment,Not selected
OCMT,2005 Q2,TB3MS,0,0,2005 Q2,2005-04-01,2005,2,1,Financial / sentiment,Not selected
OCMT,2005 Q2,GS10,0,0,2005 Q2,2005-04-01,2005,2,1,Financial / sentiment,Not selected
OCMT,2005 Q2,AAA,0,0,2005 Q2,2005-04-01,2005,2,1,Financial / sentiment,Not selected
OCMT,2005 Q2,BAA,0,0,2005 Q2,2005-04-01,2005,2,1,Financial / sentiment,Not selected
OCMT,2005 Q2,S&P 500,0,0,2005 Q2,2005-04-01,2005,2,1,Financial / sentiment,Not selected
OCMT,2005 Q2,VIXCLSx,0,0,2005 Q2,2005-04-01,2005,2,1,Financial / sentiment,Not selected
OCMT,2005 Q2,UMCSENTx,0,0,2005 Q2,2005-04-01,2005,2,1,Financial / sentiment,Not selected
OCMT,2005 Q2,TERM_SPREAD,0,0,2005 Q2,2005-04-01,2005,2,1,Financial / sentiment,Not selected
OCMT,2005 Q2,CREDIT_SPREAD,0,0,2005 Q2,2005-04-01,2005,2,1,Financial / sentiment,Not selected
OCMT,2005 Q3,RPI,1,1,2005 Q3,2005-07-01,2005,3,2,Real activity / consumption,Real activity / consumption
OCMT,2005 Q3,DPCERA3M086SBEA,0,0,2005 Q3,2005-07-01,2005,3,2,Real activity / consumption,Not selected
OCMT,2005 Q3,INDPRO,0,0,2005 Q3,2005-07-01,2005,3,2,Real activity / consumption,Not selected
OCMT,2005 Q3,CMRMTSPLx,0,0,2005 Q3,2005-07-01,2005,3,2,Real activity / consumption,Not selected
OCMT,2005 Q3,RETAILx,0,0,2005 Q3,2005-07-01,2005,3,2,Real activity / consumption,Not selected
OCMT,2005 Q3,UNRATE,1,1,2005 Q3,2005-07-01,2005,3,2,Labor market,Labor market
OCMT,2005 Q3,CLAIMSx,0,0,2005 Q3,2005-07-01,2005,3,2,Labor market,Not selected
OCMT,2005 Q3,PAYEMS,0,0,2005 Q3,2005-07-01,2005,3,2,Labor market,Not selected
OCMT,2005 Q3,AWHMAN,0,0,2005 Q3,2005-07-01,2005,3,2,Labor market,Not selected
OCMT,2005 Q3,HOUST,0,0,2005 Q3,2005-07-01,2005,3,2,Housing,Not selected
OCMT,2005 Q3,PERMIT,0,0,2005 Q3,2005-07-01,2005,3,2,Housing,Not selected
OCMT,2005 Q3,M1SL,0,0,2005 Q3,2005-07-01,2005,3,2,Money and credit,Not selected
OCMT,2005 Q3,M2SL,0,0,2005 Q3,2005-07-01,2005,3,2,Money and credit,Not selected
OCMT,2005 Q3,BOGMBASE,0,0,2005 Q3,2005-07-01,2005,3,2,Money and credit,Not selected
OCMT,2005 Q3,BUSLOANS,0,0,2005 Q3,2005-07-01,2005,3,2,Money and credit,Not selected
OCMT,2005 Q3,NONREVSL,0,0,2005 Q3,2005-07-01,2005,3,2,Money and credit,Not selected
OCMT,2005 Q3,CPIAUCSL,0,0,2005 Q3,2005-07-01,2005,3,2,Prices and commodities,Not selected
OCMT,2005 Q3,PPICMM,0,0,2005 Q3,2005-07-01,2005,3,2,Prices and commodities,Not selected
OCMT,2005 Q3,PCEPI,0,0,2005 Q3,2005-07-01,2005,3,2,Prices and commodities,Not selected
OCMT,2005 Q3,OILPRICEx,0,0,2005 Q3,2005-07-01,2005,3,2,Prices and commodities,Not selected
OCMT,2005 Q3,FEDFUNDS,0,0,2005 Q3,2005-07-01,2005,3,2,Financial / sentiment,Not selected
OCMT,2005 Q3,TB3MS,0,0,2005 Q3,2005-07-01,2005,3,2,Financial / sentiment,Not selected
OCMT,2005 Q3,GS10,0,0,2005 Q3,2005-07-01,2005,3,2,Financial / sentiment,Not selected
OCMT,2005 Q3,AAA,0,0,2005 Q3,2005-07-01,2005,3,2,Financial / sentiment,Not selected
OCMT,2005 Q3,BAA,0,0,2005 Q3,2005-07-01,2005,3,2,Financial / sentiment,Not selected
OCMT,2005 Q3,S&P 500,0,0,2005 Q3,2005-07-01,2005,3,2,Financial / sentiment,Not selected
OCMT,2005 Q3,VIXCLSx,0,0,2005 Q3,2005-07-01,2005,3,2,Financial / sentiment,Not selected
OCMT,2005 Q3,UMCSENTx,0,0,2005 Q3,2005-07-01,2005,3,2,Financial / sentiment,Not selected
OCMT,2005 Q3,TERM_SPREAD,0,0,2005 Q3,2005-07-01,2005,3,2,Financial / sentiment,Not selected
OCMT,2005 Q3,CREDIT_SPREAD,0,0,2005 Q3,2005-07-01,2005,3,2,Financial / sentiment,Not selected
OCMT,2005 Q4,RPI,1,1,2005 Q4,2005-10-01,2005,4,3,Real activity / consumption,Real activity / consumption
OCMT,2005 Q4,DPCERA3M086SBEA,0,0,2005 Q4,2005-10-01,2005,4,3,Real activity / consumption,Not selected
OCMT,2005 Q4,INDPRO,0,0,2005 Q4,2005-10-01,2005,4,3,Real activity / consumption,Not selected
OCMT,2005 Q4,CMRMTSPLx,0,0,2005 Q4,2005-10-01,2005,4,3,Real activity / consumption,Not selected
OCMT,2005 Q4,RETAILx,0,0,2005 Q4,2005-10-01,2005,4,3,Real activity / consumption,Not selected
OCMT,2005 Q4,UNRATE,1,1,2005 Q4,2005-10-01,2005,4,3,Labor market,Labor market
OCMT,2005 Q4,CLAIMSx,0,0,2005 Q4,2005-10-01,2005,4,3,Labor market,Not selected
OCMT,2005 Q4,PAYEMS,0,0,2005 Q4,2005-10-01,2005,4,3,Labor market,Not selected
OCMT,2005 Q4,AWHMAN,0,0,2005 Q4,2005-10-01,2005,4,3,Labor market,Not selected
OCMT,2005 Q4,HOUST,0,0,2005 Q4,2005-10-01,2005,4,3,Housing,Not selected
OCMT,2005 Q4,PERMIT,0,0,2005 Q4,2005-10-01,2005,4,3,Housing,Not selected
OCMT,2005 Q4,M1SL,0,0,2005 Q4,2005-10-01,2005,4,3,Money and credit,Not selected
OCMT,2005 Q4,M2SL,0,0,2005 Q4,2005-10-01,2005,4,3,Money and credit,Not selected
OCMT,2005 Q4,BOGMBASE,0,0,2005 Q4,2005-10-01,2005,4,3,Money and credit,Not selected
OCMT,2005 Q4,BUSLOANS,0,0,2005 Q4,2005-10-01,2005,4,3,Money and credit,Not selected
OCMT,2005 Q4,NONREVSL,0,0,2005 Q4,2005-10-01,2005,4,3,Money and credit,Not selected
OCMT,2005 Q4,CPIAUCSL,0,0,2005 Q4,2005-10-01,2005,4,3,Prices and commodities,Not selected
OCMT,2005 Q4,PPICMM,0,0,2005 Q4,2005-10-01,2005,4,3,Prices and commodities,Not selected
OCMT,2005 Q4,PCEPI,0,0,2005 Q4,2005-10-01,2005,4,3,Prices and commodities,Not selected
OCMT,2005 Q4,OILPRICEx,0,0,2005 Q4,2005-10-01,2005,4,3,Prices and commodities,Not selected
OCMT,2005 Q4,FEDFUNDS,0,0,2005 Q4,2005-10-01,2005,4,3,Financial / sentiment,Not selected
OCMT,2005 Q4,TB3MS,0,0,2005 Q4,2005-10-01,2005,4,3,Financial / sentiment,Not selected
OCMT,2005 Q4,GS10,0,0,2005 Q4,2005-10-01,2005,4,3,Financial / sentiment,Not selected
OCMT,2005 Q4,AAA,0,0,2005 Q4,2005-10-01,2005,4,3,Financial / sentiment,Not selected
OCMT,2005 Q4,BAA,0,0,2005 Q4,2005-10-01,2005,4,3,Financial / sentiment,Not selected
OCMT,2005 Q4,S&P 500,0,0,2005 Q4,2005-10-01,2005,4,3,Financial / sentiment,Not selected
OCMT,2005 Q4,VIXCLSx,0,0,2005 Q4,2005-10-01,2005,4,3,Financial / sentiment,Not selected
OCMT,2005 Q4,UMCSENTx,0,0,2005 Q4,2005-10-01,2005,4,3,Financial / sentiment,Not selected
OCMT,2005 Q4,TERM_SPREAD,0,0,2005 Q4,2005-10-01,2005,4,3,Financial / sentiment,Not selected
OCMT,2005 Q4,CREDIT_SPREAD,0,0,2005 Q4,2005-10-01,2005,4,3,Financial / sentiment,Not selected
OCMT,2006 Q1,RPI,1,1,2006 Q1,2006-01-01,2006,1,4,Real activity / consumption,Real activity / consumption
OCMT,2006 Q1,DPCERA3M086SBEA,0,0,2006 Q1,2006-01-01,2006,1,4,Real activity / consumption,Not selected
OCMT,2006 Q1,INDPRO,0,0,2006 Q1,2006-01-01,2006,1,4,Real activity / consumption,Not selected
OCMT,2006 Q1,CMRMTSPLx,0,0,2006 Q1,2006-01-01,2006,1,4,Real activity / consumption,Not selected
OCMT,2006 Q1,RETAILx,0,0,2006 Q1,2006-01-01,2006,1,4,Real activity / consumption,Not selected
OCMT,2006 Q1,UNRATE,1,1,2006 Q1,2006-01-01,2006,1,4,Labor market,Labor market
OCMT,2006 Q1,CLAIMSx,0,0,2006 Q1,2006-01-01,2006,1,4,Labor market,Not selected
OCMT,2006 Q1,PAYEMS,0,0,2006 Q1,2006-01-01,2006,1,4,Labor market,Not selected
OCMT,2006 Q1,AWHMAN,0,0,2006 Q1,2006-01-01,2006,1,4,Labor market,Not selected
OCMT,2006 Q1,HOUST,0,0,2006 Q1,2006-01-01,2006,1,4,Housing,Not selected
OCMT,2006 Q1,PERMIT,0,0,2006 Q1,2006-01-01,2006,1,4,Housing,Not selected
OCMT,2006 Q1,M1SL,0,0,2006 Q1,2006-01-01,2006,1,4,Money and credit,Not selected
OCMT,2006 Q1,M2SL,0,0,2006 Q1,2006-01-01,2006,1,4,Money and credit,Not selected
OCMT,2006 Q1,BOGMBASE,0,0,2006 Q1,2006-01-01,2006,1,4,Money and credit,Not selected
OCMT,2006 Q1,BUSLOANS,0,0,2006 Q1,2006-01-01,2006,1,4,Money and credit,Not selected
OCMT,2006 Q1,NONREVSL,0,0,2006 Q1,2006-01-01,2006,1,4,Money and credit,Not selected
OCMT,2006 Q1,CPIAUCSL,0,0,2006 Q1,2006-01-01,2006,1,4,Prices and commodities,Not selected
OCMT,2006 Q1,PPICMM,0,0,2006 Q1,2006-01-01,2006,1,4,Prices and commodities,Not selected
OCMT,2006 Q1,PCEPI,0,0,2006 Q1,2006-01-01,2006,1,4,Prices and commodities,Not selected
OCMT,2006 Q1,OILPRICEx,0,0,2006 Q1,2006-01-01,2006,1,4,Prices and commodities,Not selected
OCMT,2006 Q1,FEDFUNDS,0,0,2006 Q1,2006-01-01,2006,1,4,Financial / sentiment,Not selected
OCMT,2006 Q1,TB3MS,0,0,2006 Q1,2006-01-01,2006,1,4,Financial / sentiment,Not selected
OCMT,2006 Q1,GS10,0,0,2006 Q1,2006-01-01,2006,1,4,Financial / sentiment,Not selected
OCMT,2006 Q1,AAA,0,0,2006 Q1,2006-01-01,2006,1,4,Financial / sentiment,Not selected
OCMT,2006 Q1,BAA,0,0,2006 Q1,2006-01-01,2006,1,4,Financial / sentiment,Not selected
OCMT,2006 Q1,S&P 500,0,0,2006 Q1,2006-01-01,2006,1,4,Financial / sentiment,Not selected
OCMT,2006 Q1,VIXCLSx,0,0,2006 Q1,2006-01-01,2006,1,4,Financial / sentiment,Not selected
OCMT,2006 Q1,UMCSENTx,0,0,2006 Q1,2006-01-01,2006,1,4,Financial / sentiment,Not selected
OCMT,2006 Q1,TERM_SPREAD,0,0,2006 Q1,2006-01-01,2006,1,4,Financial / sentiment,Not selected
OCMT,2006 Q1,CREDIT_SPREAD,0,0,2006 Q1,2006-01-01,2006,1,4,Financial / sentiment,Not selected
OCMT,2006 Q2,RPI,1,1,2006 Q2,2006-04-01,2006,2,5,Real activity / consumption,Real activity / consumption
OCMT,2006 Q2,DPCERA3M086SBEA,0,0,2006 Q2,2006-04-01,2006,2,5,Real activity / consumption,Not selected
OCMT,2006 Q2,INDPRO,0,0,2006 Q2,2006-04-01,2006,2,5,Real activity / consumption,Not selected
OCMT,2006 Q2,CMRMTSPLx,0,0,2006 Q2,2006-04-01,2006,2,5,Real activity / consumption,Not selected
OCMT,2006 Q2,RETAILx,0,0,2006 Q2,2006-04-01,2006,2,5,Real activity / consumption,Not selected
OCMT,2006 Q2,UNRATE,1,1,2006 Q2,2006-04-01,2006,2,5,Labor market,Labor market
OCMT,2006 Q2,CLAIMSx,0,0,2006 Q2,2006-04-01,2006,2,5,Labor market,Not selected
OCMT,2006 Q2,PAYEMS,0,0,2006 Q2,2006-04-01,2006,2,5,Labor market,Not selected
OCMT,2006 Q2,AWHMAN,0,0,2006 Q2,2006-04-01,2006,2,5,Labor market,Not selected
OCMT,2006 Q2,HOUST,0,0,2006 Q2,2006-04-01,2006,2,5,Housing,Not selected
OCMT,2006 Q2,PERMIT,0,0,2006 Q2,2006-04-01,2006,2,5,Housing,Not selected
OCMT,2006 Q2,M1SL,0,0,2006 Q2,2006-04-01,2006,2,5,Money and credit,Not selected
OCMT,2006 Q2,M2SL,0,0,2006 Q2,2006-04-01,2006,2,5,Money and credit,Not selected
OCMT,2006 Q2,BOGMBASE,0,0,2006 Q2,2006-04-01,2006,2,5,Money and credit,Not selected
OCMT,2006 Q2,BUSLOANS,0,0,2006 Q2,2006-04-01,2006,2,5,Money and credit,Not selected
OCMT,2006 Q2,NONREVSL,0,0,2006 Q2,2006-04-01,2006,2,5,Money and credit,Not selected
OCMT,2006 Q2,CPIAUCSL,0,0,2006 Q2,2006-04-01,2006,2,5,Prices and commodities,Not selected
OCMT,2006 Q2,PPICMM,0,0,2006 Q2,2006-04-01,2006,2,5,Prices and commodities,Not selected
OCMT,2006 Q2,PCEPI,0,0,2006 Q2,2006-04-01,2006,2,5,Prices and commodities,Not selected
OCMT,2006 Q2,OILPRICEx,0,0,2006 Q2,2006-04-01,2006,2,5,Prices and commodities,Not selected
OCMT,2006 Q2,FEDFUNDS,0,0,2006 Q2,2006-04-01,2006,2,5,Financial / sentiment,Not selected
OCMT,2006 Q2,TB3MS,0,0,2006 Q2,2006-04-01,2006,2,5,Financial / sentiment,Not selected
OCMT,2006 Q2,GS10,0,0,2006 Q2,2006-04-01,2006,2,5,Financial / sentiment,Not selected
OCMT,2006 Q2,AAA,0,0,2006 Q2,2006-04-01,2006,2,5,Financial / sentiment,Not selected
OCMT,2006 Q2,BAA,0,0,2006 Q2,2006-04-01,2006,2,5,Financial / sentiment,Not selected
OCMT,2006 Q2,S&P 500,0,0,2006 Q2,2006-04-01,2006,2,5,Financial / sentiment,Not selected
OCMT,2006 Q2,VIXCLSx,0,0,2006 Q2,2006-04-01,2006,2,5,Financial / sentiment,Not selected
OCMT,2006 Q2,UMCSENTx,0,0,2006 Q2,2006-04-01,2006,2,5,Financial / sentiment,Not selected
OCMT,2006 Q2,TERM_SPREAD,0,0,2006 Q2,2006-04-01,2006,2,5,Financial / sentiment,Not selected
OCMT,2006 Q2,CREDIT_SPREAD,0,0,2006 Q2,2006-04-01,2006,2,5,Financial / sentiment,Not selected
OCMT,2006 Q3,RPI,1,1,2006 Q3,2006-07-01,2006,3,6,Real activity / consumption,Real activity / consumption
OCMT,2006 Q3,DPCERA3M086SBEA,0,0,2006 Q3,2006-07-01,2006,3,6,Real activity / consumption,Not selected
OCMT,2006 Q3,INDPRO,0,0,2006 Q3,2006-07-01,2006,3,6,Real activity / consumption,Not selected
OCMT,2006 Q3,CMRMTSPLx,0,0,2006 Q3,2006-07-01,2006,3,6,Real activity / consumption,Not selected
OCMT,2006 Q3,RETAILx,0,0,2006 Q3,2006-07-01,2006,3,6,Real activity / consumption,Not selected
OCMT,2006 Q3,UNRATE,0,0,2006 Q3,2006-07-01,2006,3,6,Labor market,Not selected
OCMT,2006 Q3,CLAIMSx,0,0,2006 Q3,2006-07-01,2006,3,6,Labor market,Not selected
OCMT,2006 Q3,PAYEMS,0,0,2006 Q3,2006-07-01,2006,3,6,Labor market,Not selected
OCMT,2006 Q3,AWHMAN,0,0,2006 Q3,2006-07-01,2006,3,6,Labor market,Not selected
OCMT,2006 Q3,HOUST,0,0,2006 Q3,2006-07-01,2006,3,6,Housing,Not selected
OCMT,2006 Q3,PERMIT,0,0,2006 Q3,2006-07-01,2006,3,6,Housing,Not selected
OCMT,2006 Q3,M1SL,0,0,2006 Q3,2006-07-01,2006,3,6,Money and credit,Not selected
OCMT,2006 Q3,M2SL,0,0,2006 Q3,2006-07-01,2006,3,6,Money and credit,Not selected
OCMT,2006 Q3,BOGMBASE,0,0,2006 Q3,2006-07-01,2006,3,6,Money and credit,Not selected
OCMT,2006 Q3,BUSLOANS,0,0,2006 Q3,2006-07-01,2006,3,6,Money and credit,Not selected
OCMT,2006 Q3,NONREVSL,0,0,2006 Q3,2006-07-01,2006,3,6,Money and credit,Not selected
OCMT,2006 Q3,CPIAUCSL,0,0,2006 Q3,2006-07-01,2006,3,6,Prices and commodities,Not selected
OCMT,2006 Q3,PPICMM,0,0,2006 Q3,2006-07-01,2006,3,6,Prices and commodities,Not selected
OCMT,2006 Q3,PCEPI,0,0,2006 Q3,2006-07-01,2006,3,6,Prices and commodities,Not selected
OCMT,2006 Q3,OILPRICEx,0,0,2006 Q3,2006-07-01,2006,3,6,Prices and commodities,Not selected
OCMT,2006 Q3,FEDFUNDS,0,0,2006 Q3,2006-07-01,2006,3,6,Financial / sentiment,Not selected
OCMT,2006 Q3,TB3MS,0,0,2006 Q3,2006-07-01,2006,3,6,Financial / sentiment,Not selected
OCMT,2006 Q3,GS10,0,0,2006 Q3,2006-07-01,2006,3,6,Financial / sentiment,Not selected
OCMT,2006 Q3,AAA,0,0,2006 Q3,2006-07-01,2006,3,6,Financial / sentiment,Not selected
OCMT,2006 Q3,BAA,0,0,2006 Q3,2006-07-01,2006,3,6,Financial / sentiment,Not selected
OCMT,2006 Q3,S&P 500,0,0,2006 Q3,2006-07-01,2006,3,6,Financial / sentiment,Not selected
OCMT,2006 Q3,VIXCLSx,0,0,2006 Q3,2006-07-01,2006,3,6,Financial / sentiment,Not selected
OCMT,2006 Q3,UMCSENTx,0,0,2006 Q3,2006-07-01,2006,3,6,Financial / sentiment,Not selected
OCMT,2006 Q3,TERM_SPREAD,0,0,2006 Q3,2006-07-01,2006,3,6,Financial / sentiment,Not selected
OCMT,2006 Q3,CREDIT_SPREAD,0,0,2006 Q3,2006-07-01,2006,3,6,Financial / sentiment,Not selected
OCMT,2006 Q4,RPI,1,1,2006 Q4,2006-10-01,2006,4,7,Real activity / consumption,Real activity / consumption
OCMT,2006 Q4,DPCERA3M086SBEA,0,0,2006 Q4,2006-10-01,2006,4,7,Real activity / consumption,Not selected
OCMT,2006 Q4,INDPRO,0,0,2006 Q4,2006-10-01,2006,4,7,Real activity / consumption,Not selected
OCMT,2006 Q4,CMRMTSPLx,0,0,2006 Q4,2006-10-01,2006,4,7,Real activity / consumption,Not selected
OCMT,2006 Q4,RETAILx,0,0,2006 Q4,2006-10-01,2006,4,7,Real activity / consumption,Not selected
OCMT,2006 Q4,UNRATE,1,1,2006 Q4,2006-10-01,2006,4,7,Labor market,Labor market
OCMT,2006 Q4,CLAIMSx,0,0,2006 Q4,2006-10-01,2006,4,7,Labor market,Not selected
OCMT,2006 Q4,PAYEMS,0,0,2006 Q4,2006-10-01,2006,4,7,Labor market,Not selected
OCMT,2006 Q4,AWHMAN,0,0,2006 Q4,2006-10-01,2006,4,7,Labor market,Not selected
OCMT,2006 Q4,HOUST,0,0,2006 Q4,2006-10-01,2006,4,7,Housing,Not selected
OCMT,2006 Q4,PERMIT,0,0,2006 Q4,2006-10-01,2006,4,7,Housing,Not selected
OCMT,2006 Q4,M1SL,0,0,2006 Q4,2006-10-01,2006,4,7,Money and credit,Not selected
OCMT,2006 Q4,M2SL,0,0,2006 Q4,2006-10-01,2006,4,7,Money and credit,Not selected
OCMT,2006 Q4,BOGMBASE,0,0,2006 Q4,2006-10-01,2006,4,7,Money and credit,Not selected
OCMT,2006 Q4,BUSLOANS,0,0,2006 Q4,2006-10-01,2006,4,7,Money and credit,Not selected
OCMT,2006 Q4,NONREVSL,0,0,2006 Q4,2006-10-01,2006,4,7,Money and credit,Not selected
OCMT,2006 Q4,CPIAUCSL,0,0,2006 Q4,2006-10-01,2006,4,7,Prices and commodities,Not selected
OCMT,2006 Q4,PPICMM,0,0,2006 Q4,2006-10-01,2006,4,7,Prices and commodities,Not selected
OCMT,2006 Q4,PCEPI,0,0,2006 Q4,2006-10-01,2006,4,7,Prices and commodities,Not selected
OCMT,2006 Q4,OILPRICEx,0,0,2006 Q4,2006-10-01,2006,4,7,Prices and commodities,Not selected
OCMT,2006 Q4,FEDFUNDS,0,0,2006 Q4,2006-10-01,2006,4,7,Financial / sentiment,Not selected
OCMT,2006 Q4,TB3MS,0,0,2006 Q4,2006-10-01,2006,4,7,Financial / sentiment,Not selected
OCMT,2006 Q4,GS10,0,0,2006 Q4,2006-10-01,2006,4,7,Financial / sentiment,Not selected
OCMT,2006 Q4,AAA,0,0,2006 Q4,2006-10-01,2006,4,7,Financial / sentiment,Not selected
OCMT,2006 Q4,BAA,0,0,2006 Q4,2006-10-01,2006,4,7,Financial / sentiment,Not selected
OCMT,2006 Q4,S&P 500,0,0,2006 Q4,2006-10-01,2006,4,7,Financial / sentiment,Not selected
OCMT,2006 Q4,VIXCLSx,0,0,2006 Q4,2006-10-01,2006,4,7,Financial / sentiment,Not selected
OCMT,2006 Q4,UMCSENTx,0,0,2006 Q4,2006-10-01,2006,4,7,Financial / sentiment,Not selected
OCMT,2006 Q4,TERM_SPREAD,0,0,2006 Q4,2006-10-01,2006,4,7,Financial / sentiment,Not selected
OCMT,2006 Q4,CREDIT_SPREAD,0,0,2006 Q4,2006-10-01,2006,4,7,Financial / sentiment,Not selected
OCMT,2007 Q1,RPI,1,1,2007 Q1,2007-01-01,2007,1,8,Real activity / consumption,Real activity / consumption
OCMT,2007 Q1,DPCERA3M086SBEA,0,0,2007 Q1,2007-01-01,2007,1,8,Real activity / consumption,Not selected
OCMT,2007 Q1,INDPRO,0,0,2007 Q1,2007-01-01,2007,1,8,Real activity / consumption,Not selected
OCMT,2007 Q1,CMRMTSPLx,0,0,2007 Q1,2007-01-01,2007,1,8,Real activity / consumption,Not selected
OCMT,2007 Q1,RETAILx,0,0,2007 Q1,2007-01-01,2007,1,8,Real activity / consumption,Not selected
OCMT,2007 Q1,UNRATE,1,1,2007 Q1,2007-01-01,2007,1,8,Labor market,Labor market
OCMT,2007 Q1,CLAIMSx,0,0,2007 Q1,2007-01-01,2007,1,8,Labor market,Not selected
OCMT,2007 Q1,PAYEMS,0,0,2007 Q1,2007-01-01,2007,1,8,Labor market,Not selected
OCMT,2007 Q1,AWHMAN,0,0,2007 Q1,2007-01-01,2007,1,8,Labor market,Not selected
OCMT,2007 Q1,HOUST,0,0,2007 Q1,2007-01-01,2007,1,8,Housing,Not selected
OCMT,2007 Q1,PERMIT,0,0,2007 Q1,2007-01-01,2007,1,8,Housing,Not selected
OCMT,2007 Q1,M1SL,0,0,2007 Q1,2007-01-01,2007,1,8,Money and credit,Not selected
OCMT,2007 Q1,M2SL,0,0,2007 Q1,2007-01-01,2007,1,8,Money and credit,Not selected
OCMT,2007 Q1,BOGMBASE,0,0,2007 Q1,2007-01-01,2007,1,8,Money and credit,Not selected
OCMT,2007 Q1,BUSLOANS,0,0,2007 Q1,2007-01-01,2007,1,8,Money and credit,Not selected
OCMT,2007 Q1,NONREVSL,0,0,2007 Q1,2007-01-01,2007,1,8,Money and credit,Not selected
OCMT,2007 Q1,CPIAUCSL,0,0,2007 Q1,2007-01-01,2007,1,8,Prices and commodities,Not selected
OCMT,2007 Q1,PPICMM,0,0,2007 Q1,2007-01-01,2007,1,8,Prices and commodities,Not selected
OCMT,2007 Q1,PCEPI,0,0,2007 Q1,2007-01-01,2007,1,8,Prices and commodities,Not selected
OCMT,2007 Q1,OILPRICEx,0,0,2007 Q1,2007-01-01,2007,1,8,Prices and commodities,Not selected
OCMT,2007 Q1,FEDFUNDS,0,0,2007 Q1,2007-01-01,2007,1,8,Financial / sentiment,Not selected
OCMT,2007 Q1,TB3MS,0,0,2007 Q1,2007-01-01,2007,1,8,Financial / sentiment,Not selected
OCMT,2007 Q1,GS10,0,0,2007 Q1,2007-01-01,2007,1,8,Financial / sentiment,Not selected
OCMT,2007 Q1,AAA,0,0,2007 Q1,2007-01-01,2007,1,8,Financial / sentiment,Not selected
OCMT,2007 Q1,BAA,0,0,2007 Q1,2007-01-01,2007,1,8,Financial / sentiment,Not selected
OCMT,2007 Q1,S&P 500,0,0,2007 Q1,2007-01-01,2007,1,8,Financial / sentiment,Not selected
OCMT,2007 Q1,VIXCLSx,0,0,2007 Q1,2007-01-01,2007,1,8,Financial / sentiment,Not selected
OCMT,2007 Q1,UMCSENTx,0,0,2007 Q1,2007-01-01,2007,1,8,Financial / sentiment,Not selected
OCMT,2007 Q1,TERM_SPREAD,0,0,2007 Q1,2007-01-01,2007,1,8,Financial / sentiment,Not selected
OCMT,2007 Q1,CREDIT_SPREAD,0,0,2007 Q1,2007-01-01,2007,1,8,Financial / sentiment,Not selected
OCMT,2007 Q2,RPI,1,1,2007 Q2,2007-04-01,2007,2,9,Real activity / consumption,Real activity / consumption
OCMT,2007 Q2,DPCERA3M086SBEA,0,0,2007 Q2,2007-04-01,2007,2,9,Real activity / consumption,Not selected
OCMT,2007 Q2,INDPRO,0,0,2007 Q2,2007-04-01,2007,2,9,Real activity / consumption,Not selected
OCMT,2007 Q2,CMRMTSPLx,0,0,2007 Q2,2007-04-01,2007,2,9,Real activity / consumption,Not selected
OCMT,2007 Q2,RETAILx,0,0,2007 Q2,2007-04-01,2007,2,9,Real activity / consumption,Not selected
OCMT,2007 Q2,UNRATE,1,1,2007 Q2,2007-04-01,2007,2,9,Labor market,Labor market
OCMT,2007 Q2,CLAIMSx,0,0,2007 Q2,2007-04-01,2007,2,9,Labor market,Not selected
OCMT,2007 Q2,PAYEMS,0,0,2007 Q2,2007-04-01,2007,2,9,Labor market,Not selected
OCMT,2007 Q2,AWHMAN,0,0,2007 Q2,2007-04-01,2007,2,9,Labor market,Not selected
OCMT,2007 Q2,HOUST,0,0,2007 Q2,2007-04-01,2007,2,9,Housing,Not selected
OCMT,2007 Q2,PERMIT,0,0,2007 Q2,2007-04-01,2007,2,9,Housing,Not selected
OCMT,2007 Q2,M1SL,0,0,2007 Q2,2007-04-01,2007,2,9,Money and credit,Not selected
OCMT,2007 Q2,M2SL,0,0,2007 Q2,2007-04-01,2007,2,9,Money and credit,Not selected
OCMT,2007 Q2,BOGMBASE,0,0,2007 Q2,2007-04-01,2007,2,9,Money and credit,Not selected
OCMT,2007 Q2,BUSLOANS,0,0,2007 Q2,2007-04-01,2007,2,9,Money and credit,Not selected
OCMT,2007 Q2,NONREVSL,0,0,2007 Q2,2007-04-01,2007,2,9,Money and credit,Not selected
OCMT,2007 Q2,CPIAUCSL,0,0,2007 Q2,2007-04-01,2007,2,9,Prices and commodities,Not selected
OCMT,2007 Q2,PPICMM,0,0,2007 Q2,2007-04-01,2007,2,9,Prices and commodities,Not selected
OCMT,2007 Q2,PCEPI,0,0,2007 Q2,2007-04-01,2007,2,9,Prices and commodities,Not selected
OCMT,2007 Q2,OILPRICEx,0,0,2007 Q2,2007-04-01,2007,2,9,Prices and commodities,Not selected
OCMT,2007 Q2,FEDFUNDS,0,0,2007 Q2,2007-04-01,2007,2,9,Financial / sentiment,Not selected
OCMT,2007 Q2,TB3MS,0,0,2007 Q2,2007-04-01,2007,2,9,Financial / sentiment,Not selected
OCMT,2007 Q2,GS10,0,0,2007 Q2,2007-04-01,2007,2,9,Financial / sentiment,Not selected
OCMT,2007 Q2,AAA,0,0,2007 Q2,2007-04-01,2007,2,9,Financial / sentiment,Not selected
OCMT,2007 Q2,BAA,0,0,2007 Q2,2007-04-01,2007,2,9,Financial / sentiment,Not selected
OCMT,2007 Q2,S&P 500,0,0,2007 Q2,2007-04-01,2007,2,9,Financial / sentiment,Not selected
OCMT,2007 Q2,VIXCLSx,0,0,2007 Q2,2007-04-01,2007,2,9,Financial / sentiment,Not selected
OCMT,2007 Q2,UMCSENTx,0,0,2007 Q2,2007-04-01,2007,2,9,Financial / sentiment,Not selected
OCMT,2007 Q2,TERM_SPREAD,0,0,2007 Q2,2007-04-01,2007,2,9,Financial / sentiment,Not selected
OCMT,2007 Q2,CREDIT_SPREAD,0,0,2007 Q2,2007-04-01,2007,2,9,Financial / sentiment,Not selected
OCMT,2007 Q3,RPI,1,1,2007 Q3,2007-07-01,2007,3,10,Real activity / consumption,Real activity / consumption
OCMT,2007 Q3,DPCERA3M086SBEA,0,0,2007 Q3,2007-07-01,2007,3,10,Real activity / consumption,Not selected
OCMT,2007 Q3,INDPRO,0,0,2007 Q3,2007-07-01,2007,3,10,Real activity / consumption,Not selected
OCMT,2007 Q3,CMRMTSPLx,0,0,2007 Q3,2007-07-01,2007,3,10,Real activity / consumption,Not selected
OCMT,2007 Q3,RETAILx,0,0,2007 Q3,2007-07-01,2007,3,10,Real activity / consumption,Not selected
OCMT,2007 Q3,UNRATE,1,1,2007 Q3,2007-07-01,2007,3,10,Labor market,Labor market
OCMT,2007 Q3,CLAIMSx,0,0,2007 Q3,2007-07-01,2007,3,10,Labor market,Not selected
OCMT,2007 Q3,PAYEMS,0,0,2007 Q3,2007-07-01,2007,3,10,Labor market,Not selected
OCMT,2007 Q3,AWHMAN,0,0,2007 Q3,2007-07-01,2007,3,10,Labor market,Not selected
OCMT,2007 Q3,HOUST,0,0,2007 Q3,2007-07-01,2007,3,10,Housing,Not selected
OCMT,2007 Q3,PERMIT,0,0,2007 Q3,2007-07-01,2007,3,10,Housing,Not selected
OCMT,2007 Q3,M1SL,0,0,2007 Q3,2007-07-01,2007,3,10,Money and credit,Not selected
OCMT,2007 Q3,M2SL,0,0,2007 Q3,2007-07-01,2007,3,10,Money and credit,Not selected
OCMT,2007 Q3,BOGMBASE,0,0,2007 Q3,2007-07-01,2007,3,10,Money and credit,Not selected
OCMT,2007 Q3,BUSLOANS,0,0,2007 Q3,2007-07-01,2007,3,10,Money and credit,Not selected
OCMT,2007 Q3,NONREVSL,0,0,2007 Q3,2007-07-01,2007,3,10,Money and credit,Not selected
OCMT,2007 Q3,CPIAUCSL,0,0,2007 Q3,2007-07-01,2007,3,10,Prices and commodities,Not selected
OCMT,2007 Q3,PPICMM,0,0,2007 Q3,2007-07-01,2007,3,10,Prices and commodities,Not selected
OCMT,2007 Q3,PCEPI,0,0,2007 Q3,2007-07-01,2007,3,10,Prices and commodities,Not selected
OCMT,2007 Q3,OILPRICEx,0,0,2007 Q3,2007-07-01,2007,3,10,Prices and commodities,Not selected
OCMT,2007 Q3,FEDFUNDS,0,0,2007 Q3,2007-07-01,2007,3,10,Financial / sentiment,Not selected
OCMT,2007 Q3,TB3MS,0,0,2007 Q3,2007-07-01,2007,3,10,Financial / sentiment,Not selected
OCMT,2007 Q3,GS10,0,0,2007 Q3,2007-07-01,2007,3,10,Financial / sentiment,Not selected
OCMT,2007 Q3,AAA,0,0,2007 Q3,2007-07-01,2007,3,10,Financial / sentiment,Not selected
OCMT,2007 Q3,BAA,0,0,2007 Q3,2007-07-01,2007,3,10,Financial / sentiment,Not selected
OCMT,2007 Q3,S&P 500,0,0,2007 Q3,2007-07-01,2007,3,10,Financial / sentiment,Not selected
OCMT,2007 Q3,VIXCLSx,0,0,2007 Q3,2007-07-01,2007,3,10,Financial / sentiment,Not selected
OCMT,2007 Q3,UMCSENTx,0,0,2007 Q3,2007-07-01,2007,3,10,Financial / sentiment,Not selected
OCMT,2007 Q3,TERM_SPREAD,0,0,2007 Q3,2007-07-01,2007,3,10,Financial / sentiment,Not selected
OCMT,2007 Q3,CREDIT_SPREAD,0,0,2007 Q3,2007-07-01,2007,3,10,Financial / sentiment,Not selected
OCMT,2007 Q4,RPI,1,1,2007 Q4,2007-10-01,2007,4,11,Real activity / consumption,Real activity / consumption
OCMT,2007 Q4,DPCERA3M086SBEA,0,0,2007 Q4,2007-10-01,2007,4,11,Real activity / consumption,Not selected
OCMT,2007 Q4,INDPRO,0,0,2007 Q4,2007-10-01,2007,4,11,Real activity / consumption,Not selected
OCMT,2007 Q4,CMRMTSPLx,0,0,2007 Q4,2007-10-01,2007,4,11,Real activity / consumption,Not selected
OCMT,2007 Q4,RETAILx,0,0,2007 Q4,2007-10-01,2007,4,11,Real activity / consumption,Not selected
OCMT,2007 Q4,UNRATE,0,0,2007 Q4,2007-10-01,2007,4,11,Labor market,Not selected
OCMT,2007 Q4,CLAIMSx,0,0,2007 Q4,2007-10-01,2007,4,11,Labor market,Not selected
OCMT,2007 Q4,PAYEMS,0,0,2007 Q4,2007-10-01,2007,4,11,Labor market,Not selected
OCMT,2007 Q4,AWHMAN,0,0,2007 Q4,2007-10-01,2007,4,11,Labor market,Not selected
OCMT,2007 Q4,HOUST,0,0,2007 Q4,2007-10-01,2007,4,11,Housing,Not selected
OCMT,2007 Q4,PERMIT,0,0,2007 Q4,2007-10-01,2007,4,11,Housing,Not selected
OCMT,2007 Q4,M1SL,0,0,2007 Q4,2007-10-01,2007,4,11,Money and credit,Not selected
OCMT,2007 Q4,M2SL,0,0,2007 Q4,2007-10-01,2007,4,11,Money and credit,Not selected
OCMT,2007 Q4,BOGMBASE,0,0,2007 Q4,2007-10-01,2007,4,11,Money and credit,Not selected
OCMT,2007 Q4,BUSLOANS,0,0,2007 Q4,2007-10-01,2007,4,11,Money and credit,Not selected
OCMT,2007 Q4,NONREVSL,0,0,2007 Q4,2007-10-01,2007,4,11,Money and credit,Not selected
OCMT,2007 Q4,CPIAUCSL,0,0,2007 Q4,2007-10-01,2007,4,11,Prices and commodities,Not selected
OCMT,2007 Q4,PPICMM,0,0,2007 Q4,2007-10-01,2007,4,11,Prices and commodities,Not selected
OCMT,2007 Q4,PCEPI,0,0,2007 Q4,2007-10-01,2007,4,11,Prices and commodities,Not selected
OCMT,2007 Q4,OILPRICEx,0,0,2007 Q4,2007-10-01,2007,4,11,Prices and commodities,Not selected
OCMT,2007 Q4,FEDFUNDS,0,0,2007 Q4,2007-10-01,2007,4,11,Financial / sentiment,Not selected
OCMT,2007 Q4,TB3MS,0,0,2007 Q4,2007-10-01,2007,4,11,Financial / sentiment,Not selected
OCMT,2007 Q4,GS10,0,0,2007 Q4,2007-10-01,2007,4,11,Financial / sentiment,Not selected
OCMT,2007 Q4,AAA,0,0,2007 Q4,2007-10-01,2007,4,11,Financial / sentiment,Not selected
OCMT,2007 Q4,BAA,0,0,2007 Q4,2007-10-01,2007,4,11,Financial / sentiment,Not selected
OCMT,2007 Q4,S&P 500,0,0,2007 Q4,2007-10-01,2007,4,11,Financial / sentiment,Not selected
OCMT,2007 Q4,VIXCLSx,0,0,2007 Q4,2007-10-01,2007,4,11,Financial / sentiment,Not selected
OCMT,2007 Q4,UMCSENTx,0,0,2007 Q4,2007-10-01,2007,4,11,Financial / sentiment,Not selected
OCMT,2007 Q4,TERM_SPREAD,0,0,2007 Q4,2007-10-01,2007,4,11,Financial / sentiment,Not selected
OCMT,2007 Q4,CREDIT_SPREAD,0,0,2007 Q4,2007-10-01,2007,4,11,Financial / sentiment,Not selected
OCMT,2008 Q1,RPI,1,1,2008 Q1,2008-01-01,2008,1,12,Real activity / consumption,Real activity / consumption
OCMT,2008 Q1,DPCERA3M086SBEA,0,0,2008 Q1,2008-01-01,2008,1,12,Real activity / consumption,Not selected
OCMT,2008 Q1,INDPRO,0,0,2008 Q1,2008-01-01,2008,1,12,Real activity / consumption,Not selected
OCMT,2008 Q1,CMRMTSPLx,0,0,2008 Q1,2008-01-01,2008,1,12,Real activity / consumption,Not selected
OCMT,2008 Q1,RETAILx,0,0,2008 Q1,2008-01-01,2008,1,12,Real activity / consumption,Not selected
OCMT,2008 Q1,UNRATE,0,0,2008 Q1,2008-01-01,2008,1,12,Labor market,Not selected
OCMT,2008 Q1,CLAIMSx,0,0,2008 Q1,2008-01-01,2008,1,12,Labor market,Not selected
OCMT,2008 Q1,PAYEMS,0,0,2008 Q1,2008-01-01,2008,1,12,Labor market,Not selected
OCMT,2008 Q1,AWHMAN,0,0,2008 Q1,2008-01-01,2008,1,12,Labor market,Not selected
OCMT,2008 Q1,HOUST,0,0,2008 Q1,2008-01-01,2008,1,12,Housing,Not selected
OCMT,2008 Q1,PERMIT,0,0,2008 Q1,2008-01-01,2008,1,12,Housing,Not selected
OCMT,2008 Q1,M1SL,0,0,2008 Q1,2008-01-01,2008,1,12,Money and credit,Not selected
OCMT,2008 Q1,M2SL,0,0,2008 Q1,2008-01-01,2008,1,12,Money and credit,Not selected
OCMT,2008 Q1,BOGMBASE,0,0,2008 Q1,2008-01-01,2008,1,12,Money and credit,Not selected
OCMT,2008 Q1,BUSLOANS,0,0,2008 Q1,2008-01-01,2008,1,12,Money and credit,Not selected
OCMT,2008 Q1,NONREVSL,0,0,2008 Q1,2008-01-01,2008,1,12,Money and credit,Not selected
OCMT,2008 Q1,CPIAUCSL,0,0,2008 Q1,2008-01-01,2008,1,12,Prices and commodities,Not selected
OCMT,2008 Q1,PPICMM,0,0,2008 Q1,2008-01-01,2008,1,12,Prices and commodities,Not selected
OCMT,2008 Q1,PCEPI,0,0,2008 Q1,2008-01-01,2008,1,12,Prices and commodities,Not selected
OCMT,2008 Q1,OILPRICEx,0,0,2008 Q1,2008-01-01,2008,1,12,Prices and commodities,Not selected
OCMT,2008 Q1,FEDFUNDS,0,0,2008 Q1,2008-01-01,2008,1,12,Financial / sentiment,Not selected
OCMT,2008 Q1,TB3MS,0,0,2008 Q1,2008-01-01,2008,1,12,Financial / sentiment,Not selected
OCMT,2008 Q1,GS10,0,0,2008 Q1,2008-01-01,2008,1,12,Financial / sentiment,Not selected
OCMT,2008 Q1,AAA,0,0,2008 Q1,2008-01-01,2008,1,12,Financial / sentiment,Not selected
OCMT,2008 Q1,BAA,0,0,2008 Q1,2008-01-01,2008,1,12,Financial / sentiment,Not selected
OCMT,2008 Q1,S&P 500,0,0,2008 Q1,2008-01-01,2008,1,12,Financial / sentiment,Not selected
OCMT,2008 Q1,VIXCLSx,0,0,2008 Q1,2008-01-01,2008,1,12,Financial / sentiment,Not selected
OCMT,2008 Q1,UMCSENTx,0,0,2008 Q1,2008-01-01,2008,1,12,Financial / sentiment,Not selected
OCMT,2008 Q1,TERM_SPREAD,0,0,2008 Q1,2008-01-01,2008,1,12,Financial / sentiment,Not selected
OCMT,2008 Q1,CREDIT_SPREAD,0,0,2008 Q1,2008-01-01,2008,1,12,Financial / sentiment,Not selected
OCMT,2008 Q2,RPI,1,1,2008 Q2,2008-04-01,2008,2,13,Real activity / consumption,Real activity / consumption
OCMT,2008 Q2,DPCERA3M086SBEA,0,0,2008 Q2,2008-04-01,2008,2,13,Real activity / consumption,Not selected
OCMT,2008 Q2,INDPRO,0,0,2008 Q2,2008-04-01,2008,2,13,Real activity / consumption,Not selected
OCMT,2008 Q2,CMRMTSPLx,0,0,2008 Q2,2008-04-01,2008,2,13,Real activity / consumption,Not selected
OCMT,2008 Q2,RETAILx,0,0,2008 Q2,2008-04-01,2008,2,13,Real activity / consumption,Not selected
OCMT,2008 Q2,UNRATE,1,1,2008 Q2,2008-04-01,2008,2,13,Labor market,Labor market
OCMT,2008 Q2,CLAIMSx,0,0,2008 Q2,2008-04-01,2008,2,13,Labor market,Not selected
OCMT,2008 Q2,PAYEMS,0,0,2008 Q2,2008-04-01,2008,2,13,Labor market,Not selected
OCMT,2008 Q2,AWHMAN,0,0,2008 Q2,2008-04-01,2008,2,13,Labor market,Not selected
OCMT,2008 Q2,HOUST,0,0,2008 Q2,2008-04-01,2008,2,13,Housing,Not selected
OCMT,2008 Q2,PERMIT,0,0,2008 Q2,2008-04-01,2008,2,13,Housing,Not selected
OCMT,2008 Q2,M1SL,0,0,2008 Q2,2008-04-01,2008,2,13,Money and credit,Not selected
OCMT,2008 Q2,M2SL,0,0,2008 Q2,2008-04-01,2008,2,13,Money and credit,Not selected
OCMT,2008 Q2,BOGMBASE,0,0,2008 Q2,2008-04-01,2008,2,13,Money and credit,Not selected
OCMT,2008 Q2,BUSLOANS,0,0,2008 Q2,2008-04-01,2008,2,13,Money and credit,Not selected
OCMT,2008 Q2,NONREVSL,0,0,2008 Q2,2008-04-01,2008,2,13,Money and credit,Not selected
OCMT,2008 Q2,CPIAUCSL,0,0,2008 Q2,2008-04-01,2008,2,13,Prices and commodities,Not selected
OCMT,2008 Q2,PPICMM,0,0,2008 Q2,2008-04-01,2008,2,13,Prices and commodities,Not selected
OCMT,2008 Q2,PCEPI,0,0,2008 Q2,2008-04-01,2008,2,13,Prices and commodities,Not selected
OCMT,2008 Q2,OILPRICEx,0,0,2008 Q2,2008-04-01,2008,2,13,Prices and commodities,Not selected
OCMT,2008 Q2,FEDFUNDS,0,0,2008 Q2,2008-04-01,2008,2,13,Financial / sentiment,Not selected
OCMT,2008 Q2,TB3MS,0,0,2008 Q2,2008-04-01,2008,2,13,Financial / sentiment,Not selected
OCMT,2008 Q2,GS10,0,0,2008 Q2,2008-04-01,2008,2,13,Financial / sentiment,Not selected
OCMT,2008 Q2,AAA,0,0,2008 Q2,2008-04-01,2008,2,13,Financial / sentiment,Not selected
OCMT,2008 Q2,BAA,0,0,2008 Q2,2008-04-01,2008,2,13,Financial / sentiment,Not selected
OCMT,2008 Q2,S&P 500,0,0,2008 Q2,2008-04-01,2008,2,13,Financial / sentiment,Not selected
OCMT,2008 Q2,VIXCLSx,0,0,2008 Q2,2008-04-01,2008,2,13,Financial / sentiment,Not selected
OCMT,2008 Q2,UMCSENTx,0,0,2008 Q2,2008-04-01,2008,2,13,Financial / sentiment,Not selected
OCMT,2008 Q2,TERM_SPREAD,0,0,2008 Q2,2008-04-01,2008,2,13,Financial / sentiment,Not selected
OCMT,2008 Q2,CREDIT_SPREAD,0,0,2008 Q2,2008-04-01,2008,2,13,Financial / sentiment,Not selected
OCMT,2008 Q3,RPI,0,0,2008 Q3,2008-07-01,2008,3,14,Real activity / consumption,Not selected
OCMT,2008 Q3,DPCERA3M086SBEA,0,0,2008 Q3,2008-07-01,2008,3,14,Real activity / consumption,Not selected
OCMT,2008 Q3,INDPRO,0,0,2008 Q3,2008-07-01,2008,3,14,Real activity / consumption,Not selected
OCMT,2008 Q3,CMRMTSPLx,0,0,2008 Q3,2008-07-01,2008,3,14,Real activity / consumption,Not selected
OCMT,2008 Q3,RETAILx,0,0,2008 Q3,2008-07-01,2008,3,14,Real activity / consumption,Not selected
OCMT,2008 Q3,UNRATE,1,1,2008 Q3,2008-07-01,2008,3,14,Labor market,Labor market
OCMT,2008 Q3,CLAIMSx,0,0,2008 Q3,2008-07-01,2008,3,14,Labor market,Not selected
OCMT,2008 Q3,PAYEMS,0,0,2008 Q3,2008-07-01,2008,3,14,Labor market,Not selected
OCMT,2008 Q3,AWHMAN,0,0,2008 Q3,2008-07-01,2008,3,14,Labor market,Not selected
OCMT,2008 Q3,HOUST,0,0,2008 Q3,2008-07-01,2008,3,14,Housing,Not selected
OCMT,2008 Q3,PERMIT,0,0,2008 Q3,2008-07-01,2008,3,14,Housing,Not selected
OCMT,2008 Q3,M1SL,0,0,2008 Q3,2008-07-01,2008,3,14,Money and credit,Not selected
OCMT,2008 Q3,M2SL,0,0,2008 Q3,2008-07-01,2008,3,14,Money and credit,Not selected
OCMT,2008 Q3,BOGMBASE,0,0,2008 Q3,2008-07-01,2008,3,14,Money and credit,Not selected
OCMT,2008 Q3,BUSLOANS,0,0,2008 Q3,2008-07-01,2008,3,14,Money and credit,Not selected
OCMT,2008 Q3,NONREVSL,0,0,2008 Q3,2008-07-01,2008,3,14,Money and credit,Not selected
OCMT,2008 Q3,CPIAUCSL,0,0,2008 Q3,2008-07-01,2008,3,14,Prices and commodities,Not selected
OCMT,2008 Q3,PPICMM,0,0,2008 Q3,2008-07-01,2008,3,14,Prices and commodities,Not selected
OCMT,2008 Q3,PCEPI,0,0,2008 Q3,2008-07-01,2008,3,14,Prices and commodities,Not selected
OCMT,2008 Q3,OILPRICEx,0,0,2008 Q3,2008-07-01,2008,3,14,Prices and commodities,Not selected
OCMT,2008 Q3,FEDFUNDS,0,0,2008 Q3,2008-07-01,2008,3,14,Financial / sentiment,Not selected
OCMT,2008 Q3,TB3MS,0,0,2008 Q3,2008-07-01,2008,3,14,Financial / sentiment,Not selected
OCMT,2008 Q3,GS10,0,0,2008 Q3,2008-07-01,2008,3,14,Financial / sentiment,Not selected
OCMT,2008 Q3,AAA,0,0,2008 Q3,2008-07-01,2008,3,14,Financial / sentiment,Not selected
OCMT,2008 Q3,BAA,0,0,2008 Q3,2008-07-01,2008,3,14,Financial / sentiment,Not selected
OCMT,2008 Q3,S&P 500,0,0,2008 Q3,2008-07-01,2008,3,14,Financial / sentiment,Not selected
OCMT,2008 Q3,VIXCLSx,0,0,2008 Q3,2008-07-01,2008,3,14,Financial / sentiment,Not selected
OCMT,2008 Q3,UMCSENTx,0,0,2008 Q3,2008-07-01,2008,3,14,Financial / sentiment,Not selected
OCMT,2008 Q3,TERM_SPREAD,0,0,2008 Q3,2008-07-01,2008,3,14,Financial / sentiment,Not selected
OCMT,2008 Q3,CREDIT_SPREAD,0,0,2008 Q3,2008-07-01,2008,3,14,Financial / sentiment,Not selected
OCMT,2008 Q4,RPI,0,0,2008 Q4,2008-10-01,2008,4,15,Real activity / consumption,Not selected
OCMT,2008 Q4,DPCERA3M086SBEA,0,0,2008 Q4,2008-10-01,2008,4,15,Real activity / consumption,Not selected
OCMT,2008 Q4,INDPRO,0,0,2008 Q4,2008-10-01,2008,4,15,Real activity / consumption,Not selected
OCMT,2008 Q4,CMRMTSPLx,0,0,2008 Q4,2008-10-01,2008,4,15,Real activity / consumption,Not selected
OCMT,2008 Q4,RETAILx,0,0,2008 Q4,2008-10-01,2008,4,15,Real activity / consumption,Not selected
OCMT,2008 Q4,UNRATE,0,0,2008 Q4,2008-10-01,2008,4,15,Labor market,Not selected
OCMT,2008 Q4,CLAIMSx,0,0,2008 Q4,2008-10-01,2008,4,15,Labor market,Not selected
OCMT,2008 Q4,PAYEMS,1,1,2008 Q4,2008-10-01,2008,4,15,Labor market,Labor market
OCMT,2008 Q4,AWHMAN,0,0,2008 Q4,2008-10-01,2008,4,15,Labor market,Not selected
OCMT,2008 Q4,HOUST,0,0,2008 Q4,2008-10-01,2008,4,15,Housing,Not selected
OCMT,2008 Q4,PERMIT,0,0,2008 Q4,2008-10-01,2008,4,15,Housing,Not selected
OCMT,2008 Q4,M1SL,0,0,2008 Q4,2008-10-01,2008,4,15,Money and credit,Not selected
OCMT,2008 Q4,M2SL,0,0,2008 Q4,2008-10-01,2008,4,15,Money and credit,Not selected
OCMT,2008 Q4,BOGMBASE,0,0,2008 Q4,2008-10-01,2008,4,15,Money and credit,Not selected
OCMT,2008 Q4,BUSLOANS,0,0,2008 Q4,2008-10-01,2008,4,15,Money and credit,Not selected
OCMT,2008 Q4,NONREVSL,0,0,2008 Q4,2008-10-01,2008,4,15,Money and credit,Not selected
OCMT,2008 Q4,CPIAUCSL,0,0,2008 Q4,2008-10-01,2008,4,15,Prices and commodities,Not selected
OCMT,2008 Q4,PPICMM,0,0,2008 Q4,2008-10-01,2008,4,15,Prices and commodities,Not selected
OCMT,2008 Q4,PCEPI,0,0,2008 Q4,2008-10-01,2008,4,15,Prices and commodities,Not selected
OCMT,2008 Q4,OILPRICEx,0,0,2008 Q4,2008-10-01,2008,4,15,Prices and commodities,Not selected
OCMT,2008 Q4,FEDFUNDS,0,0,2008 Q4,2008-10-01,2008,4,15,Financial / sentiment,Not selected
OCMT,2008 Q4,TB3MS,0,0,2008 Q4,2008-10-01,2008,4,15,Financial / sentiment,Not selected
OCMT,2008 Q4,GS10,0,0,2008 Q4,2008-10-01,2008,4,15,Financial / sentiment,Not selected
OCMT,2008 Q4,AAA,0,0,2008 Q4,2008-10-01,2008,4,15,Financial / sentiment,Not selected
OCMT,2008 Q4,BAA,0,0,2008 Q4,2008-10-01,2008,4,15,Financial / sentiment,Not selected
OCMT,2008 Q4,S&P 500,0,0,2008 Q4,2008-10-01,2008,4,15,Financial / sentiment,Not selected
OCMT,2008 Q4,VIXCLSx,0,0,2008 Q4,2008-10-01,2008,4,15,Financial / sentiment,Not selected
OCMT,2008 Q4,UMCSENTx,0,0,2008 Q4,2008-10-01,2008,4,15,Financial / sentiment,Not selected
OCMT,2008 Q4,TERM_SPREAD,0,0,2008 Q4,2008-10-01,2008,4,15,Financial / sentiment,Not selected
OCMT,2008 Q4,CREDIT_SPREAD,1,1,2008 Q4,2008-10-01,2008,4,15,Financial / sentiment,Financial / sentiment
OCMT,2009 Q1,RPI,0,0,2009 Q1,2009-01-01,2009,1,16,Real activity / consumption,Not selected
OCMT,2009 Q1,DPCERA3M086SBEA,0,0,2009 Q1,2009-01-01,2009,1,16,Real activity / consumption,Not selected
OCMT,2009 Q1,INDPRO,1,1,2009 Q1,2009-01-01,2009,1,16,Real activity / consumption,Real activity / consumption
OCMT,2009 Q1,CMRMTSPLx,0,0,2009 Q1,2009-01-01,2009,1,16,Real activity / consumption,Not selected
OCMT,2009 Q1,RETAILx,0,0,2009 Q1,2009-01-01,2009,1,16,Real activity / consumption,Not selected
OCMT,2009 Q1,UNRATE,0,0,2009 Q1,2009-01-01,2009,1,16,Labor market,Not selected
OCMT,2009 Q1,CLAIMSx,0,0,2009 Q1,2009-01-01,2009,1,16,Labor market,Not selected
OCMT,2009 Q1,PAYEMS,1,1,2009 Q1,2009-01-01,2009,1,16,Labor market,Labor market
OCMT,2009 Q1,AWHMAN,0,0,2009 Q1,2009-01-01,2009,1,16,Labor market,Not selected
OCMT,2009 Q1,HOUST,0,0,2009 Q1,2009-01-01,2009,1,16,Housing,Not selected
OCMT,2009 Q1,PERMIT,0,0,2009 Q1,2009-01-01,2009,1,16,Housing,Not selected
OCMT,2009 Q1,M1SL,0,0,2009 Q1,2009-01-01,2009,1,16,Money and credit,Not selected
OCMT,2009 Q1,M2SL,0,0,2009 Q1,2009-01-01,2009,1,16,Money and credit,Not selected
OCMT,2009 Q1,BOGMBASE,0,0,2009 Q1,2009-01-01,2009,1,16,Money and credit,Not selected
OCMT,2009 Q1,BUSLOANS,0,0,2009 Q1,2009-01-01,2009,1,16,Money and credit,Not selected
OCMT,2009 Q1,NONREVSL,0,0,2009 Q1,2009-01-01,2009,1,16,Money and credit,Not selected
OCMT,2009 Q1,CPIAUCSL,0,0,2009 Q1,2009-01-01,2009,1,16,Prices and commodities,Not selected
OCMT,2009 Q1,PPICMM,0,0,2009 Q1,2009-01-01,2009,1,16,Prices and commodities,Not selected
OCMT,2009 Q1,PCEPI,0,0,2009 Q1,2009-01-01,2009,1,16,Prices and commodities,Not selected
OCMT,2009 Q1,OILPRICEx,0,0,2009 Q1,2009-01-01,2009,1,16,Prices and commodities,Not selected
OCMT,2009 Q1,FEDFUNDS,0,0,2009 Q1,2009-01-01,2009,1,16,Financial / sentiment,Not selected
OCMT,2009 Q1,TB3MS,0,0,2009 Q1,2009-01-01,2009,1,16,Financial / sentiment,Not selected
OCMT,2009 Q1,GS10,0,0,2009 Q1,2009-01-01,2009,1,16,Financial / sentiment,Not selected
OCMT,2009 Q1,AAA,0,0,2009 Q1,2009-01-01,2009,1,16,Financial / sentiment,Not selected
OCMT,2009 Q1,BAA,0,0,2009 Q1,2009-01-01,2009,1,16,Financial / sentiment,Not selected
OCMT,2009 Q1,S&P 500,0,0,2009 Q1,2009-01-01,2009,1,16,Financial / sentiment,Not selected
OCMT,2009 Q1,VIXCLSx,0,0,2009 Q1,2009-01-01,2009,1,16,Financial / sentiment,Not selected
OCMT,2009 Q1,UMCSENTx,0,0,2009 Q1,2009-01-01,2009,1,16,Financial / sentiment,Not selected
OCMT,2009 Q1,TERM_SPREAD,0,0,2009 Q1,2009-01-01,2009,1,16,Financial / sentiment,Not selected
OCMT,2009 Q1,CREDIT_SPREAD,0,0,2009 Q1,2009-01-01,2009,1,16,Financial / sentiment,Not selected
OCMT,2009 Q2,RPI,0,0,2009 Q2,2009-04-01,2009,2,17,Real activity / consumption,Not selected
OCMT,2009 Q2,DPCERA3M086SBEA,0,0,2009 Q2,2009-04-01,2009,2,17,Real activity / consumption,Not selected
OCMT,2009 Q2,INDPRO,1,1,2009 Q2,2009-04-01,2009,2,17,Real activity / consumption,Real activity / consumption
OCMT,2009 Q2,CMRMTSPLx,0,0,2009 Q2,2009-04-01,2009,2,17,Real activity / consumption,Not selected
OCMT,2009 Q2,RETAILx,0,0,2009 Q2,2009-04-01,2009,2,17,Real activity / consumption,Not selected
OCMT,2009 Q2,UNRATE,0,0,2009 Q2,2009-04-01,2009,2,17,Labor market,Not selected
OCMT,2009 Q2,CLAIMSx,0,0,2009 Q2,2009-04-01,2009,2,17,Labor market,Not selected
OCMT,2009 Q2,PAYEMS,1,1,2009 Q2,2009-04-01,2009,2,17,Labor market,Labor market
OCMT,2009 Q2,AWHMAN,0,0,2009 Q2,2009-04-01,2009,2,17,Labor market,Not selected
OCMT,2009 Q2,HOUST,0,0,2009 Q2,2009-04-01,2009,2,17,Housing,Not selected
OCMT,2009 Q2,PERMIT,0,0,2009 Q2,2009-04-01,2009,2,17,Housing,Not selected
OCMT,2009 Q2,M1SL,0,0,2009 Q2,2009-04-01,2009,2,17,Money and credit,Not selected
OCMT,2009 Q2,M2SL,0,0,2009 Q2,2009-04-01,2009,2,17,Money and credit,Not selected
OCMT,2009 Q2,BOGMBASE,0,0,2009 Q2,2009-04-01,2009,2,17,Money and credit,Not selected
OCMT,2009 Q2,BUSLOANS,0,0,2009 Q2,2009-04-01,2009,2,17,Money and credit,Not selected
OCMT,2009 Q2,NONREVSL,0,0,2009 Q2,2009-04-01,2009,2,17,Money and credit,Not selected
OCMT,2009 Q2,CPIAUCSL,0,0,2009 Q2,2009-04-01,2009,2,17,Prices and commodities,Not selected
OCMT,2009 Q2,PPICMM,0,0,2009 Q2,2009-04-01,2009,2,17,Prices and commodities,Not selected
OCMT,2009 Q2,PCEPI,0,0,2009 Q2,2009-04-01,2009,2,17,Prices and commodities,Not selected
OCMT,2009 Q2,OILPRICEx,0,0,2009 Q2,2009-04-01,2009,2,17,Prices and commodities,Not selected
OCMT,2009 Q2,FEDFUNDS,0,0,2009 Q2,2009-04-01,2009,2,17,Financial / sentiment,Not selected
OCMT,2009 Q2,TB3MS,0,0,2009 Q2,2009-04-01,2009,2,17,Financial / sentiment,Not selected
OCMT,2009 Q2,GS10,0,0,2009 Q2,2009-04-01,2009,2,17,Financial / sentiment,Not selected
OCMT,2009 Q2,AAA,0,0,2009 Q2,2009-04-01,2009,2,17,Financial / sentiment,Not selected
OCMT,2009 Q2,BAA,0,0,2009 Q2,2009-04-01,2009,2,17,Financial / sentiment,Not selected
OCMT,2009 Q2,S&P 500,0,0,2009 Q2,2009-04-01,2009,2,17,Financial / sentiment,Not selected
OCMT,2009 Q2,VIXCLSx,0,0,2009 Q2,2009-04-01,2009,2,17,Financial / sentiment,Not selected
OCMT,2009 Q2,UMCSENTx,0,0,2009 Q2,2009-04-01,2009,2,17,Financial / sentiment,Not selected
OCMT,2009 Q2,TERM_SPREAD,0,0,2009 Q2,2009-04-01,2009,2,17,Financial / sentiment,Not selected
OCMT,2009 Q2,CREDIT_SPREAD,0,0,2009 Q2,2009-04-01,2009,2,17,Financial / sentiment,Not selected
OCMT,2009 Q3,RPI,0,0,2009 Q3,2009-07-01,2009,3,18,Real activity / consumption,Not selected
OCMT,2009 Q3,DPCERA3M086SBEA,0,0,2009 Q3,2009-07-01,2009,3,18,Real activity / consumption,Not selected
OCMT,2009 Q3,INDPRO,1,1,2009 Q3,2009-07-01,2009,3,18,Real activity / consumption,Real activity / consumption
OCMT,2009 Q3,CMRMTSPLx,0,0,2009 Q3,2009-07-01,2009,3,18,Real activity / consumption,Not selected
OCMT,2009 Q3,RETAILx,0,0,2009 Q3,2009-07-01,2009,3,18,Real activity / consumption,Not selected
OCMT,2009 Q3,UNRATE,0,0,2009 Q3,2009-07-01,2009,3,18,Labor market,Not selected
OCMT,2009 Q3,CLAIMSx,0,0,2009 Q3,2009-07-01,2009,3,18,Labor market,Not selected
OCMT,2009 Q3,PAYEMS,0,0,2009 Q3,2009-07-01,2009,3,18,Labor market,Not selected
OCMT,2009 Q3,AWHMAN,0,0,2009 Q3,2009-07-01,2009,3,18,Labor market,Not selected
OCMT,2009 Q3,HOUST,0,0,2009 Q3,2009-07-01,2009,3,18,Housing,Not selected
OCMT,2009 Q3,PERMIT,0,0,2009 Q3,2009-07-01,2009,3,18,Housing,Not selected
OCMT,2009 Q3,M1SL,0,0,2009 Q3,2009-07-01,2009,3,18,Money and credit,Not selected
OCMT,2009 Q3,M2SL,0,0,2009 Q3,2009-07-01,2009,3,18,Money and credit,Not selected
OCMT,2009 Q3,BOGMBASE,0,0,2009 Q3,2009-07-01,2009,3,18,Money and credit,Not selected
OCMT,2009 Q3,BUSLOANS,0,0,2009 Q3,2009-07-01,2009,3,18,Money and credit,Not selected
OCMT,2009 Q3,NONREVSL,0,0,2009 Q3,2009-07-01,2009,3,18,Money and credit,Not selected
OCMT,2009 Q3,CPIAUCSL,0,0,2009 Q3,2009-07-01,2009,3,18,Prices and commodities,Not selected
OCMT,2009 Q3,PPICMM,0,0,2009 Q3,2009-07-01,2009,3,18,Prices and commodities,Not selected
OCMT,2009 Q3,PCEPI,0,0,2009 Q3,2009-07-01,2009,3,18,Prices and commodities,Not selected
OCMT,2009 Q3,OILPRICEx,0,0,2009 Q3,2009-07-01,2009,3,18,Prices and commodities,Not selected
OCMT,2009 Q3,FEDFUNDS,0,0,2009 Q3,2009-07-01,2009,3,18,Financial / sentiment,Not selected
OCMT,2009 Q3,TB3MS,0,0,2009 Q3,2009-07-01,2009,3,18,Financial / sentiment,Not selected
OCMT,2009 Q3,GS10,0,0,2009 Q3,2009-07-01,2009,3,18,Financial / sentiment,Not selected
OCMT,2009 Q3,AAA,0,0,2009 Q3,2009-07-01,2009,3,18,Financial / sentiment,Not selected
OCMT,2009 Q3,BAA,0,0,2009 Q3,2009-07-01,2009,3,18,Financial / sentiment,Not selected
OCMT,2009 Q3,S&P 500,0,0,2009 Q3,2009-07-01,2009,3,18,Financial / sentiment,Not selected
OCMT,2009 Q3,VIXCLSx,0,0,2009 Q3,2009-07-01,2009,3,18,Financial / sentiment,Not selected
OCMT,2009 Q3,UMCSENTx,0,0,2009 Q3,2009-07-01,2009,3,18,Financial / sentiment,Not selected
OCMT,2009 Q3,TERM_SPREAD,0,0,2009 Q3,2009-07-01,2009,3,18,Financial / sentiment,Not selected
OCMT,2009 Q3,CREDIT_SPREAD,0,0,2009 Q3,2009-07-01,2009,3,18,Financial / sentiment,Not selected
OCMT,2009 Q4,RPI,0,0,2009 Q4,2009-10-01,2009,4,19,Real activity / consumption,Not selected
OCMT,2009 Q4,DPCERA3M086SBEA,0,0,2009 Q4,2009-10-01,2009,4,19,Real activity / consumption,Not selected
OCMT,2009 Q4,INDPRO,1,1,2009 Q4,2009-10-01,2009,4,19,Real activity / consumption,Real activity / consumption
OCMT,2009 Q4,CMRMTSPLx,0,0,2009 Q4,2009-10-01,2009,4,19,Real activity / consumption,Not selected
OCMT,2009 Q4,RETAILx,0,0,2009 Q4,2009-10-01,2009,4,19,Real activity / consumption,Not selected
OCMT,2009 Q4,UNRATE,0,0,2009 Q4,2009-10-01,2009,4,19,Labor market,Not selected
OCMT,2009 Q4,CLAIMSx,0,0,2009 Q4,2009-10-01,2009,4,19,Labor market,Not selected
OCMT,2009 Q4,PAYEMS,0,0,2009 Q4,2009-10-01,2009,4,19,Labor market,Not selected
OCMT,2009 Q4,AWHMAN,0,0,2009 Q4,2009-10-01,2009,4,19,Labor market,Not selected
OCMT,2009 Q4,HOUST,0,0,2009 Q4,2009-10-01,2009,4,19,Housing,Not selected
OCMT,2009 Q4,PERMIT,0,0,2009 Q4,2009-10-01,2009,4,19,Housing,Not selected
OCMT,2009 Q4,M1SL,0,0,2009 Q4,2009-10-01,2009,4,19,Money and credit,Not selected
OCMT,2009 Q4,M2SL,0,0,2009 Q4,2009-10-01,2009,4,19,Money and credit,Not selected
OCMT,2009 Q4,BOGMBASE,0,0,2009 Q4,2009-10-01,2009,4,19,Money and credit,Not selected
OCMT,2009 Q4,BUSLOANS,0,0,2009 Q4,2009-10-01,2009,4,19,Money and credit,Not selected
OCMT,2009 Q4,NONREVSL,0,0,2009 Q4,2009-10-01,2009,4,19,Money and credit,Not selected
OCMT,2009 Q4,CPIAUCSL,0,0,2009 Q4,2009-10-01,2009,4,19,Prices and commodities,Not selected
OCMT,2009 Q4,PPICMM,0,0,2009 Q4,2009-10-01,2009,4,19,Prices and commodities,Not selected
OCMT,2009 Q4,PCEPI,0,0,2009 Q4,2009-10-01,2009,4,19,Prices and commodities,Not selected
OCMT,2009 Q4,OILPRICEx,0,0,2009 Q4,2009-10-01,2009,4,19,Prices and commodities,Not selected
OCMT,2009 Q4,FEDFUNDS,0,0,2009 Q4,2009-10-01,2009,4,19,Financial / sentiment,Not selected
OCMT,2009 Q4,TB3MS,0,0,2009 Q4,2009-10-01,2009,4,19,Financial / sentiment,Not selected
OCMT,2009 Q4,GS10,0,0,2009 Q4,2009-10-01,2009,4,19,Financial / sentiment,Not selected
OCMT,2009 Q4,AAA,0,0,2009 Q4,2009-10-01,2009,4,19,Financial / sentiment,Not selected
OCMT,2009 Q4,BAA,0,0,2009 Q4,2009-10-01,2009,4,19,Financial / sentiment,Not selected
OCMT,2009 Q4,S&P 500,0,0,2009 Q4,2009-10-01,2009,4,19,Financial / sentiment,Not selected
OCMT,2009 Q4,VIXCLSx,0,0,2009 Q4,2009-10-01,2009,4,19,Financial / sentiment,Not selected
OCMT,2009 Q4,UMCSENTx,0,0,2009 Q4,2009-10-01,2009,4,19,Financial / sentiment,Not selected
OCMT,2009 Q4,TERM_SPREAD,0,0,2009 Q4,2009-10-01,2009,4,19,Financial / sentiment,Not selected
OCMT,2009 Q4,CREDIT_SPREAD,0,0,2009 Q4,2009-10-01,2009,4,19,Financial / sentiment,Not selected
OCMT,2010 Q1,RPI,0,0,2010 Q1,2010-01-01,2010,1,20,Real activity / consumption,Not selected
OCMT,2010 Q1,DPCERA3M086SBEA,0,0,2010 Q1,2010-01-01,2010,1,20,Real activity / consumption,Not selected
OCMT,2010 Q1,INDPRO,1,1,2010 Q1,2010-01-01,2010,1,20,Real activity / consumption,Real activity / consumption
OCMT,2010 Q1,CMRMTSPLx,0,0,2010 Q1,2010-01-01,2010,1,20,Real activity / consumption,Not selected
OCMT,2010 Q1,RETAILx,0,0,2010 Q1,2010-01-01,2010,1,20,Real activity / consumption,Not selected
OCMT,2010 Q1,UNRATE,0,0,2010 Q1,2010-01-01,2010,1,20,Labor market,Not selected
OCMT,2010 Q1,CLAIMSx,0,0,2010 Q1,2010-01-01,2010,1,20,Labor market,Not selected
OCMT,2010 Q1,PAYEMS,0,0,2010 Q1,2010-01-01,2010,1,20,Labor market,Not selected
OCMT,2010 Q1,AWHMAN,0,0,2010 Q1,2010-01-01,2010,1,20,Labor market,Not selected
OCMT,2010 Q1,HOUST,0,0,2010 Q1,2010-01-01,2010,1,20,Housing,Not selected
OCMT,2010 Q1,PERMIT,0,0,2010 Q1,2010-01-01,2010,1,20,Housing,Not selected
OCMT,2010 Q1,M1SL,0,0,2010 Q1,2010-01-01,2010,1,20,Money and credit,Not selected
OCMT,2010 Q1,M2SL,0,0,2010 Q1,2010-01-01,2010,1,20,Money and credit,Not selected
OCMT,2010 Q1,BOGMBASE,0,0,2010 Q1,2010-01-01,2010,1,20,Money and credit,Not selected
OCMT,2010 Q1,BUSLOANS,0,0,2010 Q1,2010-01-01,2010,1,20,Money and credit,Not selected
OCMT,2010 Q1,NONREVSL,0,0,2010 Q1,2010-01-01,2010,1,20,Money and credit,Not selected
OCMT,2010 Q1,CPIAUCSL,0,0,2010 Q1,2010-01-01,2010,1,20,Prices and commodities,Not selected
OCMT,2010 Q1,PPICMM,0,0,2010 Q1,2010-01-01,2010,1,20,Prices and commodities,Not selected
OCMT,2010 Q1,PCEPI,0,0,2010 Q1,2010-01-01,2010,1,20,Prices and commodities,Not selected
OCMT,2010 Q1,OILPRICEx,0,0,2010 Q1,2010-01-01,2010,1,20,Prices and commodities,Not selected
OCMT,2010 Q1,FEDFUNDS,0,0,2010 Q1,2010-01-01,2010,1,20,Financial / sentiment,Not selected
OCMT,2010 Q1,TB3MS,0,0,2010 Q1,2010-01-01,2010,1,20,Financial / sentiment,Not selected
OCMT,2010 Q1,GS10,0,0,2010 Q1,2010-01-01,2010,1,20,Financial / sentiment,Not selected
OCMT,2010 Q1,AAA,0,0,2010 Q1,2010-01-01,2010,1,20,Financial / sentiment,Not selected
OCMT,2010 Q1,BAA,0,0,2010 Q1,2010-01-01,2010,1,20,Financial / sentiment,Not selected
OCMT,2010 Q1,S&P 500,0,0,2010 Q1,2010-01-01,2010,1,20,Financial / sentiment,Not selected
OCMT,2010 Q1,VIXCLSx,0,0,2010 Q1,2010-01-01,2010,1,20,Financial / sentiment,Not selected
OCMT,2010 Q1,UMCSENTx,0,0,2010 Q1,2010-01-01,2010,1,20,Financial / sentiment,Not selected
OCMT,2010 Q1,TERM_SPREAD,0,0,2010 Q1,2010-01-01,2010,1,20,Financial / sentiment,Not selected
OCMT,2010 Q1,CREDIT_SPREAD,0,0,2010 Q1,2010-01-01,2010,1,20,Financial / sentiment,Not selected
OCMT,2010 Q2,RPI,0,0,2010 Q2,2010-04-01,2010,2,21,Real activity / consumption,Not selected
OCMT,2010 Q2,DPCERA3M086SBEA,0,0,2010 Q2,2010-04-01,2010,2,21,Real activity / consumption,Not selected
OCMT,2010 Q2,INDPRO,2,1,2010 Q2,2010-04-01,2010,2,21,Real activity / consumption,Real activity / consumption
OCMT,2010 Q2,CMRMTSPLx,0,0,2010 Q2,2010-04-01,2010,2,21,Real activity / consumption,Not selected
OCMT,2010 Q2,RETAILx,0,0,2010 Q2,2010-04-01,2010,2,21,Real activity / consumption,Not selected
OCMT,2010 Q2,UNRATE,0,0,2010 Q2,2010-04-01,2010,2,21,Labor market,Not selected
OCMT,2010 Q2,CLAIMSx,0,0,2010 Q2,2010-04-01,2010,2,21,Labor market,Not selected
OCMT,2010 Q2,PAYEMS,0,0,2010 Q2,2010-04-01,2010,2,21,Labor market,Not selected
OCMT,2010 Q2,AWHMAN,0,0,2010 Q2,2010-04-01,2010,2,21,Labor market,Not selected
OCMT,2010 Q2,HOUST,0,0,2010 Q2,2010-04-01,2010,2,21,Housing,Not selected
OCMT,2010 Q2,PERMIT,0,0,2010 Q2,2010-04-01,2010,2,21,Housing,Not selected
OCMT,2010 Q2,M1SL,0,0,2010 Q2,2010-04-01,2010,2,21,Money and credit,Not selected
OCMT,2010 Q2,M2SL,0,0,2010 Q2,2010-04-01,2010,2,21,Money and credit,Not selected
OCMT,2010 Q2,BOGMBASE,0,0,2010 Q2,2010-04-01,2010,2,21,Money and credit,Not selected
OCMT,2010 Q2,BUSLOANS,0,0,2010 Q2,2010-04-01,2010,2,21,Money and credit,Not selected
OCMT,2010 Q2,NONREVSL,0,0,2010 Q2,2010-04-01,2010,2,21,Money and credit,Not selected
OCMT,2010 Q2,CPIAUCSL,0,0,2010 Q2,2010-04-01,2010,2,21,Prices and commodities,Not selected
OCMT,2010 Q2,PPICMM,0,0,2010 Q2,2010-04-01,2010,2,21,Prices and commodities,Not selected
OCMT,2010 Q2,PCEPI,0,0,2010 Q2,2010-04-01,2010,2,21,Prices and commodities,Not selected
OCMT,2010 Q2,OILPRICEx,0,0,2010 Q2,2010-04-01,2010,2,21,Prices and commodities,Not selected
OCMT,2010 Q2,FEDFUNDS,0,0,2010 Q2,2010-04-01,2010,2,21,Financial / sentiment,Not selected
OCMT,2010 Q2,TB3MS,0,0,2010 Q2,2010-04-01,2010,2,21,Financial / sentiment,Not selected
OCMT,2010 Q2,GS10,0,0,2010 Q2,2010-04-01,2010,2,21,Financial / sentiment,Not selected
OCMT,2010 Q2,AAA,0,0,2010 Q2,2010-04-01,2010,2,21,Financial / sentiment,Not selected
OCMT,2010 Q2,BAA,0,0,2010 Q2,2010-04-01,2010,2,21,Financial / sentiment,Not selected
OCMT,2010 Q2,S&P 500,0,0,2010 Q2,2010-04-01,2010,2,21,Financial / sentiment,Not selected
OCMT,2010 Q2,VIXCLSx,0,0,2010 Q2,2010-04-01,2010,2,21,Financial / sentiment,Not selected
OCMT,2010 Q2,UMCSENTx,0,0,2010 Q2,2010-04-01,2010,2,21,Financial / sentiment,Not selected
OCMT,2010 Q2,TERM_SPREAD,0,0,2010 Q2,2010-04-01,2010,2,21,Financial / sentiment,Not selected
OCMT,2010 Q2,CREDIT_SPREAD,0,0,2010 Q2,2010-04-01,2010,2,21,Financial / sentiment,Not selected
OCMT,2010 Q3,RPI,0,0,2010 Q3,2010-07-01,2010,3,22,Real activity / consumption,Not selected
OCMT,2010 Q3,DPCERA3M086SBEA,0,0,2010 Q3,2010-07-01,2010,3,22,Real activity / consumption,Not selected
OCMT,2010 Q3,INDPRO,2,1,2010 Q3,2010-07-01,2010,3,22,Real activity / consumption,Real activity / consumption
OCMT,2010 Q3,CMRMTSPLx,0,0,2010 Q3,2010-07-01,2010,3,22,Real activity / consumption,Not selected
OCMT,2010 Q3,RETAILx,0,0,2010 Q3,2010-07-01,2010,3,22,Real activity / consumption,Not selected
OCMT,2010 Q3,UNRATE,0,0,2010 Q3,2010-07-01,2010,3,22,Labor market,Not selected
OCMT,2010 Q3,CLAIMSx,0,0,2010 Q3,2010-07-01,2010,3,22,Labor market,Not selected
OCMT,2010 Q3,PAYEMS,0,0,2010 Q3,2010-07-01,2010,3,22,Labor market,Not selected
OCMT,2010 Q3,AWHMAN,0,0,2010 Q3,2010-07-01,2010,3,22,Labor market,Not selected
OCMT,2010 Q3,HOUST,0,0,2010 Q3,2010-07-01,2010,3,22,Housing,Not selected
OCMT,2010 Q3,PERMIT,0,0,2010 Q3,2010-07-01,2010,3,22,Housing,Not selected
OCMT,2010 Q3,M1SL,0,0,2010 Q3,2010-07-01,2010,3,22,Money and credit,Not selected
OCMT,2010 Q3,M2SL,0,0,2010 Q3,2010-07-01,2010,3,22,Money and credit,Not selected
OCMT,2010 Q3,BOGMBASE,0,0,2010 Q3,2010-07-01,2010,3,22,Money and credit,Not selected
OCMT,2010 Q3,BUSLOANS,0,0,2010 Q3,2010-07-01,2010,3,22,Money and credit,Not selected
OCMT,2010 Q3,NONREVSL,0,0,2010 Q3,2010-07-01,2010,3,22,Money and credit,Not selected
OCMT,2010 Q3,CPIAUCSL,0,0,2010 Q3,2010-07-01,2010,3,22,Prices and commodities,Not selected
OCMT,2010 Q3,PPICMM,0,0,2010 Q3,2010-07-01,2010,3,22,Prices and commodities,Not selected
OCMT,2010 Q3,PCEPI,0,0,2010 Q3,2010-07-01,2010,3,22,Prices and commodities,Not selected
OCMT,2010 Q3,OILPRICEx,0,0,2010 Q3,2010-07-01,2010,3,22,Prices and commodities,Not selected
OCMT,2010 Q3,FEDFUNDS,0,0,2010 Q3,2010-07-01,2010,3,22,Financial / sentiment,Not selected
OCMT,2010 Q3,TB3MS,0,0,2010 Q3,2010-07-01,2010,3,22,Financial / sentiment,Not selected
OCMT,2010 Q3,GS10,0,0,2010 Q3,2010-07-01,2010,3,22,Financial / sentiment,Not selected
OCMT,2010 Q3,AAA,0,0,2010 Q3,2010-07-01,2010,3,22,Financial / sentiment,Not selected
OCMT,2010 Q3,BAA,0,0,2010 Q3,2010-07-01,2010,3,22,Financial / sentiment,Not selected
OCMT,2010 Q3,S&P 500,0,0,2010 Q3,2010-07-01,2010,3,22,Financial / sentiment,Not selected
OCMT,2010 Q3,VIXCLSx,0,0,2010 Q3,2010-07-01,2010,3,22,Financial / sentiment,Not selected
OCMT,2010 Q3,UMCSENTx,0,0,2010 Q3,2010-07-01,2010,3,22,Financial / sentiment,Not selected
OCMT,2010 Q3,TERM_SPREAD,0,0,2010 Q3,2010-07-01,2010,3,22,Financial / sentiment,Not selected
OCMT,2010 Q3,CREDIT_SPREAD,0,0,2010 Q3,2010-07-01,2010,3,22,Financial / sentiment,Not selected
OCMT,2010 Q4,RPI,0,0,2010 Q4,2010-10-01,2010,4,23,Real activity / consumption,Not selected
OCMT,2010 Q4,DPCERA3M086SBEA,0,0,2010 Q4,2010-10-01,2010,4,23,Real activity / consumption,Not selected
OCMT,2010 Q4,INDPRO,2,1,2010 Q4,2010-10-01,2010,4,23,Real activity / consumption,Real activity / consumption
OCMT,2010 Q4,CMRMTSPLx,0,0,2010 Q4,2010-10-01,2010,4,23,Real activity / consumption,Not selected
OCMT,2010 Q4,RETAILx,0,0,2010 Q4,2010-10-01,2010,4,23,Real activity / consumption,Not selected
OCMT,2010 Q4,UNRATE,0,0,2010 Q4,2010-10-01,2010,4,23,Labor market,Not selected
OCMT,2010 Q4,CLAIMSx,0,0,2010 Q4,2010-10-01,2010,4,23,Labor market,Not selected
OCMT,2010 Q4,PAYEMS,0,0,2010 Q4,2010-10-01,2010,4,23,Labor market,Not selected
OCMT,2010 Q4,AWHMAN,0,0,2010 Q4,2010-10-01,2010,4,23,Labor market,Not selected
OCMT,2010 Q4,HOUST,0,0,2010 Q4,2010-10-01,2010,4,23,Housing,Not selected
OCMT,2010 Q4,PERMIT,0,0,2010 Q4,2010-10-01,2010,4,23,Housing,Not selected
OCMT,2010 Q4,M1SL,1,1,2010 Q4,2010-10-01,2010,4,23,Money and credit,Money and credit
OCMT,2010 Q4,M2SL,0,0,2010 Q4,2010-10-01,2010,4,23,Money and credit,Not selected
OCMT,2010 Q4,BOGMBASE,0,0,2010 Q4,2010-10-01,2010,4,23,Money and credit,Not selected
OCMT,2010 Q4,BUSLOANS,0,0,2010 Q4,2010-10-01,2010,4,23,Money and credit,Not selected
OCMT,2010 Q4,NONREVSL,0,0,2010 Q4,2010-10-01,2010,4,23,Money and credit,Not selected
OCMT,2010 Q4,CPIAUCSL,0,0,2010 Q4,2010-10-01,2010,4,23,Prices and commodities,Not selected
OCMT,2010 Q4,PPICMM,0,0,2010 Q4,2010-10-01,2010,4,23,Prices and commodities,Not selected
OCMT,2010 Q4,PCEPI,0,0,2010 Q4,2010-10-01,2010,4,23,Prices and commodities,Not selected
OCMT,2010 Q4,OILPRICEx,0,0,2010 Q4,2010-10-01,2010,4,23,Prices and commodities,Not selected
OCMT,2010 Q4,FEDFUNDS,0,0,2010 Q4,2010-10-01,2010,4,23,Financial / sentiment,Not selected
OCMT,2010 Q4,TB3MS,0,0,2010 Q4,2010-10-01,2010,4,23,Financial / sentiment,Not selected
OCMT,2010 Q4,GS10,0,0,2010 Q4,2010-10-01,2010,4,23,Financial / sentiment,Not selected
OCMT,2010 Q4,AAA,0,0,2010 Q4,2010-10-01,2010,4,23,Financial / sentiment,Not selected
OCMT,2010 Q4,BAA,0,0,2010 Q4,2010-10-01,2010,4,23,Financial / sentiment,Not selected
OCMT,2010 Q4,S&P 500,0,0,2010 Q4,2010-10-01,2010,4,23,Financial / sentiment,Not selected
OCMT,2010 Q4,VIXCLSx,0,0,2010 Q4,2010-10-01,2010,4,23,Financial / sentiment,Not selected
OCMT,2010 Q4,UMCSENTx,0,0,2010 Q4,2010-10-01,2010,4,23,Financial / sentiment,Not selected
OCMT,2010 Q4,TERM_SPREAD,0,0,2010 Q4,2010-10-01,2010,4,23,Financial / sentiment,Not selected
OCMT,2010 Q4,CREDIT_SPREAD,0,0,2010 Q4,2010-10-01,2010,4,23,Financial / sentiment,Not selected
OCMT,2011 Q1,RPI,0,0,2011 Q1,2011-01-01,2011,1,24,Real activity / consumption,Not selected
OCMT,2011 Q1,DPCERA3M086SBEA,0,0,2011 Q1,2011-01-01,2011,1,24,Real activity / consumption,Not selected
OCMT,2011 Q1,INDPRO,2,1,2011 Q1,2011-01-01,2011,1,24,Real activity / consumption,Real activity / consumption
OCMT,2011 Q1,CMRMTSPLx,0,0,2011 Q1,2011-01-01,2011,1,24,Real activity / consumption,Not selected
OCMT,2011 Q1,RETAILx,0,0,2011 Q1,2011-01-01,2011,1,24,Real activity / consumption,Not selected
OCMT,2011 Q1,UNRATE,0,0,2011 Q1,2011-01-01,2011,1,24,Labor market,Not selected
OCMT,2011 Q1,CLAIMSx,0,0,2011 Q1,2011-01-01,2011,1,24,Labor market,Not selected
OCMT,2011 Q1,PAYEMS,0,0,2011 Q1,2011-01-01,2011,1,24,Labor market,Not selected
OCMT,2011 Q1,AWHMAN,0,0,2011 Q1,2011-01-01,2011,1,24,Labor market,Not selected
OCMT,2011 Q1,HOUST,0,0,2011 Q1,2011-01-01,2011,1,24,Housing,Not selected
OCMT,2011 Q1,PERMIT,0,0,2011 Q1,2011-01-01,2011,1,24,Housing,Not selected
OCMT,2011 Q1,M1SL,0,0,2011 Q1,2011-01-01,2011,1,24,Money and credit,Not selected
OCMT,2011 Q1,M2SL,0,0,2011 Q1,2011-01-01,2011,1,24,Money and credit,Not selected
OCMT,2011 Q1,BOGMBASE,0,0,2011 Q1,2011-01-01,2011,1,24,Money and credit,Not selected
OCMT,2011 Q1,BUSLOANS,0,0,2011 Q1,2011-01-01,2011,1,24,Money and credit,Not selected
OCMT,2011 Q1,NONREVSL,0,0,2011 Q1,2011-01-01,2011,1,24,Money and credit,Not selected
OCMT,2011 Q1,CPIAUCSL,0,0,2011 Q1,2011-01-01,2011,1,24,Prices and commodities,Not selected
OCMT,2011 Q1,PPICMM,0,0,2011 Q1,2011-01-01,2011,1,24,Prices and commodities,Not selected
OCMT,2011 Q1,PCEPI,0,0,2011 Q1,2011-01-01,2011,1,24,Prices and commodities,Not selected
OCMT,2011 Q1,OILPRICEx,0,0,2011 Q1,2011-01-01,2011,1,24,Prices and commodities,Not selected
OCMT,2011 Q1,FEDFUNDS,0,0,2011 Q1,2011-01-01,2011,1,24,Financial / sentiment,Not selected
OCMT,2011 Q1,TB3MS,0,0,2011 Q1,2011-01-01,2011,1,24,Financial / sentiment,Not selected
OCMT,2011 Q1,GS10,0,0,2011 Q1,2011-01-01,2011,1,24,Financial / sentiment,Not selected
OCMT,2011 Q1,AAA,0,0,2011 Q1,2011-01-01,2011,1,24,Financial / sentiment,Not selected
OCMT,2011 Q1,BAA,0,0,2011 Q1,2011-01-01,2011,1,24,Financial / sentiment,Not selected
OCMT,2011 Q1,S&P 500,0,0,2011 Q1,2011-01-01,2011,1,24,Financial / sentiment,Not selected
OCMT,2011 Q1,VIXCLSx,0,0,2011 Q1,2011-01-01,2011,1,24,Financial / sentiment,Not selected
OCMT,2011 Q1,UMCSENTx,0,0,2011 Q1,2011-01-01,2011,1,24,Financial / sentiment,Not selected
OCMT,2011 Q1,TERM_SPREAD,0,0,2011 Q1,2011-01-01,2011,1,24,Financial / sentiment,Not selected
OCMT,2011 Q1,CREDIT_SPREAD,0,0,2011 Q1,2011-01-01,2011,1,24,Financial / sentiment,Not selected
OCMT,2011 Q2,RPI,0,0,2011 Q2,2011-04-01,2011,2,25,Real activity / consumption,Not selected
OCMT,2011 Q2,DPCERA3M086SBEA,0,0,2011 Q2,2011-04-01,2011,2,25,Real activity / consumption,Not selected
OCMT,2011 Q2,INDPRO,2,1,2011 Q2,2011-04-01,2011,2,25,Real activity / consumption,Real activity / consumption
OCMT,2011 Q2,CMRMTSPLx,0,0,2011 Q2,2011-04-01,2011,2,25,Real activity / consumption,Not selected
OCMT,2011 Q2,RETAILx,0,0,2011 Q2,2011-04-01,2011,2,25,Real activity / consumption,Not selected
OCMT,2011 Q2,UNRATE,0,0,2011 Q2,2011-04-01,2011,2,25,Labor market,Not selected
OCMT,2011 Q2,CLAIMSx,0,0,2011 Q2,2011-04-01,2011,2,25,Labor market,Not selected
OCMT,2011 Q2,PAYEMS,1,1,2011 Q2,2011-04-01,2011,2,25,Labor market,Labor market
OCMT,2011 Q2,AWHMAN,0,0,2011 Q2,2011-04-01,2011,2,25,Labor market,Not selected
OCMT,2011 Q2,HOUST,0,0,2011 Q2,2011-04-01,2011,2,25,Housing,Not selected
OCMT,2011 Q2,PERMIT,0,0,2011 Q2,2011-04-01,2011,2,25,Housing,Not selected
OCMT,2011 Q2,M1SL,0,0,2011 Q2,2011-04-01,2011,2,25,Money and credit,Not selected
OCMT,2011 Q2,M2SL,0,0,2011 Q2,2011-04-01,2011,2,25,Money and credit,Not selected
OCMT,2011 Q2,BOGMBASE,0,0,2011 Q2,2011-04-01,2011,2,25,Money and credit,Not selected
OCMT,2011 Q2,BUSLOANS,0,0,2011 Q2,2011-04-01,2011,2,25,Money and credit,Not selected
OCMT,2011 Q2,NONREVSL,0,0,2011 Q2,2011-04-01,2011,2,25,Money and credit,Not selected
OCMT,2011 Q2,CPIAUCSL,0,0,2011 Q2,2011-04-01,2011,2,25,Prices and commodities,Not selected
OCMT,2011 Q2,PPICMM,0,0,2011 Q2,2011-04-01,2011,2,25,Prices and commodities,Not selected
OCMT,2011 Q2,PCEPI,0,0,2011 Q2,2011-04-01,2011,2,25,Prices and commodities,Not selected
OCMT,2011 Q2,OILPRICEx,0,0,2011 Q2,2011-04-01,2011,2,25,Prices and commodities,Not selected
OCMT,2011 Q2,FEDFUNDS,0,0,2011 Q2,2011-04-01,2011,2,25,Financial / sentiment,Not selected
OCMT,2011 Q2,TB3MS,0,0,2011 Q2,2011-04-01,2011,2,25,Financial / sentiment,Not selected
OCMT,2011 Q2,GS10,0,0,2011 Q2,2011-04-01,2011,2,25,Financial / sentiment,Not selected
OCMT,2011 Q2,AAA,0,0,2011 Q2,2011-04-01,2011,2,25,Financial / sentiment,Not selected
OCMT,2011 Q2,BAA,0,0,2011 Q2,2011-04-01,2011,2,25,Financial / sentiment,Not selected
OCMT,2011 Q2,S&P 500,0,0,2011 Q2,2011-04-01,2011,2,25,Financial / sentiment,Not selected
OCMT,2011 Q2,VIXCLSx,0,0,2011 Q2,2011-04-01,2011,2,25,Financial / sentiment,Not selected
OCMT,2011 Q2,UMCSENTx,0,0,2011 Q2,2011-04-01,2011,2,25,Financial / sentiment,Not selected
OCMT,2011 Q2,TERM_SPREAD,0,0,2011 Q2,2011-04-01,2011,2,25,Financial / sentiment,Not selected
OCMT,2011 Q2,CREDIT_SPREAD,0,0,2011 Q2,2011-04-01,2011,2,25,Financial / sentiment,Not selected
OCMT,2011 Q3,RPI,0,0,2011 Q3,2011-07-01,2011,3,26,Real activity / consumption,Not selected
OCMT,2011 Q3,DPCERA3M086SBEA,0,0,2011 Q3,2011-07-01,2011,3,26,Real activity / consumption,Not selected
OCMT,2011 Q3,INDPRO,2,1,2011 Q3,2011-07-01,2011,3,26,Real activity / consumption,Real activity / consumption
OCMT,2011 Q3,CMRMTSPLx,0,0,2011 Q3,2011-07-01,2011,3,26,Real activity / consumption,Not selected
OCMT,2011 Q3,RETAILx,0,0,2011 Q3,2011-07-01,2011,3,26,Real activity / consumption,Not selected
OCMT,2011 Q3,UNRATE,0,0,2011 Q3,2011-07-01,2011,3,26,Labor market,Not selected
OCMT,2011 Q3,CLAIMSx,0,0,2011 Q3,2011-07-01,2011,3,26,Labor market,Not selected
OCMT,2011 Q3,PAYEMS,0,0,2011 Q3,2011-07-01,2011,3,26,Labor market,Not selected
OCMT,2011 Q3,AWHMAN,0,0,2011 Q3,2011-07-01,2011,3,26,Labor market,Not selected
OCMT,2011 Q3,HOUST,0,0,2011 Q3,2011-07-01,2011,3,26,Housing,Not selected
OCMT,2011 Q3,PERMIT,0,0,2011 Q3,2011-07-01,2011,3,26,Housing,Not selected
OCMT,2011 Q3,M1SL,0,0,2011 Q3,2011-07-01,2011,3,26,Money and credit,Not selected
OCMT,2011 Q3,M2SL,0,0,2011 Q3,2011-07-01,2011,3,26,Money and credit,Not selected
OCMT,2011 Q3,BOGMBASE,0,0,2011 Q3,2011-07-01,2011,3,26,Money and credit,Not selected
OCMT,2011 Q3,BUSLOANS,0,0,2011 Q3,2011-07-01,2011,3,26,Money and credit,Not selected
OCMT,2011 Q3,NONREVSL,0,0,2011 Q3,2011-07-01,2011,3,26,Money and credit,Not selected
OCMT,2011 Q3,CPIAUCSL,0,0,2011 Q3,2011-07-01,2011,3,26,Prices and commodities,Not selected
OCMT,2011 Q3,PPICMM,0,0,2011 Q3,2011-07-01,2011,3,26,Prices and commodities,Not selected
OCMT,2011 Q3,PCEPI,0,0,2011 Q3,2011-07-01,2011,3,26,Prices and commodities,Not selected
OCMT,2011 Q3,OILPRICEx,0,0,2011 Q3,2011-07-01,2011,3,26,Prices and commodities,Not selected
OCMT,2011 Q3,FEDFUNDS,0,0,2011 Q3,2011-07-01,2011,3,26,Financial / sentiment,Not selected
OCMT,2011 Q3,TB3MS,0,0,2011 Q3,2011-07-01,2011,3,26,Financial / sentiment,Not selected
OCMT,2011 Q3,GS10,0,0,2011 Q3,2011-07-01,2011,3,26,Financial / sentiment,Not selected
OCMT,2011 Q3,AAA,0,0,2011 Q3,2011-07-01,2011,3,26,Financial / sentiment,Not selected
OCMT,2011 Q3,BAA,0,0,2011 Q3,2011-07-01,2011,3,26,Financial / sentiment,Not selected
OCMT,2011 Q3,S&P 500,0,0,2011 Q3,2011-07-01,2011,3,26,Financial / sentiment,Not selected
OCMT,2011 Q3,VIXCLSx,0,0,2011 Q3,2011-07-01,2011,3,26,Financial / sentiment,Not selected
OCMT,2011 Q3,UMCSENTx,0,0,2011 Q3,2011-07-01,2011,3,26,Financial / sentiment,Not selected
OCMT,2011 Q3,TERM_SPREAD,0,0,2011 Q3,2011-07-01,2011,3,26,Financial / sentiment,Not selected
OCMT,2011 Q3,CREDIT_SPREAD,0,0,2011 Q3,2011-07-01,2011,3,26,Financial / sentiment,Not selected
OCMT,2011 Q4,RPI,0,0,2011 Q4,2011-10-01,2011,4,27,Real activity / consumption,Not selected
OCMT,2011 Q4,DPCERA3M086SBEA,0,0,2011 Q4,2011-10-01,2011,4,27,Real activity / consumption,Not selected
OCMT,2011 Q4,INDPRO,2,1,2011 Q4,2011-10-01,2011,4,27,Real activity / consumption,Real activity / consumption
OCMT,2011 Q4,CMRMTSPLx,0,0,2011 Q4,2011-10-01,2011,4,27,Real activity / consumption,Not selected
OCMT,2011 Q4,RETAILx,0,0,2011 Q4,2011-10-01,2011,4,27,Real activity / consumption,Not selected
OCMT,2011 Q4,UNRATE,0,0,2011 Q4,2011-10-01,2011,4,27,Labor market,Not selected
OCMT,2011 Q4,CLAIMSx,0,0,2011 Q4,2011-10-01,2011,4,27,Labor market,Not selected
OCMT,2011 Q4,PAYEMS,1,1,2011 Q4,2011-10-01,2011,4,27,Labor market,Labor market
OCMT,2011 Q4,AWHMAN,0,0,2011 Q4,2011-10-01,2011,4,27,Labor market,Not selected
OCMT,2011 Q4,HOUST,0,0,2011 Q4,2011-10-01,2011,4,27,Housing,Not selected
OCMT,2011 Q4,PERMIT,0,0,2011 Q4,2011-10-01,2011,4,27,Housing,Not selected
OCMT,2011 Q4,M1SL,0,0,2011 Q4,2011-10-01,2011,4,27,Money and credit,Not selected
OCMT,2011 Q4,M2SL,0,0,2011 Q4,2011-10-01,2011,4,27,Money and credit,Not selected
OCMT,2011 Q4,BOGMBASE,0,0,2011 Q4,2011-10-01,2011,4,27,Money and credit,Not selected
OCMT,2011 Q4,BUSLOANS,0,0,2011 Q4,2011-10-01,2011,4,27,Money and credit,Not selected
OCMT,2011 Q4,NONREVSL,0,0,2011 Q4,2011-10-01,2011,4,27,Money and credit,Not selected
OCMT,2011 Q4,CPIAUCSL,0,0,2011 Q4,2011-10-01,2011,4,27,Prices and commodities,Not selected
OCMT,2011 Q4,PPICMM,0,0,2011 Q4,2011-10-01,2011,4,27,Prices and commodities,Not selected
OCMT,2011 Q4,PCEPI,0,0,2011 Q4,2011-10-01,2011,4,27,Prices and commodities,Not selected
OCMT,2011 Q4,OILPRICEx,0,0,2011 Q4,2011-10-01,2011,4,27,Prices and commodities,Not selected
OCMT,2011 Q4,FEDFUNDS,0,0,2011 Q4,2011-10-01,2011,4,27,Financial / sentiment,Not selected
OCMT,2011 Q4,TB3MS,0,0,2011 Q4,2011-10-01,2011,4,27,Financial / sentiment,Not selected
OCMT,2011 Q4,GS10,0,0,2011 Q4,2011-10-01,2011,4,27,Financial / sentiment,Not selected
OCMT,2011 Q4,AAA,0,0,2011 Q4,2011-10-01,2011,4,27,Financial / sentiment,Not selected
OCMT,2011 Q4,BAA,0,0,2011 Q4,2011-10-01,2011,4,27,Financial / sentiment,Not selected
OCMT,2011 Q4,S&P 500,0,0,2011 Q4,2011-10-01,2011,4,27,Financial / sentiment,Not selected
OCMT,2011 Q4,VIXCLSx,0,0,2011 Q4,2011-10-01,2011,4,27,Financial / sentiment,Not selected
OCMT,2011 Q4,UMCSENTx,0,0,2011 Q4,2011-10-01,2011,4,27,Financial / sentiment,Not selected
OCMT,2011 Q4,TERM_SPREAD,0,0,2011 Q4,2011-10-01,2011,4,27,Financial / sentiment,Not selected
OCMT,2011 Q4,CREDIT_SPREAD,0,0,2011 Q4,2011-10-01,2011,4,27,Financial / sentiment,Not selected
OCMT,2012 Q1,RPI,0,0,2012 Q1,2012-01-01,2012,1,28,Real activity / consumption,Not selected
OCMT,2012 Q1,DPCERA3M086SBEA,0,0,2012 Q1,2012-01-01,2012,1,28,Real activity / consumption,Not selected
OCMT,2012 Q1,INDPRO,2,1,2012 Q1,2012-01-01,2012,1,28,Real activity / consumption,Real activity / consumption
OCMT,2012 Q1,CMRMTSPLx,0,0,2012 Q1,2012-01-01,2012,1,28,Real activity / consumption,Not selected
OCMT,2012 Q1,RETAILx,0,0,2012 Q1,2012-01-01,2012,1,28,Real activity / consumption,Not selected
OCMT,2012 Q1,UNRATE,0,0,2012 Q1,2012-01-01,2012,1,28,Labor market,Not selected
OCMT,2012 Q1,CLAIMSx,0,0,2012 Q1,2012-01-01,2012,1,28,Labor market,Not selected
OCMT,2012 Q1,PAYEMS,1,1,2012 Q1,2012-01-01,2012,1,28,Labor market,Labor market
OCMT,2012 Q1,AWHMAN,0,0,2012 Q1,2012-01-01,2012,1,28,Labor market,Not selected
OCMT,2012 Q1,HOUST,0,0,2012 Q1,2012-01-01,2012,1,28,Housing,Not selected
OCMT,2012 Q1,PERMIT,0,0,2012 Q1,2012-01-01,2012,1,28,Housing,Not selected
OCMT,2012 Q1,M1SL,0,0,2012 Q1,2012-01-01,2012,1,28,Money and credit,Not selected
OCMT,2012 Q1,M2SL,0,0,2012 Q1,2012-01-01,2012,1,28,Money and credit,Not selected
OCMT,2012 Q1,BOGMBASE,0,0,2012 Q1,2012-01-01,2012,1,28,Money and credit,Not selected
OCMT,2012 Q1,BUSLOANS,0,0,2012 Q1,2012-01-01,2012,1,28,Money and credit,Not selected
OCMT,2012 Q1,NONREVSL,0,0,2012 Q1,2012-01-01,2012,1,28,Money and credit,Not selected
OCMT,2012 Q1,CPIAUCSL,0,0,2012 Q1,2012-01-01,2012,1,28,Prices and commodities,Not selected
OCMT,2012 Q1,PPICMM,0,0,2012 Q1,2012-01-01,2012,1,28,Prices and commodities,Not selected
OCMT,2012 Q1,PCEPI,0,0,2012 Q1,2012-01-01,2012,1,28,Prices and commodities,Not selected
OCMT,2012 Q1,OILPRICEx,0,0,2012 Q1,2012-01-01,2012,1,28,Prices and commodities,Not selected
OCMT,2012 Q1,FEDFUNDS,0,0,2012 Q1,2012-01-01,2012,1,28,Financial / sentiment,Not selected
OCMT,2012 Q1,TB3MS,0,0,2012 Q1,2012-01-01,2012,1,28,Financial / sentiment,Not selected
OCMT,2012 Q1,GS10,0,0,2012 Q1,2012-01-01,2012,1,28,Financial / sentiment,Not selected
OCMT,2012 Q1,AAA,0,0,2012 Q1,2012-01-01,2012,1,28,Financial / sentiment,Not selected
OCMT,2012 Q1,BAA,0,0,2012 Q1,2012-01-01,2012,1,28,Financial / sentiment,Not selected
OCMT,2012 Q1,S&P 500,0,0,2012 Q1,2012-01-01,2012,1,28,Financial / sentiment,Not selected
OCMT,2012 Q1,VIXCLSx,0,0,2012 Q1,2012-01-01,2012,1,28,Financial / sentiment,Not selected
OCMT,2012 Q1,UMCSENTx,0,0,2012 Q1,2012-01-01,2012,1,28,Financial / sentiment,Not selected
OCMT,2012 Q1,TERM_SPREAD,0,0,2012 Q1,2012-01-01,2012,1,28,Financial / sentiment,Not selected
OCMT,2012 Q1,CREDIT_SPREAD,0,0,2012 Q1,2012-01-01,2012,1,28,Financial / sentiment,Not selected
OCMT,2012 Q2,RPI,0,0,2012 Q2,2012-04-01,2012,2,29,Real activity / consumption,Not selected
OCMT,2012 Q2,DPCERA3M086SBEA,0,0,2012 Q2,2012-04-01,2012,2,29,Real activity / consumption,Not selected
OCMT,2012 Q2,INDPRO,2,1,2012 Q2,2012-04-01,2012,2,29,Real activity / consumption,Real activity / consumption
OCMT,2012 Q2,CMRMTSPLx,0,0,2012 Q2,2012-04-01,2012,2,29,Real activity / consumption,Not selected
OCMT,2012 Q2,RETAILx,0,0,2012 Q2,2012-04-01,2012,2,29,Real activity / consumption,Not selected
OCMT,2012 Q2,UNRATE,0,0,2012 Q2,2012-04-01,2012,2,29,Labor market,Not selected
OCMT,2012 Q2,CLAIMSx,0,0,2012 Q2,2012-04-01,2012,2,29,Labor market,Not selected
OCMT,2012 Q2,PAYEMS,1,1,2012 Q2,2012-04-01,2012,2,29,Labor market,Labor market
OCMT,2012 Q2,AWHMAN,0,0,2012 Q2,2012-04-01,2012,2,29,Labor market,Not selected
OCMT,2012 Q2,HOUST,0,0,2012 Q2,2012-04-01,2012,2,29,Housing,Not selected
OCMT,2012 Q2,PERMIT,0,0,2012 Q2,2012-04-01,2012,2,29,Housing,Not selected
OCMT,2012 Q2,M1SL,0,0,2012 Q2,2012-04-01,2012,2,29,Money and credit,Not selected
OCMT,2012 Q2,M2SL,0,0,2012 Q2,2012-04-01,2012,2,29,Money and credit,Not selected
OCMT,2012 Q2,BOGMBASE,0,0,2012 Q2,2012-04-01,2012,2,29,Money and credit,Not selected
OCMT,2012 Q2,BUSLOANS,0,0,2012 Q2,2012-04-01,2012,2,29,Money and credit,Not selected
OCMT,2012 Q2,NONREVSL,0,0,2012 Q2,2012-04-01,2012,2,29,Money and credit,Not selected
OCMT,2012 Q2,CPIAUCSL,0,0,2012 Q2,2012-04-01,2012,2,29,Prices and commodities,Not selected
OCMT,2012 Q2,PPICMM,0,0,2012 Q2,2012-04-01,2012,2,29,Prices and commodities,Not selected
OCMT,2012 Q2,PCEPI,0,0,2012 Q2,2012-04-01,2012,2,29,Prices and commodities,Not selected
OCMT,2012 Q2,OILPRICEx,0,0,2012 Q2,2012-04-01,2012,2,29,Prices and commodities,Not selected
OCMT,2012 Q2,FEDFUNDS,0,0,2012 Q2,2012-04-01,2012,2,29,Financial / sentiment,Not selected
OCMT,2012 Q2,TB3MS,0,0,2012 Q2,2012-04-01,2012,2,29,Financial / sentiment,Not selected
OCMT,2012 Q2,GS10,0,0,2012 Q2,2012-04-01,2012,2,29,Financial / sentiment,Not selected
OCMT,2012 Q2,AAA,0,0,2012 Q2,2012-04-01,2012,2,29,Financial / sentiment,Not selected
OCMT,2012 Q2,BAA,0,0,2012 Q2,2012-04-01,2012,2,29,Financial / sentiment,Not selected
OCMT,2012 Q2,S&P 500,0,0,2012 Q2,2012-04-01,2012,2,29,Financial / sentiment,Not selected
OCMT,2012 Q2,VIXCLSx,0,0,2012 Q2,2012-04-01,2012,2,29,Financial / sentiment,Not selected
OCMT,2012 Q2,UMCSENTx,0,0,2012 Q2,2012-04-01,2012,2,29,Financial / sentiment,Not selected
OCMT,2012 Q2,TERM_SPREAD,0,0,2012 Q2,2012-04-01,2012,2,29,Financial / sentiment,Not selected
OCMT,2012 Q2,CREDIT_SPREAD,0,0,2012 Q2,2012-04-01,2012,2,29,Financial / sentiment,Not selected
OCMT,2012 Q3,RPI,0,0,2012 Q3,2012-07-01,2012,3,30,Real activity / consumption,Not selected
OCMT,2012 Q3,DPCERA3M086SBEA,0,0,2012 Q3,2012-07-01,2012,3,30,Real activity / consumption,Not selected
OCMT,2012 Q3,INDPRO,2,1,2012 Q3,2012-07-01,2012,3,30,Real activity / consumption,Real activity / consumption
OCMT,2012 Q3,CMRMTSPLx,0,0,2012 Q3,2012-07-01,2012,3,30,Real activity / consumption,Not selected
OCMT,2012 Q3,RETAILx,0,0,2012 Q3,2012-07-01,2012,3,30,Real activity / consumption,Not selected
OCMT,2012 Q3,UNRATE,0,0,2012 Q3,2012-07-01,2012,3,30,Labor market,Not selected
OCMT,2012 Q3,CLAIMSx,0,0,2012 Q3,2012-07-01,2012,3,30,Labor market,Not selected
OCMT,2012 Q3,PAYEMS,1,1,2012 Q3,2012-07-01,2012,3,30,Labor market,Labor market
OCMT,2012 Q3,AWHMAN,0,0,2012 Q3,2012-07-01,2012,3,30,Labor market,Not selected
OCMT,2012 Q3,HOUST,0,0,2012 Q3,2012-07-01,2012,3,30,Housing,Not selected
OCMT,2012 Q3,PERMIT,0,0,2012 Q3,2012-07-01,2012,3,30,Housing,Not selected
OCMT,2012 Q3,M1SL,0,0,2012 Q3,2012-07-01,2012,3,30,Money and credit,Not selected
OCMT,2012 Q3,M2SL,0,0,2012 Q3,2012-07-01,2012,3,30,Money and credit,Not selected
OCMT,2012 Q3,BOGMBASE,0,0,2012 Q3,2012-07-01,2012,3,30,Money and credit,Not selected
OCMT,2012 Q3,BUSLOANS,0,0,2012 Q3,2012-07-01,2012,3,30,Money and credit,Not selected
OCMT,2012 Q3,NONREVSL,0,0,2012 Q3,2012-07-01,2012,3,30,Money and credit,Not selected
OCMT,2012 Q3,CPIAUCSL,0,0,2012 Q3,2012-07-01,2012,3,30,Prices and commodities,Not selected
OCMT,2012 Q3,PPICMM,0,0,2012 Q3,2012-07-01,2012,3,30,Prices and commodities,Not selected
OCMT,2012 Q3,PCEPI,0,0,2012 Q3,2012-07-01,2012,3,30,Prices and commodities,Not selected
OCMT,2012 Q3,OILPRICEx,0,0,2012 Q3,2012-07-01,2012,3,30,Prices and commodities,Not selected
OCMT,2012 Q3,FEDFUNDS,0,0,2012 Q3,2012-07-01,2012,3,30,Financial / sentiment,Not selected
OCMT,2012 Q3,TB3MS,0,0,2012 Q3,2012-07-01,2012,3,30,Financial / sentiment,Not selected
OCMT,2012 Q3,GS10,0,0,2012 Q3,2012-07-01,2012,3,30,Financial / sentiment,Not selected
OCMT,2012 Q3,AAA,0,0,2012 Q3,2012-07-01,2012,3,30,Financial / sentiment,Not selected
OCMT,2012 Q3,BAA,0,0,2012 Q3,2012-07-01,2012,3,30,Financial / sentiment,Not selected
OCMT,2012 Q3,S&P 500,0,0,2012 Q3,2012-07-01,2012,3,30,Financial / sentiment,Not selected
OCMT,2012 Q3,VIXCLSx,0,0,2012 Q3,2012-07-01,2012,3,30,Financial / sentiment,Not selected
OCMT,2012 Q3,UMCSENTx,0,0,2012 Q3,2012-07-01,2012,3,30,Financial / sentiment,Not selected
OCMT,2012 Q3,TERM_SPREAD,0,0,2012 Q3,2012-07-01,2012,3,30,Financial / sentiment,Not selected
OCMT,2012 Q3,CREDIT_SPREAD,0,0,2012 Q3,2012-07-01,2012,3,30,Financial / sentiment,Not selected
OCMT,2012 Q4,RPI,0,0,2012 Q4,2012-10-01,2012,4,31,Real activity / consumption,Not selected
OCMT,2012 Q4,DPCERA3M086SBEA,0,0,2012 Q4,2012-10-01,2012,4,31,Real activity / consumption,Not selected
OCMT,2012 Q4,INDPRO,2,1,2012 Q4,2012-10-01,2012,4,31,Real activity / consumption,Real activity / consumption
OCMT,2012 Q4,CMRMTSPLx,0,0,2012 Q4,2012-10-01,2012,4,31,Real activity / consumption,Not selected
OCMT,2012 Q4,RETAILx,0,0,2012 Q4,2012-10-01,2012,4,31,Real activity / consumption,Not selected
OCMT,2012 Q4,UNRATE,0,0,2012 Q4,2012-10-01,2012,4,31,Labor market,Not selected
OCMT,2012 Q4,CLAIMSx,0,0,2012 Q4,2012-10-01,2012,4,31,Labor market,Not selected
OCMT,2012 Q4,PAYEMS,1,1,2012 Q4,2012-10-01,2012,4,31,Labor market,Labor market
OCMT,2012 Q4,AWHMAN,0,0,2012 Q4,2012-10-01,2012,4,31,Labor market,Not selected
OCMT,2012 Q4,HOUST,0,0,2012 Q4,2012-10-01,2012,4,31,Housing,Not selected
OCMT,2012 Q4,PERMIT,0,0,2012 Q4,2012-10-01,2012,4,31,Housing,Not selected
OCMT,2012 Q4,M1SL,0,0,2012 Q4,2012-10-01,2012,4,31,Money and credit,Not selected
OCMT,2012 Q4,M2SL,0,0,2012 Q4,2012-10-01,2012,4,31,Money and credit,Not selected
OCMT,2012 Q4,BOGMBASE,0,0,2012 Q4,2012-10-01,2012,4,31,Money and credit,Not selected
OCMT,2012 Q4,BUSLOANS,0,0,2012 Q4,2012-10-01,2012,4,31,Money and credit,Not selected
OCMT,2012 Q4,NONREVSL,0,0,2012 Q4,2012-10-01,2012,4,31,Money and credit,Not selected
OCMT,2012 Q4,CPIAUCSL,0,0,2012 Q4,2012-10-01,2012,4,31,Prices and commodities,Not selected
OCMT,2012 Q4,PPICMM,0,0,2012 Q4,2012-10-01,2012,4,31,Prices and commodities,Not selected
OCMT,2012 Q4,PCEPI,0,0,2012 Q4,2012-10-01,2012,4,31,Prices and commodities,Not selected
OCMT,2012 Q4,OILPRICEx,0,0,2012 Q4,2012-10-01,2012,4,31,Prices and commodities,Not selected
OCMT,2012 Q4,FEDFUNDS,0,0,2012 Q4,2012-10-01,2012,4,31,Financial / sentiment,Not selected
OCMT,2012 Q4,TB3MS,0,0,2012 Q4,2012-10-01,2012,4,31,Financial / sentiment,Not selected
OCMT,2012 Q4,GS10,0,0,2012 Q4,2012-10-01,2012,4,31,Financial / sentiment,Not selected
OCMT,2012 Q4,AAA,0,0,2012 Q4,2012-10-01,2012,4,31,Financial / sentiment,Not selected
OCMT,2012 Q4,BAA,0,0,2012 Q4,2012-10-01,2012,4,31,Financial / sentiment,Not selected
OCMT,2012 Q4,S&P 500,0,0,2012 Q4,2012-10-01,2012,4,31,Financial / sentiment,Not selected
OCMT,2012 Q4,VIXCLSx,0,0,2012 Q4,2012-10-01,2012,4,31,Financial / sentiment,Not selected
OCMT,2012 Q4,UMCSENTx,0,0,2012 Q4,2012-10-01,2012,4,31,Financial / sentiment,Not selected
OCMT,2012 Q4,TERM_SPREAD,0,0,2012 Q4,2012-10-01,2012,4,31,Financial / sentiment,Not selected
OCMT,2012 Q4,CREDIT_SPREAD,0,0,2012 Q4,2012-10-01,2012,4,31,Financial / sentiment,Not selected
OCMT,2013 Q1,RPI,0,0,2013 Q1,2013-01-01,2013,1,32,Real activity / consumption,Not selected
OCMT,2013 Q1,DPCERA3M086SBEA,0,0,2013 Q1,2013-01-01,2013,1,32,Real activity / consumption,Not selected
OCMT,2013 Q1,INDPRO,2,1,2013 Q1,2013-01-01,2013,1,32,Real activity / consumption,Real activity / consumption
OCMT,2013 Q1,CMRMTSPLx,0,0,2013 Q1,2013-01-01,2013,1,32,Real activity / consumption,Not selected
OCMT,2013 Q1,RETAILx,0,0,2013 Q1,2013-01-01,2013,1,32,Real activity / consumption,Not selected
OCMT,2013 Q1,UNRATE,0,0,2013 Q1,2013-01-01,2013,1,32,Labor market,Not selected
OCMT,2013 Q1,CLAIMSx,0,0,2013 Q1,2013-01-01,2013,1,32,Labor market,Not selected
OCMT,2013 Q1,PAYEMS,1,1,2013 Q1,2013-01-01,2013,1,32,Labor market,Labor market
OCMT,2013 Q1,AWHMAN,0,0,2013 Q1,2013-01-01,2013,1,32,Labor market,Not selected
OCMT,2013 Q1,HOUST,0,0,2013 Q1,2013-01-01,2013,1,32,Housing,Not selected
OCMT,2013 Q1,PERMIT,0,0,2013 Q1,2013-01-01,2013,1,32,Housing,Not selected
OCMT,2013 Q1,M1SL,0,0,2013 Q1,2013-01-01,2013,1,32,Money and credit,Not selected
OCMT,2013 Q1,M2SL,0,0,2013 Q1,2013-01-01,2013,1,32,Money and credit,Not selected
OCMT,2013 Q1,BOGMBASE,0,0,2013 Q1,2013-01-01,2013,1,32,Money and credit,Not selected
OCMT,2013 Q1,BUSLOANS,0,0,2013 Q1,2013-01-01,2013,1,32,Money and credit,Not selected
OCMT,2013 Q1,NONREVSL,0,0,2013 Q1,2013-01-01,2013,1,32,Money and credit,Not selected
OCMT,2013 Q1,CPIAUCSL,0,0,2013 Q1,2013-01-01,2013,1,32,Prices and commodities,Not selected
OCMT,2013 Q1,PPICMM,0,0,2013 Q1,2013-01-01,2013,1,32,Prices and commodities,Not selected
OCMT,2013 Q1,PCEPI,0,0,2013 Q1,2013-01-01,2013,1,32,Prices and commodities,Not selected
OCMT,2013 Q1,OILPRICEx,0,0,2013 Q1,2013-01-01,2013,1,32,Prices and commodities,Not selected
OCMT,2013 Q1,FEDFUNDS,0,0,2013 Q1,2013-01-01,2013,1,32,Financial / sentiment,Not selected
OCMT,2013 Q1,TB3MS,0,0,2013 Q1,2013-01-01,2013,1,32,Financial / sentiment,Not selected
OCMT,2013 Q1,GS10,0,0,2013 Q1,2013-01-01,2013,1,32,Financial / sentiment,Not selected
OCMT,2013 Q1,AAA,0,0,2013 Q1,2013-01-01,2013,1,32,Financial / sentiment,Not selected
OCMT,2013 Q1,BAA,0,0,2013 Q1,2013-01-01,2013,1,32,Financial / sentiment,Not selected
OCMT,2013 Q1,S&P 500,0,0,2013 Q1,2013-01-01,2013,1,32,Financial / sentiment,Not selected
OCMT,2013 Q1,VIXCLSx,0,0,2013 Q1,2013-01-01,2013,1,32,Financial / sentiment,Not selected
OCMT,2013 Q1,UMCSENTx,0,0,2013 Q1,2013-01-01,2013,1,32,Financial / sentiment,Not selected
OCMT,2013 Q1,TERM_SPREAD,0,0,2013 Q1,2013-01-01,2013,1,32,Financial / sentiment,Not selected
OCMT,2013 Q1,CREDIT_SPREAD,0,0,2013 Q1,2013-01-01,2013,1,32,Financial / sentiment,Not selected
OCMT,2013 Q2,RPI,0,0,2013 Q2,2013-04-01,2013,2,33,Real activity / consumption,Not selected
OCMT,2013 Q2,DPCERA3M086SBEA,0,0,2013 Q2,2013-04-01,2013,2,33,Real activity / consumption,Not selected
OCMT,2013 Q2,INDPRO,2,1,2013 Q2,2013-04-01,2013,2,33,Real activity / consumption,Real activity / consumption
OCMT,2013 Q2,CMRMTSPLx,0,0,2013 Q2,2013-04-01,2013,2,33,Real activity / consumption,Not selected
OCMT,2013 Q2,RETAILx,0,0,2013 Q2,2013-04-01,2013,2,33,Real activity / consumption,Not selected
OCMT,2013 Q2,UNRATE,0,0,2013 Q2,2013-04-01,2013,2,33,Labor market,Not selected
OCMT,2013 Q2,CLAIMSx,0,0,2013 Q2,2013-04-01,2013,2,33,Labor market,Not selected
OCMT,2013 Q2,PAYEMS,1,1,2013 Q2,2013-04-01,2013,2,33,Labor market,Labor market
OCMT,2013 Q2,AWHMAN,0,0,2013 Q2,2013-04-01,2013,2,33,Labor market,Not selected
OCMT,2013 Q2,HOUST,0,0,2013 Q2,2013-04-01,2013,2,33,Housing,Not selected
OCMT,2013 Q2,PERMIT,0,0,2013 Q2,2013-04-01,2013,2,33,Housing,Not selected
OCMT,2013 Q2,M1SL,0,0,2013 Q2,2013-04-01,2013,2,33,Money and credit,Not selected
OCMT,2013 Q2,M2SL,0,0,2013 Q2,2013-04-01,2013,2,33,Money and credit,Not selected
OCMT,2013 Q2,BOGMBASE,0,0,2013 Q2,2013-04-01,2013,2,33,Money and credit,Not selected
OCMT,2013 Q2,BUSLOANS,0,0,2013 Q2,2013-04-01,2013,2,33,Money and credit,Not selected
OCMT,2013 Q2,NONREVSL,0,0,2013 Q2,2013-04-01,2013,2,33,Money and credit,Not selected
OCMT,2013 Q2,CPIAUCSL,0,0,2013 Q2,2013-04-01,2013,2,33,Prices and commodities,Not selected
OCMT,2013 Q2,PPICMM,0,0,2013 Q2,2013-04-01,2013,2,33,Prices and commodities,Not selected
OCMT,2013 Q2,PCEPI,0,0,2013 Q2,2013-04-01,2013,2,33,Prices and commodities,Not selected
OCMT,2013 Q2,OILPRICEx,0,0,2013 Q2,2013-04-01,2013,2,33,Prices and commodities,Not selected
OCMT,2013 Q2,FEDFUNDS,0,0,2013 Q2,2013-04-01,2013,2,33,Financial / sentiment,Not selected
OCMT,2013 Q2,TB3MS,0,0,2013 Q2,2013-04-01,2013,2,33,Financial / sentiment,Not selected
OCMT,2013 Q2,GS10,0,0,2013 Q2,2013-04-01,2013,2,33,Financial / sentiment,Not selected
OCMT,2013 Q2,AAA,0,0,2013 Q2,2013-04-01,2013,2,33,Financial / sentiment,Not selected
OCMT,2013 Q2,BAA,0,0,2013 Q2,2013-04-01,2013,2,33,Financial / sentiment,Not selected
OCMT,2013 Q2,S&P 500,0,0,2013 Q2,2013-04-01,2013,2,33,Financial / sentiment,Not selected
OCMT,2013 Q2,VIXCLSx,0,0,2013 Q2,2013-04-01,2013,2,33,Financial / sentiment,Not selected
OCMT,2013 Q2,UMCSENTx,0,0,2013 Q2,2013-04-01,2013,2,33,Financial / sentiment,Not selected
OCMT,2013 Q2,TERM_SPREAD,0,0,2013 Q2,2013-04-01,2013,2,33,Financial / sentiment,Not selected
OCMT,2013 Q2,CREDIT_SPREAD,0,0,2013 Q2,2013-04-01,2013,2,33,Financial / sentiment,Not selected
OCMT,2013 Q3,RPI,0,0,2013 Q3,2013-07-01,2013,3,34,Real activity / consumption,Not selected
OCMT,2013 Q3,DPCERA3M086SBEA,0,0,2013 Q3,2013-07-01,2013,3,34,Real activity / consumption,Not selected
OCMT,2013 Q3,INDPRO,2,1,2013 Q3,2013-07-01,2013,3,34,Real activity / consumption,Real activity / consumption
OCMT,2013 Q3,CMRMTSPLx,0,0,2013 Q3,2013-07-01,2013,3,34,Real activity / consumption,Not selected
OCMT,2013 Q3,RETAILx,0,0,2013 Q3,2013-07-01,2013,3,34,Real activity / consumption,Not selected
OCMT,2013 Q3,UNRATE,0,0,2013 Q3,2013-07-01,2013,3,34,Labor market,Not selected
OCMT,2013 Q3,CLAIMSx,0,0,2013 Q3,2013-07-01,2013,3,34,Labor market,Not selected
OCMT,2013 Q3,PAYEMS,1,1,2013 Q3,2013-07-01,2013,3,34,Labor market,Labor market
OCMT,2013 Q3,AWHMAN,0,0,2013 Q3,2013-07-01,2013,3,34,Labor market,Not selected
OCMT,2013 Q3,HOUST,0,0,2013 Q3,2013-07-01,2013,3,34,Housing,Not selected
OCMT,2013 Q3,PERMIT,0,0,2013 Q3,2013-07-01,2013,3,34,Housing,Not selected
OCMT,2013 Q3,M1SL,0,0,2013 Q3,2013-07-01,2013,3,34,Money and credit,Not selected
OCMT,2013 Q3,M2SL,0,0,2013 Q3,2013-07-01,2013,3,34,Money and credit,Not selected
OCMT,2013 Q3,BOGMBASE,0,0,2013 Q3,2013-07-01,2013,3,34,Money and credit,Not selected
OCMT,2013 Q3,BUSLOANS,0,0,2013 Q3,2013-07-01,2013,3,34,Money and credit,Not selected
OCMT,2013 Q3,NONREVSL,0,0,2013 Q3,2013-07-01,2013,3,34,Money and credit,Not selected
OCMT,2013 Q3,CPIAUCSL,0,0,2013 Q3,2013-07-01,2013,3,34,Prices and commodities,Not selected
OCMT,2013 Q3,PPICMM,0,0,2013 Q3,2013-07-01,2013,3,34,Prices and commodities,Not selected
OCMT,2013 Q3,PCEPI,0,0,2013 Q3,2013-07-01,2013,3,34,Prices and commodities,Not selected
OCMT,2013 Q3,OILPRICEx,0,0,2013 Q3,2013-07-01,2013,3,34,Prices and commodities,Not selected
OCMT,2013 Q3,FEDFUNDS,0,0,2013 Q3,2013-07-01,2013,3,34,Financial / sentiment,Not selected
OCMT,2013 Q3,TB3MS,0,0,2013 Q3,2013-07-01,2013,3,34,Financial / sentiment,Not selected
OCMT,2013 Q3,GS10,0,0,2013 Q3,2013-07-01,2013,3,34,Financial / sentiment,Not selected
OCMT,2013 Q3,AAA,0,0,2013 Q3,2013-07-01,2013,3,34,Financial / sentiment,Not selected
OCMT,2013 Q3,BAA,0,0,2013 Q3,2013-07-01,2013,3,34,Financial / sentiment,Not selected
OCMT,2013 Q3,S&P 500,0,0,2013 Q3,2013-07-01,2013,3,34,Financial / sentiment,Not selected
OCMT,2013 Q3,VIXCLSx,0,0,2013 Q3,2013-07-01,2013,3,34,Financial / sentiment,Not selected
OCMT,2013 Q3,UMCSENTx,0,0,2013 Q3,2013-07-01,2013,3,34,Financial / sentiment,Not selected
OCMT,2013 Q3,TERM_SPREAD,0,0,2013 Q3,2013-07-01,2013,3,34,Financial / sentiment,Not selected
OCMT,2013 Q3,CREDIT_SPREAD,0,0,2013 Q3,2013-07-01,2013,3,34,Financial / sentiment,Not selected
OCMT,2013 Q4,RPI,0,0,2013 Q4,2013-10-01,2013,4,35,Real activity / consumption,Not selected
OCMT,2013 Q4,DPCERA3M086SBEA,0,0,2013 Q4,2013-10-01,2013,4,35,Real activity / consumption,Not selected
OCMT,2013 Q4,INDPRO,2,1,2013 Q4,2013-10-01,2013,4,35,Real activity / consumption,Real activity / consumption
OCMT,2013 Q4,CMRMTSPLx,0,0,2013 Q4,2013-10-01,2013,4,35,Real activity / consumption,Not selected
OCMT,2013 Q4,RETAILx,0,0,2013 Q4,2013-10-01,2013,4,35,Real activity / consumption,Not selected
OCMT,2013 Q4,UNRATE,0,0,2013 Q4,2013-10-01,2013,4,35,Labor market,Not selected
OCMT,2013 Q4,CLAIMSx,0,0,2013 Q4,2013-10-01,2013,4,35,Labor market,Not selected
OCMT,2013 Q4,PAYEMS,1,1,2013 Q4,2013-10-01,2013,4,35,Labor market,Labor market
OCMT,2013 Q4,AWHMAN,0,0,2013 Q4,2013-10-01,2013,4,35,Labor market,Not selected
OCMT,2013 Q4,HOUST,0,0,2013 Q4,2013-10-01,2013,4,35,Housing,Not selected
OCMT,2013 Q4,PERMIT,0,0,2013 Q4,2013-10-01,2013,4,35,Housing,Not selected
OCMT,2013 Q4,M1SL,0,0,2013 Q4,2013-10-01,2013,4,35,Money and credit,Not selected
OCMT,2013 Q4,M2SL,0,0,2013 Q4,2013-10-01,2013,4,35,Money and credit,Not selected
OCMT,2013 Q4,BOGMBASE,0,0,2013 Q4,2013-10-01,2013,4,35,Money and credit,Not selected
OCMT,2013 Q4,BUSLOANS,0,0,2013 Q4,2013-10-01,2013,4,35,Money and credit,Not selected
OCMT,2013 Q4,NONREVSL,0,0,2013 Q4,2013-10-01,2013,4,35,Money and credit,Not selected
OCMT,2013 Q4,CPIAUCSL,0,0,2013 Q4,2013-10-01,2013,4,35,Prices and commodities,Not selected
OCMT,2013 Q4,PPICMM,0,0,2013 Q4,2013-10-01,2013,4,35,Prices and commodities,Not selected
OCMT,2013 Q4,PCEPI,0,0,2013 Q4,2013-10-01,2013,4,35,Prices and commodities,Not selected
OCMT,2013 Q4,OILPRICEx,0,0,2013 Q4,2013-10-01,2013,4,35,Prices and commodities,Not selected
OCMT,2013 Q4,FEDFUNDS,0,0,2013 Q4,2013-10-01,2013,4,35,Financial / sentiment,Not selected
OCMT,2013 Q4,TB3MS,0,0,2013 Q4,2013-10-01,2013,4,35,Financial / sentiment,Not selected
OCMT,2013 Q4,GS10,0,0,2013 Q4,2013-10-01,2013,4,35,Financial / sentiment,Not selected
OCMT,2013 Q4,AAA,0,0,2013 Q4,2013-10-01,2013,4,35,Financial / sentiment,Not selected
OCMT,2013 Q4,BAA,0,0,2013 Q4,2013-10-01,2013,4,35,Financial / sentiment,Not selected
OCMT,2013 Q4,S&P 500,0,0,2013 Q4,2013-10-01,2013,4,35,Financial / sentiment,Not selected
OCMT,2013 Q4,VIXCLSx,0,0,2013 Q4,2013-10-01,2013,4,35,Financial / sentiment,Not selected
OCMT,2013 Q4,UMCSENTx,0,0,2013 Q4,2013-10-01,2013,4,35,Financial / sentiment,Not selected
OCMT,2013 Q4,TERM_SPREAD,0,0,2013 Q4,2013-10-01,2013,4,35,Financial / sentiment,Not selected
OCMT,2013 Q4,CREDIT_SPREAD,0,0,2013 Q4,2013-10-01,2013,4,35,Financial / sentiment,Not selected
OCMT,2014 Q1,RPI,0,0,2014 Q1,2014-01-01,2014,1,36,Real activity / consumption,Not selected
OCMT,2014 Q1,DPCERA3M086SBEA,0,0,2014 Q1,2014-01-01,2014,1,36,Real activity / consumption,Not selected
OCMT,2014 Q1,INDPRO,2,1,2014 Q1,2014-01-01,2014,1,36,Real activity / consumption,Real activity / consumption
OCMT,2014 Q1,CMRMTSPLx,0,0,2014 Q1,2014-01-01,2014,1,36,Real activity / consumption,Not selected
OCMT,2014 Q1,RETAILx,0,0,2014 Q1,2014-01-01,2014,1,36,Real activity / consumption,Not selected
OCMT,2014 Q1,UNRATE,0,0,2014 Q1,2014-01-01,2014,1,36,Labor market,Not selected
OCMT,2014 Q1,CLAIMSx,0,0,2014 Q1,2014-01-01,2014,1,36,Labor market,Not selected
OCMT,2014 Q1,PAYEMS,1,1,2014 Q1,2014-01-01,2014,1,36,Labor market,Labor market
OCMT,2014 Q1,AWHMAN,0,0,2014 Q1,2014-01-01,2014,1,36,Labor market,Not selected
OCMT,2014 Q1,HOUST,0,0,2014 Q1,2014-01-01,2014,1,36,Housing,Not selected
OCMT,2014 Q1,PERMIT,0,0,2014 Q1,2014-01-01,2014,1,36,Housing,Not selected
OCMT,2014 Q1,M1SL,0,0,2014 Q1,2014-01-01,2014,1,36,Money and credit,Not selected
OCMT,2014 Q1,M2SL,0,0,2014 Q1,2014-01-01,2014,1,36,Money and credit,Not selected
OCMT,2014 Q1,BOGMBASE,0,0,2014 Q1,2014-01-01,2014,1,36,Money and credit,Not selected
OCMT,2014 Q1,BUSLOANS,0,0,2014 Q1,2014-01-01,2014,1,36,Money and credit,Not selected
OCMT,2014 Q1,NONREVSL,0,0,2014 Q1,2014-01-01,2014,1,36,Money and credit,Not selected
OCMT,2014 Q1,CPIAUCSL,0,0,2014 Q1,2014-01-01,2014,1,36,Prices and commodities,Not selected
OCMT,2014 Q1,PPICMM,0,0,2014 Q1,2014-01-01,2014,1,36,Prices and commodities,Not selected
OCMT,2014 Q1,PCEPI,0,0,2014 Q1,2014-01-01,2014,1,36,Prices and commodities,Not selected
OCMT,2014 Q1,OILPRICEx,0,0,2014 Q1,2014-01-01,2014,1,36,Prices and commodities,Not selected
OCMT,2014 Q1,FEDFUNDS,0,0,2014 Q1,2014-01-01,2014,1,36,Financial / sentiment,Not selected
OCMT,2014 Q1,TB3MS,0,0,2014 Q1,2014-01-01,2014,1,36,Financial / sentiment,Not selected
OCMT,2014 Q1,GS10,0,0,2014 Q1,2014-01-01,2014,1,36,Financial / sentiment,Not selected
OCMT,2014 Q1,AAA,0,0,2014 Q1,2014-01-01,2014,1,36,Financial / sentiment,Not selected
OCMT,2014 Q1,BAA,0,0,2014 Q1,2014-01-01,2014,1,36,Financial / sentiment,Not selected
OCMT,2014 Q1,S&P 500,0,0,2014 Q1,2014-01-01,2014,1,36,Financial / sentiment,Not selected
OCMT,2014 Q1,VIXCLSx,0,0,2014 Q1,2014-01-01,2014,1,36,Financial / sentiment,Not selected
OCMT,2014 Q1,UMCSENTx,0,0,2014 Q1,2014-01-01,2014,1,36,Financial / sentiment,Not selected
OCMT,2014 Q1,TERM_SPREAD,0,0,2014 Q1,2014-01-01,2014,1,36,Financial / sentiment,Not selected
OCMT,2014 Q1,CREDIT_SPREAD,0,0,2014 Q1,2014-01-01,2014,1,36,Financial / sentiment,Not selected
OCMT,2014 Q2,RPI,0,0,2014 Q2,2014-04-01,2014,2,37,Real activity / consumption,Not selected
OCMT,2014 Q2,DPCERA3M086SBEA,0,0,2014 Q2,2014-04-01,2014,2,37,Real activity / consumption,Not selected
OCMT,2014 Q2,INDPRO,2,1,2014 Q2,2014-04-01,2014,2,37,Real activity / consumption,Real activity / consumption
OCMT,2014 Q2,CMRMTSPLx,0,0,2014 Q2,2014-04-01,2014,2,37,Real activity / consumption,Not selected
OCMT,2014 Q2,RETAILx,0,0,2014 Q2,2014-04-01,2014,2,37,Real activity / consumption,Not selected
OCMT,2014 Q2,UNRATE,0,0,2014 Q2,2014-04-01,2014,2,37,Labor market,Not selected
OCMT,2014 Q2,CLAIMSx,0,0,2014 Q2,2014-04-01,2014,2,37,Labor market,Not selected
OCMT,2014 Q2,PAYEMS,1,1,2014 Q2,2014-04-01,2014,2,37,Labor market,Labor market
OCMT,2014 Q2,AWHMAN,0,0,2014 Q2,2014-04-01,2014,2,37,Labor market,Not selected
OCMT,2014 Q2,HOUST,0,0,2014 Q2,2014-04-01,2014,2,37,Housing,Not selected
OCMT,2014 Q2,PERMIT,0,0,2014 Q2,2014-04-01,2014,2,37,Housing,Not selected
OCMT,2014 Q2,M1SL,0,0,2014 Q2,2014-04-01,2014,2,37,Money and credit,Not selected
OCMT,2014 Q2,M2SL,0,0,2014 Q2,2014-04-01,2014,2,37,Money and credit,Not selected
OCMT,2014 Q2,BOGMBASE,0,0,2014 Q2,2014-04-01,2014,2,37,Money and credit,Not selected
OCMT,2014 Q2,BUSLOANS,0,0,2014 Q2,2014-04-01,2014,2,37,Money and credit,Not selected
OCMT,2014 Q2,NONREVSL,0,0,2014 Q2,2014-04-01,2014,2,37,Money and credit,Not selected
OCMT,2014 Q2,CPIAUCSL,0,0,2014 Q2,2014-04-01,2014,2,37,Prices and commodities,Not selected
OCMT,2014 Q2,PPICMM,0,0,2014 Q2,2014-04-01,2014,2,37,Prices and commodities,Not selected
OCMT,2014 Q2,PCEPI,0,0,2014 Q2,2014-04-01,2014,2,37,Prices and commodities,Not selected
OCMT,2014 Q2,OILPRICEx,0,0,2014 Q2,2014-04-01,2014,2,37,Prices and commodities,Not selected
OCMT,2014 Q2,FEDFUNDS,0,0,2014 Q2,2014-04-01,2014,2,37,Financial / sentiment,Not selected
OCMT,2014 Q2,TB3MS,0,0,2014 Q2,2014-04-01,2014,2,37,Financial / sentiment,Not selected
OCMT,2014 Q2,GS10,0,0,2014 Q2,2014-04-01,2014,2,37,Financial / sentiment,Not selected
OCMT,2014 Q2,AAA,0,0,2014 Q2,2014-04-01,2014,2,37,Financial / sentiment,Not selected
OCMT,2014 Q2,BAA,0,0,2014 Q2,2014-04-01,2014,2,37,Financial / sentiment,Not selected
OCMT,2014 Q2,S&P 500,0,0,2014 Q2,2014-04-01,2014,2,37,Financial / sentiment,Not selected
OCMT,2014 Q2,VIXCLSx,0,0,2014 Q2,2014-04-01,2014,2,37,Financial / sentiment,Not selected
OCMT,2014 Q2,UMCSENTx,0,0,2014 Q2,2014-04-01,2014,2,37,Financial / sentiment,Not selected
OCMT,2014 Q2,TERM_SPREAD,0,0,2014 Q2,2014-04-01,2014,2,37,Financial / sentiment,Not selected
OCMT,2014 Q2,CREDIT_SPREAD,0,0,2014 Q2,2014-04-01,2014,2,37,Financial / sentiment,Not selected
OCMT,2014 Q3,RPI,0,0,2014 Q3,2014-07-01,2014,3,38,Real activity / consumption,Not selected
OCMT,2014 Q3,DPCERA3M086SBEA,0,0,2014 Q3,2014-07-01,2014,3,38,Real activity / consumption,Not selected
OCMT,2014 Q3,INDPRO,2,1,2014 Q3,2014-07-01,2014,3,38,Real activity / consumption,Real activity / consumption
OCMT,2014 Q3,CMRMTSPLx,0,0,2014 Q3,2014-07-01,2014,3,38,Real activity / consumption,Not selected
OCMT,2014 Q3,RETAILx,0,0,2014 Q3,2014-07-01,2014,3,38,Real activity / consumption,Not selected
OCMT,2014 Q3,UNRATE,0,0,2014 Q3,2014-07-01,2014,3,38,Labor market,Not selected
OCMT,2014 Q3,CLAIMSx,0,0,2014 Q3,2014-07-01,2014,3,38,Labor market,Not selected
OCMT,2014 Q3,PAYEMS,1,1,2014 Q3,2014-07-01,2014,3,38,Labor market,Labor market
OCMT,2014 Q3,AWHMAN,0,0,2014 Q3,2014-07-01,2014,3,38,Labor market,Not selected
OCMT,2014 Q3,HOUST,0,0,2014 Q3,2014-07-01,2014,3,38,Housing,Not selected
OCMT,2014 Q3,PERMIT,0,0,2014 Q3,2014-07-01,2014,3,38,Housing,Not selected
OCMT,2014 Q3,M1SL,0,0,2014 Q3,2014-07-01,2014,3,38,Money and credit,Not selected
OCMT,2014 Q3,M2SL,0,0,2014 Q3,2014-07-01,2014,3,38,Money and credit,Not selected
OCMT,2014 Q3,BOGMBASE,0,0,2014 Q3,2014-07-01,2014,3,38,Money and credit,Not selected
OCMT,2014 Q3,BUSLOANS,0,0,2014 Q3,2014-07-01,2014,3,38,Money and credit,Not selected
OCMT,2014 Q3,NONREVSL,0,0,2014 Q3,2014-07-01,2014,3,38,Money and credit,Not selected
OCMT,2014 Q3,CPIAUCSL,0,0,2014 Q3,2014-07-01,2014,3,38,Prices and commodities,Not selected
OCMT,2014 Q3,PPICMM,0,0,2014 Q3,2014-07-01,2014,3,38,Prices and commodities,Not selected
OCMT,2014 Q3,PCEPI,0,0,2014 Q3,2014-07-01,2014,3,38,Prices and commodities,Not selected
OCMT,2014 Q3,OILPRICEx,0,0,2014 Q3,2014-07-01,2014,3,38,Prices and commodities,Not selected
OCMT,2014 Q3,FEDFUNDS,0,0,2014 Q3,2014-07-01,2014,3,38,Financial / sentiment,Not selected
OCMT,2014 Q3,TB3MS,0,0,2014 Q3,2014-07-01,2014,3,38,Financial / sentiment,Not selected
OCMT,2014 Q3,GS10,0,0,2014 Q3,2014-07-01,2014,3,38,Financial / sentiment,Not selected
OCMT,2014 Q3,AAA,0,0,2014 Q3,2014-07-01,2014,3,38,Financial / sentiment,Not selected
OCMT,2014 Q3,BAA,0,0,2014 Q3,2014-07-01,2014,3,38,Financial / sentiment,Not selected
OCMT,2014 Q3,S&P 500,0,0,2014 Q3,2014-07-01,2014,3,38,Financial / sentiment,Not selected
OCMT,2014 Q3,VIXCLSx,0,0,2014 Q3,2014-07-01,2014,3,38,Financial / sentiment,Not selected
OCMT,2014 Q3,UMCSENTx,0,0,2014 Q3,2014-07-01,2014,3,38,Financial / sentiment,Not selected
OCMT,2014 Q3,TERM_SPREAD,0,0,2014 Q3,2014-07-01,2014,3,38,Financial / sentiment,Not selected
OCMT,2014 Q3,CREDIT_SPREAD,0,0,2014 Q3,2014-07-01,2014,3,38,Financial / sentiment,Not selected
OCMT,2014 Q4,RPI,0,0,2014 Q4,2014-10-01,2014,4,39,Real activity / consumption,Not selected
OCMT,2014 Q4,DPCERA3M086SBEA,0,0,2014 Q4,2014-10-01,2014,4,39,Real activity / consumption,Not selected
OCMT,2014 Q4,INDPRO,2,1,2014 Q4,2014-10-01,2014,4,39,Real activity / consumption,Real activity / consumption
OCMT,2014 Q4,CMRMTSPLx,0,0,2014 Q4,2014-10-01,2014,4,39,Real activity / consumption,Not selected
OCMT,2014 Q4,RETAILx,0,0,2014 Q4,2014-10-01,2014,4,39,Real activity / consumption,Not selected
OCMT,2014 Q4,UNRATE,0,0,2014 Q4,2014-10-01,2014,4,39,Labor market,Not selected
OCMT,2014 Q4,CLAIMSx,0,0,2014 Q4,2014-10-01,2014,4,39,Labor market,Not selected
OCMT,2014 Q4,PAYEMS,1,1,2014 Q4,2014-10-01,2014,4,39,Labor market,Labor market
OCMT,2014 Q4,AWHMAN,0,0,2014 Q4,2014-10-01,2014,4,39,Labor market,Not selected
OCMT,2014 Q4,HOUST,0,0,2014 Q4,2014-10-01,2014,4,39,Housing,Not selected
OCMT,2014 Q4,PERMIT,0,0,2014 Q4,2014-10-01,2014,4,39,Housing,Not selected
OCMT,2014 Q4,M1SL,0,0,2014 Q4,2014-10-01,2014,4,39,Money and credit,Not selected
OCMT,2014 Q4,M2SL,1,1,2014 Q4,2014-10-01,2014,4,39,Money and credit,Money and credit
OCMT,2014 Q4,BOGMBASE,0,0,2014 Q4,2014-10-01,2014,4,39,Money and credit,Not selected
OCMT,2014 Q4,BUSLOANS,0,0,2014 Q4,2014-10-01,2014,4,39,Money and credit,Not selected
OCMT,2014 Q4,NONREVSL,0,0,2014 Q4,2014-10-01,2014,4,39,Money and credit,Not selected
OCMT,2014 Q4,CPIAUCSL,0,0,2014 Q4,2014-10-01,2014,4,39,Prices and commodities,Not selected
OCMT,2014 Q4,PPICMM,0,0,2014 Q4,2014-10-01,2014,4,39,Prices and commodities,Not selected
OCMT,2014 Q4,PCEPI,0,0,2014 Q4,2014-10-01,2014,4,39,Prices and commodities,Not selected
OCMT,2014 Q4,OILPRICEx,0,0,2014 Q4,2014-10-01,2014,4,39,Prices and commodities,Not selected
OCMT,2014 Q4,FEDFUNDS,0,0,2014 Q4,2014-10-01,2014,4,39,Financial / sentiment,Not selected
OCMT,2014 Q4,TB3MS,0,0,2014 Q4,2014-10-01,2014,4,39,Financial / sentiment,Not selected
OCMT,2014 Q4,GS10,0,0,2014 Q4,2014-10-01,2014,4,39,Financial / sentiment,Not selected
OCMT,2014 Q4,AAA,0,0,2014 Q4,2014-10-01,2014,4,39,Financial / sentiment,Not selected
OCMT,2014 Q4,BAA,0,0,2014 Q4,2014-10-01,2014,4,39,Financial / sentiment,Not selected
OCMT,2014 Q4,S&P 500,0,0,2014 Q4,2014-10-01,2014,4,39,Financial / sentiment,Not selected
OCMT,2014 Q4,VIXCLSx,0,0,2014 Q4,2014-10-01,2014,4,39,Financial / sentiment,Not selected
OCMT,2014 Q4,UMCSENTx,0,0,2014 Q4,2014-10-01,2014,4,39,Financial / sentiment,Not selected
OCMT,2014 Q4,TERM_SPREAD,0,0,2014 Q4,2014-10-01,2014,4,39,Financial / sentiment,Not selected
OCMT,2014 Q4,CREDIT_SPREAD,0,0,2014 Q4,2014-10-01,2014,4,39,Financial / sentiment,Not selected
OCMT,2015 Q1,RPI,0,0,2015 Q1,2015-01-01,2015,1,40,Real activity / consumption,Not selected
OCMT,2015 Q1,DPCERA3M086SBEA,0,0,2015 Q1,2015-01-01,2015,1,40,Real activity / consumption,Not selected
OCMT,2015 Q1,INDPRO,2,1,2015 Q1,2015-01-01,2015,1,40,Real activity / consumption,Real activity / consumption
OCMT,2015 Q1,CMRMTSPLx,0,0,2015 Q1,2015-01-01,2015,1,40,Real activity / consumption,Not selected
OCMT,2015 Q1,RETAILx,0,0,2015 Q1,2015-01-01,2015,1,40,Real activity / consumption,Not selected
OCMT,2015 Q1,UNRATE,0,0,2015 Q1,2015-01-01,2015,1,40,Labor market,Not selected
OCMT,2015 Q1,CLAIMSx,0,0,2015 Q1,2015-01-01,2015,1,40,Labor market,Not selected
OCMT,2015 Q1,PAYEMS,1,1,2015 Q1,2015-01-01,2015,1,40,Labor market,Labor market
OCMT,2015 Q1,AWHMAN,0,0,2015 Q1,2015-01-01,2015,1,40,Labor market,Not selected
OCMT,2015 Q1,HOUST,0,0,2015 Q1,2015-01-01,2015,1,40,Housing,Not selected
OCMT,2015 Q1,PERMIT,0,0,2015 Q1,2015-01-01,2015,1,40,Housing,Not selected
OCMT,2015 Q1,M1SL,0,0,2015 Q1,2015-01-01,2015,1,40,Money and credit,Not selected
OCMT,2015 Q1,M2SL,1,1,2015 Q1,2015-01-01,2015,1,40,Money and credit,Money and credit
OCMT,2015 Q1,BOGMBASE,0,0,2015 Q1,2015-01-01,2015,1,40,Money and credit,Not selected
OCMT,2015 Q1,BUSLOANS,0,0,2015 Q1,2015-01-01,2015,1,40,Money and credit,Not selected
OCMT,2015 Q1,NONREVSL,0,0,2015 Q1,2015-01-01,2015,1,40,Money and credit,Not selected
OCMT,2015 Q1,CPIAUCSL,0,0,2015 Q1,2015-01-01,2015,1,40,Prices and commodities,Not selected
OCMT,2015 Q1,PPICMM,0,0,2015 Q1,2015-01-01,2015,1,40,Prices and commodities,Not selected
OCMT,2015 Q1,PCEPI,0,0,2015 Q1,2015-01-01,2015,1,40,Prices and commodities,Not selected
OCMT,2015 Q1,OILPRICEx,0,0,2015 Q1,2015-01-01,2015,1,40,Prices and commodities,Not selected
OCMT,2015 Q1,FEDFUNDS,0,0,2015 Q1,2015-01-01,2015,1,40,Financial / sentiment,Not selected
OCMT,2015 Q1,TB3MS,0,0,2015 Q1,2015-01-01,2015,1,40,Financial / sentiment,Not selected
OCMT,2015 Q1,GS10,0,0,2015 Q1,2015-01-01,2015,1,40,Financial / sentiment,Not selected
OCMT,2015 Q1,AAA,0,0,2015 Q1,2015-01-01,2015,1,40,Financial / sentiment,Not selected
OCMT,2015 Q1,BAA,0,0,2015 Q1,2015-01-01,2015,1,40,Financial / sentiment,Not selected
OCMT,2015 Q1,S&P 500,0,0,2015 Q1,2015-01-01,2015,1,40,Financial / sentiment,Not selected
OCMT,2015 Q1,VIXCLSx,0,0,2015 Q1,2015-01-01,2015,1,40,Financial / sentiment,Not selected
OCMT,2015 Q1,UMCSENTx,0,0,2015 Q1,2015-01-01,2015,1,40,Financial / sentiment,Not selected
OCMT,2015 Q1,TERM_SPREAD,0,0,2015 Q1,2015-01-01,2015,1,40,Financial / sentiment,Not selected
OCMT,2015 Q1,CREDIT_SPREAD,0,0,2015 Q1,2015-01-01,2015,1,40,Financial / sentiment,Not selected
OCMT,2015 Q2,RPI,0,0,2015 Q2,2015-04-01,2015,2,41,Real activity / consumption,Not selected
OCMT,2015 Q2,DPCERA3M086SBEA,0,0,2015 Q2,2015-04-01,2015,2,41,Real activity / consumption,Not selected
OCMT,2015 Q2,INDPRO,2,1,2015 Q2,2015-04-01,2015,2,41,Real activity / consumption,Real activity / consumption
OCMT,2015 Q2,CMRMTSPLx,0,0,2015 Q2,2015-04-01,2015,2,41,Real activity / consumption,Not selected
OCMT,2015 Q2,RETAILx,0,0,2015 Q2,2015-04-01,2015,2,41,Real activity / consumption,Not selected
OCMT,2015 Q2,UNRATE,0,0,2015 Q2,2015-04-01,2015,2,41,Labor market,Not selected
OCMT,2015 Q2,CLAIMSx,0,0,2015 Q2,2015-04-01,2015,2,41,Labor market,Not selected
OCMT,2015 Q2,PAYEMS,1,1,2015 Q2,2015-04-01,2015,2,41,Labor market,Labor market
OCMT,2015 Q2,AWHMAN,0,0,2015 Q2,2015-04-01,2015,2,41,Labor market,Not selected
OCMT,2015 Q2,HOUST,0,0,2015 Q2,2015-04-01,2015,2,41,Housing,Not selected
OCMT,2015 Q2,PERMIT,0,0,2015 Q2,2015-04-01,2015,2,41,Housing,Not selected
OCMT,2015 Q2,M1SL,0,0,2015 Q2,2015-04-01,2015,2,41,Money and credit,Not selected
OCMT,2015 Q2,M2SL,0,0,2015 Q2,2015-04-01,2015,2,41,Money and credit,Not selected
OCMT,2015 Q2,BOGMBASE,0,0,2015 Q2,2015-04-01,2015,2,41,Money and credit,Not selected
OCMT,2015 Q2,BUSLOANS,0,0,2015 Q2,2015-04-01,2015,2,41,Money and credit,Not selected
OCMT,2015 Q2,NONREVSL,0,0,2015 Q2,2015-04-01,2015,2,41,Money and credit,Not selected
OCMT,2015 Q2,CPIAUCSL,0,0,2015 Q2,2015-04-01,2015,2,41,Prices and commodities,Not selected
OCMT,2015 Q2,PPICMM,0,0,2015 Q2,2015-04-01,2015,2,41,Prices and commodities,Not selected
OCMT,2015 Q2,PCEPI,0,0,2015 Q2,2015-04-01,2015,2,41,Prices and commodities,Not selected
OCMT,2015 Q2,OILPRICEx,0,0,2015 Q2,2015-04-01,2015,2,41,Prices and commodities,Not selected
OCMT,2015 Q2,FEDFUNDS,0,0,2015 Q2,2015-04-01,2015,2,41,Financial / sentiment,Not selected
OCMT,2015 Q2,TB3MS,0,0,2015 Q2,2015-04-01,2015,2,41,Financial / sentiment,Not selected
OCMT,2015 Q2,GS10,0,0,2015 Q2,2015-04-01,2015,2,41,Financial / sentiment,Not selected
OCMT,2015 Q2,AAA,0,0,2015 Q2,2015-04-01,2015,2,41,Financial / sentiment,Not selected
OCMT,2015 Q2,BAA,0,0,2015 Q2,2015-04-01,2015,2,41,Financial / sentiment,Not selected
OCMT,2015 Q2,S&P 500,0,0,2015 Q2,2015-04-01,2015,2,41,Financial / sentiment,Not selected
OCMT,2015 Q2,VIXCLSx,0,0,2015 Q2,2015-04-01,2015,2,41,Financial / sentiment,Not selected
OCMT,2015 Q2,UMCSENTx,0,0,2015 Q2,2015-04-01,2015,2,41,Financial / sentiment,Not selected
OCMT,2015 Q2,TERM_SPREAD,0,0,2015 Q2,2015-04-01,2015,2,41,Financial / sentiment,Not selected
OCMT,2015 Q2,CREDIT_SPREAD,0,0,2015 Q2,2015-04-01,2015,2,41,Financial / sentiment,Not selected
OCMT,2015 Q3,RPI,0,0,2015 Q3,2015-07-01,2015,3,42,Real activity / consumption,Not selected
OCMT,2015 Q3,DPCERA3M086SBEA,0,0,2015 Q3,2015-07-01,2015,3,42,Real activity / consumption,Not selected
OCMT,2015 Q3,INDPRO,2,1,2015 Q3,2015-07-01,2015,3,42,Real activity / consumption,Real activity / consumption
OCMT,2015 Q3,CMRMTSPLx,0,0,2015 Q3,2015-07-01,2015,3,42,Real activity / consumption,Not selected
OCMT,2015 Q3,RETAILx,0,0,2015 Q3,2015-07-01,2015,3,42,Real activity / consumption,Not selected
OCMT,2015 Q3,UNRATE,0,0,2015 Q3,2015-07-01,2015,3,42,Labor market,Not selected
OCMT,2015 Q3,CLAIMSx,0,0,2015 Q3,2015-07-01,2015,3,42,Labor market,Not selected
OCMT,2015 Q3,PAYEMS,1,1,2015 Q3,2015-07-01,2015,3,42,Labor market,Labor market
OCMT,2015 Q3,AWHMAN,0,0,2015 Q3,2015-07-01,2015,3,42,Labor market,Not selected
OCMT,2015 Q3,HOUST,0,0,2015 Q3,2015-07-01,2015,3,42,Housing,Not selected
OCMT,2015 Q3,PERMIT,0,0,2015 Q3,2015-07-01,2015,3,42,Housing,Not selected
OCMT,2015 Q3,M1SL,0,0,2015 Q3,2015-07-01,2015,3,42,Money and credit,Not selected
OCMT,2015 Q3,M2SL,0,0,2015 Q3,2015-07-01,2015,3,42,Money and credit,Not selected
OCMT,2015 Q3,BOGMBASE,0,0,2015 Q3,2015-07-01,2015,3,42,Money and credit,Not selected
OCMT,2015 Q3,BUSLOANS,0,0,2015 Q3,2015-07-01,2015,3,42,Money and credit,Not selected
OCMT,2015 Q3,NONREVSL,0,0,2015 Q3,2015-07-01,2015,3,42,Money and credit,Not selected
OCMT,2015 Q3,CPIAUCSL,0,0,2015 Q3,2015-07-01,2015,3,42,Prices and commodities,Not selected
OCMT,2015 Q3,PPICMM,0,0,2015 Q3,2015-07-01,2015,3,42,Prices and commodities,Not selected
OCMT,2015 Q3,PCEPI,0,0,2015 Q3,2015-07-01,2015,3,42,Prices and commodities,Not selected
OCMT,2015 Q3,OILPRICEx,0,0,2015 Q3,2015-07-01,2015,3,42,Prices and commodities,Not selected
OCMT,2015 Q3,FEDFUNDS,0,0,2015 Q3,2015-07-01,2015,3,42,Financial / sentiment,Not selected
OCMT,2015 Q3,TB3MS,0,0,2015 Q3,2015-07-01,2015,3,42,Financial / sentiment,Not selected
OCMT,2015 Q3,GS10,0,0,2015 Q3,2015-07-01,2015,3,42,Financial / sentiment,Not selected
OCMT,2015 Q3,AAA,0,0,2015 Q3,2015-07-01,2015,3,42,Financial / sentiment,Not selected
OCMT,2015 Q3,BAA,0,0,2015 Q3,2015-07-01,2015,3,42,Financial / sentiment,Not selected
OCMT,2015 Q3,S&P 500,0,0,2015 Q3,2015-07-01,2015,3,42,Financial / sentiment,Not selected
OCMT,2015 Q3,VIXCLSx,0,0,2015 Q3,2015-07-01,2015,3,42,Financial / sentiment,Not selected
OCMT,2015 Q3,UMCSENTx,0,0,2015 Q3,2015-07-01,2015,3,42,Financial / sentiment,Not selected
OCMT,2015 Q3,TERM_SPREAD,0,0,2015 Q3,2015-07-01,2015,3,42,Financial / sentiment,Not selected
OCMT,2015 Q3,CREDIT_SPREAD,0,0,2015 Q3,2015-07-01,2015,3,42,Financial / sentiment,Not selected
OCMT,2015 Q4,RPI,0,0,2015 Q4,2015-10-01,2015,4,43,Real activity / consumption,Not selected
OCMT,2015 Q4,DPCERA3M086SBEA,0,0,2015 Q4,2015-10-01,2015,4,43,Real activity / consumption,Not selected
OCMT,2015 Q4,INDPRO,2,1,2015 Q4,2015-10-01,2015,4,43,Real activity / consumption,Real activity / consumption
OCMT,2015 Q4,CMRMTSPLx,0,0,2015 Q4,2015-10-01,2015,4,43,Real activity / consumption,Not selected
OCMT,2015 Q4,RETAILx,0,0,2015 Q4,2015-10-01,2015,4,43,Real activity / consumption,Not selected
OCMT,2015 Q4,UNRATE,0,0,2015 Q4,2015-10-01,2015,4,43,Labor market,Not selected
OCMT,2015 Q4,CLAIMSx,0,0,2015 Q4,2015-10-01,2015,4,43,Labor market,Not selected
OCMT,2015 Q4,PAYEMS,1,1,2015 Q4,2015-10-01,2015,4,43,Labor market,Labor market
OCMT,2015 Q4,AWHMAN,0,0,2015 Q4,2015-10-01,2015,4,43,Labor market,Not selected
OCMT,2015 Q4,HOUST,0,0,2015 Q4,2015-10-01,2015,4,43,Housing,Not selected
OCMT,2015 Q4,PERMIT,0,0,2015 Q4,2015-10-01,2015,4,43,Housing,Not selected
OCMT,2015 Q4,M1SL,0,0,2015 Q4,2015-10-01,2015,4,43,Money and credit,Not selected
OCMT,2015 Q4,M2SL,0,0,2015 Q4,2015-10-01,2015,4,43,Money and credit,Not selected
OCMT,2015 Q4,BOGMBASE,0,0,2015 Q4,2015-10-01,2015,4,43,Money and credit,Not selected
OCMT,2015 Q4,BUSLOANS,0,0,2015 Q4,2015-10-01,2015,4,43,Money and credit,Not selected
OCMT,2015 Q4,NONREVSL,0,0,2015 Q4,2015-10-01,2015,4,43,Money and credit,Not selected
OCMT,2015 Q4,CPIAUCSL,0,0,2015 Q4,2015-10-01,2015,4,43,Prices and commodities,Not selected
OCMT,2015 Q4,PPICMM,0,0,2015 Q4,2015-10-01,2015,4,43,Prices and commodities,Not selected
OCMT,2015 Q4,PCEPI,0,0,2015 Q4,2015-10-01,2015,4,43,Prices and commodities,Not selected
OCMT,2015 Q4,OILPRICEx,0,0,2015 Q4,2015-10-01,2015,4,43,Prices and commodities,Not selected
OCMT,2015 Q4,FEDFUNDS,0,0,2015 Q4,2015-10-01,2015,4,43,Financial / sentiment,Not selected
OCMT,2015 Q4,TB3MS,0,0,2015 Q4,2015-10-01,2015,4,43,Financial / sentiment,Not selected
OCMT,2015 Q4,GS10,0,0,2015 Q4,2015-10-01,2015,4,43,Financial / sentiment,Not selected
OCMT,2015 Q4,AAA,0,0,2015 Q4,2015-10-01,2015,4,43,Financial / sentiment,Not selected
OCMT,2015 Q4,BAA,0,0,2015 Q4,2015-10-01,2015,4,43,Financial / sentiment,Not selected
OCMT,2015 Q4,S&P 500,0,0,2015 Q4,2015-10-01,2015,4,43,Financial / sentiment,Not selected
OCMT,2015 Q4,VIXCLSx,0,0,2015 Q4,2015-10-01,2015,4,43,Financial / sentiment,Not selected
OCMT,2015 Q4,UMCSENTx,0,0,2015 Q4,2015-10-01,2015,4,43,Financial / sentiment,Not selected
OCMT,2015 Q4,TERM_SPREAD,0,0,2015 Q4,2015-10-01,2015,4,43,Financial / sentiment,Not selected
OCMT,2015 Q4,CREDIT_SPREAD,0,0,2015 Q4,2015-10-01,2015,4,43,Financial / sentiment,Not selected
OCMT,2016 Q1,RPI,0,0,2016 Q1,2016-01-01,2016,1,44,Real activity / consumption,Not selected
OCMT,2016 Q1,DPCERA3M086SBEA,0,0,2016 Q1,2016-01-01,2016,1,44,Real activity / consumption,Not selected
OCMT,2016 Q1,INDPRO,2,1,2016 Q1,2016-01-01,2016,1,44,Real activity / consumption,Real activity / consumption
OCMT,2016 Q1,CMRMTSPLx,0,0,2016 Q1,2016-01-01,2016,1,44,Real activity / consumption,Not selected
OCMT,2016 Q1,RETAILx,0,0,2016 Q1,2016-01-01,2016,1,44,Real activity / consumption,Not selected
OCMT,2016 Q1,UNRATE,0,0,2016 Q1,2016-01-01,2016,1,44,Labor market,Not selected
OCMT,2016 Q1,CLAIMSx,0,0,2016 Q1,2016-01-01,2016,1,44,Labor market,Not selected
OCMT,2016 Q1,PAYEMS,1,1,2016 Q1,2016-01-01,2016,1,44,Labor market,Labor market
OCMT,2016 Q1,AWHMAN,0,0,2016 Q1,2016-01-01,2016,1,44,Labor market,Not selected
OCMT,2016 Q1,HOUST,0,0,2016 Q1,2016-01-01,2016,1,44,Housing,Not selected
OCMT,2016 Q1,PERMIT,0,0,2016 Q1,2016-01-01,2016,1,44,Housing,Not selected
OCMT,2016 Q1,M1SL,0,0,2016 Q1,2016-01-01,2016,1,44,Money and credit,Not selected
OCMT,2016 Q1,M2SL,0,0,2016 Q1,2016-01-01,2016,1,44,Money and credit,Not selected
OCMT,2016 Q1,BOGMBASE,0,0,2016 Q1,2016-01-01,2016,1,44,Money and credit,Not selected
OCMT,2016 Q1,BUSLOANS,0,0,2016 Q1,2016-01-01,2016,1,44,Money and credit,Not selected
OCMT,2016 Q1,NONREVSL,0,0,2016 Q1,2016-01-01,2016,1,44,Money and credit,Not selected
OCMT,2016 Q1,CPIAUCSL,0,0,2016 Q1,2016-01-01,2016,1,44,Prices and commodities,Not selected
OCMT,2016 Q1,PPICMM,0,0,2016 Q1,2016-01-01,2016,1,44,Prices and commodities,Not selected
OCMT,2016 Q1,PCEPI,0,0,2016 Q1,2016-01-01,2016,1,44,Prices and commodities,Not selected
OCMT,2016 Q1,OILPRICEx,0,0,2016 Q1,2016-01-01,2016,1,44,Prices and commodities,Not selected
OCMT,2016 Q1,FEDFUNDS,0,0,2016 Q1,2016-01-01,2016,1,44,Financial / sentiment,Not selected
OCMT,2016 Q1,TB3MS,0,0,2016 Q1,2016-01-01,2016,1,44,Financial / sentiment,Not selected
OCMT,2016 Q1,GS10,0,0,2016 Q1,2016-01-01,2016,1,44,Financial / sentiment,Not selected
OCMT,2016 Q1,AAA,0,0,2016 Q1,2016-01-01,2016,1,44,Financial / sentiment,Not selected
OCMT,2016 Q1,BAA,0,0,2016 Q1,2016-01-01,2016,1,44,Financial / sentiment,Not selected
OCMT,2016 Q1,S&P 500,0,0,2016 Q1,2016-01-01,2016,1,44,Financial / sentiment,Not selected
OCMT,2016 Q1,VIXCLSx,0,0,2016 Q1,2016-01-01,2016,1,44,Financial / sentiment,Not selected
OCMT,2016 Q1,UMCSENTx,0,0,2016 Q1,2016-01-01,2016,1,44,Financial / sentiment,Not selected
OCMT,2016 Q1,TERM_SPREAD,0,0,2016 Q1,2016-01-01,2016,1,44,Financial / sentiment,Not selected
OCMT,2016 Q1,CREDIT_SPREAD,0,0,2016 Q1,2016-01-01,2016,1,44,Financial / sentiment,Not selected
OCMT,2016 Q2,RPI,0,0,2016 Q2,2016-04-01,2016,2,45,Real activity / consumption,Not selected
OCMT,2016 Q2,DPCERA3M086SBEA,0,0,2016 Q2,2016-04-01,2016,2,45,Real activity / consumption,Not selected
OCMT,2016 Q2,INDPRO,2,1,2016 Q2,2016-04-01,2016,2,45,Real activity / consumption,Real activity / consumption
OCMT,2016 Q2,CMRMTSPLx,0,0,2016 Q2,2016-04-01,2016,2,45,Real activity / consumption,Not selected
OCMT,2016 Q2,RETAILx,0,0,2016 Q2,2016-04-01,2016,2,45,Real activity / consumption,Not selected
OCMT,2016 Q2,UNRATE,0,0,2016 Q2,2016-04-01,2016,2,45,Labor market,Not selected
OCMT,2016 Q2,CLAIMSx,0,0,2016 Q2,2016-04-01,2016,2,45,Labor market,Not selected
OCMT,2016 Q2,PAYEMS,1,1,2016 Q2,2016-04-01,2016,2,45,Labor market,Labor market
OCMT,2016 Q2,AWHMAN,0,0,2016 Q2,2016-04-01,2016,2,45,Labor market,Not selected
OCMT,2016 Q2,HOUST,0,0,2016 Q2,2016-04-01,2016,2,45,Housing,Not selected
OCMT,2016 Q2,PERMIT,0,0,2016 Q2,2016-04-01,2016,2,45,Housing,Not selected
OCMT,2016 Q2,M1SL,0,0,2016 Q2,2016-04-01,2016,2,45,Money and credit,Not selected
OCMT,2016 Q2,M2SL,1,1,2016 Q2,2016-04-01,2016,2,45,Money and credit,Money and credit
OCMT,2016 Q2,BOGMBASE,0,0,2016 Q2,2016-04-01,2016,2,45,Money and credit,Not selected
OCMT,2016 Q2,BUSLOANS,0,0,2016 Q2,2016-04-01,2016,2,45,Money and credit,Not selected
OCMT,2016 Q2,NONREVSL,0,0,2016 Q2,2016-04-01,2016,2,45,Money and credit,Not selected
OCMT,2016 Q2,CPIAUCSL,0,0,2016 Q2,2016-04-01,2016,2,45,Prices and commodities,Not selected
OCMT,2016 Q2,PPICMM,0,0,2016 Q2,2016-04-01,2016,2,45,Prices and commodities,Not selected
OCMT,2016 Q2,PCEPI,0,0,2016 Q2,2016-04-01,2016,2,45,Prices and commodities,Not selected
OCMT,2016 Q2,OILPRICEx,0,0,2016 Q2,2016-04-01,2016,2,45,Prices and commodities,Not selected
OCMT,2016 Q2,FEDFUNDS,0,0,2016 Q2,2016-04-01,2016,2,45,Financial / sentiment,Not selected
OCMT,2016 Q2,TB3MS,0,0,2016 Q2,2016-04-01,2016,2,45,Financial / sentiment,Not selected
OCMT,2016 Q2,GS10,0,0,2016 Q2,2016-04-01,2016,2,45,Financial / sentiment,Not selected
OCMT,2016 Q2,AAA,0,0,2016 Q2,2016-04-01,2016,2,45,Financial / sentiment,Not selected
OCMT,2016 Q2,BAA,0,0,2016 Q2,2016-04-01,2016,2,45,Financial / sentiment,Not selected
OCMT,2016 Q2,S&P 500,0,0,2016 Q2,2016-04-01,2016,2,45,Financial / sentiment,Not selected
OCMT,2016 Q2,VIXCLSx,0,0,2016 Q2,2016-04-01,2016,2,45,Financial / sentiment,Not selected
OCMT,2016 Q2,UMCSENTx,0,0,2016 Q2,2016-04-01,2016,2,45,Financial / sentiment,Not selected
OCMT,2016 Q2,TERM_SPREAD,0,0,2016 Q2,2016-04-01,2016,2,45,Financial / sentiment,Not selected
OCMT,2016 Q2,CREDIT_SPREAD,0,0,2016 Q2,2016-04-01,2016,2,45,Financial / sentiment,Not selected
OCMT,2016 Q3,RPI,0,0,2016 Q3,2016-07-01,2016,3,46,Real activity / consumption,Not selected
OCMT,2016 Q3,DPCERA3M086SBEA,0,0,2016 Q3,2016-07-01,2016,3,46,Real activity / consumption,Not selected
OCMT,2016 Q3,INDPRO,2,1,2016 Q3,2016-07-01,2016,3,46,Real activity / consumption,Real activity / consumption
OCMT,2016 Q3,CMRMTSPLx,0,0,2016 Q3,2016-07-01,2016,3,46,Real activity / consumption,Not selected
OCMT,2016 Q3,RETAILx,0,0,2016 Q3,2016-07-01,2016,3,46,Real activity / consumption,Not selected
OCMT,2016 Q3,UNRATE,0,0,2016 Q3,2016-07-01,2016,3,46,Labor market,Not selected
OCMT,2016 Q3,CLAIMSx,0,0,2016 Q3,2016-07-01,2016,3,46,Labor market,Not selected
OCMT,2016 Q3,PAYEMS,1,1,2016 Q3,2016-07-01,2016,3,46,Labor market,Labor market
OCMT,2016 Q3,AWHMAN,0,0,2016 Q3,2016-07-01,2016,3,46,Labor market,Not selected
OCMT,2016 Q3,HOUST,0,0,2016 Q3,2016-07-01,2016,3,46,Housing,Not selected
OCMT,2016 Q3,PERMIT,0,0,2016 Q3,2016-07-01,2016,3,46,Housing,Not selected
OCMT,2016 Q3,M1SL,0,0,2016 Q3,2016-07-01,2016,3,46,Money and credit,Not selected
OCMT,2016 Q3,M2SL,1,1,2016 Q3,2016-07-01,2016,3,46,Money and credit,Money and credit
OCMT,2016 Q3,BOGMBASE,0,0,2016 Q3,2016-07-01,2016,3,46,Money and credit,Not selected
OCMT,2016 Q3,BUSLOANS,0,0,2016 Q3,2016-07-01,2016,3,46,Money and credit,Not selected
OCMT,2016 Q3,NONREVSL,0,0,2016 Q3,2016-07-01,2016,3,46,Money and credit,Not selected
OCMT,2016 Q3,CPIAUCSL,0,0,2016 Q3,2016-07-01,2016,3,46,Prices and commodities,Not selected
OCMT,2016 Q3,PPICMM,0,0,2016 Q3,2016-07-01,2016,3,46,Prices and commodities,Not selected
OCMT,2016 Q3,PCEPI,0,0,2016 Q3,2016-07-01,2016,3,46,Prices and commodities,Not selected
OCMT,2016 Q3,OILPRICEx,0,0,2016 Q3,2016-07-01,2016,3,46,Prices and commodities,Not selected
OCMT,2016 Q3,FEDFUNDS,0,0,2016 Q3,2016-07-01,2016,3,46,Financial / sentiment,Not selected
OCMT,2016 Q3,TB3MS,0,0,2016 Q3,2016-07-01,2016,3,46,Financial / sentiment,Not selected
OCMT,2016 Q3,GS10,0,0,2016 Q3,2016-07-01,2016,3,46,Financial / sentiment,Not selected
OCMT,2016 Q3,AAA,0,0,2016 Q3,2016-07-01,2016,3,46,Financial / sentiment,Not selected
OCMT,2016 Q3,BAA,0,0,2016 Q3,2016-07-01,2016,3,46,Financial / sentiment,Not selected
OCMT,2016 Q3,S&P 500,0,0,2016 Q3,2016-07-01,2016,3,46,Financial / sentiment,Not selected
OCMT,2016 Q3,VIXCLSx,0,0,2016 Q3,2016-07-01,2016,3,46,Financial / sentiment,Not selected
OCMT,2016 Q3,UMCSENTx,0,0,2016 Q3,2016-07-01,2016,3,46,Financial / sentiment,Not selected
OCMT,2016 Q3,TERM_SPREAD,0,0,2016 Q3,2016-07-01,2016,3,46,Financial / sentiment,Not selected
OCMT,2016 Q3,CREDIT_SPREAD,0,0,2016 Q3,2016-07-01,2016,3,46,Financial / sentiment,Not selected
OCMT,2016 Q4,RPI,0,0,2016 Q4,2016-10-01,2016,4,47,Real activity / consumption,Not selected
OCMT,2016 Q4,DPCERA3M086SBEA,0,0,2016 Q4,2016-10-01,2016,4,47,Real activity / consumption,Not selected
OCMT,2016 Q4,INDPRO,2,1,2016 Q4,2016-10-01,2016,4,47,Real activity / consumption,Real activity / consumption
OCMT,2016 Q4,CMRMTSPLx,0,0,2016 Q4,2016-10-01,2016,4,47,Real activity / consumption,Not selected
OCMT,2016 Q4,RETAILx,0,0,2016 Q4,2016-10-01,2016,4,47,Real activity / consumption,Not selected
OCMT,2016 Q4,UNRATE,0,0,2016 Q4,2016-10-01,2016,4,47,Labor market,Not selected
OCMT,2016 Q4,CLAIMSx,0,0,2016 Q4,2016-10-01,2016,4,47,Labor market,Not selected
OCMT,2016 Q4,PAYEMS,1,1,2016 Q4,2016-10-01,2016,4,47,Labor market,Labor market
OCMT,2016 Q4,AWHMAN,0,0,2016 Q4,2016-10-01,2016,4,47,Labor market,Not selected
OCMT,2016 Q4,HOUST,0,0,2016 Q4,2016-10-01,2016,4,47,Housing,Not selected
OCMT,2016 Q4,PERMIT,0,0,2016 Q4,2016-10-01,2016,4,47,Housing,Not selected
OCMT,2016 Q4,M1SL,0,0,2016 Q4,2016-10-01,2016,4,47,Money and credit,Not selected
OCMT,2016 Q4,M2SL,1,1,2016 Q4,2016-10-01,2016,4,47,Money and credit,Money and credit
OCMT,2016 Q4,BOGMBASE,0,0,2016 Q4,2016-10-01,2016,4,47,Money and credit,Not selected
OCMT,2016 Q4,BUSLOANS,0,0,2016 Q4,2016-10-01,2016,4,47,Money and credit,Not selected
OCMT,2016 Q4,NONREVSL,0,0,2016 Q4,2016-10-01,2016,4,47,Money and credit,Not selected
OCMT,2016 Q4,CPIAUCSL,0,0,2016 Q4,2016-10-01,2016,4,47,Prices and commodities,Not selected
OCMT,2016 Q4,PPICMM,0,0,2016 Q4,2016-10-01,2016,4,47,Prices and commodities,Not selected
OCMT,2016 Q4,PCEPI,0,0,2016 Q4,2016-10-01,2016,4,47,Prices and commodities,Not selected
OCMT,2016 Q4,OILPRICEx,0,0,2016 Q4,2016-10-01,2016,4,47,Prices and commodities,Not selected
OCMT,2016 Q4,FEDFUNDS,0,0,2016 Q4,2016-10-01,2016,4,47,Financial / sentiment,Not selected
OCMT,2016 Q4,TB3MS,0,0,2016 Q4,2016-10-01,2016,4,47,Financial / sentiment,Not selected
OCMT,2016 Q4,GS10,0,0,2016 Q4,2016-10-01,2016,4,47,Financial / sentiment,Not selected
OCMT,2016 Q4,AAA,0,0,2016 Q4,2016-10-01,2016,4,47,Financial / sentiment,Not selected
OCMT,2016 Q4,BAA,0,0,2016 Q4,2016-10-01,2016,4,47,Financial / sentiment,Not selected
OCMT,2016 Q4,S&P 500,0,0,2016 Q4,2016-10-01,2016,4,47,Financial / sentiment,Not selected
OCMT,2016 Q4,VIXCLSx,0,0,2016 Q4,2016-10-01,2016,4,47,Financial / sentiment,Not selected
OCMT,2016 Q4,UMCSENTx,0,0,2016 Q4,2016-10-01,2016,4,47,Financial / sentiment,Not selected
OCMT,2016 Q4,TERM_SPREAD,0,0,2016 Q4,2016-10-01,2016,4,47,Financial / sentiment,Not selected
OCMT,2016 Q4,CREDIT_SPREAD,0,0,2016 Q4,2016-10-01,2016,4,47,Financial / sentiment,Not selected
OCMT,2017 Q1,RPI,0,0,2017 Q1,2017-01-01,2017,1,48,Real activity / consumption,Not selected
OCMT,2017 Q1,DPCERA3M086SBEA,0,0,2017 Q1,2017-01-01,2017,1,48,Real activity / consumption,Not selected
OCMT,2017 Q1,INDPRO,2,1,2017 Q1,2017-01-01,2017,1,48,Real activity / consumption,Real activity / consumption
OCMT,2017 Q1,CMRMTSPLx,0,0,2017 Q1,2017-01-01,2017,1,48,Real activity / consumption,Not selected
OCMT,2017 Q1,RETAILx,0,0,2017 Q1,2017-01-01,2017,1,48,Real activity / consumption,Not selected
OCMT,2017 Q1,UNRATE,0,0,2017 Q1,2017-01-01,2017,1,48,Labor market,Not selected
OCMT,2017 Q1,CLAIMSx,0,0,2017 Q1,2017-01-01,2017,1,48,Labor market,Not selected
OCMT,2017 Q1,PAYEMS,1,1,2017 Q1,2017-01-01,2017,1,48,Labor market,Labor market
OCMT,2017 Q1,AWHMAN,0,0,2017 Q1,2017-01-01,2017,1,48,Labor market,Not selected
OCMT,2017 Q1,HOUST,0,0,2017 Q1,2017-01-01,2017,1,48,Housing,Not selected
OCMT,2017 Q1,PERMIT,0,0,2017 Q1,2017-01-01,2017,1,48,Housing,Not selected
OCMT,2017 Q1,M1SL,0,0,2017 Q1,2017-01-01,2017,1,48,Money and credit,Not selected
OCMT,2017 Q1,M2SL,1,1,2017 Q1,2017-01-01,2017,1,48,Money and credit,Money and credit
OCMT,2017 Q1,BOGMBASE,0,0,2017 Q1,2017-01-01,2017,1,48,Money and credit,Not selected
OCMT,2017 Q1,BUSLOANS,0,0,2017 Q1,2017-01-01,2017,1,48,Money and credit,Not selected
OCMT,2017 Q1,NONREVSL,0,0,2017 Q1,2017-01-01,2017,1,48,Money and credit,Not selected
OCMT,2017 Q1,CPIAUCSL,0,0,2017 Q1,2017-01-01,2017,1,48,Prices and commodities,Not selected
OCMT,2017 Q1,PPICMM,0,0,2017 Q1,2017-01-01,2017,1,48,Prices and commodities,Not selected
OCMT,2017 Q1,PCEPI,0,0,2017 Q1,2017-01-01,2017,1,48,Prices and commodities,Not selected
OCMT,2017 Q1,OILPRICEx,0,0,2017 Q1,2017-01-01,2017,1,48,Prices and commodities,Not selected
OCMT,2017 Q1,FEDFUNDS,0,0,2017 Q1,2017-01-01,2017,1,48,Financial / sentiment,Not selected
OCMT,2017 Q1,TB3MS,0,0,2017 Q1,2017-01-01,2017,1,48,Financial / sentiment,Not selected
OCMT,2017 Q1,GS10,0,0,2017 Q1,2017-01-01,2017,1,48,Financial / sentiment,Not selected
OCMT,2017 Q1,AAA,0,0,2017 Q1,2017-01-01,2017,1,48,Financial / sentiment,Not selected
OCMT,2017 Q1,BAA,0,0,2017 Q1,2017-01-01,2017,1,48,Financial / sentiment,Not selected
OCMT,2017 Q1,S&P 500,0,0,2017 Q1,2017-01-01,2017,1,48,Financial / sentiment,Not selected
OCMT,2017 Q1,VIXCLSx,0,0,2017 Q1,2017-01-01,2017,1,48,Financial / sentiment,Not selected
OCMT,2017 Q1,UMCSENTx,0,0,2017 Q1,2017-01-01,2017,1,48,Financial / sentiment,Not selected
OCMT,2017 Q1,TERM_SPREAD,0,0,2017 Q1,2017-01-01,2017,1,48,Financial / sentiment,Not selected
OCMT,2017 Q1,CREDIT_SPREAD,0,0,2017 Q1,2017-01-01,2017,1,48,Financial / sentiment,Not selected
OCMT,2017 Q2,RPI,0,0,2017 Q2,2017-04-01,2017,2,49,Real activity / consumption,Not selected
OCMT,2017 Q2,DPCERA3M086SBEA,0,0,2017 Q2,2017-04-01,2017,2,49,Real activity / consumption,Not selected
OCMT,2017 Q2,INDPRO,2,1,2017 Q2,2017-04-01,2017,2,49,Real activity / consumption,Real activity / consumption
OCMT,2017 Q2,CMRMTSPLx,0,0,2017 Q2,2017-04-01,2017,2,49,Real activity / consumption,Not selected
OCMT,2017 Q2,RETAILx,0,0,2017 Q2,2017-04-01,2017,2,49,Real activity / consumption,Not selected
OCMT,2017 Q2,UNRATE,0,0,2017 Q2,2017-04-01,2017,2,49,Labor market,Not selected
OCMT,2017 Q2,CLAIMSx,0,0,2017 Q2,2017-04-01,2017,2,49,Labor market,Not selected
OCMT,2017 Q2,PAYEMS,1,1,2017 Q2,2017-04-01,2017,2,49,Labor market,Labor market
OCMT,2017 Q2,AWHMAN,0,0,2017 Q2,2017-04-01,2017,2,49,Labor market,Not selected
OCMT,2017 Q2,HOUST,0,0,2017 Q2,2017-04-01,2017,2,49,Housing,Not selected
OCMT,2017 Q2,PERMIT,0,0,2017 Q2,2017-04-01,2017,2,49,Housing,Not selected
OCMT,2017 Q2,M1SL,0,0,2017 Q2,2017-04-01,2017,2,49,Money and credit,Not selected
OCMT,2017 Q2,M2SL,1,1,2017 Q2,2017-04-01,2017,2,49,Money and credit,Money and credit
OCMT,2017 Q2,BOGMBASE,0,0,2017 Q2,2017-04-01,2017,2,49,Money and credit,Not selected
OCMT,2017 Q2,BUSLOANS,0,0,2017 Q2,2017-04-01,2017,2,49,Money and credit,Not selected
OCMT,2017 Q2,NONREVSL,0,0,2017 Q2,2017-04-01,2017,2,49,Money and credit,Not selected
OCMT,2017 Q2,CPIAUCSL,0,0,2017 Q2,2017-04-01,2017,2,49,Prices and commodities,Not selected
OCMT,2017 Q2,PPICMM,0,0,2017 Q2,2017-04-01,2017,2,49,Prices and commodities,Not selected
OCMT,2017 Q2,PCEPI,0,0,2017 Q2,2017-04-01,2017,2,49,Prices and commodities,Not selected
OCMT,2017 Q2,OILPRICEx,0,0,2017 Q2,2017-04-01,2017,2,49,Prices and commodities,Not selected
OCMT,2017 Q2,FEDFUNDS,0,0,2017 Q2,2017-04-01,2017,2,49,Financial / sentiment,Not selected
OCMT,2017 Q2,TB3MS,0,0,2017 Q2,2017-04-01,2017,2,49,Financial / sentiment,Not selected
OCMT,2017 Q2,GS10,0,0,2017 Q2,2017-04-01,2017,2,49,Financial / sentiment,Not selected
OCMT,2017 Q2,AAA,0,0,2017 Q2,2017-04-01,2017,2,49,Financial / sentiment,Not selected
OCMT,2017 Q2,BAA,0,0,2017 Q2,2017-04-01,2017,2,49,Financial / sentiment,Not selected
OCMT,2017 Q2,S&P 500,0,0,2017 Q2,2017-04-01,2017,2,49,Financial / sentiment,Not selected
OCMT,2017 Q2,VIXCLSx,0,0,2017 Q2,2017-04-01,2017,2,49,Financial / sentiment,Not selected
OCMT,2017 Q2,UMCSENTx,0,0,2017 Q2,2017-04-01,2017,2,49,Financial / sentiment,Not selected
OCMT,2017 Q2,TERM_SPREAD,0,0,2017 Q2,2017-04-01,2017,2,49,Financial / sentiment,Not selected
OCMT,2017 Q2,CREDIT_SPREAD,0,0,2017 Q2,2017-04-01,2017,2,49,Financial / sentiment,Not selected
OCMT,2017 Q3,RPI,0,0,2017 Q3,2017-07-01,2017,3,50,Real activity / consumption,Not selected
OCMT,2017 Q3,DPCERA3M086SBEA,0,0,2017 Q3,2017-07-01,2017,3,50,Real activity / consumption,Not selected
OCMT,2017 Q3,INDPRO,2,1,2017 Q3,2017-07-01,2017,3,50,Real activity / consumption,Real activity / consumption
OCMT,2017 Q3,CMRMTSPLx,0,0,2017 Q3,2017-07-01,2017,3,50,Real activity / consumption,Not selected
OCMT,2017 Q3,RETAILx,0,0,2017 Q3,2017-07-01,2017,3,50,Real activity / consumption,Not selected
OCMT,2017 Q3,UNRATE,0,0,2017 Q3,2017-07-01,2017,3,50,Labor market,Not selected
OCMT,2017 Q3,CLAIMSx,0,0,2017 Q3,2017-07-01,2017,3,50,Labor market,Not selected
OCMT,2017 Q3,PAYEMS,1,1,2017 Q3,2017-07-01,2017,3,50,Labor market,Labor market
OCMT,2017 Q3,AWHMAN,0,0,2017 Q3,2017-07-01,2017,3,50,Labor market,Not selected
OCMT,2017 Q3,HOUST,0,0,2017 Q3,2017-07-01,2017,3,50,Housing,Not selected
OCMT,2017 Q3,PERMIT,0,0,2017 Q3,2017-07-01,2017,3,50,Housing,Not selected
OCMT,2017 Q3,M1SL,0,0,2017 Q3,2017-07-01,2017,3,50,Money and credit,Not selected
OCMT,2017 Q3,M2SL,1,1,2017 Q3,2017-07-01,2017,3,50,Money and credit,Money and credit
OCMT,2017 Q3,BOGMBASE,0,0,2017 Q3,2017-07-01,2017,3,50,Money and credit,Not selected
OCMT,2017 Q3,BUSLOANS,0,0,2017 Q3,2017-07-01,2017,3,50,Money and credit,Not selected
OCMT,2017 Q3,NONREVSL,0,0,2017 Q3,2017-07-01,2017,3,50,Money and credit,Not selected
OCMT,2017 Q3,CPIAUCSL,0,0,2017 Q3,2017-07-01,2017,3,50,Prices and commodities,Not selected
OCMT,2017 Q3,PPICMM,0,0,2017 Q3,2017-07-01,2017,3,50,Prices and commodities,Not selected
OCMT,2017 Q3,PCEPI,0,0,2017 Q3,2017-07-01,2017,3,50,Prices and commodities,Not selected
OCMT,2017 Q3,OILPRICEx,0,0,2017 Q3,2017-07-01,2017,3,50,Prices and commodities,Not selected
OCMT,2017 Q3,FEDFUNDS,0,0,2017 Q3,2017-07-01,2017,3,50,Financial / sentiment,Not selected
OCMT,2017 Q3,TB3MS,0,0,2017 Q3,2017-07-01,2017,3,50,Financial / sentiment,Not selected
OCMT,2017 Q3,GS10,0,0,2017 Q3,2017-07-01,2017,3,50,Financial / sentiment,Not selected
OCMT,2017 Q3,AAA,0,0,2017 Q3,2017-07-01,2017,3,50,Financial / sentiment,Not selected
OCMT,2017 Q3,BAA,0,0,2017 Q3,2017-07-01,2017,3,50,Financial / sentiment,Not selected
OCMT,2017 Q3,S&P 500,0,0,2017 Q3,2017-07-01,2017,3,50,Financial / sentiment,Not selected
OCMT,2017 Q3,VIXCLSx,0,0,2017 Q3,2017-07-01,2017,3,50,Financial / sentiment,Not selected
OCMT,2017 Q3,UMCSENTx,0,0,2017 Q3,2017-07-01,2017,3,50,Financial / sentiment,Not selected
OCMT,2017 Q3,TERM_SPREAD,0,0,2017 Q3,2017-07-01,2017,3,50,Financial / sentiment,Not selected
OCMT,2017 Q3,CREDIT_SPREAD,0,0,2017 Q3,2017-07-01,2017,3,50,Financial / sentiment,Not selected
OCMT,2017 Q4,RPI,0,0,2017 Q4,2017-10-01,2017,4,51,Real activity / consumption,Not selected
OCMT,2017 Q4,DPCERA3M086SBEA,0,0,2017 Q4,2017-10-01,2017,4,51,Real activity / consumption,Not selected
OCMT,2017 Q4,INDPRO,2,1,2017 Q4,2017-10-01,2017,4,51,Real activity / consumption,Real activity / consumption
OCMT,2017 Q4,CMRMTSPLx,0,0,2017 Q4,2017-10-01,2017,4,51,Real activity / consumption,Not selected
OCMT,2017 Q4,RETAILx,0,0,2017 Q4,2017-10-01,2017,4,51,Real activity / consumption,Not selected
OCMT,2017 Q4,UNRATE,0,0,2017 Q4,2017-10-01,2017,4,51,Labor market,Not selected
OCMT,2017 Q4,CLAIMSx,0,0,2017 Q4,2017-10-01,2017,4,51,Labor market,Not selected
OCMT,2017 Q4,PAYEMS,1,1,2017 Q4,2017-10-01,2017,4,51,Labor market,Labor market
OCMT,2017 Q4,AWHMAN,0,0,2017 Q4,2017-10-01,2017,4,51,Labor market,Not selected
OCMT,2017 Q4,HOUST,0,0,2017 Q4,2017-10-01,2017,4,51,Housing,Not selected
OCMT,2017 Q4,PERMIT,0,0,2017 Q4,2017-10-01,2017,4,51,Housing,Not selected
OCMT,2017 Q4,M1SL,0,0,2017 Q4,2017-10-01,2017,4,51,Money and credit,Not selected
OCMT,2017 Q4,M2SL,1,1,2017 Q4,2017-10-01,2017,4,51,Money and credit,Money and credit
OCMT,2017 Q4,BOGMBASE,0,0,2017 Q4,2017-10-01,2017,4,51,Money and credit,Not selected
OCMT,2017 Q4,BUSLOANS,0,0,2017 Q4,2017-10-01,2017,4,51,Money and credit,Not selected
OCMT,2017 Q4,NONREVSL,0,0,2017 Q4,2017-10-01,2017,4,51,Money and credit,Not selected
OCMT,2017 Q4,CPIAUCSL,0,0,2017 Q4,2017-10-01,2017,4,51,Prices and commodities,Not selected
OCMT,2017 Q4,PPICMM,0,0,2017 Q4,2017-10-01,2017,4,51,Prices and commodities,Not selected
OCMT,2017 Q4,PCEPI,0,0,2017 Q4,2017-10-01,2017,4,51,Prices and commodities,Not selected
OCMT,2017 Q4,OILPRICEx,0,0,2017 Q4,2017-10-01,2017,4,51,Prices and commodities,Not selected
OCMT,2017 Q4,FEDFUNDS,0,0,2017 Q4,2017-10-01,2017,4,51,Financial / sentiment,Not selected
OCMT,2017 Q4,TB3MS,0,0,2017 Q4,2017-10-01,2017,4,51,Financial / sentiment,Not selected
OCMT,2017 Q4,GS10,0,0,2017 Q4,2017-10-01,2017,4,51,Financial / sentiment,Not selected
OCMT,2017 Q4,AAA,0,0,2017 Q4,2017-10-01,2017,4,51,Financial / sentiment,Not selected
OCMT,2017 Q4,BAA,0,0,2017 Q4,2017-10-01,2017,4,51,Financial / sentiment,Not selected
OCMT,2017 Q4,S&P 500,0,0,2017 Q4,2017-10-01,2017,4,51,Financial / sentiment,Not selected
OCMT,2017 Q4,VIXCLSx,0,0,2017 Q4,2017-10-01,2017,4,51,Financial / sentiment,Not selected
OCMT,2017 Q4,UMCSENTx,0,0,2017 Q4,2017-10-01,2017,4,51,Financial / sentiment,Not selected
OCMT,2017 Q4,TERM_SPREAD,0,0,2017 Q4,2017-10-01,2017,4,51,Financial / sentiment,Not selected
OCMT,2017 Q4,CREDIT_SPREAD,0,0,2017 Q4,2017-10-01,2017,4,51,Financial / sentiment,Not selected
OCMT,2018 Q1,RPI,0,0,2018 Q1,2018-01-01,2018,1,52,Real activity / consumption,Not selected
OCMT,2018 Q1,DPCERA3M086SBEA,0,0,2018 Q1,2018-01-01,2018,1,52,Real activity / consumption,Not selected
OCMT,2018 Q1,INDPRO,2,1,2018 Q1,2018-01-01,2018,1,52,Real activity / consumption,Real activity / consumption
OCMT,2018 Q1,CMRMTSPLx,1,1,2018 Q1,2018-01-01,2018,1,52,Real activity / consumption,Real activity / consumption
OCMT,2018 Q1,RETAILx,0,0,2018 Q1,2018-01-01,2018,1,52,Real activity / consumption,Not selected
OCMT,2018 Q1,UNRATE,0,0,2018 Q1,2018-01-01,2018,1,52,Labor market,Not selected
OCMT,2018 Q1,CLAIMSx,0,0,2018 Q1,2018-01-01,2018,1,52,Labor market,Not selected
OCMT,2018 Q1,PAYEMS,1,1,2018 Q1,2018-01-01,2018,1,52,Labor market,Labor market
OCMT,2018 Q1,AWHMAN,0,0,2018 Q1,2018-01-01,2018,1,52,Labor market,Not selected
OCMT,2018 Q1,HOUST,0,0,2018 Q1,2018-01-01,2018,1,52,Housing,Not selected
OCMT,2018 Q1,PERMIT,0,0,2018 Q1,2018-01-01,2018,1,52,Housing,Not selected
OCMT,2018 Q1,M1SL,0,0,2018 Q1,2018-01-01,2018,1,52,Money and credit,Not selected
OCMT,2018 Q1,M2SL,1,1,2018 Q1,2018-01-01,2018,1,52,Money and credit,Money and credit
OCMT,2018 Q1,BOGMBASE,0,0,2018 Q1,2018-01-01,2018,1,52,Money and credit,Not selected
OCMT,2018 Q1,BUSLOANS,0,0,2018 Q1,2018-01-01,2018,1,52,Money and credit,Not selected
OCMT,2018 Q1,NONREVSL,0,0,2018 Q1,2018-01-01,2018,1,52,Money and credit,Not selected
OCMT,2018 Q1,CPIAUCSL,0,0,2018 Q1,2018-01-01,2018,1,52,Prices and commodities,Not selected
OCMT,2018 Q1,PPICMM,0,0,2018 Q1,2018-01-01,2018,1,52,Prices and commodities,Not selected
OCMT,2018 Q1,PCEPI,0,0,2018 Q1,2018-01-01,2018,1,52,Prices and commodities,Not selected
OCMT,2018 Q1,OILPRICEx,0,0,2018 Q1,2018-01-01,2018,1,52,Prices and commodities,Not selected
OCMT,2018 Q1,FEDFUNDS,0,0,2018 Q1,2018-01-01,2018,1,52,Financial / sentiment,Not selected
OCMT,2018 Q1,TB3MS,0,0,2018 Q1,2018-01-01,2018,1,52,Financial / sentiment,Not selected
OCMT,2018 Q1,GS10,0,0,2018 Q1,2018-01-01,2018,1,52,Financial / sentiment,Not selected
OCMT,2018 Q1,AAA,0,0,2018 Q1,2018-01-01,2018,1,52,Financial / sentiment,Not selected
OCMT,2018 Q1,BAA,0,0,2018 Q1,2018-01-01,2018,1,52,Financial / sentiment,Not selected
OCMT,2018 Q1,S&P 500,0,0,2018 Q1,2018-01-01,2018,1,52,Financial / sentiment,Not selected
OCMT,2018 Q1,VIXCLSx,0,0,2018 Q1,2018-01-01,2018,1,52,Financial / sentiment,Not selected
OCMT,2018 Q1,UMCSENTx,0,0,2018 Q1,2018-01-01,2018,1,52,Financial / sentiment,Not selected
OCMT,2018 Q1,TERM_SPREAD,0,0,2018 Q1,2018-01-01,2018,1,52,Financial / sentiment,Not selected
OCMT,2018 Q1,CREDIT_SPREAD,0,0,2018 Q1,2018-01-01,2018,1,52,Financial / sentiment,Not selected
OCMT,2018 Q2,RPI,0,0,2018 Q2,2018-04-01,2018,2,53,Real activity / consumption,Not selected
OCMT,2018 Q2,DPCERA3M086SBEA,0,0,2018 Q2,2018-04-01,2018,2,53,Real activity / consumption,Not selected
OCMT,2018 Q2,INDPRO,2,1,2018 Q2,2018-04-01,2018,2,53,Real activity / consumption,Real activity / consumption
OCMT,2018 Q2,CMRMTSPLx,1,1,2018 Q2,2018-04-01,2018,2,53,Real activity / consumption,Real activity / consumption
OCMT,2018 Q2,RETAILx,0,0,2018 Q2,2018-04-01,2018,2,53,Real activity / consumption,Not selected
OCMT,2018 Q2,UNRATE,0,0,2018 Q2,2018-04-01,2018,2,53,Labor market,Not selected
OCMT,2018 Q2,CLAIMSx,0,0,2018 Q2,2018-04-01,2018,2,53,Labor market,Not selected
OCMT,2018 Q2,PAYEMS,1,1,2018 Q2,2018-04-01,2018,2,53,Labor market,Labor market
OCMT,2018 Q2,AWHMAN,0,0,2018 Q2,2018-04-01,2018,2,53,Labor market,Not selected
OCMT,2018 Q2,HOUST,0,0,2018 Q2,2018-04-01,2018,2,53,Housing,Not selected
OCMT,2018 Q2,PERMIT,0,0,2018 Q2,2018-04-01,2018,2,53,Housing,Not selected
OCMT,2018 Q2,M1SL,0,0,2018 Q2,2018-04-01,2018,2,53,Money and credit,Not selected
OCMT,2018 Q2,M2SL,1,1,2018 Q2,2018-04-01,2018,2,53,Money and credit,Money and credit
OCMT,2018 Q2,BOGMBASE,0,0,2018 Q2,2018-04-01,2018,2,53,Money and credit,Not selected
OCMT,2018 Q2,BUSLOANS,0,0,2018 Q2,2018-04-01,2018,2,53,Money and credit,Not selected
OCMT,2018 Q2,NONREVSL,0,0,2018 Q2,2018-04-01,2018,2,53,Money and credit,Not selected
OCMT,2018 Q2,CPIAUCSL,0,0,2018 Q2,2018-04-01,2018,2,53,Prices and commodities,Not selected
OCMT,2018 Q2,PPICMM,0,0,2018 Q2,2018-04-01,2018,2,53,Prices and commodities,Not selected
OCMT,2018 Q2,PCEPI,0,0,2018 Q2,2018-04-01,2018,2,53,Prices and commodities,Not selected
OCMT,2018 Q2,OILPRICEx,0,0,2018 Q2,2018-04-01,2018,2,53,Prices and commodities,Not selected
OCMT,2018 Q2,FEDFUNDS,0,0,2018 Q2,2018-04-01,2018,2,53,Financial / sentiment,Not selected
OCMT,2018 Q2,TB3MS,0,0,2018 Q2,2018-04-01,2018,2,53,Financial / sentiment,Not selected
OCMT,2018 Q2,GS10,0,0,2018 Q2,2018-04-01,2018,2,53,Financial / sentiment,Not selected
OCMT,2018 Q2,AAA,0,0,2018 Q2,2018-04-01,2018,2,53,Financial / sentiment,Not selected
OCMT,2018 Q2,BAA,0,0,2018 Q2,2018-04-01,2018,2,53,Financial / sentiment,Not selected
OCMT,2018 Q2,S&P 500,0,0,2018 Q2,2018-04-01,2018,2,53,Financial / sentiment,Not selected
OCMT,2018 Q2,VIXCLSx,0,0,2018 Q2,2018-04-01,2018,2,53,Financial / sentiment,Not selected
OCMT,2018 Q2,UMCSENTx,0,0,2018 Q2,2018-04-01,2018,2,53,Financial / sentiment,Not selected
OCMT,2018 Q2,TERM_SPREAD,0,0,2018 Q2,2018-04-01,2018,2,53,Financial / sentiment,Not selected
OCMT,2018 Q2,CREDIT_SPREAD,0,0,2018 Q2,2018-04-01,2018,2,53,Financial / sentiment,Not selected
OCMT,2018 Q3,RPI,0,0,2018 Q3,2018-07-01,2018,3,54,Real activity / consumption,Not selected
OCMT,2018 Q3,DPCERA3M086SBEA,0,0,2018 Q3,2018-07-01,2018,3,54,Real activity / consumption,Not selected
OCMT,2018 Q3,INDPRO,2,1,2018 Q3,2018-07-01,2018,3,54,Real activity / consumption,Real activity / consumption
OCMT,2018 Q3,CMRMTSPLx,1,1,2018 Q3,2018-07-01,2018,3,54,Real activity / consumption,Real activity / consumption
OCMT,2018 Q3,RETAILx,0,0,2018 Q3,2018-07-01,2018,3,54,Real activity / consumption,Not selected
OCMT,2018 Q3,UNRATE,0,0,2018 Q3,2018-07-01,2018,3,54,Labor market,Not selected
OCMT,2018 Q3,CLAIMSx,0,0,2018 Q3,2018-07-01,2018,3,54,Labor market,Not selected
OCMT,2018 Q3,PAYEMS,0,0,2018 Q3,2018-07-01,2018,3,54,Labor market,Not selected
OCMT,2018 Q3,AWHMAN,0,0,2018 Q3,2018-07-01,2018,3,54,Labor market,Not selected
OCMT,2018 Q3,HOUST,0,0,2018 Q3,2018-07-01,2018,3,54,Housing,Not selected
OCMT,2018 Q3,PERMIT,0,0,2018 Q3,2018-07-01,2018,3,54,Housing,Not selected
OCMT,2018 Q3,M1SL,0,0,2018 Q3,2018-07-01,2018,3,54,Money and credit,Not selected
OCMT,2018 Q3,M2SL,1,1,2018 Q3,2018-07-01,2018,3,54,Money and credit,Money and credit
OCMT,2018 Q3,BOGMBASE,0,0,2018 Q3,2018-07-01,2018,3,54,Money and credit,Not selected
OCMT,2018 Q3,BUSLOANS,0,0,2018 Q3,2018-07-01,2018,3,54,Money and credit,Not selected
OCMT,2018 Q3,NONREVSL,0,0,2018 Q3,2018-07-01,2018,3,54,Money and credit,Not selected
OCMT,2018 Q3,CPIAUCSL,0,0,2018 Q3,2018-07-01,2018,3,54,Prices and commodities,Not selected
OCMT,2018 Q3,PPICMM,0,0,2018 Q3,2018-07-01,2018,3,54,Prices and commodities,Not selected
OCMT,2018 Q3,PCEPI,0,0,2018 Q3,2018-07-01,2018,3,54,Prices and commodities,Not selected
OCMT,2018 Q3,OILPRICEx,0,0,2018 Q3,2018-07-01,2018,3,54,Prices and commodities,Not selected
OCMT,2018 Q3,FEDFUNDS,0,0,2018 Q3,2018-07-01,2018,3,54,Financial / sentiment,Not selected
OCMT,2018 Q3,TB3MS,0,0,2018 Q3,2018-07-01,2018,3,54,Financial / sentiment,Not selected
OCMT,2018 Q3,GS10,0,0,2018 Q3,2018-07-01,2018,3,54,Financial / sentiment,Not selected
OCMT,2018 Q3,AAA,0,0,2018 Q3,2018-07-01,2018,3,54,Financial / sentiment,Not selected
OCMT,2018 Q3,BAA,0,0,2018 Q3,2018-07-01,2018,3,54,Financial / sentiment,Not selected
OCMT,2018 Q3,S&P 500,0,0,2018 Q3,2018-07-01,2018,3,54,Financial / sentiment,Not selected
OCMT,2018 Q3,VIXCLSx,0,0,2018 Q3,2018-07-01,2018,3,54,Financial / sentiment,Not selected
OCMT,2018 Q3,UMCSENTx,0,0,2018 Q3,2018-07-01,2018,3,54,Financial / sentiment,Not selected
OCMT,2018 Q3,TERM_SPREAD,0,0,2018 Q3,2018-07-01,2018,3,54,Financial / sentiment,Not selected
OCMT,2018 Q3,CREDIT_SPREAD,0,0,2018 Q3,2018-07-01,2018,3,54,Financial / sentiment,Not selected
OCMT,2018 Q4,RPI,0,0,2018 Q4,2018-10-01,2018,4,55,Real activity / consumption,Not selected
OCMT,2018 Q4,DPCERA3M086SBEA,0,0,2018 Q4,2018-10-01,2018,4,55,Real activity / consumption,Not selected
OCMT,2018 Q4,INDPRO,2,1,2018 Q4,2018-10-01,2018,4,55,Real activity / consumption,Real activity / consumption
OCMT,2018 Q4,CMRMTSPLx,1,1,2018 Q4,2018-10-01,2018,4,55,Real activity / consumption,Real activity / consumption
OCMT,2018 Q4,RETAILx,0,0,2018 Q4,2018-10-01,2018,4,55,Real activity / consumption,Not selected
OCMT,2018 Q4,UNRATE,0,0,2018 Q4,2018-10-01,2018,4,55,Labor market,Not selected
OCMT,2018 Q4,CLAIMSx,0,0,2018 Q4,2018-10-01,2018,4,55,Labor market,Not selected
OCMT,2018 Q4,PAYEMS,1,1,2018 Q4,2018-10-01,2018,4,55,Labor market,Labor market
OCMT,2018 Q4,AWHMAN,0,0,2018 Q4,2018-10-01,2018,4,55,Labor market,Not selected
OCMT,2018 Q4,HOUST,0,0,2018 Q4,2018-10-01,2018,4,55,Housing,Not selected
OCMT,2018 Q4,PERMIT,0,0,2018 Q4,2018-10-01,2018,4,55,Housing,Not selected
OCMT,2018 Q4,M1SL,0,0,2018 Q4,2018-10-01,2018,4,55,Money and credit,Not selected
OCMT,2018 Q4,M2SL,2,1,2018 Q4,2018-10-01,2018,4,55,Money and credit,Money and credit
OCMT,2018 Q4,BOGMBASE,0,0,2018 Q4,2018-10-01,2018,4,55,Money and credit,Not selected
OCMT,2018 Q4,BUSLOANS,0,0,2018 Q4,2018-10-01,2018,4,55,Money and credit,Not selected
OCMT,2018 Q4,NONREVSL,0,0,2018 Q4,2018-10-01,2018,4,55,Money and credit,Not selected
OCMT,2018 Q4,CPIAUCSL,0,0,2018 Q4,2018-10-01,2018,4,55,Prices and commodities,Not selected
OCMT,2018 Q4,PPICMM,0,0,2018 Q4,2018-10-01,2018,4,55,Prices and commodities,Not selected
OCMT,2018 Q4,PCEPI,0,0,2018 Q4,2018-10-01,2018,4,55,Prices and commodities,Not selected
OCMT,2018 Q4,OILPRICEx,0,0,2018 Q4,2018-10-01,2018,4,55,Prices and commodities,Not selected
OCMT,2018 Q4,FEDFUNDS,0,0,2018 Q4,2018-10-01,2018,4,55,Financial / sentiment,Not selected
OCMT,2018 Q4,TB3MS,0,0,2018 Q4,2018-10-01,2018,4,55,Financial / sentiment,Not selected
OCMT,2018 Q4,GS10,0,0,2018 Q4,2018-10-01,2018,4,55,Financial / sentiment,Not selected
OCMT,2018 Q4,AAA,0,0,2018 Q4,2018-10-01,2018,4,55,Financial / sentiment,Not selected
OCMT,2018 Q4,BAA,0,0,2018 Q4,2018-10-01,2018,4,55,Financial / sentiment,Not selected
OCMT,2018 Q4,S&P 500,0,0,2018 Q4,2018-10-01,2018,4,55,Financial / sentiment,Not selected
OCMT,2018 Q4,VIXCLSx,0,0,2018 Q4,2018-10-01,2018,4,55,Financial / sentiment,Not selected
OCMT,2018 Q4,UMCSENTx,0,0,2018 Q4,2018-10-01,2018,4,55,Financial / sentiment,Not selected
OCMT,2018 Q4,TERM_SPREAD,0,0,2018 Q4,2018-10-01,2018,4,55,Financial / sentiment,Not selected
OCMT,2018 Q4,CREDIT_SPREAD,0,0,2018 Q4,2018-10-01,2018,4,55,Financial / sentiment,Not selected
OCMT,2019 Q1,RPI,0,0,2019 Q1,2019-01-01,2019,1,56,Real activity / consumption,Not selected
OCMT,2019 Q1,DPCERA3M086SBEA,0,0,2019 Q1,2019-01-01,2019,1,56,Real activity / consumption,Not selected
OCMT,2019 Q1,INDPRO,2,1,2019 Q1,2019-01-01,2019,1,56,Real activity / consumption,Real activity / consumption
OCMT,2019 Q1,CMRMTSPLx,1,1,2019 Q1,2019-01-01,2019,1,56,Real activity / consumption,Real activity / consumption
OCMT,2019 Q1,RETAILx,0,0,2019 Q1,2019-01-01,2019,1,56,Real activity / consumption,Not selected
OCMT,2019 Q1,UNRATE,0,0,2019 Q1,2019-01-01,2019,1,56,Labor market,Not selected
OCMT,2019 Q1,CLAIMSx,0,0,2019 Q1,2019-01-01,2019,1,56,Labor market,Not selected
OCMT,2019 Q1,PAYEMS,1,1,2019 Q1,2019-01-01,2019,1,56,Labor market,Labor market
OCMT,2019 Q1,AWHMAN,0,0,2019 Q1,2019-01-01,2019,1,56,Labor market,Not selected
OCMT,2019 Q1,HOUST,0,0,2019 Q1,2019-01-01,2019,1,56,Housing,Not selected
OCMT,2019 Q1,PERMIT,0,0,2019 Q1,2019-01-01,2019,1,56,Housing,Not selected
OCMT,2019 Q1,M1SL,0,0,2019 Q1,2019-01-01,2019,1,56,Money and credit,Not selected
OCMT,2019 Q1,M2SL,1,1,2019 Q1,2019-01-01,2019,1,56,Money and credit,Money and credit
OCMT,2019 Q1,BOGMBASE,0,0,2019 Q1,2019-01-01,2019,1,56,Money and credit,Not selected
OCMT,2019 Q1,BUSLOANS,0,0,2019 Q1,2019-01-01,2019,1,56,Money and credit,Not selected
OCMT,2019 Q1,NONREVSL,0,0,2019 Q1,2019-01-01,2019,1,56,Money and credit,Not selected
OCMT,2019 Q1,CPIAUCSL,0,0,2019 Q1,2019-01-01,2019,1,56,Prices and commodities,Not selected
OCMT,2019 Q1,PPICMM,0,0,2019 Q1,2019-01-01,2019,1,56,Prices and commodities,Not selected
OCMT,2019 Q1,PCEPI,0,0,2019 Q1,2019-01-01,2019,1,56,Prices and commodities,Not selected
OCMT,2019 Q1,OILPRICEx,0,0,2019 Q1,2019-01-01,2019,1,56,Prices and commodities,Not selected
OCMT,2019 Q1,FEDFUNDS,0,0,2019 Q1,2019-01-01,2019,1,56,Financial / sentiment,Not selected
OCMT,2019 Q1,TB3MS,0,0,2019 Q1,2019-01-01,2019,1,56,Financial / sentiment,Not selected
OCMT,2019 Q1,GS10,0,0,2019 Q1,2019-01-01,2019,1,56,Financial / sentiment,Not selected
OCMT,2019 Q1,AAA,0,0,2019 Q1,2019-01-01,2019,1,56,Financial / sentiment,Not selected
OCMT,2019 Q1,BAA,0,0,2019 Q1,2019-01-01,2019,1,56,Financial / sentiment,Not selected
OCMT,2019 Q1,S&P 500,0,0,2019 Q1,2019-01-01,2019,1,56,Financial / sentiment,Not selected
OCMT,2019 Q1,VIXCLSx,0,0,2019 Q1,2019-01-01,2019,1,56,Financial / sentiment,Not selected
OCMT,2019 Q1,UMCSENTx,0,0,2019 Q1,2019-01-01,2019,1,56,Financial / sentiment,Not selected
OCMT,2019 Q1,TERM_SPREAD,0,0,2019 Q1,2019-01-01,2019,1,56,Financial / sentiment,Not selected
OCMT,2019 Q1,CREDIT_SPREAD,0,0,2019 Q1,2019-01-01,2019,1,56,Financial / sentiment,Not selected
OCMT,2019 Q2,RPI,0,0,2019 Q2,2019-04-01,2019,2,57,Real activity / consumption,Not selected
OCMT,2019 Q2,DPCERA3M086SBEA,0,0,2019 Q2,2019-04-01,2019,2,57,Real activity / consumption,Not selected
OCMT,2019 Q2,INDPRO,2,1,2019 Q2,2019-04-01,2019,2,57,Real activity / consumption,Real activity / consumption
OCMT,2019 Q2,CMRMTSPLx,1,1,2019 Q2,2019-04-01,2019,2,57,Real activity / consumption,Real activity / consumption
OCMT,2019 Q2,RETAILx,0,0,2019 Q2,2019-04-01,2019,2,57,Real activity / consumption,Not selected
OCMT,2019 Q2,UNRATE,0,0,2019 Q2,2019-04-01,2019,2,57,Labor market,Not selected
OCMT,2019 Q2,CLAIMSx,0,0,2019 Q2,2019-04-01,2019,2,57,Labor market,Not selected
OCMT,2019 Q2,PAYEMS,1,1,2019 Q2,2019-04-01,2019,2,57,Labor market,Labor market
OCMT,2019 Q2,AWHMAN,0,0,2019 Q2,2019-04-01,2019,2,57,Labor market,Not selected
OCMT,2019 Q2,HOUST,0,0,2019 Q2,2019-04-01,2019,2,57,Housing,Not selected
OCMT,2019 Q2,PERMIT,0,0,2019 Q2,2019-04-01,2019,2,57,Housing,Not selected
OCMT,2019 Q2,M1SL,0,0,2019 Q2,2019-04-01,2019,2,57,Money and credit,Not selected
OCMT,2019 Q2,M2SL,1,1,2019 Q2,2019-04-01,2019,2,57,Money and credit,Money and credit
OCMT,2019 Q2,BOGMBASE,0,0,2019 Q2,2019-04-01,2019,2,57,Money and credit,Not selected
OCMT,2019 Q2,BUSLOANS,0,0,2019 Q2,2019-04-01,2019,2,57,Money and credit,Not selected
OCMT,2019 Q2,NONREVSL,0,0,2019 Q2,2019-04-01,2019,2,57,Money and credit,Not selected
OCMT,2019 Q2,CPIAUCSL,0,0,2019 Q2,2019-04-01,2019,2,57,Prices and commodities,Not selected
OCMT,2019 Q2,PPICMM,0,0,2019 Q2,2019-04-01,2019,2,57,Prices and commodities,Not selected
OCMT,2019 Q2,PCEPI,0,0,2019 Q2,2019-04-01,2019,2,57,Prices and commodities,Not selected
OCMT,2019 Q2,OILPRICEx,0,0,2019 Q2,2019-04-01,2019,2,57,Prices and commodities,Not selected
OCMT,2019 Q2,FEDFUNDS,0,0,2019 Q2,2019-04-01,2019,2,57,Financial / sentiment,Not selected
OCMT,2019 Q2,TB3MS,0,0,2019 Q2,2019-04-01,2019,2,57,Financial / sentiment,Not selected
OCMT,2019 Q2,GS10,0,0,2019 Q2,2019-04-01,2019,2,57,Financial / sentiment,Not selected
OCMT,2019 Q2,AAA,0,0,2019 Q2,2019-04-01,2019,2,57,Financial / sentiment,Not selected
OCMT,2019 Q2,BAA,0,0,2019 Q2,2019-04-01,2019,2,57,Financial / sentiment,Not selected
OCMT,2019 Q2,S&P 500,0,0,2019 Q2,2019-04-01,2019,2,57,Financial / sentiment,Not selected
OCMT,2019 Q2,VIXCLSx,0,0,2019 Q2,2019-04-01,2019,2,57,Financial / sentiment,Not selected
OCMT,2019 Q2,UMCSENTx,0,0,2019 Q2,2019-04-01,2019,2,57,Financial / sentiment,Not selected
OCMT,2019 Q2,TERM_SPREAD,0,0,2019 Q2,2019-04-01,2019,2,57,Financial / sentiment,Not selected
OCMT,2019 Q2,CREDIT_SPREAD,0,0,2019 Q2,2019-04-01,2019,2,57,Financial / sentiment,Not selected
OCMT,2019 Q3,RPI,0,0,2019 Q3,2019-07-01,2019,3,58,Real activity / consumption,Not selected
OCMT,2019 Q3,DPCERA3M086SBEA,0,0,2019 Q3,2019-07-01,2019,3,58,Real activity / consumption,Not selected
OCMT,2019 Q3,INDPRO,1,1,2019 Q3,2019-07-01,2019,3,58,Real activity / consumption,Real activity / consumption
OCMT,2019 Q3,CMRMTSPLx,1,1,2019 Q3,2019-07-01,2019,3,58,Real activity / consumption,Real activity / consumption
OCMT,2019 Q3,RETAILx,0,0,2019 Q3,2019-07-01,2019,3,58,Real activity / consumption,Not selected
OCMT,2019 Q3,UNRATE,0,0,2019 Q3,2019-07-01,2019,3,58,Labor market,Not selected
OCMT,2019 Q3,CLAIMSx,0,0,2019 Q3,2019-07-01,2019,3,58,Labor market,Not selected
OCMT,2019 Q3,PAYEMS,1,1,2019 Q3,2019-07-01,2019,3,58,Labor market,Labor market
OCMT,2019 Q3,AWHMAN,0,0,2019 Q3,2019-07-01,2019,3,58,Labor market,Not selected
OCMT,2019 Q3,HOUST,0,0,2019 Q3,2019-07-01,2019,3,58,Housing,Not selected
OCMT,2019 Q3,PERMIT,0,0,2019 Q3,2019-07-01,2019,3,58,Housing,Not selected
OCMT,2019 Q3,M1SL,0,0,2019 Q3,2019-07-01,2019,3,58,Money and credit,Not selected
OCMT,2019 Q3,M2SL,1,1,2019 Q3,2019-07-01,2019,3,58,Money and credit,Money and credit
OCMT,2019 Q3,BOGMBASE,0,0,2019 Q3,2019-07-01,2019,3,58,Money and credit,Not selected
OCMT,2019 Q3,BUSLOANS,0,0,2019 Q3,2019-07-01,2019,3,58,Money and credit,Not selected
OCMT,2019 Q3,NONREVSL,0,0,2019 Q3,2019-07-01,2019,3,58,Money and credit,Not selected
OCMT,2019 Q3,CPIAUCSL,0,0,2019 Q3,2019-07-01,2019,3,58,Prices and commodities,Not selected
OCMT,2019 Q3,PPICMM,0,0,2019 Q3,2019-07-01,2019,3,58,Prices and commodities,Not selected
OCMT,2019 Q3,PCEPI,0,0,2019 Q3,2019-07-01,2019,3,58,Prices and commodities,Not selected
OCMT,2019 Q3,OILPRICEx,0,0,2019 Q3,2019-07-01,2019,3,58,Prices and commodities,Not selected
OCMT,2019 Q3,FEDFUNDS,0,0,2019 Q3,2019-07-01,2019,3,58,Financial / sentiment,Not selected
OCMT,2019 Q3,TB3MS,0,0,2019 Q3,2019-07-01,2019,3,58,Financial / sentiment,Not selected
OCMT,2019 Q3,GS10,0,0,2019 Q3,2019-07-01,2019,3,58,Financial / sentiment,Not selected
OCMT,2019 Q3,AAA,0,0,2019 Q3,2019-07-01,2019,3,58,Financial / sentiment,Not selected
OCMT,2019 Q3,BAA,0,0,2019 Q3,2019-07-01,2019,3,58,Financial / sentiment,Not selected
OCMT,2019 Q3,S&P 500,0,0,2019 Q3,2019-07-01,2019,3,58,Financial / sentiment,Not selected
OCMT,2019 Q3,VIXCLSx,0,0,2019 Q3,2019-07-01,2019,3,58,Financial / sentiment,Not selected
OCMT,2019 Q3,UMCSENTx,0,0,2019 Q3,2019-07-01,2019,3,58,Financial / sentiment,Not selected
OCMT,2019 Q3,TERM_SPREAD,0,0,2019 Q3,2019-07-01,2019,3,58,Financial / sentiment,Not selected
OCMT,2019 Q3,CREDIT_SPREAD,0,0,2019 Q3,2019-07-01,2019,3,58,Financial / sentiment,Not selected
BMT,2005 Q2,RPI,1,1,2005 Q2,2005-04-01,2005,2,1,Real activity / consumption,Real activity / consumption
BMT,2005 Q2,DPCERA3M086SBEA,0,0,2005 Q2,2005-04-01,2005,2,1,Real activity / consumption,Not selected
BMT,2005 Q2,INDPRO,0,0,2005 Q2,2005-04-01,2005,2,1,Real activity / consumption,Not selected
BMT,2005 Q2,CMRMTSPLx,0,0,2005 Q2,2005-04-01,2005,2,1,Real activity / consumption,Not selected
BMT,2005 Q2,RETAILx,0,0,2005 Q2,2005-04-01,2005,2,1,Real activity / consumption,Not selected
BMT,2005 Q2,UNRATE,0,0,2005 Q2,2005-04-01,2005,2,1,Labor market,Not selected
BMT,2005 Q2,CLAIMSx,0,0,2005 Q2,2005-04-01,2005,2,1,Labor market,Not selected
BMT,2005 Q2,PAYEMS,0,0,2005 Q2,2005-04-01,2005,2,1,Labor market,Not selected
BMT,2005 Q2,AWHMAN,0,0,2005 Q2,2005-04-01,2005,2,1,Labor market,Not selected
BMT,2005 Q2,HOUST,0,0,2005 Q2,2005-04-01,2005,2,1,Housing,Not selected
BMT,2005 Q2,PERMIT,0,0,2005 Q2,2005-04-01,2005,2,1,Housing,Not selected
BMT,2005 Q2,M1SL,0,0,2005 Q2,2005-04-01,2005,2,1,Money and credit,Not selected
BMT,2005 Q2,M2SL,0,0,2005 Q2,2005-04-01,2005,2,1,Money and credit,Not selected
BMT,2005 Q2,BOGMBASE,0,0,2005 Q2,2005-04-01,2005,2,1,Money and credit,Not selected
BMT,2005 Q2,BUSLOANS,0,0,2005 Q2,2005-04-01,2005,2,1,Money and credit,Not selected
BMT,2005 Q2,NONREVSL,0,0,2005 Q2,2005-04-01,2005,2,1,Money and credit,Not selected
BMT,2005 Q2,CPIAUCSL,0,0,2005 Q2,2005-04-01,2005,2,1,Prices and commodities,Not selected
BMT,2005 Q2,PPICMM,0,0,2005 Q2,2005-04-01,2005,2,1,Prices and commodities,Not selected
BMT,2005 Q2,PCEPI,0,0,2005 Q2,2005-04-01,2005,2,1,Prices and commodities,Not selected
BMT,2005 Q2,OILPRICEx,0,0,2005 Q2,2005-04-01,2005,2,1,Prices and commodities,Not selected
BMT,2005 Q2,FEDFUNDS,0,0,2005 Q2,2005-04-01,2005,2,1,Financial / sentiment,Not selected
BMT,2005 Q2,TB3MS,0,0,2005 Q2,2005-04-01,2005,2,1,Financial / sentiment,Not selected
BMT,2005 Q2,GS10,0,0,2005 Q2,2005-04-01,2005,2,1,Financial / sentiment,Not selected
BMT,2005 Q2,AAA,0,0,2005 Q2,2005-04-01,2005,2,1,Financial / sentiment,Not selected
BMT,2005 Q2,BAA,0,0,2005 Q2,2005-04-01,2005,2,1,Financial / sentiment,Not selected
BMT,2005 Q2,S&P 500,0,0,2005 Q2,2005-04-01,2005,2,1,Financial / sentiment,Not selected
BMT,2005 Q2,VIXCLSx,0,0,2005 Q2,2005-04-01,2005,2,1,Financial / sentiment,Not selected
BMT,2005 Q2,UMCSENTx,0,0,2005 Q2,2005-04-01,2005,2,1,Financial / sentiment,Not selected
BMT,2005 Q2,TERM_SPREAD,0,0,2005 Q2,2005-04-01,2005,2,1,Financial / sentiment,Not selected
BMT,2005 Q2,CREDIT_SPREAD,0,0,2005 Q2,2005-04-01,2005,2,1,Financial / sentiment,Not selected
BMT,2005 Q3,RPI,1,1,2005 Q3,2005-07-01,2005,3,2,Real activity / consumption,Real activity / consumption
BMT,2005 Q3,DPCERA3M086SBEA,0,0,2005 Q3,2005-07-01,2005,3,2,Real activity / consumption,Not selected
BMT,2005 Q3,INDPRO,0,0,2005 Q3,2005-07-01,2005,3,2,Real activity / consumption,Not selected
BMT,2005 Q3,CMRMTSPLx,0,0,2005 Q3,2005-07-01,2005,3,2,Real activity / consumption,Not selected
BMT,2005 Q3,RETAILx,0,0,2005 Q3,2005-07-01,2005,3,2,Real activity / consumption,Not selected
BMT,2005 Q3,UNRATE,0,0,2005 Q3,2005-07-01,2005,3,2,Labor market,Not selected
BMT,2005 Q3,CLAIMSx,0,0,2005 Q3,2005-07-01,2005,3,2,Labor market,Not selected
BMT,2005 Q3,PAYEMS,0,0,2005 Q3,2005-07-01,2005,3,2,Labor market,Not selected
BMT,2005 Q3,AWHMAN,0,0,2005 Q3,2005-07-01,2005,3,2,Labor market,Not selected
BMT,2005 Q3,HOUST,0,0,2005 Q3,2005-07-01,2005,3,2,Housing,Not selected
BMT,2005 Q3,PERMIT,0,0,2005 Q3,2005-07-01,2005,3,2,Housing,Not selected
BMT,2005 Q3,M1SL,0,0,2005 Q3,2005-07-01,2005,3,2,Money and credit,Not selected
BMT,2005 Q3,M2SL,0,0,2005 Q3,2005-07-01,2005,3,2,Money and credit,Not selected
BMT,2005 Q3,BOGMBASE,0,0,2005 Q3,2005-07-01,2005,3,2,Money and credit,Not selected
BMT,2005 Q3,BUSLOANS,0,0,2005 Q3,2005-07-01,2005,3,2,Money and credit,Not selected
BMT,2005 Q3,NONREVSL,0,0,2005 Q3,2005-07-01,2005,3,2,Money and credit,Not selected
BMT,2005 Q3,CPIAUCSL,0,0,2005 Q3,2005-07-01,2005,3,2,Prices and commodities,Not selected
BMT,2005 Q3,PPICMM,0,0,2005 Q3,2005-07-01,2005,3,2,Prices and commodities,Not selected
BMT,2005 Q3,PCEPI,0,0,2005 Q3,2005-07-01,2005,3,2,Prices and commodities,Not selected
BMT,2005 Q3,OILPRICEx,0,0,2005 Q3,2005-07-01,2005,3,2,Prices and commodities,Not selected
BMT,2005 Q3,FEDFUNDS,0,0,2005 Q3,2005-07-01,2005,3,2,Financial / sentiment,Not selected
BMT,2005 Q3,TB3MS,0,0,2005 Q3,2005-07-01,2005,3,2,Financial / sentiment,Not selected
BMT,2005 Q3,GS10,0,0,2005 Q3,2005-07-01,2005,3,2,Financial / sentiment,Not selected
BMT,2005 Q3,AAA,0,0,2005 Q3,2005-07-01,2005,3,2,Financial / sentiment,Not selected
BMT,2005 Q3,BAA,0,0,2005 Q3,2005-07-01,2005,3,2,Financial / sentiment,Not selected
BMT,2005 Q3,S&P 500,0,0,2005 Q3,2005-07-01,2005,3,2,Financial / sentiment,Not selected
BMT,2005 Q3,VIXCLSx,0,0,2005 Q3,2005-07-01,2005,3,2,Financial / sentiment,Not selected
BMT,2005 Q3,UMCSENTx,0,0,2005 Q3,2005-07-01,2005,3,2,Financial / sentiment,Not selected
BMT,2005 Q3,TERM_SPREAD,0,0,2005 Q3,2005-07-01,2005,3,2,Financial / sentiment,Not selected
BMT,2005 Q3,CREDIT_SPREAD,0,0,2005 Q3,2005-07-01,2005,3,2,Financial / sentiment,Not selected
BMT,2005 Q4,RPI,1,1,2005 Q4,2005-10-01,2005,4,3,Real activity / consumption,Real activity / consumption
BMT,2005 Q4,DPCERA3M086SBEA,0,0,2005 Q4,2005-10-01,2005,4,3,Real activity / consumption,Not selected
BMT,2005 Q4,INDPRO,0,0,2005 Q4,2005-10-01,2005,4,3,Real activity / consumption,Not selected
BMT,2005 Q4,CMRMTSPLx,0,0,2005 Q4,2005-10-01,2005,4,3,Real activity / consumption,Not selected
BMT,2005 Q4,RETAILx,0,0,2005 Q4,2005-10-01,2005,4,3,Real activity / consumption,Not selected
BMT,2005 Q4,UNRATE,0,0,2005 Q4,2005-10-01,2005,4,3,Labor market,Not selected
BMT,2005 Q4,CLAIMSx,0,0,2005 Q4,2005-10-01,2005,4,3,Labor market,Not selected
BMT,2005 Q4,PAYEMS,0,0,2005 Q4,2005-10-01,2005,4,3,Labor market,Not selected
BMT,2005 Q4,AWHMAN,0,0,2005 Q4,2005-10-01,2005,4,3,Labor market,Not selected
BMT,2005 Q4,HOUST,0,0,2005 Q4,2005-10-01,2005,4,3,Housing,Not selected
BMT,2005 Q4,PERMIT,0,0,2005 Q4,2005-10-01,2005,4,3,Housing,Not selected
BMT,2005 Q4,M1SL,0,0,2005 Q4,2005-10-01,2005,4,3,Money and credit,Not selected
BMT,2005 Q4,M2SL,0,0,2005 Q4,2005-10-01,2005,4,3,Money and credit,Not selected
BMT,2005 Q4,BOGMBASE,0,0,2005 Q4,2005-10-01,2005,4,3,Money and credit,Not selected
BMT,2005 Q4,BUSLOANS,0,0,2005 Q4,2005-10-01,2005,4,3,Money and credit,Not selected
BMT,2005 Q4,NONREVSL,0,0,2005 Q4,2005-10-01,2005,4,3,Money and credit,Not selected
BMT,2005 Q4,CPIAUCSL,0,0,2005 Q4,2005-10-01,2005,4,3,Prices and commodities,Not selected
BMT,2005 Q4,PPICMM,0,0,2005 Q4,2005-10-01,2005,4,3,Prices and commodities,Not selected
BMT,2005 Q4,PCEPI,0,0,2005 Q4,2005-10-01,2005,4,3,Prices and commodities,Not selected
BMT,2005 Q4,OILPRICEx,0,0,2005 Q4,2005-10-01,2005,4,3,Prices and commodities,Not selected
BMT,2005 Q4,FEDFUNDS,0,0,2005 Q4,2005-10-01,2005,4,3,Financial / sentiment,Not selected
BMT,2005 Q4,TB3MS,0,0,2005 Q4,2005-10-01,2005,4,3,Financial / sentiment,Not selected
BMT,2005 Q4,GS10,0,0,2005 Q4,2005-10-01,2005,4,3,Financial / sentiment,Not selected
BMT,2005 Q4,AAA,0,0,2005 Q4,2005-10-01,2005,4,3,Financial / sentiment,Not selected
BMT,2005 Q4,BAA,0,0,2005 Q4,2005-10-01,2005,4,3,Financial / sentiment,Not selected
BMT,2005 Q4,S&P 500,0,0,2005 Q4,2005-10-01,2005,4,3,Financial / sentiment,Not selected
BMT,2005 Q4,VIXCLSx,0,0,2005 Q4,2005-10-01,2005,4,3,Financial / sentiment,Not selected
BMT,2005 Q4,UMCSENTx,0,0,2005 Q4,2005-10-01,2005,4,3,Financial / sentiment,Not selected
BMT,2005 Q4,TERM_SPREAD,0,0,2005 Q4,2005-10-01,2005,4,3,Financial / sentiment,Not selected
BMT,2005 Q4,CREDIT_SPREAD,0,0,2005 Q4,2005-10-01,2005,4,3,Financial / sentiment,Not selected
BMT,2006 Q1,RPI,1,1,2006 Q1,2006-01-01,2006,1,4,Real activity / consumption,Real activity / consumption
BMT,2006 Q1,DPCERA3M086SBEA,0,0,2006 Q1,2006-01-01,2006,1,4,Real activity / consumption,Not selected
BMT,2006 Q1,INDPRO,0,0,2006 Q1,2006-01-01,2006,1,4,Real activity / consumption,Not selected
BMT,2006 Q1,CMRMTSPLx,0,0,2006 Q1,2006-01-01,2006,1,4,Real activity / consumption,Not selected
BMT,2006 Q1,RETAILx,0,0,2006 Q1,2006-01-01,2006,1,4,Real activity / consumption,Not selected
BMT,2006 Q1,UNRATE,0,0,2006 Q1,2006-01-01,2006,1,4,Labor market,Not selected
BMT,2006 Q1,CLAIMSx,0,0,2006 Q1,2006-01-01,2006,1,4,Labor market,Not selected
BMT,2006 Q1,PAYEMS,0,0,2006 Q1,2006-01-01,2006,1,4,Labor market,Not selected
BMT,2006 Q1,AWHMAN,0,0,2006 Q1,2006-01-01,2006,1,4,Labor market,Not selected
BMT,2006 Q1,HOUST,0,0,2006 Q1,2006-01-01,2006,1,4,Housing,Not selected
BMT,2006 Q1,PERMIT,0,0,2006 Q1,2006-01-01,2006,1,4,Housing,Not selected
BMT,2006 Q1,M1SL,0,0,2006 Q1,2006-01-01,2006,1,4,Money and credit,Not selected
BMT,2006 Q1,M2SL,0,0,2006 Q1,2006-01-01,2006,1,4,Money and credit,Not selected
BMT,2006 Q1,BOGMBASE,0,0,2006 Q1,2006-01-01,2006,1,4,Money and credit,Not selected
BMT,2006 Q1,BUSLOANS,0,0,2006 Q1,2006-01-01,2006,1,4,Money and credit,Not selected
BMT,2006 Q1,NONREVSL,0,0,2006 Q1,2006-01-01,2006,1,4,Money and credit,Not selected
BMT,2006 Q1,CPIAUCSL,0,0,2006 Q1,2006-01-01,2006,1,4,Prices and commodities,Not selected
BMT,2006 Q1,PPICMM,0,0,2006 Q1,2006-01-01,2006,1,4,Prices and commodities,Not selected
BMT,2006 Q1,PCEPI,0,0,2006 Q1,2006-01-01,2006,1,4,Prices and commodities,Not selected
BMT,2006 Q1,OILPRICEx,0,0,2006 Q1,2006-01-01,2006,1,4,Prices and commodities,Not selected
BMT,2006 Q1,FEDFUNDS,0,0,2006 Q1,2006-01-01,2006,1,4,Financial / sentiment,Not selected
BMT,2006 Q1,TB3MS,0,0,2006 Q1,2006-01-01,2006,1,4,Financial / sentiment,Not selected
BMT,2006 Q1,GS10,0,0,2006 Q1,2006-01-01,2006,1,4,Financial / sentiment,Not selected
BMT,2006 Q1,AAA,0,0,2006 Q1,2006-01-01,2006,1,4,Financial / sentiment,Not selected
BMT,2006 Q1,BAA,0,0,2006 Q1,2006-01-01,2006,1,4,Financial / sentiment,Not selected
BMT,2006 Q1,S&P 500,0,0,2006 Q1,2006-01-01,2006,1,4,Financial / sentiment,Not selected
BMT,2006 Q1,VIXCLSx,0,0,2006 Q1,2006-01-01,2006,1,4,Financial / sentiment,Not selected
BMT,2006 Q1,UMCSENTx,0,0,2006 Q1,2006-01-01,2006,1,4,Financial / sentiment,Not selected
BMT,2006 Q1,TERM_SPREAD,0,0,2006 Q1,2006-01-01,2006,1,4,Financial / sentiment,Not selected
BMT,2006 Q1,CREDIT_SPREAD,0,0,2006 Q1,2006-01-01,2006,1,4,Financial / sentiment,Not selected
BMT,2006 Q2,RPI,1,1,2006 Q2,2006-04-01,2006,2,5,Real activity / consumption,Real activity / consumption
BMT,2006 Q2,DPCERA3M086SBEA,0,0,2006 Q2,2006-04-01,2006,2,5,Real activity / consumption,Not selected
BMT,2006 Q2,INDPRO,0,0,2006 Q2,2006-04-01,2006,2,5,Real activity / consumption,Not selected
BMT,2006 Q2,CMRMTSPLx,0,0,2006 Q2,2006-04-01,2006,2,5,Real activity / consumption,Not selected
BMT,2006 Q2,RETAILx,0,0,2006 Q2,2006-04-01,2006,2,5,Real activity / consumption,Not selected
BMT,2006 Q2,UNRATE,0,0,2006 Q2,2006-04-01,2006,2,5,Labor market,Not selected
BMT,2006 Q2,CLAIMSx,0,0,2006 Q2,2006-04-01,2006,2,5,Labor market,Not selected
BMT,2006 Q2,PAYEMS,0,0,2006 Q2,2006-04-01,2006,2,5,Labor market,Not selected
BMT,2006 Q2,AWHMAN,0,0,2006 Q2,2006-04-01,2006,2,5,Labor market,Not selected
BMT,2006 Q2,HOUST,0,0,2006 Q2,2006-04-01,2006,2,5,Housing,Not selected
BMT,2006 Q2,PERMIT,0,0,2006 Q2,2006-04-01,2006,2,5,Housing,Not selected
BMT,2006 Q2,M1SL,0,0,2006 Q2,2006-04-01,2006,2,5,Money and credit,Not selected
BMT,2006 Q2,M2SL,0,0,2006 Q2,2006-04-01,2006,2,5,Money and credit,Not selected
BMT,2006 Q2,BOGMBASE,0,0,2006 Q2,2006-04-01,2006,2,5,Money and credit,Not selected
BMT,2006 Q2,BUSLOANS,0,0,2006 Q2,2006-04-01,2006,2,5,Money and credit,Not selected
BMT,2006 Q2,NONREVSL,0,0,2006 Q2,2006-04-01,2006,2,5,Money and credit,Not selected
BMT,2006 Q2,CPIAUCSL,0,0,2006 Q2,2006-04-01,2006,2,5,Prices and commodities,Not selected
BMT,2006 Q2,PPICMM,0,0,2006 Q2,2006-04-01,2006,2,5,Prices and commodities,Not selected
BMT,2006 Q2,PCEPI,0,0,2006 Q2,2006-04-01,2006,2,5,Prices and commodities,Not selected
BMT,2006 Q2,OILPRICEx,0,0,2006 Q2,2006-04-01,2006,2,5,Prices and commodities,Not selected
BMT,2006 Q2,FEDFUNDS,0,0,2006 Q2,2006-04-01,2006,2,5,Financial / sentiment,Not selected
BMT,2006 Q2,TB3MS,0,0,2006 Q2,2006-04-01,2006,2,5,Financial / sentiment,Not selected
BMT,2006 Q2,GS10,0,0,2006 Q2,2006-04-01,2006,2,5,Financial / sentiment,Not selected
BMT,2006 Q2,AAA,0,0,2006 Q2,2006-04-01,2006,2,5,Financial / sentiment,Not selected
BMT,2006 Q2,BAA,0,0,2006 Q2,2006-04-01,2006,2,5,Financial / sentiment,Not selected
BMT,2006 Q2,S&P 500,0,0,2006 Q2,2006-04-01,2006,2,5,Financial / sentiment,Not selected
BMT,2006 Q2,VIXCLSx,0,0,2006 Q2,2006-04-01,2006,2,5,Financial / sentiment,Not selected
BMT,2006 Q2,UMCSENTx,0,0,2006 Q2,2006-04-01,2006,2,5,Financial / sentiment,Not selected
BMT,2006 Q2,TERM_SPREAD,0,0,2006 Q2,2006-04-01,2006,2,5,Financial / sentiment,Not selected
BMT,2006 Q2,CREDIT_SPREAD,0,0,2006 Q2,2006-04-01,2006,2,5,Financial / sentiment,Not selected
BMT,2006 Q3,RPI,1,1,2006 Q3,2006-07-01,2006,3,6,Real activity / consumption,Real activity / consumption
BMT,2006 Q3,DPCERA3M086SBEA,0,0,2006 Q3,2006-07-01,2006,3,6,Real activity / consumption,Not selected
BMT,2006 Q3,INDPRO,0,0,2006 Q3,2006-07-01,2006,3,6,Real activity / consumption,Not selected
BMT,2006 Q3,CMRMTSPLx,0,0,2006 Q3,2006-07-01,2006,3,6,Real activity / consumption,Not selected
BMT,2006 Q3,RETAILx,0,0,2006 Q3,2006-07-01,2006,3,6,Real activity / consumption,Not selected
BMT,2006 Q3,UNRATE,0,0,2006 Q3,2006-07-01,2006,3,6,Labor market,Not selected
BMT,2006 Q3,CLAIMSx,0,0,2006 Q3,2006-07-01,2006,3,6,Labor market,Not selected
BMT,2006 Q3,PAYEMS,0,0,2006 Q3,2006-07-01,2006,3,6,Labor market,Not selected
BMT,2006 Q3,AWHMAN,0,0,2006 Q3,2006-07-01,2006,3,6,Labor market,Not selected
BMT,2006 Q3,HOUST,0,0,2006 Q3,2006-07-01,2006,3,6,Housing,Not selected
BMT,2006 Q3,PERMIT,0,0,2006 Q3,2006-07-01,2006,3,6,Housing,Not selected
BMT,2006 Q3,M1SL,0,0,2006 Q3,2006-07-01,2006,3,6,Money and credit,Not selected
BMT,2006 Q3,M2SL,0,0,2006 Q3,2006-07-01,2006,3,6,Money and credit,Not selected
BMT,2006 Q3,BOGMBASE,0,0,2006 Q3,2006-07-01,2006,3,6,Money and credit,Not selected
BMT,2006 Q3,BUSLOANS,0,0,2006 Q3,2006-07-01,2006,3,6,Money and credit,Not selected
BMT,2006 Q3,NONREVSL,0,0,2006 Q3,2006-07-01,2006,3,6,Money and credit,Not selected
BMT,2006 Q3,CPIAUCSL,0,0,2006 Q3,2006-07-01,2006,3,6,Prices and commodities,Not selected
BMT,2006 Q3,PPICMM,0,0,2006 Q3,2006-07-01,2006,3,6,Prices and commodities,Not selected
BMT,2006 Q3,PCEPI,0,0,2006 Q3,2006-07-01,2006,3,6,Prices and commodities,Not selected
BMT,2006 Q3,OILPRICEx,0,0,2006 Q3,2006-07-01,2006,3,6,Prices and commodities,Not selected
BMT,2006 Q3,FEDFUNDS,0,0,2006 Q3,2006-07-01,2006,3,6,Financial / sentiment,Not selected
BMT,2006 Q3,TB3MS,0,0,2006 Q3,2006-07-01,2006,3,6,Financial / sentiment,Not selected
BMT,2006 Q3,GS10,0,0,2006 Q3,2006-07-01,2006,3,6,Financial / sentiment,Not selected
BMT,2006 Q3,AAA,0,0,2006 Q3,2006-07-01,2006,3,6,Financial / sentiment,Not selected
BMT,2006 Q3,BAA,0,0,2006 Q3,2006-07-01,2006,3,6,Financial / sentiment,Not selected
BMT,2006 Q3,S&P 500,0,0,2006 Q3,2006-07-01,2006,3,6,Financial / sentiment,Not selected
BMT,2006 Q3,VIXCLSx,0,0,2006 Q3,2006-07-01,2006,3,6,Financial / sentiment,Not selected
BMT,2006 Q3,UMCSENTx,0,0,2006 Q3,2006-07-01,2006,3,6,Financial / sentiment,Not selected
BMT,2006 Q3,TERM_SPREAD,0,0,2006 Q3,2006-07-01,2006,3,6,Financial / sentiment,Not selected
BMT,2006 Q3,CREDIT_SPREAD,0,0,2006 Q3,2006-07-01,2006,3,6,Financial / sentiment,Not selected
BMT,2006 Q4,RPI,1,1,2006 Q4,2006-10-01,2006,4,7,Real activity / consumption,Real activity / consumption
BMT,2006 Q4,DPCERA3M086SBEA,0,0,2006 Q4,2006-10-01,2006,4,7,Real activity / consumption,Not selected
BMT,2006 Q4,INDPRO,0,0,2006 Q4,2006-10-01,2006,4,7,Real activity / consumption,Not selected
BMT,2006 Q4,CMRMTSPLx,0,0,2006 Q4,2006-10-01,2006,4,7,Real activity / consumption,Not selected
BMT,2006 Q4,RETAILx,0,0,2006 Q4,2006-10-01,2006,4,7,Real activity / consumption,Not selected
BMT,2006 Q4,UNRATE,0,0,2006 Q4,2006-10-01,2006,4,7,Labor market,Not selected
BMT,2006 Q4,CLAIMSx,0,0,2006 Q4,2006-10-01,2006,4,7,Labor market,Not selected
BMT,2006 Q4,PAYEMS,0,0,2006 Q4,2006-10-01,2006,4,7,Labor market,Not selected
BMT,2006 Q4,AWHMAN,0,0,2006 Q4,2006-10-01,2006,4,7,Labor market,Not selected
BMT,2006 Q4,HOUST,0,0,2006 Q4,2006-10-01,2006,4,7,Housing,Not selected
BMT,2006 Q4,PERMIT,0,0,2006 Q4,2006-10-01,2006,4,7,Housing,Not selected
BMT,2006 Q4,M1SL,0,0,2006 Q4,2006-10-01,2006,4,7,Money and credit,Not selected
BMT,2006 Q4,M2SL,0,0,2006 Q4,2006-10-01,2006,4,7,Money and credit,Not selected
BMT,2006 Q4,BOGMBASE,0,0,2006 Q4,2006-10-01,2006,4,7,Money and credit,Not selected
BMT,2006 Q4,BUSLOANS,0,0,2006 Q4,2006-10-01,2006,4,7,Money and credit,Not selected
BMT,2006 Q4,NONREVSL,0,0,2006 Q4,2006-10-01,2006,4,7,Money and credit,Not selected
BMT,2006 Q4,CPIAUCSL,0,0,2006 Q4,2006-10-01,2006,4,7,Prices and commodities,Not selected
BMT,2006 Q4,PPICMM,0,0,2006 Q4,2006-10-01,2006,4,7,Prices and commodities,Not selected
BMT,2006 Q4,PCEPI,0,0,2006 Q4,2006-10-01,2006,4,7,Prices and commodities,Not selected
BMT,2006 Q4,OILPRICEx,0,0,2006 Q4,2006-10-01,2006,4,7,Prices and commodities,Not selected
BMT,2006 Q4,FEDFUNDS,0,0,2006 Q4,2006-10-01,2006,4,7,Financial / sentiment,Not selected
BMT,2006 Q4,TB3MS,0,0,2006 Q4,2006-10-01,2006,4,7,Financial / sentiment,Not selected
BMT,2006 Q4,GS10,0,0,2006 Q4,2006-10-01,2006,4,7,Financial / sentiment,Not selected
BMT,2006 Q4,AAA,0,0,2006 Q4,2006-10-01,2006,4,7,Financial / sentiment,Not selected
BMT,2006 Q4,BAA,0,0,2006 Q4,2006-10-01,2006,4,7,Financial / sentiment,Not selected
BMT,2006 Q4,S&P 500,0,0,2006 Q4,2006-10-01,2006,4,7,Financial / sentiment,Not selected
BMT,2006 Q4,VIXCLSx,0,0,2006 Q4,2006-10-01,2006,4,7,Financial / sentiment,Not selected
BMT,2006 Q4,UMCSENTx,0,0,2006 Q4,2006-10-01,2006,4,7,Financial / sentiment,Not selected
BMT,2006 Q4,TERM_SPREAD,0,0,2006 Q4,2006-10-01,2006,4,7,Financial / sentiment,Not selected
BMT,2006 Q4,CREDIT_SPREAD,0,0,2006 Q4,2006-10-01,2006,4,7,Financial / sentiment,Not selected
BMT,2007 Q1,RPI,1,1,2007 Q1,2007-01-01,2007,1,8,Real activity / consumption,Real activity / consumption
BMT,2007 Q1,DPCERA3M086SBEA,0,0,2007 Q1,2007-01-01,2007,1,8,Real activity / consumption,Not selected
BMT,2007 Q1,INDPRO,0,0,2007 Q1,2007-01-01,2007,1,8,Real activity / consumption,Not selected
BMT,2007 Q1,CMRMTSPLx,0,0,2007 Q1,2007-01-01,2007,1,8,Real activity / consumption,Not selected
BMT,2007 Q1,RETAILx,0,0,2007 Q1,2007-01-01,2007,1,8,Real activity / consumption,Not selected
BMT,2007 Q1,UNRATE,0,0,2007 Q1,2007-01-01,2007,1,8,Labor market,Not selected
BMT,2007 Q1,CLAIMSx,0,0,2007 Q1,2007-01-01,2007,1,8,Labor market,Not selected
BMT,2007 Q1,PAYEMS,0,0,2007 Q1,2007-01-01,2007,1,8,Labor market,Not selected
BMT,2007 Q1,AWHMAN,0,0,2007 Q1,2007-01-01,2007,1,8,Labor market,Not selected
BMT,2007 Q1,HOUST,0,0,2007 Q1,2007-01-01,2007,1,8,Housing,Not selected
BMT,2007 Q1,PERMIT,0,0,2007 Q1,2007-01-01,2007,1,8,Housing,Not selected
BMT,2007 Q1,M1SL,0,0,2007 Q1,2007-01-01,2007,1,8,Money and credit,Not selected
BMT,2007 Q1,M2SL,0,0,2007 Q1,2007-01-01,2007,1,8,Money and credit,Not selected
BMT,2007 Q1,BOGMBASE,0,0,2007 Q1,2007-01-01,2007,1,8,Money and credit,Not selected
BMT,2007 Q1,BUSLOANS,0,0,2007 Q1,2007-01-01,2007,1,8,Money and credit,Not selected
BMT,2007 Q1,NONREVSL,0,0,2007 Q1,2007-01-01,2007,1,8,Money and credit,Not selected
BMT,2007 Q1,CPIAUCSL,0,0,2007 Q1,2007-01-01,2007,1,8,Prices and commodities,Not selected
BMT,2007 Q1,PPICMM,0,0,2007 Q1,2007-01-01,2007,1,8,Prices and commodities,Not selected
BMT,2007 Q1,PCEPI,0,0,2007 Q1,2007-01-01,2007,1,8,Prices and commodities,Not selected
BMT,2007 Q1,OILPRICEx,0,0,2007 Q1,2007-01-01,2007,1,8,Prices and commodities,Not selected
BMT,2007 Q1,FEDFUNDS,0,0,2007 Q1,2007-01-01,2007,1,8,Financial / sentiment,Not selected
BMT,2007 Q1,TB3MS,0,0,2007 Q1,2007-01-01,2007,1,8,Financial / sentiment,Not selected
BMT,2007 Q1,GS10,0,0,2007 Q1,2007-01-01,2007,1,8,Financial / sentiment,Not selected
BMT,2007 Q1,AAA,0,0,2007 Q1,2007-01-01,2007,1,8,Financial / sentiment,Not selected
BMT,2007 Q1,BAA,0,0,2007 Q1,2007-01-01,2007,1,8,Financial / sentiment,Not selected
BMT,2007 Q1,S&P 500,0,0,2007 Q1,2007-01-01,2007,1,8,Financial / sentiment,Not selected
BMT,2007 Q1,VIXCLSx,0,0,2007 Q1,2007-01-01,2007,1,8,Financial / sentiment,Not selected
BMT,2007 Q1,UMCSENTx,0,0,2007 Q1,2007-01-01,2007,1,8,Financial / sentiment,Not selected
BMT,2007 Q1,TERM_SPREAD,0,0,2007 Q1,2007-01-01,2007,1,8,Financial / sentiment,Not selected
BMT,2007 Q1,CREDIT_SPREAD,0,0,2007 Q1,2007-01-01,2007,1,8,Financial / sentiment,Not selected
BMT,2007 Q2,RPI,1,1,2007 Q2,2007-04-01,2007,2,9,Real activity / consumption,Real activity / consumption
BMT,2007 Q2,DPCERA3M086SBEA,0,0,2007 Q2,2007-04-01,2007,2,9,Real activity / consumption,Not selected
BMT,2007 Q2,INDPRO,0,0,2007 Q2,2007-04-01,2007,2,9,Real activity / consumption,Not selected
BMT,2007 Q2,CMRMTSPLx,0,0,2007 Q2,2007-04-01,2007,2,9,Real activity / consumption,Not selected
BMT,2007 Q2,RETAILx,0,0,2007 Q2,2007-04-01,2007,2,9,Real activity / consumption,Not selected
BMT,2007 Q2,UNRATE,0,0,2007 Q2,2007-04-01,2007,2,9,Labor market,Not selected
BMT,2007 Q2,CLAIMSx,0,0,2007 Q2,2007-04-01,2007,2,9,Labor market,Not selected
BMT,2007 Q2,PAYEMS,0,0,2007 Q2,2007-04-01,2007,2,9,Labor market,Not selected
BMT,2007 Q2,AWHMAN,0,0,2007 Q2,2007-04-01,2007,2,9,Labor market,Not selected
BMT,2007 Q2,HOUST,0,0,2007 Q2,2007-04-01,2007,2,9,Housing,Not selected
BMT,2007 Q2,PERMIT,0,0,2007 Q2,2007-04-01,2007,2,9,Housing,Not selected
BMT,2007 Q2,M1SL,0,0,2007 Q2,2007-04-01,2007,2,9,Money and credit,Not selected
BMT,2007 Q2,M2SL,0,0,2007 Q2,2007-04-01,2007,2,9,Money and credit,Not selected
BMT,2007 Q2,BOGMBASE,0,0,2007 Q2,2007-04-01,2007,2,9,Money and credit,Not selected
BMT,2007 Q2,BUSLOANS,0,0,2007 Q2,2007-04-01,2007,2,9,Money and credit,Not selected
BMT,2007 Q2,NONREVSL,0,0,2007 Q2,2007-04-01,2007,2,9,Money and credit,Not selected
BMT,2007 Q2,CPIAUCSL,0,0,2007 Q2,2007-04-01,2007,2,9,Prices and commodities,Not selected
BMT,2007 Q2,PPICMM,0,0,2007 Q2,2007-04-01,2007,2,9,Prices and commodities,Not selected
BMT,2007 Q2,PCEPI,0,0,2007 Q2,2007-04-01,2007,2,9,Prices and commodities,Not selected
BMT,2007 Q2,OILPRICEx,0,0,2007 Q2,2007-04-01,2007,2,9,Prices and commodities,Not selected
BMT,2007 Q2,FEDFUNDS,0,0,2007 Q2,2007-04-01,2007,2,9,Financial / sentiment,Not selected
BMT,2007 Q2,TB3MS,0,0,2007 Q2,2007-04-01,2007,2,9,Financial / sentiment,Not selected
BMT,2007 Q2,GS10,0,0,2007 Q2,2007-04-01,2007,2,9,Financial / sentiment,Not selected
BMT,2007 Q2,AAA,0,0,2007 Q2,2007-04-01,2007,2,9,Financial / sentiment,Not selected
BMT,2007 Q2,BAA,0,0,2007 Q2,2007-04-01,2007,2,9,Financial / sentiment,Not selected
BMT,2007 Q2,S&P 500,0,0,2007 Q2,2007-04-01,2007,2,9,Financial / sentiment,Not selected
BMT,2007 Q2,VIXCLSx,0,0,2007 Q2,2007-04-01,2007,2,9,Financial / sentiment,Not selected
BMT,2007 Q2,UMCSENTx,0,0,2007 Q2,2007-04-01,2007,2,9,Financial / sentiment,Not selected
BMT,2007 Q2,TERM_SPREAD,0,0,2007 Q2,2007-04-01,2007,2,9,Financial / sentiment,Not selected
BMT,2007 Q2,CREDIT_SPREAD,0,0,2007 Q2,2007-04-01,2007,2,9,Financial / sentiment,Not selected
BMT,2007 Q3,RPI,1,1,2007 Q3,2007-07-01,2007,3,10,Real activity / consumption,Real activity / consumption
BMT,2007 Q3,DPCERA3M086SBEA,0,0,2007 Q3,2007-07-01,2007,3,10,Real activity / consumption,Not selected
BMT,2007 Q3,INDPRO,0,0,2007 Q3,2007-07-01,2007,3,10,Real activity / consumption,Not selected
BMT,2007 Q3,CMRMTSPLx,0,0,2007 Q3,2007-07-01,2007,3,10,Real activity / consumption,Not selected
BMT,2007 Q3,RETAILx,0,0,2007 Q3,2007-07-01,2007,3,10,Real activity / consumption,Not selected
BMT,2007 Q3,UNRATE,0,0,2007 Q3,2007-07-01,2007,3,10,Labor market,Not selected
BMT,2007 Q3,CLAIMSx,0,0,2007 Q3,2007-07-01,2007,3,10,Labor market,Not selected
BMT,2007 Q3,PAYEMS,0,0,2007 Q3,2007-07-01,2007,3,10,Labor market,Not selected
BMT,2007 Q3,AWHMAN,0,0,2007 Q3,2007-07-01,2007,3,10,Labor market,Not selected
BMT,2007 Q3,HOUST,0,0,2007 Q3,2007-07-01,2007,3,10,Housing,Not selected
BMT,2007 Q3,PERMIT,0,0,2007 Q3,2007-07-01,2007,3,10,Housing,Not selected
BMT,2007 Q3,M1SL,0,0,2007 Q3,2007-07-01,2007,3,10,Money and credit,Not selected
BMT,2007 Q3,M2SL,0,0,2007 Q3,2007-07-01,2007,3,10,Money and credit,Not selected
BMT,2007 Q3,BOGMBASE,0,0,2007 Q3,2007-07-01,2007,3,10,Money and credit,Not selected
BMT,2007 Q3,BUSLOANS,0,0,2007 Q3,2007-07-01,2007,3,10,Money and credit,Not selected
BMT,2007 Q3,NONREVSL,0,0,2007 Q3,2007-07-01,2007,3,10,Money and credit,Not selected
BMT,2007 Q3,CPIAUCSL,0,0,2007 Q3,2007-07-01,2007,3,10,Prices and commodities,Not selected
BMT,2007 Q3,PPICMM,0,0,2007 Q3,2007-07-01,2007,3,10,Prices and commodities,Not selected
BMT,2007 Q3,PCEPI,0,0,2007 Q3,2007-07-01,2007,3,10,Prices and commodities,Not selected
BMT,2007 Q3,OILPRICEx,0,0,2007 Q3,2007-07-01,2007,3,10,Prices and commodities,Not selected
BMT,2007 Q3,FEDFUNDS,0,0,2007 Q3,2007-07-01,2007,3,10,Financial / sentiment,Not selected
BMT,2007 Q3,TB3MS,0,0,2007 Q3,2007-07-01,2007,3,10,Financial / sentiment,Not selected
BMT,2007 Q3,GS10,0,0,2007 Q3,2007-07-01,2007,3,10,Financial / sentiment,Not selected
BMT,2007 Q3,AAA,0,0,2007 Q3,2007-07-01,2007,3,10,Financial / sentiment,Not selected
BMT,2007 Q3,BAA,0,0,2007 Q3,2007-07-01,2007,3,10,Financial / sentiment,Not selected
BMT,2007 Q3,S&P 500,0,0,2007 Q3,2007-07-01,2007,3,10,Financial / sentiment,Not selected
BMT,2007 Q3,VIXCLSx,0,0,2007 Q3,2007-07-01,2007,3,10,Financial / sentiment,Not selected
BMT,2007 Q3,UMCSENTx,0,0,2007 Q3,2007-07-01,2007,3,10,Financial / sentiment,Not selected
BMT,2007 Q3,TERM_SPREAD,0,0,2007 Q3,2007-07-01,2007,3,10,Financial / sentiment,Not selected
BMT,2007 Q3,CREDIT_SPREAD,0,0,2007 Q3,2007-07-01,2007,3,10,Financial / sentiment,Not selected
BMT,2007 Q4,RPI,1,1,2007 Q4,2007-10-01,2007,4,11,Real activity / consumption,Real activity / consumption
BMT,2007 Q4,DPCERA3M086SBEA,0,0,2007 Q4,2007-10-01,2007,4,11,Real activity / consumption,Not selected
BMT,2007 Q4,INDPRO,0,0,2007 Q4,2007-10-01,2007,4,11,Real activity / consumption,Not selected
BMT,2007 Q4,CMRMTSPLx,0,0,2007 Q4,2007-10-01,2007,4,11,Real activity / consumption,Not selected
BMT,2007 Q4,RETAILx,0,0,2007 Q4,2007-10-01,2007,4,11,Real activity / consumption,Not selected
BMT,2007 Q4,UNRATE,0,0,2007 Q4,2007-10-01,2007,4,11,Labor market,Not selected
BMT,2007 Q4,CLAIMSx,0,0,2007 Q4,2007-10-01,2007,4,11,Labor market,Not selected
BMT,2007 Q4,PAYEMS,0,0,2007 Q4,2007-10-01,2007,4,11,Labor market,Not selected
BMT,2007 Q4,AWHMAN,0,0,2007 Q4,2007-10-01,2007,4,11,Labor market,Not selected
BMT,2007 Q4,HOUST,0,0,2007 Q4,2007-10-01,2007,4,11,Housing,Not selected
BMT,2007 Q4,PERMIT,0,0,2007 Q4,2007-10-01,2007,4,11,Housing,Not selected
BMT,2007 Q4,M1SL,0,0,2007 Q4,2007-10-01,2007,4,11,Money and credit,Not selected
BMT,2007 Q4,M2SL,0,0,2007 Q4,2007-10-01,2007,4,11,Money and credit,Not selected
BMT,2007 Q4,BOGMBASE,0,0,2007 Q4,2007-10-01,2007,4,11,Money and credit,Not selected
BMT,2007 Q4,BUSLOANS,0,0,2007 Q4,2007-10-01,2007,4,11,Money and credit,Not selected
BMT,2007 Q4,NONREVSL,0,0,2007 Q4,2007-10-01,2007,4,11,Money and credit,Not selected
BMT,2007 Q4,CPIAUCSL,0,0,2007 Q4,2007-10-01,2007,4,11,Prices and commodities,Not selected
BMT,2007 Q4,PPICMM,0,0,2007 Q4,2007-10-01,2007,4,11,Prices and commodities,Not selected
BMT,2007 Q4,PCEPI,0,0,2007 Q4,2007-10-01,2007,4,11,Prices and commodities,Not selected
BMT,2007 Q4,OILPRICEx,0,0,2007 Q4,2007-10-01,2007,4,11,Prices and commodities,Not selected
BMT,2007 Q4,FEDFUNDS,0,0,2007 Q4,2007-10-01,2007,4,11,Financial / sentiment,Not selected
BMT,2007 Q4,TB3MS,0,0,2007 Q4,2007-10-01,2007,4,11,Financial / sentiment,Not selected
BMT,2007 Q4,GS10,0,0,2007 Q4,2007-10-01,2007,4,11,Financial / sentiment,Not selected
BMT,2007 Q4,AAA,0,0,2007 Q4,2007-10-01,2007,4,11,Financial / sentiment,Not selected
BMT,2007 Q4,BAA,0,0,2007 Q4,2007-10-01,2007,4,11,Financial / sentiment,Not selected
BMT,2007 Q4,S&P 500,0,0,2007 Q4,2007-10-01,2007,4,11,Financial / sentiment,Not selected
BMT,2007 Q4,VIXCLSx,0,0,2007 Q4,2007-10-01,2007,4,11,Financial / sentiment,Not selected
BMT,2007 Q4,UMCSENTx,0,0,2007 Q4,2007-10-01,2007,4,11,Financial / sentiment,Not selected
BMT,2007 Q4,TERM_SPREAD,0,0,2007 Q4,2007-10-01,2007,4,11,Financial / sentiment,Not selected
BMT,2007 Q4,CREDIT_SPREAD,0,0,2007 Q4,2007-10-01,2007,4,11,Financial / sentiment,Not selected
BMT,2008 Q1,RPI,1,1,2008 Q1,2008-01-01,2008,1,12,Real activity / consumption,Real activity / consumption
BMT,2008 Q1,DPCERA3M086SBEA,0,0,2008 Q1,2008-01-01,2008,1,12,Real activity / consumption,Not selected
BMT,2008 Q1,INDPRO,0,0,2008 Q1,2008-01-01,2008,1,12,Real activity / consumption,Not selected
BMT,2008 Q1,CMRMTSPLx,0,0,2008 Q1,2008-01-01,2008,1,12,Real activity / consumption,Not selected
BMT,2008 Q1,RETAILx,0,0,2008 Q1,2008-01-01,2008,1,12,Real activity / consumption,Not selected
BMT,2008 Q1,UNRATE,0,0,2008 Q1,2008-01-01,2008,1,12,Labor market,Not selected
BMT,2008 Q1,CLAIMSx,0,0,2008 Q1,2008-01-01,2008,1,12,Labor market,Not selected
BMT,2008 Q1,PAYEMS,0,0,2008 Q1,2008-01-01,2008,1,12,Labor market,Not selected
BMT,2008 Q1,AWHMAN,0,0,2008 Q1,2008-01-01,2008,1,12,Labor market,Not selected
BMT,2008 Q1,HOUST,0,0,2008 Q1,2008-01-01,2008,1,12,Housing,Not selected
BMT,2008 Q1,PERMIT,0,0,2008 Q1,2008-01-01,2008,1,12,Housing,Not selected
BMT,2008 Q1,M1SL,0,0,2008 Q1,2008-01-01,2008,1,12,Money and credit,Not selected
BMT,2008 Q1,M2SL,0,0,2008 Q1,2008-01-01,2008,1,12,Money and credit,Not selected
BMT,2008 Q1,BOGMBASE,0,0,2008 Q1,2008-01-01,2008,1,12,Money and credit,Not selected
BMT,2008 Q1,BUSLOANS,0,0,2008 Q1,2008-01-01,2008,1,12,Money and credit,Not selected
BMT,2008 Q1,NONREVSL,0,0,2008 Q1,2008-01-01,2008,1,12,Money and credit,Not selected
BMT,2008 Q1,CPIAUCSL,0,0,2008 Q1,2008-01-01,2008,1,12,Prices and commodities,Not selected
BMT,2008 Q1,PPICMM,0,0,2008 Q1,2008-01-01,2008,1,12,Prices and commodities,Not selected
BMT,2008 Q1,PCEPI,0,0,2008 Q1,2008-01-01,2008,1,12,Prices and commodities,Not selected
BMT,2008 Q1,OILPRICEx,0,0,2008 Q1,2008-01-01,2008,1,12,Prices and commodities,Not selected
BMT,2008 Q1,FEDFUNDS,0,0,2008 Q1,2008-01-01,2008,1,12,Financial / sentiment,Not selected
BMT,2008 Q1,TB3MS,0,0,2008 Q1,2008-01-01,2008,1,12,Financial / sentiment,Not selected
BMT,2008 Q1,GS10,0,0,2008 Q1,2008-01-01,2008,1,12,Financial / sentiment,Not selected
BMT,2008 Q1,AAA,0,0,2008 Q1,2008-01-01,2008,1,12,Financial / sentiment,Not selected
BMT,2008 Q1,BAA,0,0,2008 Q1,2008-01-01,2008,1,12,Financial / sentiment,Not selected
BMT,2008 Q1,S&P 500,0,0,2008 Q1,2008-01-01,2008,1,12,Financial / sentiment,Not selected
BMT,2008 Q1,VIXCLSx,0,0,2008 Q1,2008-01-01,2008,1,12,Financial / sentiment,Not selected
BMT,2008 Q1,UMCSENTx,0,0,2008 Q1,2008-01-01,2008,1,12,Financial / sentiment,Not selected
BMT,2008 Q1,TERM_SPREAD,0,0,2008 Q1,2008-01-01,2008,1,12,Financial / sentiment,Not selected
BMT,2008 Q1,CREDIT_SPREAD,0,0,2008 Q1,2008-01-01,2008,1,12,Financial / sentiment,Not selected
BMT,2008 Q2,RPI,1,1,2008 Q2,2008-04-01,2008,2,13,Real activity / consumption,Real activity / consumption
BMT,2008 Q2,DPCERA3M086SBEA,0,0,2008 Q2,2008-04-01,2008,2,13,Real activity / consumption,Not selected
BMT,2008 Q2,INDPRO,0,0,2008 Q2,2008-04-01,2008,2,13,Real activity / consumption,Not selected
BMT,2008 Q2,CMRMTSPLx,0,0,2008 Q2,2008-04-01,2008,2,13,Real activity / consumption,Not selected
BMT,2008 Q2,RETAILx,0,0,2008 Q2,2008-04-01,2008,2,13,Real activity / consumption,Not selected
BMT,2008 Q2,UNRATE,0,0,2008 Q2,2008-04-01,2008,2,13,Labor market,Not selected
BMT,2008 Q2,CLAIMSx,0,0,2008 Q2,2008-04-01,2008,2,13,Labor market,Not selected
BMT,2008 Q2,PAYEMS,0,0,2008 Q2,2008-04-01,2008,2,13,Labor market,Not selected
BMT,2008 Q2,AWHMAN,0,0,2008 Q2,2008-04-01,2008,2,13,Labor market,Not selected
BMT,2008 Q2,HOUST,0,0,2008 Q2,2008-04-01,2008,2,13,Housing,Not selected
BMT,2008 Q2,PERMIT,0,0,2008 Q2,2008-04-01,2008,2,13,Housing,Not selected
BMT,2008 Q2,M1SL,0,0,2008 Q2,2008-04-01,2008,2,13,Money and credit,Not selected
BMT,2008 Q2,M2SL,0,0,2008 Q2,2008-04-01,2008,2,13,Money and credit,Not selected
BMT,2008 Q2,BOGMBASE,0,0,2008 Q2,2008-04-01,2008,2,13,Money and credit,Not selected
BMT,2008 Q2,BUSLOANS,0,0,2008 Q2,2008-04-01,2008,2,13,Money and credit,Not selected
BMT,2008 Q2,NONREVSL,0,0,2008 Q2,2008-04-01,2008,2,13,Money and credit,Not selected
BMT,2008 Q2,CPIAUCSL,0,0,2008 Q2,2008-04-01,2008,2,13,Prices and commodities,Not selected
BMT,2008 Q2,PPICMM,0,0,2008 Q2,2008-04-01,2008,2,13,Prices and commodities,Not selected
BMT,2008 Q2,PCEPI,0,0,2008 Q2,2008-04-01,2008,2,13,Prices and commodities,Not selected
BMT,2008 Q2,OILPRICEx,0,0,2008 Q2,2008-04-01,2008,2,13,Prices and commodities,Not selected
BMT,2008 Q2,FEDFUNDS,0,0,2008 Q2,2008-04-01,2008,2,13,Financial / sentiment,Not selected
BMT,2008 Q2,TB3MS,0,0,2008 Q2,2008-04-01,2008,2,13,Financial / sentiment,Not selected
BMT,2008 Q2,GS10,0,0,2008 Q2,2008-04-01,2008,2,13,Financial / sentiment,Not selected
BMT,2008 Q2,AAA,0,0,2008 Q2,2008-04-01,2008,2,13,Financial / sentiment,Not selected
BMT,2008 Q2,BAA,0,0,2008 Q2,2008-04-01,2008,2,13,Financial / sentiment,Not selected
BMT,2008 Q2,S&P 500,0,0,2008 Q2,2008-04-01,2008,2,13,Financial / sentiment,Not selected
BMT,2008 Q2,VIXCLSx,0,0,2008 Q2,2008-04-01,2008,2,13,Financial / sentiment,Not selected
BMT,2008 Q2,UMCSENTx,0,0,2008 Q2,2008-04-01,2008,2,13,Financial / sentiment,Not selected
BMT,2008 Q2,TERM_SPREAD,0,0,2008 Q2,2008-04-01,2008,2,13,Financial / sentiment,Not selected
BMT,2008 Q2,CREDIT_SPREAD,0,0,2008 Q2,2008-04-01,2008,2,13,Financial / sentiment,Not selected
BMT,2008 Q3,RPI,0,0,2008 Q3,2008-07-01,2008,3,14,Real activity / consumption,Not selected
BMT,2008 Q3,DPCERA3M086SBEA,0,0,2008 Q3,2008-07-01,2008,3,14,Real activity / consumption,Not selected
BMT,2008 Q3,INDPRO,0,0,2008 Q3,2008-07-01,2008,3,14,Real activity / consumption,Not selected
BMT,2008 Q3,CMRMTSPLx,0,0,2008 Q3,2008-07-01,2008,3,14,Real activity / consumption,Not selected
BMT,2008 Q3,RETAILx,0,0,2008 Q3,2008-07-01,2008,3,14,Real activity / consumption,Not selected
BMT,2008 Q3,UNRATE,1,1,2008 Q3,2008-07-01,2008,3,14,Labor market,Labor market
BMT,2008 Q3,CLAIMSx,0,0,2008 Q3,2008-07-01,2008,3,14,Labor market,Not selected
BMT,2008 Q3,PAYEMS,0,0,2008 Q3,2008-07-01,2008,3,14,Labor market,Not selected
BMT,2008 Q3,AWHMAN,0,0,2008 Q3,2008-07-01,2008,3,14,Labor market,Not selected
BMT,2008 Q3,HOUST,0,0,2008 Q3,2008-07-01,2008,3,14,Housing,Not selected
BMT,2008 Q3,PERMIT,0,0,2008 Q3,2008-07-01,2008,3,14,Housing,Not selected
BMT,2008 Q3,M1SL,0,0,2008 Q3,2008-07-01,2008,3,14,Money and credit,Not selected
BMT,2008 Q3,M2SL,0,0,2008 Q3,2008-07-01,2008,3,14,Money and credit,Not selected
BMT,2008 Q3,BOGMBASE,0,0,2008 Q3,2008-07-01,2008,3,14,Money and credit,Not selected
BMT,2008 Q3,BUSLOANS,0,0,2008 Q3,2008-07-01,2008,3,14,Money and credit,Not selected
BMT,2008 Q3,NONREVSL,0,0,2008 Q3,2008-07-01,2008,3,14,Money and credit,Not selected
BMT,2008 Q3,CPIAUCSL,0,0,2008 Q3,2008-07-01,2008,3,14,Prices and commodities,Not selected
BMT,2008 Q3,PPICMM,0,0,2008 Q3,2008-07-01,2008,3,14,Prices and commodities,Not selected
BMT,2008 Q3,PCEPI,0,0,2008 Q3,2008-07-01,2008,3,14,Prices and commodities,Not selected
BMT,2008 Q3,OILPRICEx,0,0,2008 Q3,2008-07-01,2008,3,14,Prices and commodities,Not selected
BMT,2008 Q3,FEDFUNDS,0,0,2008 Q3,2008-07-01,2008,3,14,Financial / sentiment,Not selected
BMT,2008 Q3,TB3MS,0,0,2008 Q3,2008-07-01,2008,3,14,Financial / sentiment,Not selected
BMT,2008 Q3,GS10,0,0,2008 Q3,2008-07-01,2008,3,14,Financial / sentiment,Not selected
BMT,2008 Q3,AAA,0,0,2008 Q3,2008-07-01,2008,3,14,Financial / sentiment,Not selected
BMT,2008 Q3,BAA,0,0,2008 Q3,2008-07-01,2008,3,14,Financial / sentiment,Not selected
BMT,2008 Q3,S&P 500,0,0,2008 Q3,2008-07-01,2008,3,14,Financial / sentiment,Not selected
BMT,2008 Q3,VIXCLSx,0,0,2008 Q3,2008-07-01,2008,3,14,Financial / sentiment,Not selected
BMT,2008 Q3,UMCSENTx,0,0,2008 Q3,2008-07-01,2008,3,14,Financial / sentiment,Not selected
BMT,2008 Q3,TERM_SPREAD,0,0,2008 Q3,2008-07-01,2008,3,14,Financial / sentiment,Not selected
BMT,2008 Q3,CREDIT_SPREAD,0,0,2008 Q3,2008-07-01,2008,3,14,Financial / sentiment,Not selected
BMT,2008 Q4,RPI,0,0,2008 Q4,2008-10-01,2008,4,15,Real activity / consumption,Not selected
BMT,2008 Q4,DPCERA3M086SBEA,0,0,2008 Q4,2008-10-01,2008,4,15,Real activity / consumption,Not selected
BMT,2008 Q4,INDPRO,0,0,2008 Q4,2008-10-01,2008,4,15,Real activity / consumption,Not selected
BMT,2008 Q4,CMRMTSPLx,0,0,2008 Q4,2008-10-01,2008,4,15,Real activity / consumption,Not selected
BMT,2008 Q4,RETAILx,0,0,2008 Q4,2008-10-01,2008,4,15,Real activity / consumption,Not selected
BMT,2008 Q4,UNRATE,0,0,2008 Q4,2008-10-01,2008,4,15,Labor market,Not selected
BMT,2008 Q4,CLAIMSx,0,0,2008 Q4,2008-10-01,2008,4,15,Labor market,Not selected
BMT,2008 Q4,PAYEMS,1,1,2008 Q4,2008-10-01,2008,4,15,Labor market,Labor market
BMT,2008 Q4,AWHMAN,0,0,2008 Q4,2008-10-01,2008,4,15,Labor market,Not selected
BMT,2008 Q4,HOUST,0,0,2008 Q4,2008-10-01,2008,4,15,Housing,Not selected
BMT,2008 Q4,PERMIT,0,0,2008 Q4,2008-10-01,2008,4,15,Housing,Not selected
BMT,2008 Q4,M1SL,0,0,2008 Q4,2008-10-01,2008,4,15,Money and credit,Not selected
BMT,2008 Q4,M2SL,0,0,2008 Q4,2008-10-01,2008,4,15,Money and credit,Not selected
BMT,2008 Q4,BOGMBASE,0,0,2008 Q4,2008-10-01,2008,4,15,Money and credit,Not selected
BMT,2008 Q4,BUSLOANS,0,0,2008 Q4,2008-10-01,2008,4,15,Money and credit,Not selected
BMT,2008 Q4,NONREVSL,0,0,2008 Q4,2008-10-01,2008,4,15,Money and credit,Not selected
BMT,2008 Q4,CPIAUCSL,0,0,2008 Q4,2008-10-01,2008,4,15,Prices and commodities,Not selected
BMT,2008 Q4,PPICMM,0,0,2008 Q4,2008-10-01,2008,4,15,Prices and commodities,Not selected
BMT,2008 Q4,PCEPI,0,0,2008 Q4,2008-10-01,2008,4,15,Prices and commodities,Not selected
BMT,2008 Q4,OILPRICEx,0,0,2008 Q4,2008-10-01,2008,4,15,Prices and commodities,Not selected
BMT,2008 Q4,FEDFUNDS,0,0,2008 Q4,2008-10-01,2008,4,15,Financial / sentiment,Not selected
BMT,2008 Q4,TB3MS,0,0,2008 Q4,2008-10-01,2008,4,15,Financial / sentiment,Not selected
BMT,2008 Q4,GS10,0,0,2008 Q4,2008-10-01,2008,4,15,Financial / sentiment,Not selected
BMT,2008 Q4,AAA,0,0,2008 Q4,2008-10-01,2008,4,15,Financial / sentiment,Not selected
BMT,2008 Q4,BAA,0,0,2008 Q4,2008-10-01,2008,4,15,Financial / sentiment,Not selected
BMT,2008 Q4,S&P 500,0,0,2008 Q4,2008-10-01,2008,4,15,Financial / sentiment,Not selected
BMT,2008 Q4,VIXCLSx,0,0,2008 Q4,2008-10-01,2008,4,15,Financial / sentiment,Not selected
BMT,2008 Q4,UMCSENTx,0,0,2008 Q4,2008-10-01,2008,4,15,Financial / sentiment,Not selected
BMT,2008 Q4,TERM_SPREAD,0,0,2008 Q4,2008-10-01,2008,4,15,Financial / sentiment,Not selected
BMT,2008 Q4,CREDIT_SPREAD,0,0,2008 Q4,2008-10-01,2008,4,15,Financial / sentiment,Not selected
BMT,2009 Q1,RPI,0,0,2009 Q1,2009-01-01,2009,1,16,Real activity / consumption,Not selected
BMT,2009 Q1,DPCERA3M086SBEA,0,0,2009 Q1,2009-01-01,2009,1,16,Real activity / consumption,Not selected
BMT,2009 Q1,INDPRO,0,0,2009 Q1,2009-01-01,2009,1,16,Real activity / consumption,Not selected
BMT,2009 Q1,CMRMTSPLx,0,0,2009 Q1,2009-01-01,2009,1,16,Real activity / consumption,Not selected
BMT,2009 Q1,RETAILx,0,0,2009 Q1,2009-01-01,2009,1,16,Real activity / consumption,Not selected
BMT,2009 Q1,UNRATE,0,0,2009 Q1,2009-01-01,2009,1,16,Labor market,Not selected
BMT,2009 Q1,CLAIMSx,0,0,2009 Q1,2009-01-01,2009,1,16,Labor market,Not selected
BMT,2009 Q1,PAYEMS,1,1,2009 Q1,2009-01-01,2009,1,16,Labor market,Labor market
BMT,2009 Q1,AWHMAN,0,0,2009 Q1,2009-01-01,2009,1,16,Labor market,Not selected
BMT,2009 Q1,HOUST,0,0,2009 Q1,2009-01-01,2009,1,16,Housing,Not selected
BMT,2009 Q1,PERMIT,0,0,2009 Q1,2009-01-01,2009,1,16,Housing,Not selected
BMT,2009 Q1,M1SL,0,0,2009 Q1,2009-01-01,2009,1,16,Money and credit,Not selected
BMT,2009 Q1,M2SL,0,0,2009 Q1,2009-01-01,2009,1,16,Money and credit,Not selected
BMT,2009 Q1,BOGMBASE,0,0,2009 Q1,2009-01-01,2009,1,16,Money and credit,Not selected
BMT,2009 Q1,BUSLOANS,0,0,2009 Q1,2009-01-01,2009,1,16,Money and credit,Not selected
BMT,2009 Q1,NONREVSL,0,0,2009 Q1,2009-01-01,2009,1,16,Money and credit,Not selected
BMT,2009 Q1,CPIAUCSL,0,0,2009 Q1,2009-01-01,2009,1,16,Prices and commodities,Not selected
BMT,2009 Q1,PPICMM,0,0,2009 Q1,2009-01-01,2009,1,16,Prices and commodities,Not selected
BMT,2009 Q1,PCEPI,0,0,2009 Q1,2009-01-01,2009,1,16,Prices and commodities,Not selected
BMT,2009 Q1,OILPRICEx,0,0,2009 Q1,2009-01-01,2009,1,16,Prices and commodities,Not selected
BMT,2009 Q1,FEDFUNDS,0,0,2009 Q1,2009-01-01,2009,1,16,Financial / sentiment,Not selected
BMT,2009 Q1,TB3MS,0,0,2009 Q1,2009-01-01,2009,1,16,Financial / sentiment,Not selected
BMT,2009 Q1,GS10,0,0,2009 Q1,2009-01-01,2009,1,16,Financial / sentiment,Not selected
BMT,2009 Q1,AAA,0,0,2009 Q1,2009-01-01,2009,1,16,Financial / sentiment,Not selected
BMT,2009 Q1,BAA,0,0,2009 Q1,2009-01-01,2009,1,16,Financial / sentiment,Not selected
BMT,2009 Q1,S&P 500,0,0,2009 Q1,2009-01-01,2009,1,16,Financial / sentiment,Not selected
BMT,2009 Q1,VIXCLSx,0,0,2009 Q1,2009-01-01,2009,1,16,Financial / sentiment,Not selected
BMT,2009 Q1,UMCSENTx,0,0,2009 Q1,2009-01-01,2009,1,16,Financial / sentiment,Not selected
BMT,2009 Q1,TERM_SPREAD,0,0,2009 Q1,2009-01-01,2009,1,16,Financial / sentiment,Not selected
BMT,2009 Q1,CREDIT_SPREAD,0,0,2009 Q1,2009-01-01,2009,1,16,Financial / sentiment,Not selected
BMT,2009 Q2,RPI,0,0,2009 Q2,2009-04-01,2009,2,17,Real activity / consumption,Not selected
BMT,2009 Q2,DPCERA3M086SBEA,0,0,2009 Q2,2009-04-01,2009,2,17,Real activity / consumption,Not selected
BMT,2009 Q2,INDPRO,1,1,2009 Q2,2009-04-01,2009,2,17,Real activity / consumption,Real activity / consumption
BMT,2009 Q2,CMRMTSPLx,0,0,2009 Q2,2009-04-01,2009,2,17,Real activity / consumption,Not selected
BMT,2009 Q2,RETAILx,0,0,2009 Q2,2009-04-01,2009,2,17,Real activity / consumption,Not selected
BMT,2009 Q2,UNRATE,0,0,2009 Q2,2009-04-01,2009,2,17,Labor market,Not selected
BMT,2009 Q2,CLAIMSx,0,0,2009 Q2,2009-04-01,2009,2,17,Labor market,Not selected
BMT,2009 Q2,PAYEMS,0,0,2009 Q2,2009-04-01,2009,2,17,Labor market,Not selected
BMT,2009 Q2,AWHMAN,0,0,2009 Q2,2009-04-01,2009,2,17,Labor market,Not selected
BMT,2009 Q2,HOUST,0,0,2009 Q2,2009-04-01,2009,2,17,Housing,Not selected
BMT,2009 Q2,PERMIT,0,0,2009 Q2,2009-04-01,2009,2,17,Housing,Not selected
BMT,2009 Q2,M1SL,0,0,2009 Q2,2009-04-01,2009,2,17,Money and credit,Not selected
BMT,2009 Q2,M2SL,0,0,2009 Q2,2009-04-01,2009,2,17,Money and credit,Not selected
BMT,2009 Q2,BOGMBASE,0,0,2009 Q2,2009-04-01,2009,2,17,Money and credit,Not selected
BMT,2009 Q2,BUSLOANS,0,0,2009 Q2,2009-04-01,2009,2,17,Money and credit,Not selected
BMT,2009 Q2,NONREVSL,0,0,2009 Q2,2009-04-01,2009,2,17,Money and credit,Not selected
BMT,2009 Q2,CPIAUCSL,0,0,2009 Q2,2009-04-01,2009,2,17,Prices and commodities,Not selected
BMT,2009 Q2,PPICMM,0,0,2009 Q2,2009-04-01,2009,2,17,Prices and commodities,Not selected
BMT,2009 Q2,PCEPI,0,0,2009 Q2,2009-04-01,2009,2,17,Prices and commodities,Not selected
BMT,2009 Q2,OILPRICEx,0,0,2009 Q2,2009-04-01,2009,2,17,Prices and commodities,Not selected
BMT,2009 Q2,FEDFUNDS,0,0,2009 Q2,2009-04-01,2009,2,17,Financial / sentiment,Not selected
BMT,2009 Q2,TB3MS,0,0,2009 Q2,2009-04-01,2009,2,17,Financial / sentiment,Not selected
BMT,2009 Q2,GS10,0,0,2009 Q2,2009-04-01,2009,2,17,Financial / sentiment,Not selected
BMT,2009 Q2,AAA,0,0,2009 Q2,2009-04-01,2009,2,17,Financial / sentiment,Not selected
BMT,2009 Q2,BAA,0,0,2009 Q2,2009-04-01,2009,2,17,Financial / sentiment,Not selected
BMT,2009 Q2,S&P 500,0,0,2009 Q2,2009-04-01,2009,2,17,Financial / sentiment,Not selected
BMT,2009 Q2,VIXCLSx,0,0,2009 Q2,2009-04-01,2009,2,17,Financial / sentiment,Not selected
BMT,2009 Q2,UMCSENTx,0,0,2009 Q2,2009-04-01,2009,2,17,Financial / sentiment,Not selected
BMT,2009 Q2,TERM_SPREAD,0,0,2009 Q2,2009-04-01,2009,2,17,Financial / sentiment,Not selected
BMT,2009 Q2,CREDIT_SPREAD,0,0,2009 Q2,2009-04-01,2009,2,17,Financial / sentiment,Not selected
BMT,2009 Q3,RPI,0,0,2009 Q3,2009-07-01,2009,3,18,Real activity / consumption,Not selected
BMT,2009 Q3,DPCERA3M086SBEA,0,0,2009 Q3,2009-07-01,2009,3,18,Real activity / consumption,Not selected
BMT,2009 Q3,INDPRO,1,1,2009 Q3,2009-07-01,2009,3,18,Real activity / consumption,Real activity / consumption
BMT,2009 Q3,CMRMTSPLx,0,0,2009 Q3,2009-07-01,2009,3,18,Real activity / consumption,Not selected
BMT,2009 Q3,RETAILx,0,0,2009 Q3,2009-07-01,2009,3,18,Real activity / consumption,Not selected
BMT,2009 Q3,UNRATE,0,0,2009 Q3,2009-07-01,2009,3,18,Labor market,Not selected
BMT,2009 Q3,CLAIMSx,0,0,2009 Q3,2009-07-01,2009,3,18,Labor market,Not selected
BMT,2009 Q3,PAYEMS,0,0,2009 Q3,2009-07-01,2009,3,18,Labor market,Not selected
BMT,2009 Q3,AWHMAN,0,0,2009 Q3,2009-07-01,2009,3,18,Labor market,Not selected
BMT,2009 Q3,HOUST,0,0,2009 Q3,2009-07-01,2009,3,18,Housing,Not selected
BMT,2009 Q3,PERMIT,0,0,2009 Q3,2009-07-01,2009,3,18,Housing,Not selected
BMT,2009 Q3,M1SL,0,0,2009 Q3,2009-07-01,2009,3,18,Money and credit,Not selected
BMT,2009 Q3,M2SL,0,0,2009 Q3,2009-07-01,2009,3,18,Money and credit,Not selected
BMT,2009 Q3,BOGMBASE,0,0,2009 Q3,2009-07-01,2009,3,18,Money and credit,Not selected
BMT,2009 Q3,BUSLOANS,0,0,2009 Q3,2009-07-01,2009,3,18,Money and credit,Not selected
BMT,2009 Q3,NONREVSL,0,0,2009 Q3,2009-07-01,2009,3,18,Money and credit,Not selected
BMT,2009 Q3,CPIAUCSL,0,0,2009 Q3,2009-07-01,2009,3,18,Prices and commodities,Not selected
BMT,2009 Q3,PPICMM,0,0,2009 Q3,2009-07-01,2009,3,18,Prices and commodities,Not selected
BMT,2009 Q3,PCEPI,0,0,2009 Q3,2009-07-01,2009,3,18,Prices and commodities,Not selected
BMT,2009 Q3,OILPRICEx,0,0,2009 Q3,2009-07-01,2009,3,18,Prices and commodities,Not selected
BMT,2009 Q3,FEDFUNDS,0,0,2009 Q3,2009-07-01,2009,3,18,Financial / sentiment,Not selected
BMT,2009 Q3,TB3MS,0,0,2009 Q3,2009-07-01,2009,3,18,Financial / sentiment,Not selected
BMT,2009 Q3,GS10,0,0,2009 Q3,2009-07-01,2009,3,18,Financial / sentiment,Not selected
BMT,2009 Q3,AAA,0,0,2009 Q3,2009-07-01,2009,3,18,Financial / sentiment,Not selected
BMT,2009 Q3,BAA,0,0,2009 Q3,2009-07-01,2009,3,18,Financial / sentiment,Not selected
BMT,2009 Q3,S&P 500,0,0,2009 Q3,2009-07-01,2009,3,18,Financial / sentiment,Not selected
BMT,2009 Q3,VIXCLSx,0,0,2009 Q3,2009-07-01,2009,3,18,Financial / sentiment,Not selected
BMT,2009 Q3,UMCSENTx,0,0,2009 Q3,2009-07-01,2009,3,18,Financial / sentiment,Not selected
BMT,2009 Q3,TERM_SPREAD,0,0,2009 Q3,2009-07-01,2009,3,18,Financial / sentiment,Not selected
BMT,2009 Q3,CREDIT_SPREAD,0,0,2009 Q3,2009-07-01,2009,3,18,Financial / sentiment,Not selected
BMT,2009 Q4,RPI,0,0,2009 Q4,2009-10-01,2009,4,19,Real activity / consumption,Not selected
BMT,2009 Q4,DPCERA3M086SBEA,0,0,2009 Q4,2009-10-01,2009,4,19,Real activity / consumption,Not selected
BMT,2009 Q4,INDPRO,1,1,2009 Q4,2009-10-01,2009,4,19,Real activity / consumption,Real activity / consumption
BMT,2009 Q4,CMRMTSPLx,0,0,2009 Q4,2009-10-01,2009,4,19,Real activity / consumption,Not selected
BMT,2009 Q4,RETAILx,0,0,2009 Q4,2009-10-01,2009,4,19,Real activity / consumption,Not selected
BMT,2009 Q4,UNRATE,0,0,2009 Q4,2009-10-01,2009,4,19,Labor market,Not selected
BMT,2009 Q4,CLAIMSx,0,0,2009 Q4,2009-10-01,2009,4,19,Labor market,Not selected
BMT,2009 Q4,PAYEMS,0,0,2009 Q4,2009-10-01,2009,4,19,Labor market,Not selected
BMT,2009 Q4,AWHMAN,0,0,2009 Q4,2009-10-01,2009,4,19,Labor market,Not selected
BMT,2009 Q4,HOUST,0,0,2009 Q4,2009-10-01,2009,4,19,Housing,Not selected
BMT,2009 Q4,PERMIT,0,0,2009 Q4,2009-10-01,2009,4,19,Housing,Not selected
BMT,2009 Q4,M1SL,0,0,2009 Q4,2009-10-01,2009,4,19,Money and credit,Not selected
BMT,2009 Q4,M2SL,0,0,2009 Q4,2009-10-01,2009,4,19,Money and credit,Not selected
BMT,2009 Q4,BOGMBASE,0,0,2009 Q4,2009-10-01,2009,4,19,Money and credit,Not selected
BMT,2009 Q4,BUSLOANS,0,0,2009 Q4,2009-10-01,2009,4,19,Money and credit,Not selected
BMT,2009 Q4,NONREVSL,0,0,2009 Q4,2009-10-01,2009,4,19,Money and credit,Not selected
BMT,2009 Q4,CPIAUCSL,0,0,2009 Q4,2009-10-01,2009,4,19,Prices and commodities,Not selected
BMT,2009 Q4,PPICMM,0,0,2009 Q4,2009-10-01,2009,4,19,Prices and commodities,Not selected
BMT,2009 Q4,PCEPI,0,0,2009 Q4,2009-10-01,2009,4,19,Prices and commodities,Not selected
BMT,2009 Q4,OILPRICEx,0,0,2009 Q4,2009-10-01,2009,4,19,Prices and commodities,Not selected
BMT,2009 Q4,FEDFUNDS,0,0,2009 Q4,2009-10-01,2009,4,19,Financial / sentiment,Not selected
BMT,2009 Q4,TB3MS,0,0,2009 Q4,2009-10-01,2009,4,19,Financial / sentiment,Not selected
BMT,2009 Q4,GS10,0,0,2009 Q4,2009-10-01,2009,4,19,Financial / sentiment,Not selected
BMT,2009 Q4,AAA,0,0,2009 Q4,2009-10-01,2009,4,19,Financial / sentiment,Not selected
BMT,2009 Q4,BAA,0,0,2009 Q4,2009-10-01,2009,4,19,Financial / sentiment,Not selected
BMT,2009 Q4,S&P 500,0,0,2009 Q4,2009-10-01,2009,4,19,Financial / sentiment,Not selected
BMT,2009 Q4,VIXCLSx,0,0,2009 Q4,2009-10-01,2009,4,19,Financial / sentiment,Not selected
BMT,2009 Q4,UMCSENTx,0,0,2009 Q4,2009-10-01,2009,4,19,Financial / sentiment,Not selected
BMT,2009 Q4,TERM_SPREAD,0,0,2009 Q4,2009-10-01,2009,4,19,Financial / sentiment,Not selected
BMT,2009 Q4,CREDIT_SPREAD,0,0,2009 Q4,2009-10-01,2009,4,19,Financial / sentiment,Not selected
BMT,2010 Q1,RPI,0,0,2010 Q1,2010-01-01,2010,1,20,Real activity / consumption,Not selected
BMT,2010 Q1,DPCERA3M086SBEA,0,0,2010 Q1,2010-01-01,2010,1,20,Real activity / consumption,Not selected
BMT,2010 Q1,INDPRO,1,1,2010 Q1,2010-01-01,2010,1,20,Real activity / consumption,Real activity / consumption
BMT,2010 Q1,CMRMTSPLx,0,0,2010 Q1,2010-01-01,2010,1,20,Real activity / consumption,Not selected
BMT,2010 Q1,RETAILx,0,0,2010 Q1,2010-01-01,2010,1,20,Real activity / consumption,Not selected
BMT,2010 Q1,UNRATE,0,0,2010 Q1,2010-01-01,2010,1,20,Labor market,Not selected
BMT,2010 Q1,CLAIMSx,0,0,2010 Q1,2010-01-01,2010,1,20,Labor market,Not selected
BMT,2010 Q1,PAYEMS,0,0,2010 Q1,2010-01-01,2010,1,20,Labor market,Not selected
BMT,2010 Q1,AWHMAN,0,0,2010 Q1,2010-01-01,2010,1,20,Labor market,Not selected
BMT,2010 Q1,HOUST,0,0,2010 Q1,2010-01-01,2010,1,20,Housing,Not selected
BMT,2010 Q1,PERMIT,0,0,2010 Q1,2010-01-01,2010,1,20,Housing,Not selected
BMT,2010 Q1,M1SL,0,0,2010 Q1,2010-01-01,2010,1,20,Money and credit,Not selected
BMT,2010 Q1,M2SL,0,0,2010 Q1,2010-01-01,2010,1,20,Money and credit,Not selected
BMT,2010 Q1,BOGMBASE,0,0,2010 Q1,2010-01-01,2010,1,20,Money and credit,Not selected
BMT,2010 Q1,BUSLOANS,0,0,2010 Q1,2010-01-01,2010,1,20,Money and credit,Not selected
BMT,2010 Q1,NONREVSL,0,0,2010 Q1,2010-01-01,2010,1,20,Money and credit,Not selected
BMT,2010 Q1,CPIAUCSL,0,0,2010 Q1,2010-01-01,2010,1,20,Prices and commodities,Not selected
BMT,2010 Q1,PPICMM,0,0,2010 Q1,2010-01-01,2010,1,20,Prices and commodities,Not selected
BMT,2010 Q1,PCEPI,0,0,2010 Q1,2010-01-01,2010,1,20,Prices and commodities,Not selected
BMT,2010 Q1,OILPRICEx,0,0,2010 Q1,2010-01-01,2010,1,20,Prices and commodities,Not selected
BMT,2010 Q1,FEDFUNDS,0,0,2010 Q1,2010-01-01,2010,1,20,Financial / sentiment,Not selected
BMT,2010 Q1,TB3MS,0,0,2010 Q1,2010-01-01,2010,1,20,Financial / sentiment,Not selected
BMT,2010 Q1,GS10,0,0,2010 Q1,2010-01-01,2010,1,20,Financial / sentiment,Not selected
BMT,2010 Q1,AAA,0,0,2010 Q1,2010-01-01,2010,1,20,Financial / sentiment,Not selected
BMT,2010 Q1,BAA,0,0,2010 Q1,2010-01-01,2010,1,20,Financial / sentiment,Not selected
BMT,2010 Q1,S&P 500,0,0,2010 Q1,2010-01-01,2010,1,20,Financial / sentiment,Not selected
BMT,2010 Q1,VIXCLSx,0,0,2010 Q1,2010-01-01,2010,1,20,Financial / sentiment,Not selected
BMT,2010 Q1,UMCSENTx,0,0,2010 Q1,2010-01-01,2010,1,20,Financial / sentiment,Not selected
BMT,2010 Q1,TERM_SPREAD,0,0,2010 Q1,2010-01-01,2010,1,20,Financial / sentiment,Not selected
BMT,2010 Q1,CREDIT_SPREAD,0,0,2010 Q1,2010-01-01,2010,1,20,Financial / sentiment,Not selected
BMT,2010 Q2,RPI,0,0,2010 Q2,2010-04-01,2010,2,21,Real activity / consumption,Not selected
BMT,2010 Q2,DPCERA3M086SBEA,0,0,2010 Q2,2010-04-01,2010,2,21,Real activity / consumption,Not selected
BMT,2010 Q2,INDPRO,1,1,2010 Q2,2010-04-01,2010,2,21,Real activity / consumption,Real activity / consumption
BMT,2010 Q2,CMRMTSPLx,0,0,2010 Q2,2010-04-01,2010,2,21,Real activity / consumption,Not selected
BMT,2010 Q2,RETAILx,0,0,2010 Q2,2010-04-01,2010,2,21,Real activity / consumption,Not selected
BMT,2010 Q2,UNRATE,0,0,2010 Q2,2010-04-01,2010,2,21,Labor market,Not selected
BMT,2010 Q2,CLAIMSx,0,0,2010 Q2,2010-04-01,2010,2,21,Labor market,Not selected
BMT,2010 Q2,PAYEMS,0,0,2010 Q2,2010-04-01,2010,2,21,Labor market,Not selected
BMT,2010 Q2,AWHMAN,0,0,2010 Q2,2010-04-01,2010,2,21,Labor market,Not selected
BMT,2010 Q2,HOUST,0,0,2010 Q2,2010-04-01,2010,2,21,Housing,Not selected
BMT,2010 Q2,PERMIT,0,0,2010 Q2,2010-04-01,2010,2,21,Housing,Not selected
BMT,2010 Q2,M1SL,0,0,2010 Q2,2010-04-01,2010,2,21,Money and credit,Not selected
BMT,2010 Q2,M2SL,0,0,2010 Q2,2010-04-01,2010,2,21,Money and credit,Not selected
BMT,2010 Q2,BOGMBASE,0,0,2010 Q2,2010-04-01,2010,2,21,Money and credit,Not selected
BMT,2010 Q2,BUSLOANS,0,0,2010 Q2,2010-04-01,2010,2,21,Money and credit,Not selected
BMT,2010 Q2,NONREVSL,0,0,2010 Q2,2010-04-01,2010,2,21,Money and credit,Not selected
BMT,2010 Q2,CPIAUCSL,0,0,2010 Q2,2010-04-01,2010,2,21,Prices and commodities,Not selected
BMT,2010 Q2,PPICMM,0,0,2010 Q2,2010-04-01,2010,2,21,Prices and commodities,Not selected
BMT,2010 Q2,PCEPI,0,0,2010 Q2,2010-04-01,2010,2,21,Prices and commodities,Not selected
BMT,2010 Q2,OILPRICEx,0,0,2010 Q2,2010-04-01,2010,2,21,Prices and commodities,Not selected
BMT,2010 Q2,FEDFUNDS,0,0,2010 Q2,2010-04-01,2010,2,21,Financial / sentiment,Not selected
BMT,2010 Q2,TB3MS,0,0,2010 Q2,2010-04-01,2010,2,21,Financial / sentiment,Not selected
BMT,2010 Q2,GS10,0,0,2010 Q2,2010-04-01,2010,2,21,Financial / sentiment,Not selected
BMT,2010 Q2,AAA,0,0,2010 Q2,2010-04-01,2010,2,21,Financial / sentiment,Not selected
BMT,2010 Q2,BAA,0,0,2010 Q2,2010-04-01,2010,2,21,Financial / sentiment,Not selected
BMT,2010 Q2,S&P 500,0,0,2010 Q2,2010-04-01,2010,2,21,Financial / sentiment,Not selected
BMT,2010 Q2,VIXCLSx,0,0,2010 Q2,2010-04-01,2010,2,21,Financial / sentiment,Not selected
BMT,2010 Q2,UMCSENTx,0,0,2010 Q2,2010-04-01,2010,2,21,Financial / sentiment,Not selected
BMT,2010 Q2,TERM_SPREAD,0,0,2010 Q2,2010-04-01,2010,2,21,Financial / sentiment,Not selected
BMT,2010 Q2,CREDIT_SPREAD,0,0,2010 Q2,2010-04-01,2010,2,21,Financial / sentiment,Not selected
BMT,2010 Q3,RPI,0,0,2010 Q3,2010-07-01,2010,3,22,Real activity / consumption,Not selected
BMT,2010 Q3,DPCERA3M086SBEA,0,0,2010 Q3,2010-07-01,2010,3,22,Real activity / consumption,Not selected
BMT,2010 Q3,INDPRO,1,1,2010 Q3,2010-07-01,2010,3,22,Real activity / consumption,Real activity / consumption
BMT,2010 Q3,CMRMTSPLx,0,0,2010 Q3,2010-07-01,2010,3,22,Real activity / consumption,Not selected
BMT,2010 Q3,RETAILx,0,0,2010 Q3,2010-07-01,2010,3,22,Real activity / consumption,Not selected
BMT,2010 Q3,UNRATE,0,0,2010 Q3,2010-07-01,2010,3,22,Labor market,Not selected
BMT,2010 Q3,CLAIMSx,0,0,2010 Q3,2010-07-01,2010,3,22,Labor market,Not selected
BMT,2010 Q3,PAYEMS,0,0,2010 Q3,2010-07-01,2010,3,22,Labor market,Not selected
BMT,2010 Q3,AWHMAN,0,0,2010 Q3,2010-07-01,2010,3,22,Labor market,Not selected
BMT,2010 Q3,HOUST,0,0,2010 Q3,2010-07-01,2010,3,22,Housing,Not selected
BMT,2010 Q3,PERMIT,0,0,2010 Q3,2010-07-01,2010,3,22,Housing,Not selected
BMT,2010 Q3,M1SL,0,0,2010 Q3,2010-07-01,2010,3,22,Money and credit,Not selected
BMT,2010 Q3,M2SL,0,0,2010 Q3,2010-07-01,2010,3,22,Money and credit,Not selected
BMT,2010 Q3,BOGMBASE,0,0,2010 Q3,2010-07-01,2010,3,22,Money and credit,Not selected
BMT,2010 Q3,BUSLOANS,0,0,2010 Q3,2010-07-01,2010,3,22,Money and credit,Not selected
BMT,2010 Q3,NONREVSL,0,0,2010 Q3,2010-07-01,2010,3,22,Money and credit,Not selected
BMT,2010 Q3,CPIAUCSL,0,0,2010 Q3,2010-07-01,2010,3,22,Prices and commodities,Not selected
BMT,2010 Q3,PPICMM,0,0,2010 Q3,2010-07-01,2010,3,22,Prices and commodities,Not selected
BMT,2010 Q3,PCEPI,0,0,2010 Q3,2010-07-01,2010,3,22,Prices and commodities,Not selected
BMT,2010 Q3,OILPRICEx,0,0,2010 Q3,2010-07-01,2010,3,22,Prices and commodities,Not selected
BMT,2010 Q3,FEDFUNDS,0,0,2010 Q3,2010-07-01,2010,3,22,Financial / sentiment,Not selected
BMT,2010 Q3,TB3MS,0,0,2010 Q3,2010-07-01,2010,3,22,Financial / sentiment,Not selected
BMT,2010 Q3,GS10,0,0,2010 Q3,2010-07-01,2010,3,22,Financial / sentiment,Not selected
BMT,2010 Q3,AAA,0,0,2010 Q3,2010-07-01,2010,3,22,Financial / sentiment,Not selected
BMT,2010 Q3,BAA,0,0,2010 Q3,2010-07-01,2010,3,22,Financial / sentiment,Not selected
BMT,2010 Q3,S&P 500,0,0,2010 Q3,2010-07-01,2010,3,22,Financial / sentiment,Not selected
BMT,2010 Q3,VIXCLSx,0,0,2010 Q3,2010-07-01,2010,3,22,Financial / sentiment,Not selected
BMT,2010 Q3,UMCSENTx,0,0,2010 Q3,2010-07-01,2010,3,22,Financial / sentiment,Not selected
BMT,2010 Q3,TERM_SPREAD,0,0,2010 Q3,2010-07-01,2010,3,22,Financial / sentiment,Not selected
BMT,2010 Q3,CREDIT_SPREAD,0,0,2010 Q3,2010-07-01,2010,3,22,Financial / sentiment,Not selected
BMT,2010 Q4,RPI,0,0,2010 Q4,2010-10-01,2010,4,23,Real activity / consumption,Not selected
BMT,2010 Q4,DPCERA3M086SBEA,0,0,2010 Q4,2010-10-01,2010,4,23,Real activity / consumption,Not selected
BMT,2010 Q4,INDPRO,1,1,2010 Q4,2010-10-01,2010,4,23,Real activity / consumption,Real activity / consumption
BMT,2010 Q4,CMRMTSPLx,0,0,2010 Q4,2010-10-01,2010,4,23,Real activity / consumption,Not selected
BMT,2010 Q4,RETAILx,0,0,2010 Q4,2010-10-01,2010,4,23,Real activity / consumption,Not selected
BMT,2010 Q4,UNRATE,0,0,2010 Q4,2010-10-01,2010,4,23,Labor market,Not selected
BMT,2010 Q4,CLAIMSx,0,0,2010 Q4,2010-10-01,2010,4,23,Labor market,Not selected
BMT,2010 Q4,PAYEMS,0,0,2010 Q4,2010-10-01,2010,4,23,Labor market,Not selected
BMT,2010 Q4,AWHMAN,0,0,2010 Q4,2010-10-01,2010,4,23,Labor market,Not selected
BMT,2010 Q4,HOUST,0,0,2010 Q4,2010-10-01,2010,4,23,Housing,Not selected
BMT,2010 Q4,PERMIT,0,0,2010 Q4,2010-10-01,2010,4,23,Housing,Not selected
BMT,2010 Q4,M1SL,0,0,2010 Q4,2010-10-01,2010,4,23,Money and credit,Not selected
BMT,2010 Q4,M2SL,0,0,2010 Q4,2010-10-01,2010,4,23,Money and credit,Not selected
BMT,2010 Q4,BOGMBASE,0,0,2010 Q4,2010-10-01,2010,4,23,Money and credit,Not selected
BMT,2010 Q4,BUSLOANS,0,0,2010 Q4,2010-10-01,2010,4,23,Money and credit,Not selected
BMT,2010 Q4,NONREVSL,0,0,2010 Q4,2010-10-01,2010,4,23,Money and credit,Not selected
BMT,2010 Q4,CPIAUCSL,0,0,2010 Q4,2010-10-01,2010,4,23,Prices and commodities,Not selected
BMT,2010 Q4,PPICMM,0,0,2010 Q4,2010-10-01,2010,4,23,Prices and commodities,Not selected
BMT,2010 Q4,PCEPI,0,0,2010 Q4,2010-10-01,2010,4,23,Prices and commodities,Not selected
BMT,2010 Q4,OILPRICEx,0,0,2010 Q4,2010-10-01,2010,4,23,Prices and commodities,Not selected
BMT,2010 Q4,FEDFUNDS,0,0,2010 Q4,2010-10-01,2010,4,23,Financial / sentiment,Not selected
BMT,2010 Q4,TB3MS,0,0,2010 Q4,2010-10-01,2010,4,23,Financial / sentiment,Not selected
BMT,2010 Q4,GS10,0,0,2010 Q4,2010-10-01,2010,4,23,Financial / sentiment,Not selected
BMT,2010 Q4,AAA,0,0,2010 Q4,2010-10-01,2010,4,23,Financial / sentiment,Not selected
BMT,2010 Q4,BAA,0,0,2010 Q4,2010-10-01,2010,4,23,Financial / sentiment,Not selected
BMT,2010 Q4,S&P 500,0,0,2010 Q4,2010-10-01,2010,4,23,Financial / sentiment,Not selected
BMT,2010 Q4,VIXCLSx,0,0,2010 Q4,2010-10-01,2010,4,23,Financial / sentiment,Not selected
BMT,2010 Q4,UMCSENTx,0,0,2010 Q4,2010-10-01,2010,4,23,Financial / sentiment,Not selected
BMT,2010 Q4,TERM_SPREAD,0,0,2010 Q4,2010-10-01,2010,4,23,Financial / sentiment,Not selected
BMT,2010 Q4,CREDIT_SPREAD,0,0,2010 Q4,2010-10-01,2010,4,23,Financial / sentiment,Not selected
BMT,2011 Q1,RPI,0,0,2011 Q1,2011-01-01,2011,1,24,Real activity / consumption,Not selected
BMT,2011 Q1,DPCERA3M086SBEA,0,0,2011 Q1,2011-01-01,2011,1,24,Real activity / consumption,Not selected
BMT,2011 Q1,INDPRO,1,1,2011 Q1,2011-01-01,2011,1,24,Real activity / consumption,Real activity / consumption
BMT,2011 Q1,CMRMTSPLx,0,0,2011 Q1,2011-01-01,2011,1,24,Real activity / consumption,Not selected
BMT,2011 Q1,RETAILx,0,0,2011 Q1,2011-01-01,2011,1,24,Real activity / consumption,Not selected
BMT,2011 Q1,UNRATE,0,0,2011 Q1,2011-01-01,2011,1,24,Labor market,Not selected
BMT,2011 Q1,CLAIMSx,0,0,2011 Q1,2011-01-01,2011,1,24,Labor market,Not selected
BMT,2011 Q1,PAYEMS,0,0,2011 Q1,2011-01-01,2011,1,24,Labor market,Not selected
BMT,2011 Q1,AWHMAN,0,0,2011 Q1,2011-01-01,2011,1,24,Labor market,Not selected
BMT,2011 Q1,HOUST,0,0,2011 Q1,2011-01-01,2011,1,24,Housing,Not selected
BMT,2011 Q1,PERMIT,0,0,2011 Q1,2011-01-01,2011,1,24,Housing,Not selected
BMT,2011 Q1,M1SL,0,0,2011 Q1,2011-01-01,2011,1,24,Money and credit,Not selected
BMT,2011 Q1,M2SL,0,0,2011 Q1,2011-01-01,2011,1,24,Money and credit,Not selected
BMT,2011 Q1,BOGMBASE,0,0,2011 Q1,2011-01-01,2011,1,24,Money and credit,Not selected
BMT,2011 Q1,BUSLOANS,0,0,2011 Q1,2011-01-01,2011,1,24,Money and credit,Not selected
BMT,2011 Q1,NONREVSL,0,0,2011 Q1,2011-01-01,2011,1,24,Money and credit,Not selected
BMT,2011 Q1,CPIAUCSL,0,0,2011 Q1,2011-01-01,2011,1,24,Prices and commodities,Not selected
BMT,2011 Q1,PPICMM,0,0,2011 Q1,2011-01-01,2011,1,24,Prices and commodities,Not selected
BMT,2011 Q1,PCEPI,0,0,2011 Q1,2011-01-01,2011,1,24,Prices and commodities,Not selected
BMT,2011 Q1,OILPRICEx,0,0,2011 Q1,2011-01-01,2011,1,24,Prices and commodities,Not selected
BMT,2011 Q1,FEDFUNDS,0,0,2011 Q1,2011-01-01,2011,1,24,Financial / sentiment,Not selected
BMT,2011 Q1,TB3MS,0,0,2011 Q1,2011-01-01,2011,1,24,Financial / sentiment,Not selected
BMT,2011 Q1,GS10,0,0,2011 Q1,2011-01-01,2011,1,24,Financial / sentiment,Not selected
BMT,2011 Q1,AAA,0,0,2011 Q1,2011-01-01,2011,1,24,Financial / sentiment,Not selected
BMT,2011 Q1,BAA,0,0,2011 Q1,2011-01-01,2011,1,24,Financial / sentiment,Not selected
BMT,2011 Q1,S&P 500,0,0,2011 Q1,2011-01-01,2011,1,24,Financial / sentiment,Not selected
BMT,2011 Q1,VIXCLSx,0,0,2011 Q1,2011-01-01,2011,1,24,Financial / sentiment,Not selected
BMT,2011 Q1,UMCSENTx,0,0,2011 Q1,2011-01-01,2011,1,24,Financial / sentiment,Not selected
BMT,2011 Q1,TERM_SPREAD,0,0,2011 Q1,2011-01-01,2011,1,24,Financial / sentiment,Not selected
BMT,2011 Q1,CREDIT_SPREAD,0,0,2011 Q1,2011-01-01,2011,1,24,Financial / sentiment,Not selected
BMT,2011 Q2,RPI,0,0,2011 Q2,2011-04-01,2011,2,25,Real activity / consumption,Not selected
BMT,2011 Q2,DPCERA3M086SBEA,0,0,2011 Q2,2011-04-01,2011,2,25,Real activity / consumption,Not selected
BMT,2011 Q2,INDPRO,1,1,2011 Q2,2011-04-01,2011,2,25,Real activity / consumption,Real activity / consumption
BMT,2011 Q2,CMRMTSPLx,0,0,2011 Q2,2011-04-01,2011,2,25,Real activity / consumption,Not selected
BMT,2011 Q2,RETAILx,0,0,2011 Q2,2011-04-01,2011,2,25,Real activity / consumption,Not selected
BMT,2011 Q2,UNRATE,0,0,2011 Q2,2011-04-01,2011,2,25,Labor market,Not selected
BMT,2011 Q2,CLAIMSx,0,0,2011 Q2,2011-04-01,2011,2,25,Labor market,Not selected
BMT,2011 Q2,PAYEMS,0,0,2011 Q2,2011-04-01,2011,2,25,Labor market,Not selected
BMT,2011 Q2,AWHMAN,0,0,2011 Q2,2011-04-01,2011,2,25,Labor market,Not selected
BMT,2011 Q2,HOUST,0,0,2011 Q2,2011-04-01,2011,2,25,Housing,Not selected
BMT,2011 Q2,PERMIT,0,0,2011 Q2,2011-04-01,2011,2,25,Housing,Not selected
BMT,2011 Q2,M1SL,0,0,2011 Q2,2011-04-01,2011,2,25,Money and credit,Not selected
BMT,2011 Q2,M2SL,0,0,2011 Q2,2011-04-01,2011,2,25,Money and credit,Not selected
BMT,2011 Q2,BOGMBASE,0,0,2011 Q2,2011-04-01,2011,2,25,Money and credit,Not selected
BMT,2011 Q2,BUSLOANS,0,0,2011 Q2,2011-04-01,2011,2,25,Money and credit,Not selected
BMT,2011 Q2,NONREVSL,0,0,2011 Q2,2011-04-01,2011,2,25,Money and credit,Not selected
BMT,2011 Q2,CPIAUCSL,0,0,2011 Q2,2011-04-01,2011,2,25,Prices and commodities,Not selected
BMT,2011 Q2,PPICMM,0,0,2011 Q2,2011-04-01,2011,2,25,Prices and commodities,Not selected
BMT,2011 Q2,PCEPI,0,0,2011 Q2,2011-04-01,2011,2,25,Prices and commodities,Not selected
BMT,2011 Q2,OILPRICEx,0,0,2011 Q2,2011-04-01,2011,2,25,Prices and commodities,Not selected
BMT,2011 Q2,FEDFUNDS,0,0,2011 Q2,2011-04-01,2011,2,25,Financial / sentiment,Not selected
BMT,2011 Q2,TB3MS,0,0,2011 Q2,2011-04-01,2011,2,25,Financial / sentiment,Not selected
BMT,2011 Q2,GS10,0,0,2011 Q2,2011-04-01,2011,2,25,Financial / sentiment,Not selected
BMT,2011 Q2,AAA,0,0,2011 Q2,2011-04-01,2011,2,25,Financial / sentiment,Not selected
BMT,2011 Q2,BAA,0,0,2011 Q2,2011-04-01,2011,2,25,Financial / sentiment,Not selected
BMT,2011 Q2,S&P 500,0,0,2011 Q2,2011-04-01,2011,2,25,Financial / sentiment,Not selected
BMT,2011 Q2,VIXCLSx,0,0,2011 Q2,2011-04-01,2011,2,25,Financial / sentiment,Not selected
BMT,2011 Q2,UMCSENTx,0,0,2011 Q2,2011-04-01,2011,2,25,Financial / sentiment,Not selected
BMT,2011 Q2,TERM_SPREAD,0,0,2011 Q2,2011-04-01,2011,2,25,Financial / sentiment,Not selected
BMT,2011 Q2,CREDIT_SPREAD,0,0,2011 Q2,2011-04-01,2011,2,25,Financial / sentiment,Not selected
BMT,2011 Q3,RPI,0,0,2011 Q3,2011-07-01,2011,3,26,Real activity / consumption,Not selected
BMT,2011 Q3,DPCERA3M086SBEA,0,0,2011 Q3,2011-07-01,2011,3,26,Real activity / consumption,Not selected
BMT,2011 Q3,INDPRO,1,1,2011 Q3,2011-07-01,2011,3,26,Real activity / consumption,Real activity / consumption
BMT,2011 Q3,CMRMTSPLx,0,0,2011 Q3,2011-07-01,2011,3,26,Real activity / consumption,Not selected
BMT,2011 Q3,RETAILx,0,0,2011 Q3,2011-07-01,2011,3,26,Real activity / consumption,Not selected
BMT,2011 Q3,UNRATE,0,0,2011 Q3,2011-07-01,2011,3,26,Labor market,Not selected
BMT,2011 Q3,CLAIMSx,0,0,2011 Q3,2011-07-01,2011,3,26,Labor market,Not selected
BMT,2011 Q3,PAYEMS,0,0,2011 Q3,2011-07-01,2011,3,26,Labor market,Not selected
BMT,2011 Q3,AWHMAN,0,0,2011 Q3,2011-07-01,2011,3,26,Labor market,Not selected
BMT,2011 Q3,HOUST,0,0,2011 Q3,2011-07-01,2011,3,26,Housing,Not selected
BMT,2011 Q3,PERMIT,0,0,2011 Q3,2011-07-01,2011,3,26,Housing,Not selected
BMT,2011 Q3,M1SL,0,0,2011 Q3,2011-07-01,2011,3,26,Money and credit,Not selected
BMT,2011 Q3,M2SL,0,0,2011 Q3,2011-07-01,2011,3,26,Money and credit,Not selected
BMT,2011 Q3,BOGMBASE,0,0,2011 Q3,2011-07-01,2011,3,26,Money and credit,Not selected
BMT,2011 Q3,BUSLOANS,0,0,2011 Q3,2011-07-01,2011,3,26,Money and credit,Not selected
BMT,2011 Q3,NONREVSL,0,0,2011 Q3,2011-07-01,2011,3,26,Money and credit,Not selected
BMT,2011 Q3,CPIAUCSL,0,0,2011 Q3,2011-07-01,2011,3,26,Prices and commodities,Not selected
BMT,2011 Q3,PPICMM,0,0,2011 Q3,2011-07-01,2011,3,26,Prices and commodities,Not selected
BMT,2011 Q3,PCEPI,0,0,2011 Q3,2011-07-01,2011,3,26,Prices and commodities,Not selected
BMT,2011 Q3,OILPRICEx,0,0,2011 Q3,2011-07-01,2011,3,26,Prices and commodities,Not selected
BMT,2011 Q3,FEDFUNDS,0,0,2011 Q3,2011-07-01,2011,3,26,Financial / sentiment,Not selected
BMT,2011 Q3,TB3MS,0,0,2011 Q3,2011-07-01,2011,3,26,Financial / sentiment,Not selected
BMT,2011 Q3,GS10,0,0,2011 Q3,2011-07-01,2011,3,26,Financial / sentiment,Not selected
BMT,2011 Q3,AAA,0,0,2011 Q3,2011-07-01,2011,3,26,Financial / sentiment,Not selected
BMT,2011 Q3,BAA,0,0,2011 Q3,2011-07-01,2011,3,26,Financial / sentiment,Not selected
BMT,2011 Q3,S&P 500,0,0,2011 Q3,2011-07-01,2011,3,26,Financial / sentiment,Not selected
BMT,2011 Q3,VIXCLSx,0,0,2011 Q3,2011-07-01,2011,3,26,Financial / sentiment,Not selected
BMT,2011 Q3,UMCSENTx,0,0,2011 Q3,2011-07-01,2011,3,26,Financial / sentiment,Not selected
BMT,2011 Q3,TERM_SPREAD,0,0,2011 Q3,2011-07-01,2011,3,26,Financial / sentiment,Not selected
BMT,2011 Q3,CREDIT_SPREAD,0,0,2011 Q3,2011-07-01,2011,3,26,Financial / sentiment,Not selected
BMT,2011 Q4,RPI,0,0,2011 Q4,2011-10-01,2011,4,27,Real activity / consumption,Not selected
BMT,2011 Q4,DPCERA3M086SBEA,0,0,2011 Q4,2011-10-01,2011,4,27,Real activity / consumption,Not selected
BMT,2011 Q4,INDPRO,1,1,2011 Q4,2011-10-01,2011,4,27,Real activity / consumption,Real activity / consumption
BMT,2011 Q4,CMRMTSPLx,0,0,2011 Q4,2011-10-01,2011,4,27,Real activity / consumption,Not selected
BMT,2011 Q4,RETAILx,0,0,2011 Q4,2011-10-01,2011,4,27,Real activity / consumption,Not selected
BMT,2011 Q4,UNRATE,0,0,2011 Q4,2011-10-01,2011,4,27,Labor market,Not selected
BMT,2011 Q4,CLAIMSx,0,0,2011 Q4,2011-10-01,2011,4,27,Labor market,Not selected
BMT,2011 Q4,PAYEMS,0,0,2011 Q4,2011-10-01,2011,4,27,Labor market,Not selected
BMT,2011 Q4,AWHMAN,0,0,2011 Q4,2011-10-01,2011,4,27,Labor market,Not selected
BMT,2011 Q4,HOUST,0,0,2011 Q4,2011-10-01,2011,4,27,Housing,Not selected
BMT,2011 Q4,PERMIT,0,0,2011 Q4,2011-10-01,2011,4,27,Housing,Not selected
BMT,2011 Q4,M1SL,0,0,2011 Q4,2011-10-01,2011,4,27,Money and credit,Not selected
BMT,2011 Q4,M2SL,0,0,2011 Q4,2011-10-01,2011,4,27,Money and credit,Not selected
BMT,2011 Q4,BOGMBASE,0,0,2011 Q4,2011-10-01,2011,4,27,Money and credit,Not selected
BMT,2011 Q4,BUSLOANS,0,0,2011 Q4,2011-10-01,2011,4,27,Money and credit,Not selected
BMT,2011 Q4,NONREVSL,0,0,2011 Q4,2011-10-01,2011,4,27,Money and credit,Not selected
BMT,2011 Q4,CPIAUCSL,0,0,2011 Q4,2011-10-01,2011,4,27,Prices and commodities,Not selected
BMT,2011 Q4,PPICMM,0,0,2011 Q4,2011-10-01,2011,4,27,Prices and commodities,Not selected
BMT,2011 Q4,PCEPI,0,0,2011 Q4,2011-10-01,2011,4,27,Prices and commodities,Not selected
BMT,2011 Q4,OILPRICEx,0,0,2011 Q4,2011-10-01,2011,4,27,Prices and commodities,Not selected
BMT,2011 Q4,FEDFUNDS,0,0,2011 Q4,2011-10-01,2011,4,27,Financial / sentiment,Not selected
BMT,2011 Q4,TB3MS,0,0,2011 Q4,2011-10-01,2011,4,27,Financial / sentiment,Not selected
BMT,2011 Q4,GS10,0,0,2011 Q4,2011-10-01,2011,4,27,Financial / sentiment,Not selected
BMT,2011 Q4,AAA,0,0,2011 Q4,2011-10-01,2011,4,27,Financial / sentiment,Not selected
BMT,2011 Q4,BAA,0,0,2011 Q4,2011-10-01,2011,4,27,Financial / sentiment,Not selected
BMT,2011 Q4,S&P 500,0,0,2011 Q4,2011-10-01,2011,4,27,Financial / sentiment,Not selected
BMT,2011 Q4,VIXCLSx,0,0,2011 Q4,2011-10-01,2011,4,27,Financial / sentiment,Not selected
BMT,2011 Q4,UMCSENTx,0,0,2011 Q4,2011-10-01,2011,4,27,Financial / sentiment,Not selected
BMT,2011 Q4,TERM_SPREAD,0,0,2011 Q4,2011-10-01,2011,4,27,Financial / sentiment,Not selected
BMT,2011 Q4,CREDIT_SPREAD,0,0,2011 Q4,2011-10-01,2011,4,27,Financial / sentiment,Not selected
BMT,2012 Q1,RPI,0,0,2012 Q1,2012-01-01,2012,1,28,Real activity / consumption,Not selected
BMT,2012 Q1,DPCERA3M086SBEA,0,0,2012 Q1,2012-01-01,2012,1,28,Real activity / consumption,Not selected
BMT,2012 Q1,INDPRO,1,1,2012 Q1,2012-01-01,2012,1,28,Real activity / consumption,Real activity / consumption
BMT,2012 Q1,CMRMTSPLx,0,0,2012 Q1,2012-01-01,2012,1,28,Real activity / consumption,Not selected
BMT,2012 Q1,RETAILx,0,0,2012 Q1,2012-01-01,2012,1,28,Real activity / consumption,Not selected
BMT,2012 Q1,UNRATE,0,0,2012 Q1,2012-01-01,2012,1,28,Labor market,Not selected
BMT,2012 Q1,CLAIMSx,0,0,2012 Q1,2012-01-01,2012,1,28,Labor market,Not selected
BMT,2012 Q1,PAYEMS,0,0,2012 Q1,2012-01-01,2012,1,28,Labor market,Not selected
BMT,2012 Q1,AWHMAN,0,0,2012 Q1,2012-01-01,2012,1,28,Labor market,Not selected
BMT,2012 Q1,HOUST,0,0,2012 Q1,2012-01-01,2012,1,28,Housing,Not selected
BMT,2012 Q1,PERMIT,0,0,2012 Q1,2012-01-01,2012,1,28,Housing,Not selected
BMT,2012 Q1,M1SL,0,0,2012 Q1,2012-01-01,2012,1,28,Money and credit,Not selected
BMT,2012 Q1,M2SL,0,0,2012 Q1,2012-01-01,2012,1,28,Money and credit,Not selected
BMT,2012 Q1,BOGMBASE,0,0,2012 Q1,2012-01-01,2012,1,28,Money and credit,Not selected
BMT,2012 Q1,BUSLOANS,0,0,2012 Q1,2012-01-01,2012,1,28,Money and credit,Not selected
BMT,2012 Q1,NONREVSL,0,0,2012 Q1,2012-01-01,2012,1,28,Money and credit,Not selected
BMT,2012 Q1,CPIAUCSL,0,0,2012 Q1,2012-01-01,2012,1,28,Prices and commodities,Not selected
BMT,2012 Q1,PPICMM,0,0,2012 Q1,2012-01-01,2012,1,28,Prices and commodities,Not selected
BMT,2012 Q1,PCEPI,0,0,2012 Q1,2012-01-01,2012,1,28,Prices and commodities,Not selected
BMT,2012 Q1,OILPRICEx,0,0,2012 Q1,2012-01-01,2012,1,28,Prices and commodities,Not selected
BMT,2012 Q1,FEDFUNDS,0,0,2012 Q1,2012-01-01,2012,1,28,Financial / sentiment,Not selected
BMT,2012 Q1,TB3MS,0,0,2012 Q1,2012-01-01,2012,1,28,Financial / sentiment,Not selected
BMT,2012 Q1,GS10,0,0,2012 Q1,2012-01-01,2012,1,28,Financial / sentiment,Not selected
BMT,2012 Q1,AAA,0,0,2012 Q1,2012-01-01,2012,1,28,Financial / sentiment,Not selected
BMT,2012 Q1,BAA,0,0,2012 Q1,2012-01-01,2012,1,28,Financial / sentiment,Not selected
BMT,2012 Q1,S&P 500,0,0,2012 Q1,2012-01-01,2012,1,28,Financial / sentiment,Not selected
BMT,2012 Q1,VIXCLSx,0,0,2012 Q1,2012-01-01,2012,1,28,Financial / sentiment,Not selected
BMT,2012 Q1,UMCSENTx,0,0,2012 Q1,2012-01-01,2012,1,28,Financial / sentiment,Not selected
BMT,2012 Q1,TERM_SPREAD,0,0,2012 Q1,2012-01-01,2012,1,28,Financial / sentiment,Not selected
BMT,2012 Q1,CREDIT_SPREAD,0,0,2012 Q1,2012-01-01,2012,1,28,Financial / sentiment,Not selected
BMT,2012 Q2,RPI,0,0,2012 Q2,2012-04-01,2012,2,29,Real activity / consumption,Not selected
BMT,2012 Q2,DPCERA3M086SBEA,0,0,2012 Q2,2012-04-01,2012,2,29,Real activity / consumption,Not selected
BMT,2012 Q2,INDPRO,1,1,2012 Q2,2012-04-01,2012,2,29,Real activity / consumption,Real activity / consumption
BMT,2012 Q2,CMRMTSPLx,0,0,2012 Q2,2012-04-01,2012,2,29,Real activity / consumption,Not selected
BMT,2012 Q2,RETAILx,0,0,2012 Q2,2012-04-01,2012,2,29,Real activity / consumption,Not selected
BMT,2012 Q2,UNRATE,0,0,2012 Q2,2012-04-01,2012,2,29,Labor market,Not selected
BMT,2012 Q2,CLAIMSx,0,0,2012 Q2,2012-04-01,2012,2,29,Labor market,Not selected
BMT,2012 Q2,PAYEMS,0,0,2012 Q2,2012-04-01,2012,2,29,Labor market,Not selected
BMT,2012 Q2,AWHMAN,0,0,2012 Q2,2012-04-01,2012,2,29,Labor market,Not selected
BMT,2012 Q2,HOUST,0,0,2012 Q2,2012-04-01,2012,2,29,Housing,Not selected
BMT,2012 Q2,PERMIT,0,0,2012 Q2,2012-04-01,2012,2,29,Housing,Not selected
BMT,2012 Q2,M1SL,0,0,2012 Q2,2012-04-01,2012,2,29,Money and credit,Not selected
BMT,2012 Q2,M2SL,0,0,2012 Q2,2012-04-01,2012,2,29,Money and credit,Not selected
BMT,2012 Q2,BOGMBASE,0,0,2012 Q2,2012-04-01,2012,2,29,Money and credit,Not selected
BMT,2012 Q2,BUSLOANS,0,0,2012 Q2,2012-04-01,2012,2,29,Money and credit,Not selected
BMT,2012 Q2,NONREVSL,0,0,2012 Q2,2012-04-01,2012,2,29,Money and credit,Not selected
BMT,2012 Q2,CPIAUCSL,0,0,2012 Q2,2012-04-01,2012,2,29,Prices and commodities,Not selected
BMT,2012 Q2,PPICMM,0,0,2012 Q2,2012-04-01,2012,2,29,Prices and commodities,Not selected
BMT,2012 Q2,PCEPI,0,0,2012 Q2,2012-04-01,2012,2,29,Prices and commodities,Not selected
BMT,2012 Q2,OILPRICEx,0,0,2012 Q2,2012-04-01,2012,2,29,Prices and commodities,Not selected
BMT,2012 Q2,FEDFUNDS,0,0,2012 Q2,2012-04-01,2012,2,29,Financial / sentiment,Not selected
BMT,2012 Q2,TB3MS,0,0,2012 Q2,2012-04-01,2012,2,29,Financial / sentiment,Not selected
BMT,2012 Q2,GS10,0,0,2012 Q2,2012-04-01,2012,2,29,Financial / sentiment,Not selected
BMT,2012 Q2,AAA,0,0,2012 Q2,2012-04-01,2012,2,29,Financial / sentiment,Not selected
BMT,2012 Q2,BAA,0,0,2012 Q2,2012-04-01,2012,2,29,Financial / sentiment,Not selected
BMT,2012 Q2,S&P 500,0,0,2012 Q2,2012-04-01,2012,2,29,Financial / sentiment,Not selected
BMT,2012 Q2,VIXCLSx,0,0,2012 Q2,2012-04-01,2012,2,29,Financial / sentiment,Not selected
BMT,2012 Q2,UMCSENTx,0,0,2012 Q2,2012-04-01,2012,2,29,Financial / sentiment,Not selected
BMT,2012 Q2,TERM_SPREAD,0,0,2012 Q2,2012-04-01,2012,2,29,Financial / sentiment,Not selected
BMT,2012 Q2,CREDIT_SPREAD,0,0,2012 Q2,2012-04-01,2012,2,29,Financial / sentiment,Not selected
BMT,2012 Q3,RPI,0,0,2012 Q3,2012-07-01,2012,3,30,Real activity / consumption,Not selected
BMT,2012 Q3,DPCERA3M086SBEA,0,0,2012 Q3,2012-07-01,2012,3,30,Real activity / consumption,Not selected
BMT,2012 Q3,INDPRO,1,1,2012 Q3,2012-07-01,2012,3,30,Real activity / consumption,Real activity / consumption
BMT,2012 Q3,CMRMTSPLx,0,0,2012 Q3,2012-07-01,2012,3,30,Real activity / consumption,Not selected
BMT,2012 Q3,RETAILx,0,0,2012 Q3,2012-07-01,2012,3,30,Real activity / consumption,Not selected
BMT,2012 Q3,UNRATE,0,0,2012 Q3,2012-07-01,2012,3,30,Labor market,Not selected
BMT,2012 Q3,CLAIMSx,0,0,2012 Q3,2012-07-01,2012,3,30,Labor market,Not selected
BMT,2012 Q3,PAYEMS,0,0,2012 Q3,2012-07-01,2012,3,30,Labor market,Not selected
BMT,2012 Q3,AWHMAN,0,0,2012 Q3,2012-07-01,2012,3,30,Labor market,Not selected
BMT,2012 Q3,HOUST,0,0,2012 Q3,2012-07-01,2012,3,30,Housing,Not selected
BMT,2012 Q3,PERMIT,0,0,2012 Q3,2012-07-01,2012,3,30,Housing,Not selected
BMT,2012 Q3,M1SL,0,0,2012 Q3,2012-07-01,2012,3,30,Money and credit,Not selected
BMT,2012 Q3,M2SL,0,0,2012 Q3,2012-07-01,2012,3,30,Money and credit,Not selected
BMT,2012 Q3,BOGMBASE,0,0,2012 Q3,2012-07-01,2012,3,30,Money and credit,Not selected
BMT,2012 Q3,BUSLOANS,0,0,2012 Q3,2012-07-01,2012,3,30,Money and credit,Not selected
BMT,2012 Q3,NONREVSL,0,0,2012 Q3,2012-07-01,2012,3,30,Money and credit,Not selected
BMT,2012 Q3,CPIAUCSL,0,0,2012 Q3,2012-07-01,2012,3,30,Prices and commodities,Not selected
BMT,2012 Q3,PPICMM,0,0,2012 Q3,2012-07-01,2012,3,30,Prices and commodities,Not selected
BMT,2012 Q3,PCEPI,0,0,2012 Q3,2012-07-01,2012,3,30,Prices and commodities,Not selected
BMT,2012 Q3,OILPRICEx,0,0,2012 Q3,2012-07-01,2012,3,30,Prices and commodities,Not selected
BMT,2012 Q3,FEDFUNDS,0,0,2012 Q3,2012-07-01,2012,3,30,Financial / sentiment,Not selected
BMT,2012 Q3,TB3MS,0,0,2012 Q3,2012-07-01,2012,3,30,Financial / sentiment,Not selected
BMT,2012 Q3,GS10,0,0,2012 Q3,2012-07-01,2012,3,30,Financial / sentiment,Not selected
BMT,2012 Q3,AAA,0,0,2012 Q3,2012-07-01,2012,3,30,Financial / sentiment,Not selected
BMT,2012 Q3,BAA,0,0,2012 Q3,2012-07-01,2012,3,30,Financial / sentiment,Not selected
BMT,2012 Q3,S&P 500,0,0,2012 Q3,2012-07-01,2012,3,30,Financial / sentiment,Not selected
BMT,2012 Q3,VIXCLSx,0,0,2012 Q3,2012-07-01,2012,3,30,Financial / sentiment,Not selected
BMT,2012 Q3,UMCSENTx,0,0,2012 Q3,2012-07-01,2012,3,30,Financial / sentiment,Not selected
BMT,2012 Q3,TERM_SPREAD,0,0,2012 Q3,2012-07-01,2012,3,30,Financial / sentiment,Not selected
BMT,2012 Q3,CREDIT_SPREAD,0,0,2012 Q3,2012-07-01,2012,3,30,Financial / sentiment,Not selected
BMT,2012 Q4,RPI,0,0,2012 Q4,2012-10-01,2012,4,31,Real activity / consumption,Not selected
BMT,2012 Q4,DPCERA3M086SBEA,0,0,2012 Q4,2012-10-01,2012,4,31,Real activity / consumption,Not selected
BMT,2012 Q4,INDPRO,1,1,2012 Q4,2012-10-01,2012,4,31,Real activity / consumption,Real activity / consumption
BMT,2012 Q4,CMRMTSPLx,0,0,2012 Q4,2012-10-01,2012,4,31,Real activity / consumption,Not selected
BMT,2012 Q4,RETAILx,0,0,2012 Q4,2012-10-01,2012,4,31,Real activity / consumption,Not selected
BMT,2012 Q4,UNRATE,0,0,2012 Q4,2012-10-01,2012,4,31,Labor market,Not selected
BMT,2012 Q4,CLAIMSx,0,0,2012 Q4,2012-10-01,2012,4,31,Labor market,Not selected
BMT,2012 Q4,PAYEMS,0,0,2012 Q4,2012-10-01,2012,4,31,Labor market,Not selected
BMT,2012 Q4,AWHMAN,0,0,2012 Q4,2012-10-01,2012,4,31,Labor market,Not selected
BMT,2012 Q4,HOUST,0,0,2012 Q4,2012-10-01,2012,4,31,Housing,Not selected
BMT,2012 Q4,PERMIT,0,0,2012 Q4,2012-10-01,2012,4,31,Housing,Not selected
BMT,2012 Q4,M1SL,0,0,2012 Q4,2012-10-01,2012,4,31,Money and credit,Not selected
BMT,2012 Q4,M2SL,0,0,2012 Q4,2012-10-01,2012,4,31,Money and credit,Not selected
BMT,2012 Q4,BOGMBASE,0,0,2012 Q4,2012-10-01,2012,4,31,Money and credit,Not selected
BMT,2012 Q4,BUSLOANS,0,0,2012 Q4,2012-10-01,2012,4,31,Money and credit,Not selected
BMT,2012 Q4,NONREVSL,0,0,2012 Q4,2012-10-01,2012,4,31,Money and credit,Not selected
BMT,2012 Q4,CPIAUCSL,0,0,2012 Q4,2012-10-01,2012,4,31,Prices and commodities,Not selected
BMT,2012 Q4,PPICMM,0,0,2012 Q4,2012-10-01,2012,4,31,Prices and commodities,Not selected
BMT,2012 Q4,PCEPI,0,0,2012 Q4,2012-10-01,2012,4,31,Prices and commodities,Not selected
BMT,2012 Q4,OILPRICEx,0,0,2012 Q4,2012-10-01,2012,4,31,Prices and commodities,Not selected
BMT,2012 Q4,FEDFUNDS,0,0,2012 Q4,2012-10-01,2012,4,31,Financial / sentiment,Not selected
BMT,2012 Q4,TB3MS,0,0,2012 Q4,2012-10-01,2012,4,31,Financial / sentiment,Not selected
BMT,2012 Q4,GS10,0,0,2012 Q4,2012-10-01,2012,4,31,Financial / sentiment,Not selected
BMT,2012 Q4,AAA,0,0,2012 Q4,2012-10-01,2012,4,31,Financial / sentiment,Not selected
BMT,2012 Q4,BAA,0,0,2012 Q4,2012-10-01,2012,4,31,Financial / sentiment,Not selected
BMT,2012 Q4,S&P 500,0,0,2012 Q4,2012-10-01,2012,4,31,Financial / sentiment,Not selected
BMT,2012 Q4,VIXCLSx,0,0,2012 Q4,2012-10-01,2012,4,31,Financial / sentiment,Not selected
BMT,2012 Q4,UMCSENTx,0,0,2012 Q4,2012-10-01,2012,4,31,Financial / sentiment,Not selected
BMT,2012 Q4,TERM_SPREAD,0,0,2012 Q4,2012-10-01,2012,4,31,Financial / sentiment,Not selected
BMT,2012 Q4,CREDIT_SPREAD,0,0,2012 Q4,2012-10-01,2012,4,31,Financial / sentiment,Not selected
BMT,2013 Q1,RPI,0,0,2013 Q1,2013-01-01,2013,1,32,Real activity / consumption,Not selected
BMT,2013 Q1,DPCERA3M086SBEA,0,0,2013 Q1,2013-01-01,2013,1,32,Real activity / consumption,Not selected
BMT,2013 Q1,INDPRO,1,1,2013 Q1,2013-01-01,2013,1,32,Real activity / consumption,Real activity / consumption
BMT,2013 Q1,CMRMTSPLx,0,0,2013 Q1,2013-01-01,2013,1,32,Real activity / consumption,Not selected
BMT,2013 Q1,RETAILx,0,0,2013 Q1,2013-01-01,2013,1,32,Real activity / consumption,Not selected
BMT,2013 Q1,UNRATE,0,0,2013 Q1,2013-01-01,2013,1,32,Labor market,Not selected
BMT,2013 Q1,CLAIMSx,0,0,2013 Q1,2013-01-01,2013,1,32,Labor market,Not selected
BMT,2013 Q1,PAYEMS,0,0,2013 Q1,2013-01-01,2013,1,32,Labor market,Not selected
BMT,2013 Q1,AWHMAN,0,0,2013 Q1,2013-01-01,2013,1,32,Labor market,Not selected
BMT,2013 Q1,HOUST,0,0,2013 Q1,2013-01-01,2013,1,32,Housing,Not selected
BMT,2013 Q1,PERMIT,0,0,2013 Q1,2013-01-01,2013,1,32,Housing,Not selected
BMT,2013 Q1,M1SL,0,0,2013 Q1,2013-01-01,2013,1,32,Money and credit,Not selected
BMT,2013 Q1,M2SL,0,0,2013 Q1,2013-01-01,2013,1,32,Money and credit,Not selected
BMT,2013 Q1,BOGMBASE,0,0,2013 Q1,2013-01-01,2013,1,32,Money and credit,Not selected
BMT,2013 Q1,BUSLOANS,0,0,2013 Q1,2013-01-01,2013,1,32,Money and credit,Not selected
BMT,2013 Q1,NONREVSL,0,0,2013 Q1,2013-01-01,2013,1,32,Money and credit,Not selected
BMT,2013 Q1,CPIAUCSL,0,0,2013 Q1,2013-01-01,2013,1,32,Prices and commodities,Not selected
BMT,2013 Q1,PPICMM,0,0,2013 Q1,2013-01-01,2013,1,32,Prices and commodities,Not selected
BMT,2013 Q1,PCEPI,0,0,2013 Q1,2013-01-01,2013,1,32,Prices and commodities,Not selected
BMT,2013 Q1,OILPRICEx,0,0,2013 Q1,2013-01-01,2013,1,32,Prices and commodities,Not selected
BMT,2013 Q1,FEDFUNDS,0,0,2013 Q1,2013-01-01,2013,1,32,Financial / sentiment,Not selected
BMT,2013 Q1,TB3MS,0,0,2013 Q1,2013-01-01,2013,1,32,Financial / sentiment,Not selected
BMT,2013 Q1,GS10,0,0,2013 Q1,2013-01-01,2013,1,32,Financial / sentiment,Not selected
BMT,2013 Q1,AAA,0,0,2013 Q1,2013-01-01,2013,1,32,Financial / sentiment,Not selected
BMT,2013 Q1,BAA,0,0,2013 Q1,2013-01-01,2013,1,32,Financial / sentiment,Not selected
BMT,2013 Q1,S&P 500,0,0,2013 Q1,2013-01-01,2013,1,32,Financial / sentiment,Not selected
BMT,2013 Q1,VIXCLSx,0,0,2013 Q1,2013-01-01,2013,1,32,Financial / sentiment,Not selected
BMT,2013 Q1,UMCSENTx,0,0,2013 Q1,2013-01-01,2013,1,32,Financial / sentiment,Not selected
BMT,2013 Q1,TERM_SPREAD,0,0,2013 Q1,2013-01-01,2013,1,32,Financial / sentiment,Not selected
BMT,2013 Q1,CREDIT_SPREAD,0,0,2013 Q1,2013-01-01,2013,1,32,Financial / sentiment,Not selected
BMT,2013 Q2,RPI,0,0,2013 Q2,2013-04-01,2013,2,33,Real activity / consumption,Not selected
BMT,2013 Q2,DPCERA3M086SBEA,0,0,2013 Q2,2013-04-01,2013,2,33,Real activity / consumption,Not selected
BMT,2013 Q2,INDPRO,1,1,2013 Q2,2013-04-01,2013,2,33,Real activity / consumption,Real activity / consumption
BMT,2013 Q2,CMRMTSPLx,0,0,2013 Q2,2013-04-01,2013,2,33,Real activity / consumption,Not selected
BMT,2013 Q2,RETAILx,0,0,2013 Q2,2013-04-01,2013,2,33,Real activity / consumption,Not selected
BMT,2013 Q2,UNRATE,0,0,2013 Q2,2013-04-01,2013,2,33,Labor market,Not selected
BMT,2013 Q2,CLAIMSx,0,0,2013 Q2,2013-04-01,2013,2,33,Labor market,Not selected
BMT,2013 Q2,PAYEMS,0,0,2013 Q2,2013-04-01,2013,2,33,Labor market,Not selected
BMT,2013 Q2,AWHMAN,0,0,2013 Q2,2013-04-01,2013,2,33,Labor market,Not selected
BMT,2013 Q2,HOUST,0,0,2013 Q2,2013-04-01,2013,2,33,Housing,Not selected
BMT,2013 Q2,PERMIT,0,0,2013 Q2,2013-04-01,2013,2,33,Housing,Not selected
BMT,2013 Q2,M1SL,0,0,2013 Q2,2013-04-01,2013,2,33,Money and credit,Not selected
BMT,2013 Q2,M2SL,0,0,2013 Q2,2013-04-01,2013,2,33,Money and credit,Not selected
BMT,2013 Q2,BOGMBASE,0,0,2013 Q2,2013-04-01,2013,2,33,Money and credit,Not selected
BMT,2013 Q2,BUSLOANS,0,0,2013 Q2,2013-04-01,2013,2,33,Money and credit,Not selected
BMT,2013 Q2,NONREVSL,0,0,2013 Q2,2013-04-01,2013,2,33,Money and credit,Not selected
BMT,2013 Q2,CPIAUCSL,0,0,2013 Q2,2013-04-01,2013,2,33,Prices and commodities,Not selected
BMT,2013 Q2,PPICMM,0,0,2013 Q2,2013-04-01,2013,2,33,Prices and commodities,Not selected
BMT,2013 Q2,PCEPI,0,0,2013 Q2,2013-04-01,2013,2,33,Prices and commodities,Not selected
BMT,2013 Q2,OILPRICEx,0,0,2013 Q2,2013-04-01,2013,2,33,Prices and commodities,Not selected
BMT,2013 Q2,FEDFUNDS,0,0,2013 Q2,2013-04-01,2013,2,33,Financial / sentiment,Not selected
BMT,2013 Q2,TB3MS,0,0,2013 Q2,2013-04-01,2013,2,33,Financial / sentiment,Not selected
BMT,2013 Q2,GS10,0,0,2013 Q2,2013-04-01,2013,2,33,Financial / sentiment,Not selected
BMT,2013 Q2,AAA,0,0,2013 Q2,2013-04-01,2013,2,33,Financial / sentiment,Not selected
BMT,2013 Q2,BAA,0,0,2013 Q2,2013-04-01,2013,2,33,Financial / sentiment,Not selected
BMT,2013 Q2,S&P 500,0,0,2013 Q2,2013-04-01,2013,2,33,Financial / sentiment,Not selected
BMT,2013 Q2,VIXCLSx,0,0,2013 Q2,2013-04-01,2013,2,33,Financial / sentiment,Not selected
BMT,2013 Q2,UMCSENTx,0,0,2013 Q2,2013-04-01,2013,2,33,Financial / sentiment,Not selected
BMT,2013 Q2,TERM_SPREAD,0,0,2013 Q2,2013-04-01,2013,2,33,Financial / sentiment,Not selected
BMT,2013 Q2,CREDIT_SPREAD,0,0,2013 Q2,2013-04-01,2013,2,33,Financial / sentiment,Not selected
BMT,2013 Q3,RPI,0,0,2013 Q3,2013-07-01,2013,3,34,Real activity / consumption,Not selected
BMT,2013 Q3,DPCERA3M086SBEA,0,0,2013 Q3,2013-07-01,2013,3,34,Real activity / consumption,Not selected
BMT,2013 Q3,INDPRO,1,1,2013 Q3,2013-07-01,2013,3,34,Real activity / consumption,Real activity / consumption
BMT,2013 Q3,CMRMTSPLx,0,0,2013 Q3,2013-07-01,2013,3,34,Real activity / consumption,Not selected
BMT,2013 Q3,RETAILx,0,0,2013 Q3,2013-07-01,2013,3,34,Real activity / consumption,Not selected
BMT,2013 Q3,UNRATE,0,0,2013 Q3,2013-07-01,2013,3,34,Labor market,Not selected
BMT,2013 Q3,CLAIMSx,0,0,2013 Q3,2013-07-01,2013,3,34,Labor market,Not selected
BMT,2013 Q3,PAYEMS,0,0,2013 Q3,2013-07-01,2013,3,34,Labor market,Not selected
BMT,2013 Q3,AWHMAN,0,0,2013 Q3,2013-07-01,2013,3,34,Labor market,Not selected
BMT,2013 Q3,HOUST,0,0,2013 Q3,2013-07-01,2013,3,34,Housing,Not selected
BMT,2013 Q3,PERMIT,0,0,2013 Q3,2013-07-01,2013,3,34,Housing,Not selected
BMT,2013 Q3,M1SL,0,0,2013 Q3,2013-07-01,2013,3,34,Money and credit,Not selected
BMT,2013 Q3,M2SL,0,0,2013 Q3,2013-07-01,2013,3,34,Money and credit,Not selected
BMT,2013 Q3,BOGMBASE,0,0,2013 Q3,2013-07-01,2013,3,34,Money and credit,Not selected
BMT,2013 Q3,BUSLOANS,0,0,2013 Q3,2013-07-01,2013,3,34,Money and credit,Not selected
BMT,2013 Q3,NONREVSL,0,0,2013 Q3,2013-07-01,2013,3,34,Money and credit,Not selected
BMT,2013 Q3,CPIAUCSL,0,0,2013 Q3,2013-07-01,2013,3,34,Prices and commodities,Not selected
BMT,2013 Q3,PPICMM,0,0,2013 Q3,2013-07-01,2013,3,34,Prices and commodities,Not selected
BMT,2013 Q3,PCEPI,0,0,2013 Q3,2013-07-01,2013,3,34,Prices and commodities,Not selected
BMT,2013 Q3,OILPRICEx,0,0,2013 Q3,2013-07-01,2013,3,34,Prices and commodities,Not selected
BMT,2013 Q3,FEDFUNDS,0,0,2013 Q3,2013-07-01,2013,3,34,Financial / sentiment,Not selected
BMT,2013 Q3,TB3MS,0,0,2013 Q3,2013-07-01,2013,3,34,Financial / sentiment,Not selected
BMT,2013 Q3,GS10,0,0,2013 Q3,2013-07-01,2013,3,34,Financial / sentiment,Not selected
BMT,2013 Q3,AAA,0,0,2013 Q3,2013-07-01,2013,3,34,Financial / sentiment,Not selected
BMT,2013 Q3,BAA,0,0,2013 Q3,2013-07-01,2013,3,34,Financial / sentiment,Not selected
BMT,2013 Q3,S&P 500,0,0,2013 Q3,2013-07-01,2013,3,34,Financial / sentiment,Not selected
BMT,2013 Q3,VIXCLSx,0,0,2013 Q3,2013-07-01,2013,3,34,Financial / sentiment,Not selected
BMT,2013 Q3,UMCSENTx,0,0,2013 Q3,2013-07-01,2013,3,34,Financial / sentiment,Not selected
BMT,2013 Q3,TERM_SPREAD,0,0,2013 Q3,2013-07-01,2013,3,34,Financial / sentiment,Not selected
BMT,2013 Q3,CREDIT_SPREAD,0,0,2013 Q3,2013-07-01,2013,3,34,Financial / sentiment,Not selected
BMT,2013 Q4,RPI,0,0,2013 Q4,2013-10-01,2013,4,35,Real activity / consumption,Not selected
BMT,2013 Q4,DPCERA3M086SBEA,0,0,2013 Q4,2013-10-01,2013,4,35,Real activity / consumption,Not selected
BMT,2013 Q4,INDPRO,1,1,2013 Q4,2013-10-01,2013,4,35,Real activity / consumption,Real activity / consumption
BMT,2013 Q4,CMRMTSPLx,0,0,2013 Q4,2013-10-01,2013,4,35,Real activity / consumption,Not selected
BMT,2013 Q4,RETAILx,0,0,2013 Q4,2013-10-01,2013,4,35,Real activity / consumption,Not selected
BMT,2013 Q4,UNRATE,0,0,2013 Q4,2013-10-01,2013,4,35,Labor market,Not selected
BMT,2013 Q4,CLAIMSx,0,0,2013 Q4,2013-10-01,2013,4,35,Labor market,Not selected
BMT,2013 Q4,PAYEMS,0,0,2013 Q4,2013-10-01,2013,4,35,Labor market,Not selected
BMT,2013 Q4,AWHMAN,0,0,2013 Q4,2013-10-01,2013,4,35,Labor market,Not selected
BMT,2013 Q4,HOUST,0,0,2013 Q4,2013-10-01,2013,4,35,Housing,Not selected
BMT,2013 Q4,PERMIT,0,0,2013 Q4,2013-10-01,2013,4,35,Housing,Not selected
BMT,2013 Q4,M1SL,0,0,2013 Q4,2013-10-01,2013,4,35,Money and credit,Not selected
BMT,2013 Q4,M2SL,0,0,2013 Q4,2013-10-01,2013,4,35,Money and credit,Not selected
BMT,2013 Q4,BOGMBASE,0,0,2013 Q4,2013-10-01,2013,4,35,Money and credit,Not selected
BMT,2013 Q4,BUSLOANS,0,0,2013 Q4,2013-10-01,2013,4,35,Money and credit,Not selected
BMT,2013 Q4,NONREVSL,0,0,2013 Q4,2013-10-01,2013,4,35,Money and credit,Not selected
BMT,2013 Q4,CPIAUCSL,0,0,2013 Q4,2013-10-01,2013,4,35,Prices and commodities,Not selected
BMT,2013 Q4,PPICMM,0,0,2013 Q4,2013-10-01,2013,4,35,Prices and commodities,Not selected
BMT,2013 Q4,PCEPI,0,0,2013 Q4,2013-10-01,2013,4,35,Prices and commodities,Not selected
BMT,2013 Q4,OILPRICEx,0,0,2013 Q4,2013-10-01,2013,4,35,Prices and commodities,Not selected
BMT,2013 Q4,FEDFUNDS,0,0,2013 Q4,2013-10-01,2013,4,35,Financial / sentiment,Not selected
BMT,2013 Q4,TB3MS,0,0,2013 Q4,2013-10-01,2013,4,35,Financial / sentiment,Not selected
BMT,2013 Q4,GS10,0,0,2013 Q4,2013-10-01,2013,4,35,Financial / sentiment,Not selected
BMT,2013 Q4,AAA,0,0,2013 Q4,2013-10-01,2013,4,35,Financial / sentiment,Not selected
BMT,2013 Q4,BAA,0,0,2013 Q4,2013-10-01,2013,4,35,Financial / sentiment,Not selected
BMT,2013 Q4,S&P 500,0,0,2013 Q4,2013-10-01,2013,4,35,Financial / sentiment,Not selected
BMT,2013 Q4,VIXCLSx,0,0,2013 Q4,2013-10-01,2013,4,35,Financial / sentiment,Not selected
BMT,2013 Q4,UMCSENTx,0,0,2013 Q4,2013-10-01,2013,4,35,Financial / sentiment,Not selected
BMT,2013 Q4,TERM_SPREAD,0,0,2013 Q4,2013-10-01,2013,4,35,Financial / sentiment,Not selected
BMT,2013 Q4,CREDIT_SPREAD,0,0,2013 Q4,2013-10-01,2013,4,35,Financial / sentiment,Not selected
BMT,2014 Q1,RPI,0,0,2014 Q1,2014-01-01,2014,1,36,Real activity / consumption,Not selected
BMT,2014 Q1,DPCERA3M086SBEA,0,0,2014 Q1,2014-01-01,2014,1,36,Real activity / consumption,Not selected
BMT,2014 Q1,INDPRO,1,1,2014 Q1,2014-01-01,2014,1,36,Real activity / consumption,Real activity / consumption
BMT,2014 Q1,CMRMTSPLx,0,0,2014 Q1,2014-01-01,2014,1,36,Real activity / consumption,Not selected
BMT,2014 Q1,RETAILx,0,0,2014 Q1,2014-01-01,2014,1,36,Real activity / consumption,Not selected
BMT,2014 Q1,UNRATE,0,0,2014 Q1,2014-01-01,2014,1,36,Labor market,Not selected
BMT,2014 Q1,CLAIMSx,0,0,2014 Q1,2014-01-01,2014,1,36,Labor market,Not selected
BMT,2014 Q1,PAYEMS,0,0,2014 Q1,2014-01-01,2014,1,36,Labor market,Not selected
BMT,2014 Q1,AWHMAN,0,0,2014 Q1,2014-01-01,2014,1,36,Labor market,Not selected
BMT,2014 Q1,HOUST,0,0,2014 Q1,2014-01-01,2014,1,36,Housing,Not selected
BMT,2014 Q1,PERMIT,0,0,2014 Q1,2014-01-01,2014,1,36,Housing,Not selected
BMT,2014 Q1,M1SL,0,0,2014 Q1,2014-01-01,2014,1,36,Money and credit,Not selected
BMT,2014 Q1,M2SL,0,0,2014 Q1,2014-01-01,2014,1,36,Money and credit,Not selected
BMT,2014 Q1,BOGMBASE,0,0,2014 Q1,2014-01-01,2014,1,36,Money and credit,Not selected
BMT,2014 Q1,BUSLOANS,0,0,2014 Q1,2014-01-01,2014,1,36,Money and credit,Not selected
BMT,2014 Q1,NONREVSL,0,0,2014 Q1,2014-01-01,2014,1,36,Money and credit,Not selected
BMT,2014 Q1,CPIAUCSL,0,0,2014 Q1,2014-01-01,2014,1,36,Prices and commodities,Not selected
BMT,2014 Q1,PPICMM,0,0,2014 Q1,2014-01-01,2014,1,36,Prices and commodities,Not selected
BMT,2014 Q1,PCEPI,0,0,2014 Q1,2014-01-01,2014,1,36,Prices and commodities,Not selected
BMT,2014 Q1,OILPRICEx,0,0,2014 Q1,2014-01-01,2014,1,36,Prices and commodities,Not selected
BMT,2014 Q1,FEDFUNDS,0,0,2014 Q1,2014-01-01,2014,1,36,Financial / sentiment,Not selected
BMT,2014 Q1,TB3MS,0,0,2014 Q1,2014-01-01,2014,1,36,Financial / sentiment,Not selected
BMT,2014 Q1,GS10,0,0,2014 Q1,2014-01-01,2014,1,36,Financial / sentiment,Not selected
BMT,2014 Q1,AAA,0,0,2014 Q1,2014-01-01,2014,1,36,Financial / sentiment,Not selected
BMT,2014 Q1,BAA,0,0,2014 Q1,2014-01-01,2014,1,36,Financial / sentiment,Not selected
BMT,2014 Q1,S&P 500,0,0,2014 Q1,2014-01-01,2014,1,36,Financial / sentiment,Not selected
BMT,2014 Q1,VIXCLSx,0,0,2014 Q1,2014-01-01,2014,1,36,Financial / sentiment,Not selected
BMT,2014 Q1,UMCSENTx,0,0,2014 Q1,2014-01-01,2014,1,36,Financial / sentiment,Not selected
BMT,2014 Q1,TERM_SPREAD,0,0,2014 Q1,2014-01-01,2014,1,36,Financial / sentiment,Not selected
BMT,2014 Q1,CREDIT_SPREAD,0,0,2014 Q1,2014-01-01,2014,1,36,Financial / sentiment,Not selected
BMT,2014 Q2,RPI,0,0,2014 Q2,2014-04-01,2014,2,37,Real activity / consumption,Not selected
BMT,2014 Q2,DPCERA3M086SBEA,0,0,2014 Q2,2014-04-01,2014,2,37,Real activity / consumption,Not selected
BMT,2014 Q2,INDPRO,1,1,2014 Q2,2014-04-01,2014,2,37,Real activity / consumption,Real activity / consumption
BMT,2014 Q2,CMRMTSPLx,0,0,2014 Q2,2014-04-01,2014,2,37,Real activity / consumption,Not selected
BMT,2014 Q2,RETAILx,0,0,2014 Q2,2014-04-01,2014,2,37,Real activity / consumption,Not selected
BMT,2014 Q2,UNRATE,0,0,2014 Q2,2014-04-01,2014,2,37,Labor market,Not selected
BMT,2014 Q2,CLAIMSx,0,0,2014 Q2,2014-04-01,2014,2,37,Labor market,Not selected
BMT,2014 Q2,PAYEMS,0,0,2014 Q2,2014-04-01,2014,2,37,Labor market,Not selected
BMT,2014 Q2,AWHMAN,0,0,2014 Q2,2014-04-01,2014,2,37,Labor market,Not selected
BMT,2014 Q2,HOUST,0,0,2014 Q2,2014-04-01,2014,2,37,Housing,Not selected
BMT,2014 Q2,PERMIT,0,0,2014 Q2,2014-04-01,2014,2,37,Housing,Not selected
BMT,2014 Q2,M1SL,0,0,2014 Q2,2014-04-01,2014,2,37,Money and credit,Not selected
BMT,2014 Q2,M2SL,0,0,2014 Q2,2014-04-01,2014,2,37,Money and credit,Not selected
BMT,2014 Q2,BOGMBASE,0,0,2014 Q2,2014-04-01,2014,2,37,Money and credit,Not selected
BMT,2014 Q2,BUSLOANS,0,0,2014 Q2,2014-04-01,2014,2,37,Money and credit,Not selected
BMT,2014 Q2,NONREVSL,0,0,2014 Q2,2014-04-01,2014,2,37,Money and credit,Not selected
BMT,2014 Q2,CPIAUCSL,0,0,2014 Q2,2014-04-01,2014,2,37,Prices and commodities,Not selected
BMT,2014 Q2,PPICMM,0,0,2014 Q2,2014-04-01,2014,2,37,Prices and commodities,Not selected
BMT,2014 Q2,PCEPI,0,0,2014 Q2,2014-04-01,2014,2,37,Prices and commodities,Not selected
BMT,2014 Q2,OILPRICEx,0,0,2014 Q2,2014-04-01,2014,2,37,Prices and commodities,Not selected
BMT,2014 Q2,FEDFUNDS,0,0,2014 Q2,2014-04-01,2014,2,37,Financial / sentiment,Not selected
BMT,2014 Q2,TB3MS,0,0,2014 Q2,2014-04-01,2014,2,37,Financial / sentiment,Not selected
BMT,2014 Q2,GS10,0,0,2014 Q2,2014-04-01,2014,2,37,Financial / sentiment,Not selected
BMT,2014 Q2,AAA,0,0,2014 Q2,2014-04-01,2014,2,37,Financial / sentiment,Not selected
BMT,2014 Q2,BAA,0,0,2014 Q2,2014-04-01,2014,2,37,Financial / sentiment,Not selected
BMT,2014 Q2,S&P 500,0,0,2014 Q2,2014-04-01,2014,2,37,Financial / sentiment,Not selected
BMT,2014 Q2,VIXCLSx,0,0,2014 Q2,2014-04-01,2014,2,37,Financial / sentiment,Not selected
BMT,2014 Q2,UMCSENTx,0,0,2014 Q2,2014-04-01,2014,2,37,Financial / sentiment,Not selected
BMT,2014 Q2,TERM_SPREAD,0,0,2014 Q2,2014-04-01,2014,2,37,Financial / sentiment,Not selected
BMT,2014 Q2,CREDIT_SPREAD,0,0,2014 Q2,2014-04-01,2014,2,37,Financial / sentiment,Not selected
BMT,2014 Q3,RPI,0,0,2014 Q3,2014-07-01,2014,3,38,Real activity / consumption,Not selected
BMT,2014 Q3,DPCERA3M086SBEA,0,0,2014 Q3,2014-07-01,2014,3,38,Real activity / consumption,Not selected
BMT,2014 Q3,INDPRO,1,1,2014 Q3,2014-07-01,2014,3,38,Real activity / consumption,Real activity / consumption
BMT,2014 Q3,CMRMTSPLx,0,0,2014 Q3,2014-07-01,2014,3,38,Real activity / consumption,Not selected
BMT,2014 Q3,RETAILx,0,0,2014 Q3,2014-07-01,2014,3,38,Real activity / consumption,Not selected
BMT,2014 Q3,UNRATE,0,0,2014 Q3,2014-07-01,2014,3,38,Labor market,Not selected
BMT,2014 Q3,CLAIMSx,0,0,2014 Q3,2014-07-01,2014,3,38,Labor market,Not selected
BMT,2014 Q3,PAYEMS,0,0,2014 Q3,2014-07-01,2014,3,38,Labor market,Not selected
BMT,2014 Q3,AWHMAN,0,0,2014 Q3,2014-07-01,2014,3,38,Labor market,Not selected
BMT,2014 Q3,HOUST,0,0,2014 Q3,2014-07-01,2014,3,38,Housing,Not selected
BMT,2014 Q3,PERMIT,0,0,2014 Q3,2014-07-01,2014,3,38,Housing,Not selected
BMT,2014 Q3,M1SL,0,0,2014 Q3,2014-07-01,2014,3,38,Money and credit,Not selected
BMT,2014 Q3,M2SL,0,0,2014 Q3,2014-07-01,2014,3,38,Money and credit,Not selected
BMT,2014 Q3,BOGMBASE,0,0,2014 Q3,2014-07-01,2014,3,38,Money and credit,Not selected
BMT,2014 Q3,BUSLOANS,0,0,2014 Q3,2014-07-01,2014,3,38,Money and credit,Not selected
BMT,2014 Q3,NONREVSL,0,0,2014 Q3,2014-07-01,2014,3,38,Money and credit,Not selected
BMT,2014 Q3,CPIAUCSL,0,0,2014 Q3,2014-07-01,2014,3,38,Prices and commodities,Not selected
BMT,2014 Q3,PPICMM,0,0,2014 Q3,2014-07-01,2014,3,38,Prices and commodities,Not selected
BMT,2014 Q3,PCEPI,0,0,2014 Q3,2014-07-01,2014,3,38,Prices and commodities,Not selected
BMT,2014 Q3,OILPRICEx,0,0,2014 Q3,2014-07-01,2014,3,38,Prices and commodities,Not selected
BMT,2014 Q3,FEDFUNDS,0,0,2014 Q3,2014-07-01,2014,3,38,Financial / sentiment,Not selected
BMT,2014 Q3,TB3MS,0,0,2014 Q3,2014-07-01,2014,3,38,Financial / sentiment,Not selected
BMT,2014 Q3,GS10,0,0,2014 Q3,2014-07-01,2014,3,38,Financial / sentiment,Not selected
BMT,2014 Q3,AAA,0,0,2014 Q3,2014-07-01,2014,3,38,Financial / sentiment,Not selected
BMT,2014 Q3,BAA,0,0,2014 Q3,2014-07-01,2014,3,38,Financial / sentiment,Not selected
BMT,2014 Q3,S&P 500,0,0,2014 Q3,2014-07-01,2014,3,38,Financial / sentiment,Not selected
BMT,2014 Q3,VIXCLSx,0,0,2014 Q3,2014-07-01,2014,3,38,Financial / sentiment,Not selected
BMT,2014 Q3,UMCSENTx,0,0,2014 Q3,2014-07-01,2014,3,38,Financial / sentiment,Not selected
BMT,2014 Q3,TERM_SPREAD,0,0,2014 Q3,2014-07-01,2014,3,38,Financial / sentiment,Not selected
BMT,2014 Q3,CREDIT_SPREAD,0,0,2014 Q3,2014-07-01,2014,3,38,Financial / sentiment,Not selected
BMT,2014 Q4,RPI,0,0,2014 Q4,2014-10-01,2014,4,39,Real activity / consumption,Not selected
BMT,2014 Q4,DPCERA3M086SBEA,0,0,2014 Q4,2014-10-01,2014,4,39,Real activity / consumption,Not selected
BMT,2014 Q4,INDPRO,1,1,2014 Q4,2014-10-01,2014,4,39,Real activity / consumption,Real activity / consumption
BMT,2014 Q4,CMRMTSPLx,0,0,2014 Q4,2014-10-01,2014,4,39,Real activity / consumption,Not selected
BMT,2014 Q4,RETAILx,0,0,2014 Q4,2014-10-01,2014,4,39,Real activity / consumption,Not selected
BMT,2014 Q4,UNRATE,0,0,2014 Q4,2014-10-01,2014,4,39,Labor market,Not selected
BMT,2014 Q4,CLAIMSx,0,0,2014 Q4,2014-10-01,2014,4,39,Labor market,Not selected
BMT,2014 Q4,PAYEMS,0,0,2014 Q4,2014-10-01,2014,4,39,Labor market,Not selected
BMT,2014 Q4,AWHMAN,0,0,2014 Q4,2014-10-01,2014,4,39,Labor market,Not selected
BMT,2014 Q4,HOUST,0,0,2014 Q4,2014-10-01,2014,4,39,Housing,Not selected
BMT,2014 Q4,PERMIT,0,0,2014 Q4,2014-10-01,2014,4,39,Housing,Not selected
BMT,2014 Q4,M1SL,0,0,2014 Q4,2014-10-01,2014,4,39,Money and credit,Not selected
BMT,2014 Q4,M2SL,0,0,2014 Q4,2014-10-01,2014,4,39,Money and credit,Not selected
BMT,2014 Q4,BOGMBASE,0,0,2014 Q4,2014-10-01,2014,4,39,Money and credit,Not selected
BMT,2014 Q4,BUSLOANS,0,0,2014 Q4,2014-10-01,2014,4,39,Money and credit,Not selected
BMT,2014 Q4,NONREVSL,0,0,2014 Q4,2014-10-01,2014,4,39,Money and credit,Not selected
BMT,2014 Q4,CPIAUCSL,0,0,2014 Q4,2014-10-01,2014,4,39,Prices and commodities,Not selected
BMT,2014 Q4,PPICMM,0,0,2014 Q4,2014-10-01,2014,4,39,Prices and commodities,Not selected
BMT,2014 Q4,PCEPI,0,0,2014 Q4,2014-10-01,2014,4,39,Prices and commodities,Not selected
BMT,2014 Q4,OILPRICEx,0,0,2014 Q4,2014-10-01,2014,4,39,Prices and commodities,Not selected
BMT,2014 Q4,FEDFUNDS,0,0,2014 Q4,2014-10-01,2014,4,39,Financial / sentiment,Not selected
BMT,2014 Q4,TB3MS,0,0,2014 Q4,2014-10-01,2014,4,39,Financial / sentiment,Not selected
BMT,2014 Q4,GS10,0,0,2014 Q4,2014-10-01,2014,4,39,Financial / sentiment,Not selected
BMT,2014 Q4,AAA,0,0,2014 Q4,2014-10-01,2014,4,39,Financial / sentiment,Not selected
BMT,2014 Q4,BAA,0,0,2014 Q4,2014-10-01,2014,4,39,Financial / sentiment,Not selected
BMT,2014 Q4,S&P 500,0,0,2014 Q4,2014-10-01,2014,4,39,Financial / sentiment,Not selected
BMT,2014 Q4,VIXCLSx,0,0,2014 Q4,2014-10-01,2014,4,39,Financial / sentiment,Not selected
BMT,2014 Q4,UMCSENTx,0,0,2014 Q4,2014-10-01,2014,4,39,Financial / sentiment,Not selected
BMT,2014 Q4,TERM_SPREAD,0,0,2014 Q4,2014-10-01,2014,4,39,Financial / sentiment,Not selected
BMT,2014 Q4,CREDIT_SPREAD,0,0,2014 Q4,2014-10-01,2014,4,39,Financial / sentiment,Not selected
BMT,2015 Q1,RPI,0,0,2015 Q1,2015-01-01,2015,1,40,Real activity / consumption,Not selected
BMT,2015 Q1,DPCERA3M086SBEA,0,0,2015 Q1,2015-01-01,2015,1,40,Real activity / consumption,Not selected
BMT,2015 Q1,INDPRO,1,1,2015 Q1,2015-01-01,2015,1,40,Real activity / consumption,Real activity / consumption
BMT,2015 Q1,CMRMTSPLx,0,0,2015 Q1,2015-01-01,2015,1,40,Real activity / consumption,Not selected
BMT,2015 Q1,RETAILx,0,0,2015 Q1,2015-01-01,2015,1,40,Real activity / consumption,Not selected
BMT,2015 Q1,UNRATE,0,0,2015 Q1,2015-01-01,2015,1,40,Labor market,Not selected
BMT,2015 Q1,CLAIMSx,0,0,2015 Q1,2015-01-01,2015,1,40,Labor market,Not selected
BMT,2015 Q1,PAYEMS,0,0,2015 Q1,2015-01-01,2015,1,40,Labor market,Not selected
BMT,2015 Q1,AWHMAN,0,0,2015 Q1,2015-01-01,2015,1,40,Labor market,Not selected
BMT,2015 Q1,HOUST,0,0,2015 Q1,2015-01-01,2015,1,40,Housing,Not selected
BMT,2015 Q1,PERMIT,0,0,2015 Q1,2015-01-01,2015,1,40,Housing,Not selected
BMT,2015 Q1,M1SL,0,0,2015 Q1,2015-01-01,2015,1,40,Money and credit,Not selected
BMT,2015 Q1,M2SL,0,0,2015 Q1,2015-01-01,2015,1,40,Money and credit,Not selected
BMT,2015 Q1,BOGMBASE,0,0,2015 Q1,2015-01-01,2015,1,40,Money and credit,Not selected
BMT,2015 Q1,BUSLOANS,0,0,2015 Q1,2015-01-01,2015,1,40,Money and credit,Not selected
BMT,2015 Q1,NONREVSL,0,0,2015 Q1,2015-01-01,2015,1,40,Money and credit,Not selected
BMT,2015 Q1,CPIAUCSL,0,0,2015 Q1,2015-01-01,2015,1,40,Prices and commodities,Not selected
BMT,2015 Q1,PPICMM,0,0,2015 Q1,2015-01-01,2015,1,40,Prices and commodities,Not selected
BMT,2015 Q1,PCEPI,0,0,2015 Q1,2015-01-01,2015,1,40,Prices and commodities,Not selected
BMT,2015 Q1,OILPRICEx,0,0,2015 Q1,2015-01-01,2015,1,40,Prices and commodities,Not selected
BMT,2015 Q1,FEDFUNDS,0,0,2015 Q1,2015-01-01,2015,1,40,Financial / sentiment,Not selected
BMT,2015 Q1,TB3MS,0,0,2015 Q1,2015-01-01,2015,1,40,Financial / sentiment,Not selected
BMT,2015 Q1,GS10,0,0,2015 Q1,2015-01-01,2015,1,40,Financial / sentiment,Not selected
BMT,2015 Q1,AAA,0,0,2015 Q1,2015-01-01,2015,1,40,Financial / sentiment,Not selected
BMT,2015 Q1,BAA,0,0,2015 Q1,2015-01-01,2015,1,40,Financial / sentiment,Not selected
BMT,2015 Q1,S&P 500,0,0,2015 Q1,2015-01-01,2015,1,40,Financial / sentiment,Not selected
BMT,2015 Q1,VIXCLSx,0,0,2015 Q1,2015-01-01,2015,1,40,Financial / sentiment,Not selected
BMT,2015 Q1,UMCSENTx,0,0,2015 Q1,2015-01-01,2015,1,40,Financial / sentiment,Not selected
BMT,2015 Q1,TERM_SPREAD,0,0,2015 Q1,2015-01-01,2015,1,40,Financial / sentiment,Not selected
BMT,2015 Q1,CREDIT_SPREAD,0,0,2015 Q1,2015-01-01,2015,1,40,Financial / sentiment,Not selected
BMT,2015 Q2,RPI,0,0,2015 Q2,2015-04-01,2015,2,41,Real activity / consumption,Not selected
BMT,2015 Q2,DPCERA3M086SBEA,0,0,2015 Q2,2015-04-01,2015,2,41,Real activity / consumption,Not selected
BMT,2015 Q2,INDPRO,1,1,2015 Q2,2015-04-01,2015,2,41,Real activity / consumption,Real activity / consumption
BMT,2015 Q2,CMRMTSPLx,0,0,2015 Q2,2015-04-01,2015,2,41,Real activity / consumption,Not selected
BMT,2015 Q2,RETAILx,0,0,2015 Q2,2015-04-01,2015,2,41,Real activity / consumption,Not selected
BMT,2015 Q2,UNRATE,0,0,2015 Q2,2015-04-01,2015,2,41,Labor market,Not selected
BMT,2015 Q2,CLAIMSx,0,0,2015 Q2,2015-04-01,2015,2,41,Labor market,Not selected
BMT,2015 Q2,PAYEMS,0,0,2015 Q2,2015-04-01,2015,2,41,Labor market,Not selected
BMT,2015 Q2,AWHMAN,0,0,2015 Q2,2015-04-01,2015,2,41,Labor market,Not selected
BMT,2015 Q2,HOUST,0,0,2015 Q2,2015-04-01,2015,2,41,Housing,Not selected
BMT,2015 Q2,PERMIT,0,0,2015 Q2,2015-04-01,2015,2,41,Housing,Not selected
BMT,2015 Q2,M1SL,0,0,2015 Q2,2015-04-01,2015,2,41,Money and credit,Not selected
BMT,2015 Q2,M2SL,0,0,2015 Q2,2015-04-01,2015,2,41,Money and credit,Not selected
BMT,2015 Q2,BOGMBASE,0,0,2015 Q2,2015-04-01,2015,2,41,Money and credit,Not selected
BMT,2015 Q2,BUSLOANS,0,0,2015 Q2,2015-04-01,2015,2,41,Money and credit,Not selected
BMT,2015 Q2,NONREVSL,0,0,2015 Q2,2015-04-01,2015,2,41,Money and credit,Not selected
BMT,2015 Q2,CPIAUCSL,0,0,2015 Q2,2015-04-01,2015,2,41,Prices and commodities,Not selected
BMT,2015 Q2,PPICMM,0,0,2015 Q2,2015-04-01,2015,2,41,Prices and commodities,Not selected
BMT,2015 Q2,PCEPI,0,0,2015 Q2,2015-04-01,2015,2,41,Prices and commodities,Not selected
BMT,2015 Q2,OILPRICEx,0,0,2015 Q2,2015-04-01,2015,2,41,Prices and commodities,Not selected
BMT,2015 Q2,FEDFUNDS,0,0,2015 Q2,2015-04-01,2015,2,41,Financial / sentiment,Not selected
BMT,2015 Q2,TB3MS,0,0,2015 Q2,2015-04-01,2015,2,41,Financial / sentiment,Not selected
BMT,2015 Q2,GS10,0,0,2015 Q2,2015-04-01,2015,2,41,Financial / sentiment,Not selected
BMT,2015 Q2,AAA,0,0,2015 Q2,2015-04-01,2015,2,41,Financial / sentiment,Not selected
BMT,2015 Q2,BAA,0,0,2015 Q2,2015-04-01,2015,2,41,Financial / sentiment,Not selected
BMT,2015 Q2,S&P 500,0,0,2015 Q2,2015-04-01,2015,2,41,Financial / sentiment,Not selected
BMT,2015 Q2,VIXCLSx,0,0,2015 Q2,2015-04-01,2015,2,41,Financial / sentiment,Not selected
BMT,2015 Q2,UMCSENTx,0,0,2015 Q2,2015-04-01,2015,2,41,Financial / sentiment,Not selected
BMT,2015 Q2,TERM_SPREAD,0,0,2015 Q2,2015-04-01,2015,2,41,Financial / sentiment,Not selected
BMT,2015 Q2,CREDIT_SPREAD,0,0,2015 Q2,2015-04-01,2015,2,41,Financial / sentiment,Not selected
BMT,2015 Q3,RPI,0,0,2015 Q3,2015-07-01,2015,3,42,Real activity / consumption,Not selected
BMT,2015 Q3,DPCERA3M086SBEA,0,0,2015 Q3,2015-07-01,2015,3,42,Real activity / consumption,Not selected
BMT,2015 Q3,INDPRO,1,1,2015 Q3,2015-07-01,2015,3,42,Real activity / consumption,Real activity / consumption
BMT,2015 Q3,CMRMTSPLx,0,0,2015 Q3,2015-07-01,2015,3,42,Real activity / consumption,Not selected
BMT,2015 Q3,RETAILx,0,0,2015 Q3,2015-07-01,2015,3,42,Real activity / consumption,Not selected
BMT,2015 Q3,UNRATE,0,0,2015 Q3,2015-07-01,2015,3,42,Labor market,Not selected
BMT,2015 Q3,CLAIMSx,0,0,2015 Q3,2015-07-01,2015,3,42,Labor market,Not selected
BMT,2015 Q3,PAYEMS,0,0,2015 Q3,2015-07-01,2015,3,42,Labor market,Not selected
BMT,2015 Q3,AWHMAN,0,0,2015 Q3,2015-07-01,2015,3,42,Labor market,Not selected
BMT,2015 Q3,HOUST,0,0,2015 Q3,2015-07-01,2015,3,42,Housing,Not selected
BMT,2015 Q3,PERMIT,0,0,2015 Q3,2015-07-01,2015,3,42,Housing,Not selected
BMT,2015 Q3,M1SL,0,0,2015 Q3,2015-07-01,2015,3,42,Money and credit,Not selected
BMT,2015 Q3,M2SL,0,0,2015 Q3,2015-07-01,2015,3,42,Money and credit,Not selected
BMT,2015 Q3,BOGMBASE,0,0,2015 Q3,2015-07-01,2015,3,42,Money and credit,Not selected
BMT,2015 Q3,BUSLOANS,0,0,2015 Q3,2015-07-01,2015,3,42,Money and credit,Not selected
BMT,2015 Q3,NONREVSL,0,0,2015 Q3,2015-07-01,2015,3,42,Money and credit,Not selected
BMT,2015 Q3,CPIAUCSL,0,0,2015 Q3,2015-07-01,2015,3,42,Prices and commodities,Not selected
BMT,2015 Q3,PPICMM,0,0,2015 Q3,2015-07-01,2015,3,42,Prices and commodities,Not selected
BMT,2015 Q3,PCEPI,0,0,2015 Q3,2015-07-01,2015,3,42,Prices and commodities,Not selected
BMT,2015 Q3,OILPRICEx,0,0,2015 Q3,2015-07-01,2015,3,42,Prices and commodities,Not selected
BMT,2015 Q3,FEDFUNDS,0,0,2015 Q3,2015-07-01,2015,3,42,Financial / sentiment,Not selected
BMT,2015 Q3,TB3MS,0,0,2015 Q3,2015-07-01,2015,3,42,Financial / sentiment,Not selected
BMT,2015 Q3,GS10,0,0,2015 Q3,2015-07-01,2015,3,42,Financial / sentiment,Not selected
BMT,2015 Q3,AAA,0,0,2015 Q3,2015-07-01,2015,3,42,Financial / sentiment,Not selected
BMT,2015 Q3,BAA,0,0,2015 Q3,2015-07-01,2015,3,42,Financial / sentiment,Not selected
BMT,2015 Q3,S&P 500,0,0,2015 Q3,2015-07-01,2015,3,42,Financial / sentiment,Not selected
BMT,2015 Q3,VIXCLSx,0,0,2015 Q3,2015-07-01,2015,3,42,Financial / sentiment,Not selected
BMT,2015 Q3,UMCSENTx,0,0,2015 Q3,2015-07-01,2015,3,42,Financial / sentiment,Not selected
BMT,2015 Q3,TERM_SPREAD,0,0,2015 Q3,2015-07-01,2015,3,42,Financial / sentiment,Not selected
BMT,2015 Q3,CREDIT_SPREAD,0,0,2015 Q3,2015-07-01,2015,3,42,Financial / sentiment,Not selected
BMT,2015 Q4,RPI,0,0,2015 Q4,2015-10-01,2015,4,43,Real activity / consumption,Not selected
BMT,2015 Q4,DPCERA3M086SBEA,0,0,2015 Q4,2015-10-01,2015,4,43,Real activity / consumption,Not selected
BMT,2015 Q4,INDPRO,1,1,2015 Q4,2015-10-01,2015,4,43,Real activity / consumption,Real activity / consumption
BMT,2015 Q4,CMRMTSPLx,0,0,2015 Q4,2015-10-01,2015,4,43,Real activity / consumption,Not selected
BMT,2015 Q4,RETAILx,0,0,2015 Q4,2015-10-01,2015,4,43,Real activity / consumption,Not selected
BMT,2015 Q4,UNRATE,0,0,2015 Q4,2015-10-01,2015,4,43,Labor market,Not selected
BMT,2015 Q4,CLAIMSx,0,0,2015 Q4,2015-10-01,2015,4,43,Labor market,Not selected
BMT,2015 Q4,PAYEMS,0,0,2015 Q4,2015-10-01,2015,4,43,Labor market,Not selected
BMT,2015 Q4,AWHMAN,0,0,2015 Q4,2015-10-01,2015,4,43,Labor market,Not selected
BMT,2015 Q4,HOUST,0,0,2015 Q4,2015-10-01,2015,4,43,Housing,Not selected
BMT,2015 Q4,PERMIT,0,0,2015 Q4,2015-10-01,2015,4,43,Housing,Not selected
BMT,2015 Q4,M1SL,0,0,2015 Q4,2015-10-01,2015,4,43,Money and credit,Not selected
BMT,2015 Q4,M2SL,0,0,2015 Q4,2015-10-01,2015,4,43,Money and credit,Not selected
BMT,2015 Q4,BOGMBASE,0,0,2015 Q4,2015-10-01,2015,4,43,Money and credit,Not selected
BMT,2015 Q4,BUSLOANS,0,0,2015 Q4,2015-10-01,2015,4,43,Money and credit,Not selected
BMT,2015 Q4,NONREVSL,0,0,2015 Q4,2015-10-01,2015,4,43,Money and credit,Not selected
BMT,2015 Q4,CPIAUCSL,0,0,2015 Q4,2015-10-01,2015,4,43,Prices and commodities,Not selected
BMT,2015 Q4,PPICMM,0,0,2015 Q4,2015-10-01,2015,4,43,Prices and commodities,Not selected
BMT,2015 Q4,PCEPI,0,0,2015 Q4,2015-10-01,2015,4,43,Prices and commodities,Not selected
BMT,2015 Q4,OILPRICEx,0,0,2015 Q4,2015-10-01,2015,4,43,Prices and commodities,Not selected
BMT,2015 Q4,FEDFUNDS,0,0,2015 Q4,2015-10-01,2015,4,43,Financial / sentiment,Not selected
BMT,2015 Q4,TB3MS,0,0,2015 Q4,2015-10-01,2015,4,43,Financial / sentiment,Not selected
BMT,2015 Q4,GS10,0,0,2015 Q4,2015-10-01,2015,4,43,Financial / sentiment,Not selected
BMT,2015 Q4,AAA,0,0,2015 Q4,2015-10-01,2015,4,43,Financial / sentiment,Not selected
BMT,2015 Q4,BAA,0,0,2015 Q4,2015-10-01,2015,4,43,Financial / sentiment,Not selected
BMT,2015 Q4,S&P 500,0,0,2015 Q4,2015-10-01,2015,4,43,Financial / sentiment,Not selected
BMT,2015 Q4,VIXCLSx,0,0,2015 Q4,2015-10-01,2015,4,43,Financial / sentiment,Not selected
BMT,2015 Q4,UMCSENTx,0,0,2015 Q4,2015-10-01,2015,4,43,Financial / sentiment,Not selected
BMT,2015 Q4,TERM_SPREAD,0,0,2015 Q4,2015-10-01,2015,4,43,Financial / sentiment,Not selected
BMT,2015 Q4,CREDIT_SPREAD,0,0,2015 Q4,2015-10-01,2015,4,43,Financial / sentiment,Not selected
BMT,2016 Q1,RPI,0,0,2016 Q1,2016-01-01,2016,1,44,Real activity / consumption,Not selected
BMT,2016 Q1,DPCERA3M086SBEA,0,0,2016 Q1,2016-01-01,2016,1,44,Real activity / consumption,Not selected
BMT,2016 Q1,INDPRO,1,1,2016 Q1,2016-01-01,2016,1,44,Real activity / consumption,Real activity / consumption
BMT,2016 Q1,CMRMTSPLx,0,0,2016 Q1,2016-01-01,2016,1,44,Real activity / consumption,Not selected
BMT,2016 Q1,RETAILx,0,0,2016 Q1,2016-01-01,2016,1,44,Real activity / consumption,Not selected
BMT,2016 Q1,UNRATE,0,0,2016 Q1,2016-01-01,2016,1,44,Labor market,Not selected
BMT,2016 Q1,CLAIMSx,0,0,2016 Q1,2016-01-01,2016,1,44,Labor market,Not selected
BMT,2016 Q1,PAYEMS,0,0,2016 Q1,2016-01-01,2016,1,44,Labor market,Not selected
BMT,2016 Q1,AWHMAN,0,0,2016 Q1,2016-01-01,2016,1,44,Labor market,Not selected
BMT,2016 Q1,HOUST,0,0,2016 Q1,2016-01-01,2016,1,44,Housing,Not selected
BMT,2016 Q1,PERMIT,0,0,2016 Q1,2016-01-01,2016,1,44,Housing,Not selected
BMT,2016 Q1,M1SL,0,0,2016 Q1,2016-01-01,2016,1,44,Money and credit,Not selected
BMT,2016 Q1,M2SL,1,1,2016 Q1,2016-01-01,2016,1,44,Money and credit,Money and credit
BMT,2016 Q1,BOGMBASE,0,0,2016 Q1,2016-01-01,2016,1,44,Money and credit,Not selected
BMT,2016 Q1,BUSLOANS,0,0,2016 Q1,2016-01-01,2016,1,44,Money and credit,Not selected
BMT,2016 Q1,NONREVSL,0,0,2016 Q1,2016-01-01,2016,1,44,Money and credit,Not selected
BMT,2016 Q1,CPIAUCSL,0,0,2016 Q1,2016-01-01,2016,1,44,Prices and commodities,Not selected
BMT,2016 Q1,PPICMM,0,0,2016 Q1,2016-01-01,2016,1,44,Prices and commodities,Not selected
BMT,2016 Q1,PCEPI,0,0,2016 Q1,2016-01-01,2016,1,44,Prices and commodities,Not selected
BMT,2016 Q1,OILPRICEx,0,0,2016 Q1,2016-01-01,2016,1,44,Prices and commodities,Not selected
BMT,2016 Q1,FEDFUNDS,0,0,2016 Q1,2016-01-01,2016,1,44,Financial / sentiment,Not selected
BMT,2016 Q1,TB3MS,0,0,2016 Q1,2016-01-01,2016,1,44,Financial / sentiment,Not selected
BMT,2016 Q1,GS10,0,0,2016 Q1,2016-01-01,2016,1,44,Financial / sentiment,Not selected
BMT,2016 Q1,AAA,0,0,2016 Q1,2016-01-01,2016,1,44,Financial / sentiment,Not selected
BMT,2016 Q1,BAA,0,0,2016 Q1,2016-01-01,2016,1,44,Financial / sentiment,Not selected
BMT,2016 Q1,S&P 500,0,0,2016 Q1,2016-01-01,2016,1,44,Financial / sentiment,Not selected
BMT,2016 Q1,VIXCLSx,0,0,2016 Q1,2016-01-01,2016,1,44,Financial / sentiment,Not selected
BMT,2016 Q1,UMCSENTx,0,0,2016 Q1,2016-01-01,2016,1,44,Financial / sentiment,Not selected
BMT,2016 Q1,TERM_SPREAD,0,0,2016 Q1,2016-01-01,2016,1,44,Financial / sentiment,Not selected
BMT,2016 Q1,CREDIT_SPREAD,0,0,2016 Q1,2016-01-01,2016,1,44,Financial / sentiment,Not selected
BMT,2016 Q2,RPI,0,0,2016 Q2,2016-04-01,2016,2,45,Real activity / consumption,Not selected
BMT,2016 Q2,DPCERA3M086SBEA,0,0,2016 Q2,2016-04-01,2016,2,45,Real activity / consumption,Not selected
BMT,2016 Q2,INDPRO,1,1,2016 Q2,2016-04-01,2016,2,45,Real activity / consumption,Real activity / consumption
BMT,2016 Q2,CMRMTSPLx,0,0,2016 Q2,2016-04-01,2016,2,45,Real activity / consumption,Not selected
BMT,2016 Q2,RETAILx,0,0,2016 Q2,2016-04-01,2016,2,45,Real activity / consumption,Not selected
BMT,2016 Q2,UNRATE,0,0,2016 Q2,2016-04-01,2016,2,45,Labor market,Not selected
BMT,2016 Q2,CLAIMSx,0,0,2016 Q2,2016-04-01,2016,2,45,Labor market,Not selected
BMT,2016 Q2,PAYEMS,0,0,2016 Q2,2016-04-01,2016,2,45,Labor market,Not selected
BMT,2016 Q2,AWHMAN,0,0,2016 Q2,2016-04-01,2016,2,45,Labor market,Not selected
BMT,2016 Q2,HOUST,0,0,2016 Q2,2016-04-01,2016,2,45,Housing,Not selected
BMT,2016 Q2,PERMIT,0,0,2016 Q2,2016-04-01,2016,2,45,Housing,Not selected
BMT,2016 Q2,M1SL,0,0,2016 Q2,2016-04-01,2016,2,45,Money and credit,Not selected
BMT,2016 Q2,M2SL,1,1,2016 Q2,2016-04-01,2016,2,45,Money and credit,Money and credit
BMT,2016 Q2,BOGMBASE,0,0,2016 Q2,2016-04-01,2016,2,45,Money and credit,Not selected
BMT,2016 Q2,BUSLOANS,0,0,2016 Q2,2016-04-01,2016,2,45,Money and credit,Not selected
BMT,2016 Q2,NONREVSL,0,0,2016 Q2,2016-04-01,2016,2,45,Money and credit,Not selected
BMT,2016 Q2,CPIAUCSL,0,0,2016 Q2,2016-04-01,2016,2,45,Prices and commodities,Not selected
BMT,2016 Q2,PPICMM,0,0,2016 Q2,2016-04-01,2016,2,45,Prices and commodities,Not selected
BMT,2016 Q2,PCEPI,0,0,2016 Q2,2016-04-01,2016,2,45,Prices and commodities,Not selected
BMT,2016 Q2,OILPRICEx,0,0,2016 Q2,2016-04-01,2016,2,45,Prices and commodities,Not selected
BMT,2016 Q2,FEDFUNDS,0,0,2016 Q2,2016-04-01,2016,2,45,Financial / sentiment,Not selected
BMT,2016 Q2,TB3MS,0,0,2016 Q2,2016-04-01,2016,2,45,Financial / sentiment,Not selected
BMT,2016 Q2,GS10,0,0,2016 Q2,2016-04-01,2016,2,45,Financial / sentiment,Not selected
BMT,2016 Q2,AAA,0,0,2016 Q2,2016-04-01,2016,2,45,Financial / sentiment,Not selected
BMT,2016 Q2,BAA,0,0,2016 Q2,2016-04-01,2016,2,45,Financial / sentiment,Not selected
BMT,2016 Q2,S&P 500,0,0,2016 Q2,2016-04-01,2016,2,45,Financial / sentiment,Not selected
BMT,2016 Q2,VIXCLSx,0,0,2016 Q2,2016-04-01,2016,2,45,Financial / sentiment,Not selected
BMT,2016 Q2,UMCSENTx,0,0,2016 Q2,2016-04-01,2016,2,45,Financial / sentiment,Not selected
BMT,2016 Q2,TERM_SPREAD,0,0,2016 Q2,2016-04-01,2016,2,45,Financial / sentiment,Not selected
BMT,2016 Q2,CREDIT_SPREAD,0,0,2016 Q2,2016-04-01,2016,2,45,Financial / sentiment,Not selected
BMT,2016 Q3,RPI,0,0,2016 Q3,2016-07-01,2016,3,46,Real activity / consumption,Not selected
BMT,2016 Q3,DPCERA3M086SBEA,0,0,2016 Q3,2016-07-01,2016,3,46,Real activity / consumption,Not selected
BMT,2016 Q3,INDPRO,1,1,2016 Q3,2016-07-01,2016,3,46,Real activity / consumption,Real activity / consumption
BMT,2016 Q3,CMRMTSPLx,0,0,2016 Q3,2016-07-01,2016,3,46,Real activity / consumption,Not selected
BMT,2016 Q3,RETAILx,0,0,2016 Q3,2016-07-01,2016,3,46,Real activity / consumption,Not selected
BMT,2016 Q3,UNRATE,0,0,2016 Q3,2016-07-01,2016,3,46,Labor market,Not selected
BMT,2016 Q3,CLAIMSx,0,0,2016 Q3,2016-07-01,2016,3,46,Labor market,Not selected
BMT,2016 Q3,PAYEMS,0,0,2016 Q3,2016-07-01,2016,3,46,Labor market,Not selected
BMT,2016 Q3,AWHMAN,0,0,2016 Q3,2016-07-01,2016,3,46,Labor market,Not selected
BMT,2016 Q3,HOUST,0,0,2016 Q3,2016-07-01,2016,3,46,Housing,Not selected
BMT,2016 Q3,PERMIT,0,0,2016 Q3,2016-07-01,2016,3,46,Housing,Not selected
BMT,2016 Q3,M1SL,0,0,2016 Q3,2016-07-01,2016,3,46,Money and credit,Not selected
BMT,2016 Q3,M2SL,1,1,2016 Q3,2016-07-01,2016,3,46,Money and credit,Money and credit
BMT,2016 Q3,BOGMBASE,0,0,2016 Q3,2016-07-01,2016,3,46,Money and credit,Not selected
BMT,2016 Q3,BUSLOANS,0,0,2016 Q3,2016-07-01,2016,3,46,Money and credit,Not selected
BMT,2016 Q3,NONREVSL,0,0,2016 Q3,2016-07-01,2016,3,46,Money and credit,Not selected
BMT,2016 Q3,CPIAUCSL,0,0,2016 Q3,2016-07-01,2016,3,46,Prices and commodities,Not selected
BMT,2016 Q3,PPICMM,0,0,2016 Q3,2016-07-01,2016,3,46,Prices and commodities,Not selected
BMT,2016 Q3,PCEPI,0,0,2016 Q3,2016-07-01,2016,3,46,Prices and commodities,Not selected
BMT,2016 Q3,OILPRICEx,0,0,2016 Q3,2016-07-01,2016,3,46,Prices and commodities,Not selected
BMT,2016 Q3,FEDFUNDS,0,0,2016 Q3,2016-07-01,2016,3,46,Financial / sentiment,Not selected
BMT,2016 Q3,TB3MS,0,0,2016 Q3,2016-07-01,2016,3,46,Financial / sentiment,Not selected
BMT,2016 Q3,GS10,0,0,2016 Q3,2016-07-01,2016,3,46,Financial / sentiment,Not selected
BMT,2016 Q3,AAA,0,0,2016 Q3,2016-07-01,2016,3,46,Financial / sentiment,Not selected
BMT,2016 Q3,BAA,0,0,2016 Q3,2016-07-01,2016,3,46,Financial / sentiment,Not selected
BMT,2016 Q3,S&P 500,0,0,2016 Q3,2016-07-01,2016,3,46,Financial / sentiment,Not selected
BMT,2016 Q3,VIXCLSx,0,0,2016 Q3,2016-07-01,2016,3,46,Financial / sentiment,Not selected
BMT,2016 Q3,UMCSENTx,0,0,2016 Q3,2016-07-01,2016,3,46,Financial / sentiment,Not selected
BMT,2016 Q3,TERM_SPREAD,0,0,2016 Q3,2016-07-01,2016,3,46,Financial / sentiment,Not selected
BMT,2016 Q3,CREDIT_SPREAD,0,0,2016 Q3,2016-07-01,2016,3,46,Financial / sentiment,Not selected
BMT,2016 Q4,RPI,0,0,2016 Q4,2016-10-01,2016,4,47,Real activity / consumption,Not selected
BMT,2016 Q4,DPCERA3M086SBEA,0,0,2016 Q4,2016-10-01,2016,4,47,Real activity / consumption,Not selected
BMT,2016 Q4,INDPRO,1,1,2016 Q4,2016-10-01,2016,4,47,Real activity / consumption,Real activity / consumption
BMT,2016 Q4,CMRMTSPLx,0,0,2016 Q4,2016-10-01,2016,4,47,Real activity / consumption,Not selected
BMT,2016 Q4,RETAILx,0,0,2016 Q4,2016-10-01,2016,4,47,Real activity / consumption,Not selected
BMT,2016 Q4,UNRATE,0,0,2016 Q4,2016-10-01,2016,4,47,Labor market,Not selected
BMT,2016 Q4,CLAIMSx,0,0,2016 Q4,2016-10-01,2016,4,47,Labor market,Not selected
BMT,2016 Q4,PAYEMS,0,0,2016 Q4,2016-10-01,2016,4,47,Labor market,Not selected
BMT,2016 Q4,AWHMAN,0,0,2016 Q4,2016-10-01,2016,4,47,Labor market,Not selected
BMT,2016 Q4,HOUST,0,0,2016 Q4,2016-10-01,2016,4,47,Housing,Not selected
BMT,2016 Q4,PERMIT,0,0,2016 Q4,2016-10-01,2016,4,47,Housing,Not selected
BMT,2016 Q4,M1SL,0,0,2016 Q4,2016-10-01,2016,4,47,Money and credit,Not selected
BMT,2016 Q4,M2SL,1,1,2016 Q4,2016-10-01,2016,4,47,Money and credit,Money and credit
BMT,2016 Q4,BOGMBASE,0,0,2016 Q4,2016-10-01,2016,4,47,Money and credit,Not selected
BMT,2016 Q4,BUSLOANS,0,0,2016 Q4,2016-10-01,2016,4,47,Money and credit,Not selected
BMT,2016 Q4,NONREVSL,0,0,2016 Q4,2016-10-01,2016,4,47,Money and credit,Not selected
BMT,2016 Q4,CPIAUCSL,0,0,2016 Q4,2016-10-01,2016,4,47,Prices and commodities,Not selected
BMT,2016 Q4,PPICMM,0,0,2016 Q4,2016-10-01,2016,4,47,Prices and commodities,Not selected
BMT,2016 Q4,PCEPI,0,0,2016 Q4,2016-10-01,2016,4,47,Prices and commodities,Not selected
BMT,2016 Q4,OILPRICEx,0,0,2016 Q4,2016-10-01,2016,4,47,Prices and commodities,Not selected
BMT,2016 Q4,FEDFUNDS,0,0,2016 Q4,2016-10-01,2016,4,47,Financial / sentiment,Not selected
BMT,2016 Q4,TB3MS,0,0,2016 Q4,2016-10-01,2016,4,47,Financial / sentiment,Not selected
BMT,2016 Q4,GS10,0,0,2016 Q4,2016-10-01,2016,4,47,Financial / sentiment,Not selected
BMT,2016 Q4,AAA,0,0,2016 Q4,2016-10-01,2016,4,47,Financial / sentiment,Not selected
BMT,2016 Q4,BAA,0,0,2016 Q4,2016-10-01,2016,4,47,Financial / sentiment,Not selected
BMT,2016 Q4,S&P 500,0,0,2016 Q4,2016-10-01,2016,4,47,Financial / sentiment,Not selected
BMT,2016 Q4,VIXCLSx,0,0,2016 Q4,2016-10-01,2016,4,47,Financial / sentiment,Not selected
BMT,2016 Q4,UMCSENTx,0,0,2016 Q4,2016-10-01,2016,4,47,Financial / sentiment,Not selected
BMT,2016 Q4,TERM_SPREAD,0,0,2016 Q4,2016-10-01,2016,4,47,Financial / sentiment,Not selected
BMT,2016 Q4,CREDIT_SPREAD,0,0,2016 Q4,2016-10-01,2016,4,47,Financial / sentiment,Not selected
BMT,2017 Q1,RPI,0,0,2017 Q1,2017-01-01,2017,1,48,Real activity / consumption,Not selected
BMT,2017 Q1,DPCERA3M086SBEA,0,0,2017 Q1,2017-01-01,2017,1,48,Real activity / consumption,Not selected
BMT,2017 Q1,INDPRO,1,1,2017 Q1,2017-01-01,2017,1,48,Real activity / consumption,Real activity / consumption
BMT,2017 Q1,CMRMTSPLx,0,0,2017 Q1,2017-01-01,2017,1,48,Real activity / consumption,Not selected
BMT,2017 Q1,RETAILx,0,0,2017 Q1,2017-01-01,2017,1,48,Real activity / consumption,Not selected
BMT,2017 Q1,UNRATE,0,0,2017 Q1,2017-01-01,2017,1,48,Labor market,Not selected
BMT,2017 Q1,CLAIMSx,0,0,2017 Q1,2017-01-01,2017,1,48,Labor market,Not selected
BMT,2017 Q1,PAYEMS,0,0,2017 Q1,2017-01-01,2017,1,48,Labor market,Not selected
BMT,2017 Q1,AWHMAN,0,0,2017 Q1,2017-01-01,2017,1,48,Labor market,Not selected
BMT,2017 Q1,HOUST,0,0,2017 Q1,2017-01-01,2017,1,48,Housing,Not selected
BMT,2017 Q1,PERMIT,0,0,2017 Q1,2017-01-01,2017,1,48,Housing,Not selected
BMT,2017 Q1,M1SL,0,0,2017 Q1,2017-01-01,2017,1,48,Money and credit,Not selected
BMT,2017 Q1,M2SL,1,1,2017 Q1,2017-01-01,2017,1,48,Money and credit,Money and credit
BMT,2017 Q1,BOGMBASE,0,0,2017 Q1,2017-01-01,2017,1,48,Money and credit,Not selected
BMT,2017 Q1,BUSLOANS,0,0,2017 Q1,2017-01-01,2017,1,48,Money and credit,Not selected
BMT,2017 Q1,NONREVSL,0,0,2017 Q1,2017-01-01,2017,1,48,Money and credit,Not selected
BMT,2017 Q1,CPIAUCSL,0,0,2017 Q1,2017-01-01,2017,1,48,Prices and commodities,Not selected
BMT,2017 Q1,PPICMM,0,0,2017 Q1,2017-01-01,2017,1,48,Prices and commodities,Not selected
BMT,2017 Q1,PCEPI,0,0,2017 Q1,2017-01-01,2017,1,48,Prices and commodities,Not selected
BMT,2017 Q1,OILPRICEx,0,0,2017 Q1,2017-01-01,2017,1,48,Prices and commodities,Not selected
BMT,2017 Q1,FEDFUNDS,0,0,2017 Q1,2017-01-01,2017,1,48,Financial / sentiment,Not selected
BMT,2017 Q1,TB3MS,0,0,2017 Q1,2017-01-01,2017,1,48,Financial / sentiment,Not selected
BMT,2017 Q1,GS10,0,0,2017 Q1,2017-01-01,2017,1,48,Financial / sentiment,Not selected
BMT,2017 Q1,AAA,0,0,2017 Q1,2017-01-01,2017,1,48,Financial / sentiment,Not selected
BMT,2017 Q1,BAA,0,0,2017 Q1,2017-01-01,2017,1,48,Financial / sentiment,Not selected
BMT,2017 Q1,S&P 500,0,0,2017 Q1,2017-01-01,2017,1,48,Financial / sentiment,Not selected
BMT,2017 Q1,VIXCLSx,0,0,2017 Q1,2017-01-01,2017,1,48,Financial / sentiment,Not selected
BMT,2017 Q1,UMCSENTx,0,0,2017 Q1,2017-01-01,2017,1,48,Financial / sentiment,Not selected
BMT,2017 Q1,TERM_SPREAD,0,0,2017 Q1,2017-01-01,2017,1,48,Financial / sentiment,Not selected
BMT,2017 Q1,CREDIT_SPREAD,0,0,2017 Q1,2017-01-01,2017,1,48,Financial / sentiment,Not selected
BMT,2017 Q2,RPI,0,0,2017 Q2,2017-04-01,2017,2,49,Real activity / consumption,Not selected
BMT,2017 Q2,DPCERA3M086SBEA,0,0,2017 Q2,2017-04-01,2017,2,49,Real activity / consumption,Not selected
BMT,2017 Q2,INDPRO,1,1,2017 Q2,2017-04-01,2017,2,49,Real activity / consumption,Real activity / consumption
BMT,2017 Q2,CMRMTSPLx,0,0,2017 Q2,2017-04-01,2017,2,49,Real activity / consumption,Not selected
BMT,2017 Q2,RETAILx,0,0,2017 Q2,2017-04-01,2017,2,49,Real activity / consumption,Not selected
BMT,2017 Q2,UNRATE,0,0,2017 Q2,2017-04-01,2017,2,49,Labor market,Not selected
BMT,2017 Q2,CLAIMSx,0,0,2017 Q2,2017-04-01,2017,2,49,Labor market,Not selected
BMT,2017 Q2,PAYEMS,0,0,2017 Q2,2017-04-01,2017,2,49,Labor market,Not selected
BMT,2017 Q2,AWHMAN,0,0,2017 Q2,2017-04-01,2017,2,49,Labor market,Not selected
BMT,2017 Q2,HOUST,0,0,2017 Q2,2017-04-01,2017,2,49,Housing,Not selected
BMT,2017 Q2,PERMIT,0,0,2017 Q2,2017-04-01,2017,2,49,Housing,Not selected
BMT,2017 Q2,M1SL,0,0,2017 Q2,2017-04-01,2017,2,49,Money and credit,Not selected
BMT,2017 Q2,M2SL,1,1,2017 Q2,2017-04-01,2017,2,49,Money and credit,Money and credit
BMT,2017 Q2,BOGMBASE,0,0,2017 Q2,2017-04-01,2017,2,49,Money and credit,Not selected
BMT,2017 Q2,BUSLOANS,0,0,2017 Q2,2017-04-01,2017,2,49,Money and credit,Not selected
BMT,2017 Q2,NONREVSL,0,0,2017 Q2,2017-04-01,2017,2,49,Money and credit,Not selected
BMT,2017 Q2,CPIAUCSL,0,0,2017 Q2,2017-04-01,2017,2,49,Prices and commodities,Not selected
BMT,2017 Q2,PPICMM,0,0,2017 Q2,2017-04-01,2017,2,49,Prices and commodities,Not selected
BMT,2017 Q2,PCEPI,0,0,2017 Q2,2017-04-01,2017,2,49,Prices and commodities,Not selected
BMT,2017 Q2,OILPRICEx,0,0,2017 Q2,2017-04-01,2017,2,49,Prices and commodities,Not selected
BMT,2017 Q2,FEDFUNDS,0,0,2017 Q2,2017-04-01,2017,2,49,Financial / sentiment,Not selected
BMT,2017 Q2,TB3MS,0,0,2017 Q2,2017-04-01,2017,2,49,Financial / sentiment,Not selected
BMT,2017 Q2,GS10,0,0,2017 Q2,2017-04-01,2017,2,49,Financial / sentiment,Not selected
BMT,2017 Q2,AAA,0,0,2017 Q2,2017-04-01,2017,2,49,Financial / sentiment,Not selected
BMT,2017 Q2,BAA,0,0,2017 Q2,2017-04-01,2017,2,49,Financial / sentiment,Not selected
BMT,2017 Q2,S&P 500,0,0,2017 Q2,2017-04-01,2017,2,49,Financial / sentiment,Not selected
BMT,2017 Q2,VIXCLSx,0,0,2017 Q2,2017-04-01,2017,2,49,Financial / sentiment,Not selected
BMT,2017 Q2,UMCSENTx,0,0,2017 Q2,2017-04-01,2017,2,49,Financial / sentiment,Not selected
BMT,2017 Q2,TERM_SPREAD,0,0,2017 Q2,2017-04-01,2017,2,49,Financial / sentiment,Not selected
BMT,2017 Q2,CREDIT_SPREAD,0,0,2017 Q2,2017-04-01,2017,2,49,Financial / sentiment,Not selected
BMT,2017 Q3,RPI,0,0,2017 Q3,2017-07-01,2017,3,50,Real activity / consumption,Not selected
BMT,2017 Q3,DPCERA3M086SBEA,0,0,2017 Q3,2017-07-01,2017,3,50,Real activity / consumption,Not selected
BMT,2017 Q3,INDPRO,1,1,2017 Q3,2017-07-01,2017,3,50,Real activity / consumption,Real activity / consumption
BMT,2017 Q3,CMRMTSPLx,0,0,2017 Q3,2017-07-01,2017,3,50,Real activity / consumption,Not selected
BMT,2017 Q3,RETAILx,0,0,2017 Q3,2017-07-01,2017,3,50,Real activity / consumption,Not selected
BMT,2017 Q3,UNRATE,0,0,2017 Q3,2017-07-01,2017,3,50,Labor market,Not selected
BMT,2017 Q3,CLAIMSx,0,0,2017 Q3,2017-07-01,2017,3,50,Labor market,Not selected
BMT,2017 Q3,PAYEMS,0,0,2017 Q3,2017-07-01,2017,3,50,Labor market,Not selected
BMT,2017 Q3,AWHMAN,0,0,2017 Q3,2017-07-01,2017,3,50,Labor market,Not selected
BMT,2017 Q3,HOUST,0,0,2017 Q3,2017-07-01,2017,3,50,Housing,Not selected
BMT,2017 Q3,PERMIT,0,0,2017 Q3,2017-07-01,2017,3,50,Housing,Not selected
BMT,2017 Q3,M1SL,0,0,2017 Q3,2017-07-01,2017,3,50,Money and credit,Not selected
BMT,2017 Q3,M2SL,1,1,2017 Q3,2017-07-01,2017,3,50,Money and credit,Money and credit
BMT,2017 Q3,BOGMBASE,0,0,2017 Q3,2017-07-01,2017,3,50,Money and credit,Not selected
BMT,2017 Q3,BUSLOANS,0,0,2017 Q3,2017-07-01,2017,3,50,Money and credit,Not selected
BMT,2017 Q3,NONREVSL,0,0,2017 Q3,2017-07-01,2017,3,50,Money and credit,Not selected
BMT,2017 Q3,CPIAUCSL,0,0,2017 Q3,2017-07-01,2017,3,50,Prices and commodities,Not selected
BMT,2017 Q3,PPICMM,0,0,2017 Q3,2017-07-01,2017,3,50,Prices and commodities,Not selected
BMT,2017 Q3,PCEPI,0,0,2017 Q3,2017-07-01,2017,3,50,Prices and commodities,Not selected
BMT,2017 Q3,OILPRICEx,0,0,2017 Q3,2017-07-01,2017,3,50,Prices and commodities,Not selected
BMT,2017 Q3,FEDFUNDS,0,0,2017 Q3,2017-07-01,2017,3,50,Financial / sentiment,Not selected
BMT,2017 Q3,TB3MS,0,0,2017 Q3,2017-07-01,2017,3,50,Financial / sentiment,Not selected
BMT,2017 Q3,GS10,0,0,2017 Q3,2017-07-01,2017,3,50,Financial / sentiment,Not selected
BMT,2017 Q3,AAA,0,0,2017 Q3,2017-07-01,2017,3,50,Financial / sentiment,Not selected
BMT,2017 Q3,BAA,0,0,2017 Q3,2017-07-01,2017,3,50,Financial / sentiment,Not selected
BMT,2017 Q3,S&P 500,0,0,2017 Q3,2017-07-01,2017,3,50,Financial / sentiment,Not selected
BMT,2017 Q3,VIXCLSx,0,0,2017 Q3,2017-07-01,2017,3,50,Financial / sentiment,Not selected
BMT,2017 Q3,UMCSENTx,0,0,2017 Q3,2017-07-01,2017,3,50,Financial / sentiment,Not selected
BMT,2017 Q3,TERM_SPREAD,0,0,2017 Q3,2017-07-01,2017,3,50,Financial / sentiment,Not selected
BMT,2017 Q3,CREDIT_SPREAD,0,0,2017 Q3,2017-07-01,2017,3,50,Financial / sentiment,Not selected
BMT,2017 Q4,RPI,0,0,2017 Q4,2017-10-01,2017,4,51,Real activity / consumption,Not selected
BMT,2017 Q4,DPCERA3M086SBEA,0,0,2017 Q4,2017-10-01,2017,4,51,Real activity / consumption,Not selected
BMT,2017 Q4,INDPRO,1,1,2017 Q4,2017-10-01,2017,4,51,Real activity / consumption,Real activity / consumption
BMT,2017 Q4,CMRMTSPLx,0,0,2017 Q4,2017-10-01,2017,4,51,Real activity / consumption,Not selected
BMT,2017 Q4,RETAILx,0,0,2017 Q4,2017-10-01,2017,4,51,Real activity / consumption,Not selected
BMT,2017 Q4,UNRATE,0,0,2017 Q4,2017-10-01,2017,4,51,Labor market,Not selected
BMT,2017 Q4,CLAIMSx,0,0,2017 Q4,2017-10-01,2017,4,51,Labor market,Not selected
BMT,2017 Q4,PAYEMS,0,0,2017 Q4,2017-10-01,2017,4,51,Labor market,Not selected
BMT,2017 Q4,AWHMAN,0,0,2017 Q4,2017-10-01,2017,4,51,Labor market,Not selected
BMT,2017 Q4,HOUST,0,0,2017 Q4,2017-10-01,2017,4,51,Housing,Not selected
BMT,2017 Q4,PERMIT,0,0,2017 Q4,2017-10-01,2017,4,51,Housing,Not selected
BMT,2017 Q4,M1SL,0,0,2017 Q4,2017-10-01,2017,4,51,Money and credit,Not selected
BMT,2017 Q4,M2SL,1,1,2017 Q4,2017-10-01,2017,4,51,Money and credit,Money and credit
BMT,2017 Q4,BOGMBASE,0,0,2017 Q4,2017-10-01,2017,4,51,Money and credit,Not selected
BMT,2017 Q4,BUSLOANS,0,0,2017 Q4,2017-10-01,2017,4,51,Money and credit,Not selected
BMT,2017 Q4,NONREVSL,0,0,2017 Q4,2017-10-01,2017,4,51,Money and credit,Not selected
BMT,2017 Q4,CPIAUCSL,0,0,2017 Q4,2017-10-01,2017,4,51,Prices and commodities,Not selected
BMT,2017 Q4,PPICMM,0,0,2017 Q4,2017-10-01,2017,4,51,Prices and commodities,Not selected
BMT,2017 Q4,PCEPI,0,0,2017 Q4,2017-10-01,2017,4,51,Prices and commodities,Not selected
BMT,2017 Q4,OILPRICEx,0,0,2017 Q4,2017-10-01,2017,4,51,Prices and commodities,Not selected
BMT,2017 Q4,FEDFUNDS,0,0,2017 Q4,2017-10-01,2017,4,51,Financial / sentiment,Not selected
BMT,2017 Q4,TB3MS,0,0,2017 Q4,2017-10-01,2017,4,51,Financial / sentiment,Not selected
BMT,2017 Q4,GS10,0,0,2017 Q4,2017-10-01,2017,4,51,Financial / sentiment,Not selected
BMT,2017 Q4,AAA,0,0,2017 Q4,2017-10-01,2017,4,51,Financial / sentiment,Not selected
BMT,2017 Q4,BAA,0,0,2017 Q4,2017-10-01,2017,4,51,Financial / sentiment,Not selected
BMT,2017 Q4,S&P 500,0,0,2017 Q4,2017-10-01,2017,4,51,Financial / sentiment,Not selected
BMT,2017 Q4,VIXCLSx,0,0,2017 Q4,2017-10-01,2017,4,51,Financial / sentiment,Not selected
BMT,2017 Q4,UMCSENTx,0,0,2017 Q4,2017-10-01,2017,4,51,Financial / sentiment,Not selected
BMT,2017 Q4,TERM_SPREAD,0,0,2017 Q4,2017-10-01,2017,4,51,Financial / sentiment,Not selected
BMT,2017 Q4,CREDIT_SPREAD,0,0,2017 Q4,2017-10-01,2017,4,51,Financial / sentiment,Not selected
BMT,2018 Q1,RPI,0,0,2018 Q1,2018-01-01,2018,1,52,Real activity / consumption,Not selected
BMT,2018 Q1,DPCERA3M086SBEA,0,0,2018 Q1,2018-01-01,2018,1,52,Real activity / consumption,Not selected
BMT,2018 Q1,INDPRO,1,1,2018 Q1,2018-01-01,2018,1,52,Real activity / consumption,Real activity / consumption
BMT,2018 Q1,CMRMTSPLx,0,0,2018 Q1,2018-01-01,2018,1,52,Real activity / consumption,Not selected
BMT,2018 Q1,RETAILx,0,0,2018 Q1,2018-01-01,2018,1,52,Real activity / consumption,Not selected
BMT,2018 Q1,UNRATE,0,0,2018 Q1,2018-01-01,2018,1,52,Labor market,Not selected
BMT,2018 Q1,CLAIMSx,0,0,2018 Q1,2018-01-01,2018,1,52,Labor market,Not selected
BMT,2018 Q1,PAYEMS,0,0,2018 Q1,2018-01-01,2018,1,52,Labor market,Not selected
BMT,2018 Q1,AWHMAN,0,0,2018 Q1,2018-01-01,2018,1,52,Labor market,Not selected
BMT,2018 Q1,HOUST,0,0,2018 Q1,2018-01-01,2018,1,52,Housing,Not selected
BMT,2018 Q1,PERMIT,0,0,2018 Q1,2018-01-01,2018,1,52,Housing,Not selected
BMT,2018 Q1,M1SL,0,0,2018 Q1,2018-01-01,2018,1,52,Money and credit,Not selected
BMT,2018 Q1,M2SL,1,1,2018 Q1,2018-01-01,2018,1,52,Money and credit,Money and credit
BMT,2018 Q1,BOGMBASE,0,0,2018 Q1,2018-01-01,2018,1,52,Money and credit,Not selected
BMT,2018 Q1,BUSLOANS,0,0,2018 Q1,2018-01-01,2018,1,52,Money and credit,Not selected
BMT,2018 Q1,NONREVSL,0,0,2018 Q1,2018-01-01,2018,1,52,Money and credit,Not selected
BMT,2018 Q1,CPIAUCSL,0,0,2018 Q1,2018-01-01,2018,1,52,Prices and commodities,Not selected
BMT,2018 Q1,PPICMM,0,0,2018 Q1,2018-01-01,2018,1,52,Prices and commodities,Not selected
BMT,2018 Q1,PCEPI,0,0,2018 Q1,2018-01-01,2018,1,52,Prices and commodities,Not selected
BMT,2018 Q1,OILPRICEx,0,0,2018 Q1,2018-01-01,2018,1,52,Prices and commodities,Not selected
BMT,2018 Q1,FEDFUNDS,0,0,2018 Q1,2018-01-01,2018,1,52,Financial / sentiment,Not selected
BMT,2018 Q1,TB3MS,0,0,2018 Q1,2018-01-01,2018,1,52,Financial / sentiment,Not selected
BMT,2018 Q1,GS10,0,0,2018 Q1,2018-01-01,2018,1,52,Financial / sentiment,Not selected
BMT,2018 Q1,AAA,0,0,2018 Q1,2018-01-01,2018,1,52,Financial / sentiment,Not selected
BMT,2018 Q1,BAA,0,0,2018 Q1,2018-01-01,2018,1,52,Financial / sentiment,Not selected
BMT,2018 Q1,S&P 500,0,0,2018 Q1,2018-01-01,2018,1,52,Financial / sentiment,Not selected
BMT,2018 Q1,VIXCLSx,0,0,2018 Q1,2018-01-01,2018,1,52,Financial / sentiment,Not selected
BMT,2018 Q1,UMCSENTx,0,0,2018 Q1,2018-01-01,2018,1,52,Financial / sentiment,Not selected
BMT,2018 Q1,TERM_SPREAD,0,0,2018 Q1,2018-01-01,2018,1,52,Financial / sentiment,Not selected
BMT,2018 Q1,CREDIT_SPREAD,0,0,2018 Q1,2018-01-01,2018,1,52,Financial / sentiment,Not selected
BMT,2018 Q2,RPI,0,0,2018 Q2,2018-04-01,2018,2,53,Real activity / consumption,Not selected
BMT,2018 Q2,DPCERA3M086SBEA,0,0,2018 Q2,2018-04-01,2018,2,53,Real activity / consumption,Not selected
BMT,2018 Q2,INDPRO,1,1,2018 Q2,2018-04-01,2018,2,53,Real activity / consumption,Real activity / consumption
BMT,2018 Q2,CMRMTSPLx,0,0,2018 Q2,2018-04-01,2018,2,53,Real activity / consumption,Not selected
BMT,2018 Q2,RETAILx,0,0,2018 Q2,2018-04-01,2018,2,53,Real activity / consumption,Not selected
BMT,2018 Q2,UNRATE,0,0,2018 Q2,2018-04-01,2018,2,53,Labor market,Not selected
BMT,2018 Q2,CLAIMSx,0,0,2018 Q2,2018-04-01,2018,2,53,Labor market,Not selected
BMT,2018 Q2,PAYEMS,0,0,2018 Q2,2018-04-01,2018,2,53,Labor market,Not selected
BMT,2018 Q2,AWHMAN,0,0,2018 Q2,2018-04-01,2018,2,53,Labor market,Not selected
BMT,2018 Q2,HOUST,0,0,2018 Q2,2018-04-01,2018,2,53,Housing,Not selected
BMT,2018 Q2,PERMIT,0,0,2018 Q2,2018-04-01,2018,2,53,Housing,Not selected
BMT,2018 Q2,M1SL,0,0,2018 Q2,2018-04-01,2018,2,53,Money and credit,Not selected
BMT,2018 Q2,M2SL,1,1,2018 Q2,2018-04-01,2018,2,53,Money and credit,Money and credit
BMT,2018 Q2,BOGMBASE,0,0,2018 Q2,2018-04-01,2018,2,53,Money and credit,Not selected
BMT,2018 Q2,BUSLOANS,0,0,2018 Q2,2018-04-01,2018,2,53,Money and credit,Not selected
BMT,2018 Q2,NONREVSL,0,0,2018 Q2,2018-04-01,2018,2,53,Money and credit,Not selected
BMT,2018 Q2,CPIAUCSL,0,0,2018 Q2,2018-04-01,2018,2,53,Prices and commodities,Not selected
BMT,2018 Q2,PPICMM,0,0,2018 Q2,2018-04-01,2018,2,53,Prices and commodities,Not selected
BMT,2018 Q2,PCEPI,0,0,2018 Q2,2018-04-01,2018,2,53,Prices and commodities,Not selected
BMT,2018 Q2,OILPRICEx,0,0,2018 Q2,2018-04-01,2018,2,53,Prices and commodities,Not selected
BMT,2018 Q2,FEDFUNDS,0,0,2018 Q2,2018-04-01,2018,2,53,Financial / sentiment,Not selected
BMT,2018 Q2,TB3MS,0,0,2018 Q2,2018-04-01,2018,2,53,Financial / sentiment,Not selected
BMT,2018 Q2,GS10,0,0,2018 Q2,2018-04-01,2018,2,53,Financial / sentiment,Not selected
BMT,2018 Q2,AAA,0,0,2018 Q2,2018-04-01,2018,2,53,Financial / sentiment,Not selected
BMT,2018 Q2,BAA,0,0,2018 Q2,2018-04-01,2018,2,53,Financial / sentiment,Not selected
BMT,2018 Q2,S&P 500,0,0,2018 Q2,2018-04-01,2018,2,53,Financial / sentiment,Not selected
BMT,2018 Q2,VIXCLSx,0,0,2018 Q2,2018-04-01,2018,2,53,Financial / sentiment,Not selected
BMT,2018 Q2,UMCSENTx,0,0,2018 Q2,2018-04-01,2018,2,53,Financial / sentiment,Not selected
BMT,2018 Q2,TERM_SPREAD,0,0,2018 Q2,2018-04-01,2018,2,53,Financial / sentiment,Not selected
BMT,2018 Q2,CREDIT_SPREAD,0,0,2018 Q2,2018-04-01,2018,2,53,Financial / sentiment,Not selected
BMT,2018 Q3,RPI,0,0,2018 Q3,2018-07-01,2018,3,54,Real activity / consumption,Not selected
BMT,2018 Q3,DPCERA3M086SBEA,0,0,2018 Q3,2018-07-01,2018,3,54,Real activity / consumption,Not selected
BMT,2018 Q3,INDPRO,1,1,2018 Q3,2018-07-01,2018,3,54,Real activity / consumption,Real activity / consumption
BMT,2018 Q3,CMRMTSPLx,0,0,2018 Q3,2018-07-01,2018,3,54,Real activity / consumption,Not selected
BMT,2018 Q3,RETAILx,0,0,2018 Q3,2018-07-01,2018,3,54,Real activity / consumption,Not selected
BMT,2018 Q3,UNRATE,0,0,2018 Q3,2018-07-01,2018,3,54,Labor market,Not selected
BMT,2018 Q3,CLAIMSx,0,0,2018 Q3,2018-07-01,2018,3,54,Labor market,Not selected
BMT,2018 Q3,PAYEMS,0,0,2018 Q3,2018-07-01,2018,3,54,Labor market,Not selected
BMT,2018 Q3,AWHMAN,0,0,2018 Q3,2018-07-01,2018,3,54,Labor market,Not selected
BMT,2018 Q3,HOUST,0,0,2018 Q3,2018-07-01,2018,3,54,Housing,Not selected
BMT,2018 Q3,PERMIT,0,0,2018 Q3,2018-07-01,2018,3,54,Housing,Not selected
BMT,2018 Q3,M1SL,0,0,2018 Q3,2018-07-01,2018,3,54,Money and credit,Not selected
BMT,2018 Q3,M2SL,0,0,2018 Q3,2018-07-01,2018,3,54,Money and credit,Not selected
BMT,2018 Q3,BOGMBASE,0,0,2018 Q3,2018-07-01,2018,3,54,Money and credit,Not selected
BMT,2018 Q3,BUSLOANS,0,0,2018 Q3,2018-07-01,2018,3,54,Money and credit,Not selected
BMT,2018 Q3,NONREVSL,0,0,2018 Q3,2018-07-01,2018,3,54,Money and credit,Not selected
BMT,2018 Q3,CPIAUCSL,0,0,2018 Q3,2018-07-01,2018,3,54,Prices and commodities,Not selected
BMT,2018 Q3,PPICMM,0,0,2018 Q3,2018-07-01,2018,3,54,Prices and commodities,Not selected
BMT,2018 Q3,PCEPI,0,0,2018 Q3,2018-07-01,2018,3,54,Prices and commodities,Not selected
BMT,2018 Q3,OILPRICEx,0,0,2018 Q3,2018-07-01,2018,3,54,Prices and commodities,Not selected
BMT,2018 Q3,FEDFUNDS,0,0,2018 Q3,2018-07-01,2018,3,54,Financial / sentiment,Not selected
BMT,2018 Q3,TB3MS,0,0,2018 Q3,2018-07-01,2018,3,54,Financial / sentiment,Not selected
BMT,2018 Q3,GS10,0,0,2018 Q3,2018-07-01,2018,3,54,Financial / sentiment,Not selected
BMT,2018 Q3,AAA,0,0,2018 Q3,2018-07-01,2018,3,54,Financial / sentiment,Not selected
BMT,2018 Q3,BAA,0,0,2018 Q3,2018-07-01,2018,3,54,Financial / sentiment,Not selected
BMT,2018 Q3,S&P 500,0,0,2018 Q3,2018-07-01,2018,3,54,Financial / sentiment,Not selected
BMT,2018 Q3,VIXCLSx,0,0,2018 Q3,2018-07-01,2018,3,54,Financial / sentiment,Not selected
BMT,2018 Q3,UMCSENTx,0,0,2018 Q3,2018-07-01,2018,3,54,Financial / sentiment,Not selected
BMT,2018 Q3,TERM_SPREAD,0,0,2018 Q3,2018-07-01,2018,3,54,Financial / sentiment,Not selected
BMT,2018 Q3,CREDIT_SPREAD,0,0,2018 Q3,2018-07-01,2018,3,54,Financial / sentiment,Not selected
BMT,2018 Q4,RPI,0,0,2018 Q4,2018-10-01,2018,4,55,Real activity / consumption,Not selected
BMT,2018 Q4,DPCERA3M086SBEA,0,0,2018 Q4,2018-10-01,2018,4,55,Real activity / consumption,Not selected
BMT,2018 Q4,INDPRO,1,1,2018 Q4,2018-10-01,2018,4,55,Real activity / consumption,Real activity / consumption
BMT,2018 Q4,CMRMTSPLx,0,0,2018 Q4,2018-10-01,2018,4,55,Real activity / consumption,Not selected
BMT,2018 Q4,RETAILx,0,0,2018 Q4,2018-10-01,2018,4,55,Real activity / consumption,Not selected
BMT,2018 Q4,UNRATE,0,0,2018 Q4,2018-10-01,2018,4,55,Labor market,Not selected
BMT,2018 Q4,CLAIMSx,0,0,2018 Q4,2018-10-01,2018,4,55,Labor market,Not selected
BMT,2018 Q4,PAYEMS,0,0,2018 Q4,2018-10-01,2018,4,55,Labor market,Not selected
BMT,2018 Q4,AWHMAN,0,0,2018 Q4,2018-10-01,2018,4,55,Labor market,Not selected
BMT,2018 Q4,HOUST,0,0,2018 Q4,2018-10-01,2018,4,55,Housing,Not selected
BMT,2018 Q4,PERMIT,0,0,2018 Q4,2018-10-01,2018,4,55,Housing,Not selected
BMT,2018 Q4,M1SL,0,0,2018 Q4,2018-10-01,2018,4,55,Money and credit,Not selected
BMT,2018 Q4,M2SL,0,0,2018 Q4,2018-10-01,2018,4,55,Money and credit,Not selected
BMT,2018 Q4,BOGMBASE,0,0,2018 Q4,2018-10-01,2018,4,55,Money and credit,Not selected
BMT,2018 Q4,BUSLOANS,0,0,2018 Q4,2018-10-01,2018,4,55,Money and credit,Not selected
BMT,2018 Q4,NONREVSL,0,0,2018 Q4,2018-10-01,2018,4,55,Money and credit,Not selected
BMT,2018 Q4,CPIAUCSL,0,0,2018 Q4,2018-10-01,2018,4,55,Prices and commodities,Not selected
BMT,2018 Q4,PPICMM,0,0,2018 Q4,2018-10-01,2018,4,55,Prices and commodities,Not selected
BMT,2018 Q4,PCEPI,0,0,2018 Q4,2018-10-01,2018,4,55,Prices and commodities,Not selected
BMT,2018 Q4,OILPRICEx,0,0,2018 Q4,2018-10-01,2018,4,55,Prices and commodities,Not selected
BMT,2018 Q4,FEDFUNDS,0,0,2018 Q4,2018-10-01,2018,4,55,Financial / sentiment,Not selected
BMT,2018 Q4,TB3MS,0,0,2018 Q4,2018-10-01,2018,4,55,Financial / sentiment,Not selected
BMT,2018 Q4,GS10,0,0,2018 Q4,2018-10-01,2018,4,55,Financial / sentiment,Not selected
BMT,2018 Q4,AAA,0,0,2018 Q4,2018-10-01,2018,4,55,Financial / sentiment,Not selected
BMT,2018 Q4,BAA,0,0,2018 Q4,2018-10-01,2018,4,55,Financial / sentiment,Not selected
BMT,2018 Q4,S&P 500,0,0,2018 Q4,2018-10-01,2018,4,55,Financial / sentiment,Not selected
BMT,2018 Q4,VIXCLSx,0,0,2018 Q4,2018-10-01,2018,4,55,Financial / sentiment,Not selected
BMT,2018 Q4,UMCSENTx,0,0,2018 Q4,2018-10-01,2018,4,55,Financial / sentiment,Not selected
BMT,2018 Q4,TERM_SPREAD,0,0,2018 Q4,2018-10-01,2018,4,55,Financial / sentiment,Not selected
BMT,2018 Q4,CREDIT_SPREAD,0,0,2018 Q4,2018-10-01,2018,4,55,Financial / sentiment,Not selected
BMT,2019 Q1,RPI,0,0,2019 Q1,2019-01-01,2019,1,56,Real activity / consumption,Not selected
BMT,2019 Q1,DPCERA3M086SBEA,0,0,2019 Q1,2019-01-01,2019,1,56,Real activity / consumption,Not selected
BMT,2019 Q1,INDPRO,1,1,2019 Q1,2019-01-01,2019,1,56,Real activity / consumption,Real activity / consumption
BMT,2019 Q1,CMRMTSPLx,0,0,2019 Q1,2019-01-01,2019,1,56,Real activity / consumption,Not selected
BMT,2019 Q1,RETAILx,0,0,2019 Q1,2019-01-01,2019,1,56,Real activity / consumption,Not selected
BMT,2019 Q1,UNRATE,0,0,2019 Q1,2019-01-01,2019,1,56,Labor market,Not selected
BMT,2019 Q1,CLAIMSx,0,0,2019 Q1,2019-01-01,2019,1,56,Labor market,Not selected
BMT,2019 Q1,PAYEMS,0,0,2019 Q1,2019-01-01,2019,1,56,Labor market,Not selected
BMT,2019 Q1,AWHMAN,0,0,2019 Q1,2019-01-01,2019,1,56,Labor market,Not selected
BMT,2019 Q1,HOUST,0,0,2019 Q1,2019-01-01,2019,1,56,Housing,Not selected
BMT,2019 Q1,PERMIT,0,0,2019 Q1,2019-01-01,2019,1,56,Housing,Not selected
BMT,2019 Q1,M1SL,0,0,2019 Q1,2019-01-01,2019,1,56,Money and credit,Not selected
BMT,2019 Q1,M2SL,0,0,2019 Q1,2019-01-01,2019,1,56,Money and credit,Not selected
BMT,2019 Q1,BOGMBASE,0,0,2019 Q1,2019-01-01,2019,1,56,Money and credit,Not selected
BMT,2019 Q1,BUSLOANS,0,0,2019 Q1,2019-01-01,2019,1,56,Money and credit,Not selected
BMT,2019 Q1,NONREVSL,0,0,2019 Q1,2019-01-01,2019,1,56,Money and credit,Not selected
BMT,2019 Q1,CPIAUCSL,0,0,2019 Q1,2019-01-01,2019,1,56,Prices and commodities,Not selected
BMT,2019 Q1,PPICMM,0,0,2019 Q1,2019-01-01,2019,1,56,Prices and commodities,Not selected
BMT,2019 Q1,PCEPI,0,0,2019 Q1,2019-01-01,2019,1,56,Prices and commodities,Not selected
BMT,2019 Q1,OILPRICEx,0,0,2019 Q1,2019-01-01,2019,1,56,Prices and commodities,Not selected
BMT,2019 Q1,FEDFUNDS,0,0,2019 Q1,2019-01-01,2019,1,56,Financial / sentiment,Not selected
BMT,2019 Q1,TB3MS,0,0,2019 Q1,2019-01-01,2019,1,56,Financial / sentiment,Not selected
BMT,2019 Q1,GS10,0,0,2019 Q1,2019-01-01,2019,1,56,Financial / sentiment,Not selected
BMT,2019 Q1,AAA,0,0,2019 Q1,2019-01-01,2019,1,56,Financial / sentiment,Not selected
BMT,2019 Q1,BAA,0,0,2019 Q1,2019-01-01,2019,1,56,Financial / sentiment,Not selected
BMT,2019 Q1,S&P 500,0,0,2019 Q1,2019-01-01,2019,1,56,Financial / sentiment,Not selected
BMT,2019 Q1,VIXCLSx,0,0,2019 Q1,2019-01-01,2019,1,56,Financial / sentiment,Not selected
BMT,2019 Q1,UMCSENTx,0,0,2019 Q1,2019-01-01,2019,1,56,Financial / sentiment,Not selected
BMT,2019 Q1,TERM_SPREAD,0,0,2019 Q1,2019-01-01,2019,1,56,Financial / sentiment,Not selected
BMT,2019 Q1,CREDIT_SPREAD,0,0,2019 Q1,2019-01-01,2019,1,56,Financial / sentiment,Not selected
BMT,2019 Q2,RPI,0,0,2019 Q2,2019-04-01,2019,2,57,Real activity / consumption,Not selected
BMT,2019 Q2,DPCERA3M086SBEA,0,0,2019 Q2,2019-04-01,2019,2,57,Real activity / consumption,Not selected
BMT,2019 Q2,INDPRO,1,1,2019 Q2,2019-04-01,2019,2,57,Real activity / consumption,Real activity / consumption
BMT,2019 Q2,CMRMTSPLx,0,0,2019 Q2,2019-04-01,2019,2,57,Real activity / consumption,Not selected
BMT,2019 Q2,RETAILx,0,0,2019 Q2,2019-04-01,2019,2,57,Real activity / consumption,Not selected
BMT,2019 Q2,UNRATE,0,0,2019 Q2,2019-04-01,2019,2,57,Labor market,Not selected
BMT,2019 Q2,CLAIMSx,0,0,2019 Q2,2019-04-01,2019,2,57,Labor market,Not selected
BMT,2019 Q2,PAYEMS,0,0,2019 Q2,2019-04-01,2019,2,57,Labor market,Not selected
BMT,2019 Q2,AWHMAN,0,0,2019 Q2,2019-04-01,2019,2,57,Labor market,Not selected
BMT,2019 Q2,HOUST,0,0,2019 Q2,2019-04-01,2019,2,57,Housing,Not selected
BMT,2019 Q2,PERMIT,0,0,2019 Q2,2019-04-01,2019,2,57,Housing,Not selected
BMT,2019 Q2,M1SL,0,0,2019 Q2,2019-04-01,2019,2,57,Money and credit,Not selected
BMT,2019 Q2,M2SL,0,0,2019 Q2,2019-04-01,2019,2,57,Money and credit,Not selected
BMT,2019 Q2,BOGMBASE,0,0,2019 Q2,2019-04-01,2019,2,57,Money and credit,Not selected
BMT,2019 Q2,BUSLOANS,0,0,2019 Q2,2019-04-01,2019,2,57,Money and credit,Not selected
BMT,2019 Q2,NONREVSL,0,0,2019 Q2,2019-04-01,2019,2,57,Money and credit,Not selected
BMT,2019 Q2,CPIAUCSL,0,0,2019 Q2,2019-04-01,2019,2,57,Prices and commodities,Not selected
BMT,2019 Q2,PPICMM,0,0,2019 Q2,2019-04-01,2019,2,57,Prices and commodities,Not selected
BMT,2019 Q2,PCEPI,0,0,2019 Q2,2019-04-01,2019,2,57,Prices and commodities,Not selected
BMT,2019 Q2,OILPRICEx,0,0,2019 Q2,2019-04-01,2019,2,57,Prices and commodities,Not selected
BMT,2019 Q2,FEDFUNDS,0,0,2019 Q2,2019-04-01,2019,2,57,Financial / sentiment,Not selected
BMT,2019 Q2,TB3MS,0,0,2019 Q2,2019-04-01,2019,2,57,Financial / sentiment,Not selected
BMT,2019 Q2,GS10,0,0,2019 Q2,2019-04-01,2019,2,57,Financial / sentiment,Not selected
BMT,2019 Q2,AAA,0,0,2019 Q2,2019-04-01,2019,2,57,Financial / sentiment,Not selected
BMT,2019 Q2,BAA,0,0,2019 Q2,2019-04-01,2019,2,57,Financial / sentiment,Not selected
BMT,2019 Q2,S&P 500,0,0,2019 Q2,2019-04-01,2019,2,57,Financial / sentiment,Not selected
BMT,2019 Q2,VIXCLSx,0,0,2019 Q2,2019-04-01,2019,2,57,Financial / sentiment,Not selected
BMT,2019 Q2,UMCSENTx,0,0,2019 Q2,2019-04-01,2019,2,57,Financial / sentiment,Not selected
BMT,2019 Q2,TERM_SPREAD,0,0,2019 Q2,2019-04-01,2019,2,57,Financial / sentiment,Not selected
BMT,2019 Q2,CREDIT_SPREAD,0,0,2019 Q2,2019-04-01,2019,2,57,Financial / sentiment,Not selected
BMT,2019 Q3,RPI,0,0,2019 Q3,2019-07-01,2019,3,58,Real activity / consumption,Not selected
BMT,2019 Q3,DPCERA3M086SBEA,0,0,2019 Q3,2019-07-01,2019,3,58,Real activity / consumption,Not selected
BMT,2019 Q3,INDPRO,1,1,2019 Q3,2019-07-01,2019,3,58,Real activity / consumption,Real activity / consumption
BMT,2019 Q3,CMRMTSPLx,0,0,2019 Q3,2019-07-01,2019,3,58,Real activity / consumption,Not selected
BMT,2019 Q3,RETAILx,0,0,2019 Q3,2019-07-01,2019,3,58,Real activity / consumption,Not selected
BMT,2019 Q3,UNRATE,0,0,2019 Q3,2019-07-01,2019,3,58,Labor market,Not selected
BMT,2019 Q3,CLAIMSx,0,0,2019 Q3,2019-07-01,2019,3,58,Labor market,Not selected
BMT,2019 Q3,PAYEMS,0,0,2019 Q3,2019-07-01,2019,3,58,Labor market,Not selected
BMT,2019 Q3,AWHMAN,0,0,2019 Q3,2019-07-01,2019,3,58,Labor market,Not selected
BMT,2019 Q3,HOUST,0,0,2019 Q3,2019-07-01,2019,3,58,Housing,Not selected
BMT,2019 Q3,PERMIT,0,0,2019 Q3,2019-07-01,2019,3,58,Housing,Not selected
BMT,2019 Q3,M1SL,0,0,2019 Q3,2019-07-01,2019,3,58,Money and credit,Not selected
BMT,2019 Q3,M2SL,0,0,2019 Q3,2019-07-01,2019,3,58,Money and credit,Not selected
BMT,2019 Q3,BOGMBASE,0,0,2019 Q3,2019-07-01,2019,3,58,Money and credit,Not selected
BMT,2019 Q3,BUSLOANS,0,0,2019 Q3,2019-07-01,2019,3,58,Money and credit,Not selected
BMT,2019 Q3,NONREVSL,0,0,2019 Q3,2019-07-01,2019,3,58,Money and credit,Not selected
BMT,2019 Q3,CPIAUCSL,0,0,2019 Q3,2019-07-01,2019,3,58,Prices and commodities,Not selected
BMT,2019 Q3,PPICMM,0,0,2019 Q3,2019-07-01,2019,3,58,Prices and commodities,Not selected
BMT,2019 Q3,PCEPI,0,0,2019 Q3,2019-07-01,2019,3,58,Prices and commodities,Not selected
BMT,2019 Q3,OILPRICEx,0,0,2019 Q3,2019-07-01,2019,3,58,Prices and commodities,Not selected
BMT,2019 Q3,FEDFUNDS,0,0,2019 Q3,2019-07-01,2019,3,58,Financial / sentiment,Not selected
BMT,2019 Q3,TB3MS,0,0,2019 Q3,2019-07-01,2019,3,58,Financial / sentiment,Not selected
BMT,2019 Q3,GS10,0,0,2019 Q3,2019-07-01,2019,3,58,Financial / sentiment,Not selected
BMT,2019 Q3,AAA,0,0,2019 Q3,2019-07-01,2019,3,58,Financial / sentiment,Not selected
BMT,2019 Q3,BAA,0,0,2019 Q3,2019-07-01,2019,3,58,Financial / sentiment,Not selected
BMT,2019 Q3,S&P 500,0,0,2019 Q3,2019-07-01,2019,3,58,Financial / sentiment,Not selected
BMT,2019 Q3,VIXCLSx,0,0,2019 Q3,2019-07-01,2019,3,58,Financial / sentiment,Not selected
BMT,2019 Q3,UMCSENTx,0,0,2019 Q3,2019-07-01,2019,3,58,Financial / sentiment,Not selected
BMT,2019 Q3,TERM_SPREAD,0,0,2019 Q3,2019-07-01,2019,3,58,Financial / sentiment,Not selected
BMT,2019 Q3,CREDIT_SPREAD,0,0,2019 Q3,2019-07-01,2019,3,58,Financial / sentiment,Not selected
